2026-09-12 10:32:51 [main] INFO  o.testcontainers.DockerClientFactory - Testcontainers version: 1.21.1
2026-09-12 10:32:51 [main] DEBUG o.t.u.TestcontainersConfiguration - Testcontainers configuration overrides will be loaded from file:/C:/Users/azuureke/.testcontainers.properties
2026-09-12 10:32:51 [main] INFO  o.t.d.DockerClientProviderStrategy - Loaded org.testcontainers.dockerclient.NpipeSocketClientProviderStrategy from ~/.testcontainers.properties, will try it first
2026-09-12 10:32:51 [main] DEBUG o.t.d.DockerClientProviderStrategy - Trying out strategy: NpipeSocketClientProviderStrategy
2026-09-12 10:32:51 [main] DEBUG o.t.s.c.g.d.c.command.AbstrDockerCmd - Cmd: 
2026-09-12 10:32:51 [main] DEBUG c.g.d.z.s.o.a.h.c.h.i.c.InternalHttpClient - ex-00000001: preparing request execution
2026-09-12 10:32:51 [main] DEBUG c.g.d.z.s.o.a.h.c.h.p.RequestAddCookies - Cookie spec selected: strict
2026-09-12 10:32:51 [main] DEBUG c.g.d.z.s.o.a.h.c.h.p.RequestAuthCache - Auth cache not set in the context
2026-09-12 10:32:51 [main] DEBUG c.g.d.z.s.o.a.h.c.h.i.c.ProtocolExec - ex-00000001: target auth state: UNCHALLENGED
2026-09-12 10:32:51 [main] DEBUG c.g.d.z.s.o.a.h.c.h.i.c.ProtocolExec - ex-00000001: proxy auth state: UNCHALLENGED
2026-09-12 10:32:51 [main] DEBUG c.g.d.z.s.o.a.h.c.h.i.c.ConnectExec - ex-00000001: acquiring connection with route {}->npipe://localhost:2375
2026-09-12 10:32:51 [main] DEBUG c.g.d.z.s.o.a.h.c.h.i.c.InternalHttpClient - ex-00000001: acquiring endpoint (3 MINUTES)
2026-09-12 10:32:51 [main] DEBUG c.g.d.z.s.o.a.h.c.h.i.i.PoolingHttpClientConnectionManager - ex-00000001: endpoint lease request (3 MINUTES) [route: {}->npipe://localhost:2375][total available: 0; route allocated: 0 of 2147483647; total allocated: 0 of 2147483647]
2026-09-12 10:32:51 [main] DEBUG c.g.d.z.s.o.a.h.c.h.i.i.PoolingHttpClientConnectionManager - ex-00000001: endpoint leased [route: {}->npipe://localhost:2375][total available: 0; route allocated: 1 of 2147483647; total allocated: 1 of 2147483647]
2026-09-12 10:32:51 [main] DEBUG c.g.d.z.s.o.a.h.c.h.i.i.PoolingHttpClientConnectionManager - ex-00000001: acquired ep-00000000
2026-09-12 10:32:51 [main] DEBUG c.g.d.z.s.o.a.h.c.h.i.c.InternalHttpClient - ex-00000001: acquired endpoint ep-00000000
2026-09-12 10:32:51 [main] DEBUG c.g.d.z.s.o.a.h.c.h.i.c.ConnectExec - ex-00000001: opening connection {}->npipe://localhost:2375
2026-09-12 10:32:51 [main] DEBUG c.g.d.z.s.o.a.h.c.h.i.c.InternalHttpClient - ep-00000000: connecting endpoint (3 MINUTES)
2026-09-12 10:32:51 [main] DEBUG c.g.d.z.s.o.a.h.c.h.i.i.PoolingHttpClientConnectionManager - ep-00000000: connecting endpoint to npipe://localhost:2375 (3 MINUTES)
2026-09-12 10:32:51 [main] DEBUG c.g.d.z.s.o.a.h.c.h.i.i.DefaultHttpClientConnectionOperator - http-outgoing-0: connecting to localhost/127.0.0.1:2375
2026-09-12 10:32:51 [main] DEBUG c.g.d.z.s.o.a.h.c.h.i.i.DefaultHttpClientConnectionOperator - http-outgoing-0: connection established 
2026-09-12 10:32:51 [main] DEBUG c.g.d.z.s.o.a.h.c.h.i.i.PoolingHttpClientConnectionManager - ep-00000000: connected http-outgoing-0
2026-09-12 10:32:51 [main] DEBUG c.g.d.z.s.o.a.h.c.h.i.c.InternalHttpClient - ep-00000000: endpoint connected
2026-09-12 10:32:51 [main] DEBUG c.g.d.z.s.o.a.h.c.h.i.c.MainClientExec - ex-00000001: executing GET /v1.32/info HTTP/1.1
2026-09-12 10:32:51 [main] DEBUG c.g.d.z.s.o.a.h.c.h.i.c.InternalHttpClient - ep-00000000: start execution ex-00000001
2026-09-12 10:32:51 [main] DEBUG c.g.d.z.s.o.a.h.c.h.i.i.PoolingHttpClientConnectionManager - ep-00000000: executing exchange ex-00000001 over http-outgoing-0
2026-09-12 10:32:51 [main] DEBUG c.g.d.z.s.o.a.h.client5.http.headers - http-outgoing-0 >> GET /v1.32/info HTTP/1.1
2026-09-12 10:32:51 [main] DEBUG c.g.d.z.s.o.a.h.client5.http.headers - http-outgoing-0 >> x-tc-sid: ee1a90c2-010a-4f4c-af88-55388a4b77f7
2026-09-12 10:32:51 [main] DEBUG c.g.d.z.s.o.a.h.client5.http.headers - http-outgoing-0 >> User-Agent: tc-java/1.21.1
2026-09-12 10:32:51 [main] DEBUG c.g.d.z.s.o.a.h.client5.http.headers - http-outgoing-0 >> Accept-Encoding: gzip, x-gzip, deflate
2026-09-12 10:32:51 [main] DEBUG c.g.d.z.s.o.a.h.client5.http.headers - http-outgoing-0 >> Host: localhost:2375
2026-09-12 10:32:51 [main] DEBUG c.g.d.z.s.o.a.h.client5.http.headers - http-outgoing-0 >> Connection: keep-alive
2026-09-12 10:32:51 [main] DEBUG c.g.d.z.s.o.a.hc.client5.http.wire - http-outgoing-0 >> "GET /v1.32/info HTTP/1.1[\r][\n]"
2026-09-12 10:32:51 [main] DEBUG c.g.d.z.s.o.a.hc.client5.http.wire - http-outgoing-0 >> "x-tc-sid: ee1a90c2-010a-4f4c-af88-55388a4b77f7[\r][\n]"
2026-09-12 10:32:51 [main] DEBUG c.g.d.z.s.o.a.hc.client5.http.wire - http-outgoing-0 >> "User-Agent: tc-java/1.21.1[\r][\n]"
2026-09-12 10:32:51 [main] DEBUG c.g.d.z.s.o.a.hc.client5.http.wire - http-outgoing-0 >> "Accept-Encoding: gzip, x-gzip, deflate[\r][\n]"
2026-09-12 10:32:51 [main] DEBUG c.g.d.z.s.o.a.hc.client5.http.wire - http-outgoing-0 >> "Host: localhost:2375[\r][\n]"
2026-09-12 10:32:51 [main] DEBUG c.g.d.z.s.o.a.hc.client5.http.wire - http-outgoing-0 >> "Connection: keep-alive[\r][\n]"
2026-09-12 10:32:51 [main] DEBUG c.g.d.z.s.o.a.hc.client5.http.wire - http-outgoing-0 >> "[\r][\n]"
2026-09-12 10:32:51 [main] DEBUG c.g.d.z.s.o.a.hc.client5.http.wire - http-outgoing-0 << "HTTP/1.1 400 Bad Request[\r][\n]"
2026-09-12 10:32:51 [main] DEBUG c.g.d.z.s.o.a.hc.client5.http.wire - http-outgoing-0 << "Api-Version: 1.55[\r][\n]"
2026-09-12 10:32:51 [main] DEBUG c.g.d.z.s.o.a.hc.client5.http.wire - http-outgoing-0 << "Content-Type: application/json[\r][\n]"
2026-09-12 10:32:51 [main] DEBUG c.g.d.z.s.o.a.hc.client5.http.wire - http-outgoing-0 << "Date: Sat, 12 Sep 2026 08:32:51 GMT[\r][\n]"
2026-09-12 10:32:51 [main] DEBUG c.g.d.z.s.o.a.hc.client5.http.wire - http-outgoing-0 << "Ostype: linux[\r][\n]"
2026-09-12 10:32:51 [main] DEBUG c.g.d.z.s.o.a.hc.client5.http.wire - http-outgoing-0 << "Server: Docker/29.7.2 (linux)[\r][\n]"
2026-09-12 10:32:51 [main] DEBUG c.g.d.z.s.o.a.hc.client5.http.wire - http-outgoing-0 << "Transfer-Encoding: chunked[\r][\n]"
2026-09-12 10:32:51 [main] DEBUG c.g.d.z.s.o.a.hc.client5.http.wire - http-outgoing-0 << "[\r][\n]"
2026-09-12 10:32:51 [main] DEBUG c.g.d.z.s.o.a.h.client5.http.headers - http-outgoing-0 << HTTP/1.1 400 Bad Request
2026-09-12 10:32:51 [main] DEBUG c.g.d.z.s.o.a.h.client5.http.headers - http-outgoing-0 << Api-Version: 1.55
2026-09-12 10:32:51 [main] DEBUG c.g.d.z.s.o.a.h.client5.http.headers - http-outgoing-0 << Content-Type: application/json
2026-09-12 10:32:51 [main] DEBUG c.g.d.z.s.o.a.h.client5.http.headers - http-outgoing-0 << Date: Sat, 12 Sep 2026 08:32:51 GMT
2026-09-12 10:32:51 [main] DEBUG c.g.d.z.s.o.a.h.client5.http.headers - http-outgoing-0 << Ostype: linux
2026-09-12 10:32:51 [main] DEBUG c.g.d.z.s.o.a.h.client5.http.headers - http-outgoing-0 << Server: Docker/29.7.2 (linux)
2026-09-12 10:32:51 [main] DEBUG c.g.d.z.s.o.a.h.client5.http.headers - http-outgoing-0 << Transfer-Encoding: chunked
2026-09-12 10:32:51 [main] DEBUG c.g.d.z.s.o.a.h.c.h.i.c.MainClientExec - ex-00000001: connection can be kept alive for 3 MINUTES
2026-09-12 10:32:51 [main] DEBUG c.g.d.z.s.o.a.hc.client5.http.wire - http-outgoing-0 << "4b0[\r][\n]"
2026-09-12 10:32:51 [main] DEBUG c.g.d.z.s.o.a.hc.client5.http.wire - http-outgoing-0 << "{"ID":"","Containers":0,"ContainersRunning":0,"ContainersPaused":0,"ContainersStopped":0,"Images":0,"Driver":"","DriverStatus":null,"Plugins":{"Volume":null,"Network":null,"Authorization":null,"Log":null},"MemoryLimit":false,"SwapLimit":false,"CpuCfsPeriod":false,"CpuCfsQuota":false,"CPUShares":false,"CPUSet":false,"PidsLimit":false,"IPv4Forwarding":false,"Debug":false,"NFd":0,"OomKillDisable":false,"NGoroutines":0,"SystemTime":"","LoggingDriver":"","CgroupDriver":"","NEventsListener":0,"KernelVersion":"","OperatingSystem":"","OSVersion":"","OSType":"","Architecture":"","IndexServerAddress":"","RegistryConfig":null,"NCPU":0,"MemTotal":0,"GenericResources":null,"DockerRootDir":"","HttpProxy":"","HttpsProxy":"","NoProxy":"","Name":"","Labels":["com.docker.desktop.address=npipe://\\\\.\\pipe\\docker_cli"],"ExperimentalBuild":false,"ServerVersion":"","Runtimes":null,"DefaultRuntime":"","Swarm":{"NodeID":"","NodeAddr":"","LocalNodeState":"","ControlAvailable":false,"Error":"","RemoteManagers":null},"LiveRestoreEnabled":false,"Isolation":"","InitBinary":"","ContainerdCommit":{"ID":""},"RuncCommit":{"ID":""},"InitCommit":{"ID":""},"SecurityOptions":null,"CDISpecDirs":null,"Warnings":null}[\r][\n]"
2026-09-12 10:32:51 [main] DEBUG c.g.d.z.s.o.a.hc.client5.http.wire - http-outgoing-0 << "0[\r][\n]"
2026-09-12 10:32:51 [main] DEBUG c.g.d.z.s.o.a.hc.client5.http.wire - http-outgoing-0 << "[\r][\n]"
2026-09-12 10:32:51 [main] DEBUG c.g.d.z.s.o.a.h.c.h.i.c.InternalHttpClient - ep-00000000: releasing valid endpoint
2026-09-12 10:32:51 [main] DEBUG c.g.d.z.s.o.a.h.c.h.i.i.PoolingHttpClientConnectionManager - ep-00000000: releasing endpoint
2026-09-12 10:32:51 [main] DEBUG c.g.d.z.s.o.a.h.c.h.i.i.PoolingHttpClientConnectionManager - ep-00000000: connection http-outgoing-0 can be kept alive for 3 MINUTES
2026-09-12 10:32:51 [main] DEBUG c.g.d.z.s.o.a.h.c.h.i.i.PoolingHttpClientConnectionManager - ep-00000000: connection released [route: {}->npipe://localhost:2375][total available: 1; route allocated: 1 of 2147483647; total allocated: 1 of 2147483647]
2026-09-12 10:32:51 [main] DEBUG o.t.d.DockerClientProviderStrategy - NpipeSocketClientProviderStrategy: failed with exception BadRequestException (Status 400: {"ID":"","Containers":0,"ContainersRunning":0,"ContainersPaused":0,"ContainersStopped":0,"Images":0,"Driver":"","DriverStatus":null,"Plugins":{"Volume":null,"Network":null,"Authorization":null,"Log":null},"MemoryLimit":false,"SwapLimit":false,"CpuCfsPeriod":false,"CpuCfsQuota":false,"CPUShares":false,"CPUSet":false,"PidsLimit":false,"IPv4Forwarding":false,"Debug":false,"NFd":0,"OomKillDisable":false,"NGoroutines":0,"SystemTime":"","LoggingDriver":"","CgroupDriver":"","NEventsListener":0,"KernelVersion":"","OperatingSystem":"","OSVersion":"","OSType":"","Architecture":"","IndexServerAddress":"","RegistryConfig":null,"NCPU":0,"MemTotal":0,"GenericResources":null,"DockerRootDir":"","HttpProxy":"","HttpsProxy":"","NoProxy":"","Name":"","Labels":["com.docker.desktop.address=npipe://\\\\.\\pipe\\docker_cli"],"ExperimentalBuild":false,"ServerVersion":"","Runtimes":null,"DefaultRuntime":"","Swarm":{"NodeID":"","NodeAddr":"","LocalNodeState":"","ControlAvailable":false,"Error":"","RemoteManagers":null},"LiveRestoreEnabled":false,"Isolation":"","InitBinary":"","ContainerdCommit":{"ID":""},"RuncCommit":{"ID":""},"InitCommit":{"ID":""},"SecurityOptions":null,"CDISpecDirs":null,"Warnings":null})
2026-09-12 10:32:51 [main] INFO  o.t.d.DockerMachineClientProviderStrategy - docker-machine executable was not found on PATH ([C:\Windows\system32, C:\Windows, C:\Windows\System32\Wbem, C:\Windows\System32\WindowsPowerShell\v1.0\, C:\Windows\System32\OpenSSH\, C:\Program Files\dotnet\, C:\Program Files (x86)\NVIDIA Corporation\PhysX\Common, C:\Program Files\NVIDIA Corporation\NVIDIA app\NvDLISR, C:\Program Files\Cloudflare\Cloudflare WARP\, C:\Program Files\Git\cmd, C:\Users\azuureke\AppData\Local\Programs\Eclipse Adoptium\jdk-17.0.19.10-hotspot\bin, C:\Users\azuureke\AppData\Local\Microsoft\WindowsApps, C:\Users\azuureke\AppData\Local\Programs\DockerDesktop\resources\bin])
2026-09-12 10:32:51 [main] ERROR o.t.d.DockerClientProviderStrategy - Could not find a valid Docker environment. Please check configuration. Attempted configurations were:
	NpipeSocketClientProviderStrategy: failed with exception BadRequestException (Status 400: {"ID":"","Containers":0,"ContainersRunning":0,"ContainersPaused":0,"ContainersStopped":0,"Images":0,"Driver":"","DriverStatus":null,"Plugins":{"Volume":null,"Network":null,"Authorization":null,"Log":null},"MemoryLimit":false,"SwapLimit":false,"CpuCfsPeriod":false,"CpuCfsQuota":false,"CPUShares":false,"CPUSet":false,"PidsLimit":false,"IPv4Forwarding":false,"Debug":false,"NFd":0,"OomKillDisable":false,"NGoroutines":0,"SystemTime":"","LoggingDriver":"","CgroupDriver":"","NEventsListener":0,"KernelVersion":"","OperatingSystem":"","OSVersion":"","OSType":"","Architecture":"","IndexServerAddress":"","RegistryConfig":null,"NCPU":0,"MemTotal":0,"GenericResources":null,"DockerRootDir":"","HttpProxy":"","HttpsProxy":"","NoProxy":"","Name":"","Labels":["com.docker.desktop.address=npipe://\\\\.\\pipe\\docker_cli"],"ExperimentalBuild":false,"ServerVersion":"","Runtimes":null,"DefaultRuntime":"","Swarm":{"NodeID":"","NodeAddr":"","LocalNodeState":"","ControlAvailable":false,"Error":"","RemoteManagers":null},"LiveRestoreEnabled":false,"Isolation":"","InitBinary":"","ContainerdCommit":{"ID":""},"RuncCommit":{"ID":""},"InitCommit":{"ID":""},"SecurityOptions":null,"CDISpecDirs":null,"Warnings":null})As no valid configuration was found, execution cannot continue.
See https://java.testcontainers.org/on_failure.html for more details.
2026-09-12 11:01:49 [main] DEBUG o.t.u.TestcontainersConfiguration - Testcontainers configuration overrides will be loaded from file:/C:/Users/azuureke/.testcontainers.properties
2026-09-12 11:01:49 [main] DEBUG o.t.u.TestcontainersConfiguration - Attempted to read Testcontainers configuration file at file:/C:/Users/azuureke/.testcontainers.properties but the file was not found. Exception message: FileNotFoundException: C:\Users\azuureke\.testcontainers.properties (The system cannot find the file specified)
2026-09-12 11:01:49 [main] INFO  o.testcontainers.images.PullPolicy - Image pull policy will be performed by: DefaultPullPolicy()
2026-09-12 11:01:49 [main] INFO  o.t.utility.ImageNameSubstitutor - Image name substitution will be performed by: DefaultImageNameSubstitutor (composite of 'ConfigurationFileImageNameSubstitutor' and 'PrefixingImageNameSubstitutor')
2026-09-12 11:01:49 [main] INFO  o.testcontainers.DockerClientFactory - Testcontainers version: 1.21.1
2026-09-12 11:01:49 [main] DEBUG o.t.d.DockerClientProviderStrategy - Trying out strategy: NpipeSocketClientProviderStrategy
2026-09-12 11:01:49 [main] DEBUG o.t.s.c.g.d.c.command.AbstrDockerCmd - Cmd: 
2026-09-12 11:01:49 [main] DEBUG c.g.d.z.s.o.a.h.c.h.i.c.InternalHttpClient - ex-00000001: preparing request execution
2026-09-12 11:01:49 [main] DEBUG c.g.d.z.s.o.a.h.c.h.p.RequestAddCookies - Cookie spec selected: strict
2026-09-12 11:01:49 [main] DEBUG c.g.d.z.s.o.a.h.c.h.p.RequestAuthCache - Auth cache not set in the context
2026-09-12 11:01:49 [main] DEBUG c.g.d.z.s.o.a.h.c.h.i.c.ProtocolExec - ex-00000001: target auth state: UNCHALLENGED
2026-09-12 11:01:49 [main] DEBUG c.g.d.z.s.o.a.h.c.h.i.c.ProtocolExec - ex-00000001: proxy auth state: UNCHALLENGED
2026-09-12 11:01:49 [main] DEBUG c.g.d.z.s.o.a.h.c.h.i.c.ConnectExec - ex-00000001: acquiring connection with route {}->npipe://localhost:2375
2026-09-12 11:01:49 [main] DEBUG c.g.d.z.s.o.a.h.c.h.i.c.InternalHttpClient - ex-00000001: acquiring endpoint (3 MINUTES)
2026-09-12 11:01:49 [main] DEBUG c.g.d.z.s.o.a.h.c.h.i.i.PoolingHttpClientConnectionManager - ex-00000001: endpoint lease request (3 MINUTES) [route: {}->npipe://localhost:2375][total available: 0; route allocated: 0 of 2147483647; total allocated: 0 of 2147483647]
2026-09-12 11:01:49 [main] DEBUG c.g.d.z.s.o.a.h.c.h.i.i.PoolingHttpClientConnectionManager - ex-00000001: endpoint leased [route: {}->npipe://localhost:2375][total available: 0; route allocated: 1 of 2147483647; total allocated: 1 of 2147483647]
2026-09-12 11:01:49 [main] DEBUG c.g.d.z.s.o.a.h.c.h.i.i.PoolingHttpClientConnectionManager - ex-00000001: acquired ep-00000000
2026-09-12 11:01:49 [main] DEBUG c.g.d.z.s.o.a.h.c.h.i.c.InternalHttpClient - ex-00000001: acquired endpoint ep-00000000
2026-09-12 11:01:49 [main] DEBUG c.g.d.z.s.o.a.h.c.h.i.c.ConnectExec - ex-00000001: opening connection {}->npipe://localhost:2375
2026-09-12 11:01:49 [main] DEBUG c.g.d.z.s.o.a.h.c.h.i.c.InternalHttpClient - ep-00000000: connecting endpoint (3 MINUTES)
2026-09-12 11:01:49 [main] DEBUG c.g.d.z.s.o.a.h.c.h.i.i.PoolingHttpClientConnectionManager - ep-00000000: connecting endpoint to npipe://localhost:2375 (3 MINUTES)
2026-09-12 11:01:49 [main] DEBUG c.g.d.z.s.o.a.h.c.h.i.i.DefaultHttpClientConnectionOperator - http-outgoing-0: connecting to localhost/127.0.0.1:2375
2026-09-12 11:01:49 [main] DEBUG c.g.d.z.s.o.a.h.c.h.i.i.DefaultHttpClientConnectionOperator - http-outgoing-0: connection established 
2026-09-12 11:01:49 [main] DEBUG c.g.d.z.s.o.a.h.c.h.i.i.PoolingHttpClientConnectionManager - ep-00000000: connected http-outgoing-0
2026-09-12 11:01:49 [main] DEBUG c.g.d.z.s.o.a.h.c.h.i.c.InternalHttpClient - ep-00000000: endpoint connected
2026-09-12 11:01:49 [main] DEBUG c.g.d.z.s.o.a.h.c.h.i.c.MainClientExec - ex-00000001: executing GET /v1.32/info HTTP/1.1
2026-09-12 11:01:49 [main] DEBUG c.g.d.z.s.o.a.h.c.h.i.c.InternalHttpClient - ep-00000000: start execution ex-00000001
2026-09-12 11:01:49 [main] DEBUG c.g.d.z.s.o.a.h.c.h.i.i.PoolingHttpClientConnectionManager - ep-00000000: executing exchange ex-00000001 over http-outgoing-0
2026-09-12 11:01:49 [main] DEBUG c.g.d.z.s.o.a.h.client5.http.headers - http-outgoing-0 >> GET /v1.32/info HTTP/1.1
2026-09-12 11:01:49 [main] DEBUG c.g.d.z.s.o.a.h.client5.http.headers - http-outgoing-0 >> x-tc-sid: ae891663-1db4-4867-8954-8ffcd67242ff
2026-09-12 11:01:49 [main] DEBUG c.g.d.z.s.o.a.h.client5.http.headers - http-outgoing-0 >> User-Agent: tc-java/1.21.1
2026-09-12 11:01:49 [main] DEBUG c.g.d.z.s.o.a.h.client5.http.headers - http-outgoing-0 >> Accept-Encoding: gzip, x-gzip, deflate
2026-09-12 11:01:49 [main] DEBUG c.g.d.z.s.o.a.h.client5.http.headers - http-outgoing-0 >> Host: localhost:2375
2026-09-12 11:01:49 [main] DEBUG c.g.d.z.s.o.a.h.client5.http.headers - http-outgoing-0 >> Connection: keep-alive
2026-09-12 11:01:49 [main] DEBUG c.g.d.z.s.o.a.hc.client5.http.wire - http-outgoing-0 >> "GET /v1.32/info HTTP/1.1[\r][\n]"
2026-09-12 11:01:49 [main] DEBUG c.g.d.z.s.o.a.hc.client5.http.wire - http-outgoing-0 >> "x-tc-sid: ae891663-1db4-4867-8954-8ffcd67242ff[\r][\n]"
2026-09-12 11:01:49 [main] DEBUG c.g.d.z.s.o.a.hc.client5.http.wire - http-outgoing-0 >> "User-Agent: tc-java/1.21.1[\r][\n]"
2026-09-12 11:01:49 [main] DEBUG c.g.d.z.s.o.a.hc.client5.http.wire - http-outgoing-0 >> "Accept-Encoding: gzip, x-gzip, deflate[\r][\n]"
2026-09-12 11:01:49 [main] DEBUG c.g.d.z.s.o.a.hc.client5.http.wire - http-outgoing-0 >> "Host: localhost:2375[\r][\n]"
2026-09-12 11:01:49 [main] DEBUG c.g.d.z.s.o.a.hc.client5.http.wire - http-outgoing-0 >> "Connection: keep-alive[\r][\n]"
2026-09-12 11:01:49 [main] DEBUG c.g.d.z.s.o.a.hc.client5.http.wire - http-outgoing-0 >> "[\r][\n]"
2026-09-12 11:01:49 [main] DEBUG c.g.d.z.s.o.a.hc.client5.http.wire - http-outgoing-0 << "HTTP/1.1 400 Bad Request[\r][\n]"
2026-09-12 11:01:49 [main] DEBUG c.g.d.z.s.o.a.hc.client5.http.wire - http-outgoing-0 << "Api-Version: 1.55[\r][\n]"
2026-09-12 11:01:49 [main] DEBUG c.g.d.z.s.o.a.hc.client5.http.wire - http-outgoing-0 << "Content-Type: application/json[\r][\n]"
2026-09-12 11:01:49 [main] DEBUG c.g.d.z.s.o.a.hc.client5.http.wire - http-outgoing-0 << "Date: Sat, 12 Sep 2026 09:01:49 GMT[\r][\n]"
2026-09-12 11:01:49 [main] DEBUG c.g.d.z.s.o.a.hc.client5.http.wire - http-outgoing-0 << "Ostype: linux[\r][\n]"
2026-09-12 11:01:49 [main] DEBUG c.g.d.z.s.o.a.hc.client5.http.wire - http-outgoing-0 << "Server: Docker/29.7.2 (linux)[\r][\n]"
2026-09-12 11:01:49 [main] DEBUG c.g.d.z.s.o.a.hc.client5.http.wire - http-outgoing-0 << "Transfer-Encoding: chunked[\r][\n]"
2026-09-12 11:01:49 [main] DEBUG c.g.d.z.s.o.a.hc.client5.http.wire - http-outgoing-0 << "[\r][\n]"
2026-09-12 11:01:49 [main] DEBUG c.g.d.z.s.o.a.h.client5.http.headers - http-outgoing-0 << HTTP/1.1 400 Bad Request
2026-09-12 11:01:49 [main] DEBUG c.g.d.z.s.o.a.h.client5.http.headers - http-outgoing-0 << Api-Version: 1.55
2026-09-12 11:01:49 [main] DEBUG c.g.d.z.s.o.a.h.client5.http.headers - http-outgoing-0 << Content-Type: application/json
2026-09-12 11:01:49 [main] DEBUG c.g.d.z.s.o.a.h.client5.http.headers - http-outgoing-0 << Date: Sat, 12 Sep 2026 09:01:49 GMT
2026-09-12 11:01:49 [main] DEBUG c.g.d.z.s.o.a.h.client5.http.headers - http-outgoing-0 << Ostype: linux
2026-09-12 11:01:49 [main] DEBUG c.g.d.z.s.o.a.h.client5.http.headers - http-outgoing-0 << Server: Docker/29.7.2 (linux)
2026-09-12 11:01:49 [main] DEBUG c.g.d.z.s.o.a.h.client5.http.headers - http-outgoing-0 << Transfer-Encoding: chunked
2026-09-12 11:01:49 [main] DEBUG c.g.d.z.s.o.a.h.c.h.i.c.MainClientExec - ex-00000001: connection can be kept alive for 3 MINUTES
2026-09-12 11:01:49 [main] DEBUG c.g.d.z.s.o.a.hc.client5.http.wire - http-outgoing-0 << "4b0[\r][\n]"
2026-09-12 11:01:49 [main] DEBUG c.g.d.z.s.o.a.hc.client5.http.wire - http-outgoing-0 << "{"ID":"","Containers":0,"ContainersRunning":0,"ContainersPaused":0,"ContainersStopped":0,"Images":0,"Driver":"","DriverStatus":null,"Plugins":{"Volume":null,"Network":null,"Authorization":null,"Log":null},"MemoryLimit":false,"SwapLimit":false,"CpuCfsPeriod":false,"CpuCfsQuota":false,"CPUShares":false,"CPUSet":false,"PidsLimit":false,"IPv4Forwarding":false,"Debug":false,"NFd":0,"OomKillDisable":false,"NGoroutines":0,"SystemTime":"","LoggingDriver":"","CgroupDriver":"","NEventsListener":0,"KernelVersion":"","OperatingSystem":"","OSVersion":"","OSType":"","Architecture":"","IndexServerAddress":"","RegistryConfig":null,"NCPU":0,"MemTotal":0,"GenericResources":null,"DockerRootDir":"","HttpProxy":"","HttpsProxy":"","NoProxy":"","Name":"","Labels":["com.docker.desktop.address=npipe://\\\\.\\pipe\\docker_cli"],"ExperimentalBuild":false,"ServerVersion":"","Runtimes":null,"DefaultRuntime":"","Swarm":{"NodeID":"","NodeAddr":"","LocalNodeState":"","ControlAvailable":false,"Error":"","RemoteManagers":null},"LiveRestoreEnabled":false,"Isolation":"","InitBinary":"","ContainerdCommit":{"ID":""},"RuncCommit":{"ID":""},"InitCommit":{"ID":""},"SecurityOptions":null,"CDISpecDirs":null,"Warnings":null}[\r][\n]"
2026-09-12 11:01:49 [main] DEBUG c.g.d.z.s.o.a.hc.client5.http.wire - http-outgoing-0 << "0[\r][\n]"
2026-09-12 11:01:49 [main] DEBUG c.g.d.z.s.o.a.hc.client5.http.wire - http-outgoing-0 << "[\r][\n]"
2026-09-12 11:01:49 [main] DEBUG c.g.d.z.s.o.a.h.c.h.i.c.InternalHttpClient - ep-00000000: releasing valid endpoint
2026-09-12 11:01:49 [main] DEBUG c.g.d.z.s.o.a.h.c.h.i.i.PoolingHttpClientConnectionManager - ep-00000000: releasing endpoint
2026-09-12 11:01:49 [main] DEBUG c.g.d.z.s.o.a.h.c.h.i.i.PoolingHttpClientConnectionManager - ep-00000000: connection http-outgoing-0 can be kept alive for 3 MINUTES
2026-09-12 11:01:49 [main] DEBUG c.g.d.z.s.o.a.h.c.h.i.i.PoolingHttpClientConnectionManager - ep-00000000: connection released [route: {}->npipe://localhost:2375][total available: 1; route allocated: 1 of 2147483647; total allocated: 1 of 2147483647]
2026-09-12 11:01:49 [main] DEBUG o.t.d.DockerClientProviderStrategy - NpipeSocketClientProviderStrategy: failed with exception BadRequestException (Status 400: {"ID":"","Containers":0,"ContainersRunning":0,"ContainersPaused":0,"ContainersStopped":0,"Images":0,"Driver":"","DriverStatus":null,"Plugins":{"Volume":null,"Network":null,"Authorization":null,"Log":null},"MemoryLimit":false,"SwapLimit":false,"CpuCfsPeriod":false,"CpuCfsQuota":false,"CPUShares":false,"CPUSet":false,"PidsLimit":false,"IPv4Forwarding":false,"Debug":false,"NFd":0,"OomKillDisable":false,"NGoroutines":0,"SystemTime":"","LoggingDriver":"","CgroupDriver":"","NEventsListener":0,"KernelVersion":"","OperatingSystem":"","OSVersion":"","OSType":"","Architecture":"","IndexServerAddress":"","RegistryConfig":null,"NCPU":0,"MemTotal":0,"GenericResources":null,"DockerRootDir":"","HttpProxy":"","HttpsProxy":"","NoProxy":"","Name":"","Labels":["com.docker.desktop.address=npipe://\\\\.\\pipe\\docker_cli"],"ExperimentalBuild":false,"ServerVersion":"","Runtimes":null,"DefaultRuntime":"","Swarm":{"NodeID":"","NodeAddr":"","LocalNodeState":"","ControlAvailable":false,"Error":"","RemoteManagers":null},"LiveRestoreEnabled":false,"Isolation":"","InitBinary":"","ContainerdCommit":{"ID":""},"RuncCommit":{"ID":""},"InitCommit":{"ID":""},"SecurityOptions":null,"CDISpecDirs":null,"Warnings":null})
2026-09-12 11:01:49 [main] INFO  o.t.d.DockerMachineClientProviderStrategy - docker-machine executable was not found on PATH ([C:\Windows\system32, C:\Windows, C:\Windows\System32\Wbem, C:\Windows\System32\WindowsPowerShell\v1.0\, C:\Windows\System32\OpenSSH\, C:\Program Files\dotnet\, C:\Program Files (x86)\NVIDIA Corporation\PhysX\Common, C:\Program Files\NVIDIA Corporation\NVIDIA app\NvDLISR, C:\Program Files\Cloudflare\Cloudflare WARP\, C:\Program Files\Git\cmd, C:\Users\azuureke\AppData\Local\Programs\Eclipse Adoptium\jdk-17.0.19.10-hotspot\bin, C:\Users\azuureke\AppData\Local\Microsoft\WindowsApps, , C:\Users\azuureke\AppData\Local\Programs\DockerDesktop\resources\bin])
2026-09-12 11:01:49 [main] ERROR o.t.d.DockerClientProviderStrategy - Could not find a valid Docker environment. Please check configuration. Attempted configurations were:
	NpipeSocketClientProviderStrategy: failed with exception BadRequestException (Status 400: {"ID":"","Containers":0,"ContainersRunning":0,"ContainersPaused":0,"ContainersStopped":0,"Images":0,"Driver":"","DriverStatus":null,"Plugins":{"Volume":null,"Network":null,"Authorization":null,"Log":null},"MemoryLimit":false,"SwapLimit":false,"CpuCfsPeriod":false,"CpuCfsQuota":false,"CPUShares":false,"CPUSet":false,"PidsLimit":false,"IPv4Forwarding":false,"Debug":false,"NFd":0,"OomKillDisable":false,"NGoroutines":0,"SystemTime":"","LoggingDriver":"","CgroupDriver":"","NEventsListener":0,"KernelVersion":"","OperatingSystem":"","OSVersion":"","OSType":"","Architecture":"","IndexServerAddress":"","RegistryConfig":null,"NCPU":0,"MemTotal":0,"GenericResources":null,"DockerRootDir":"","HttpProxy":"","HttpsProxy":"","NoProxy":"","Name":"","Labels":["com.docker.desktop.address=npipe://\\\\.\\pipe\\docker_cli"],"ExperimentalBuild":false,"ServerVersion":"","Runtimes":null,"DefaultRuntime":"","Swarm":{"NodeID":"","NodeAddr":"","LocalNodeState":"","ControlAvailable":false,"Error":"","RemoteManagers":null},"LiveRestoreEnabled":false,"Isolation":"","InitBinary":"","ContainerdCommit":{"ID":""},"RuncCommit":{"ID":""},"InitCommit":{"ID":""},"SecurityOptions":null,"CDISpecDirs":null,"Warnings":null})As no valid configuration was found, execution cannot continue.
See https://java.testcontainers.org/on_failure.html for more details.
2026-09-12 11:16:05 [main] DEBUG o.t.u.TestcontainersConfiguration - Testcontainers configuration overrides will be loaded from file:/C:/Users/azuureke/.testcontainers.properties
2026-09-12 11:16:05 [main] DEBUG o.t.u.TestcontainersConfiguration - Attempted to read Testcontainers configuration file at file:/C:/Users/azuureke/.testcontainers.properties but the file was not found. Exception message: FileNotFoundException: C:\Users\azuureke\.testcontainers.properties (The system cannot find the file specified)
2026-09-12 11:16:05 [main] INFO  o.testcontainers.images.PullPolicy - Image pull policy will be performed by: DefaultPullPolicy()
2026-09-12 11:16:05 [main] INFO  o.t.utility.ImageNameSubstitutor - Image name substitution will be performed by: DefaultImageNameSubstitutor (composite of 'ConfigurationFileImageNameSubstitutor' and 'PrefixingImageNameSubstitutor')
2026-09-12 11:16:05 [main] INFO  o.testcontainers.DockerClientFactory - Testcontainers version: 1.21.1
2026-09-12 11:16:05 [main] DEBUG o.t.d.DockerClientProviderStrategy - Trying out strategy: NpipeSocketClientProviderStrategy
2026-09-12 11:16:05 [main] DEBUG o.t.s.c.g.d.c.command.AbstrDockerCmd - Cmd: 
2026-09-12 11:16:05 [main] DEBUG c.g.d.z.s.o.a.h.c.h.i.c.InternalHttpClient - ex-00000001: preparing request execution
2026-09-12 11:16:05 [main] DEBUG c.g.d.z.s.o.a.h.c.h.p.RequestAddCookies - Cookie spec selected: strict
2026-09-12 11:16:05 [main] DEBUG c.g.d.z.s.o.a.h.c.h.p.RequestAuthCache - Auth cache not set in the context
2026-09-12 11:16:05 [main] DEBUG c.g.d.z.s.o.a.h.c.h.i.c.ProtocolExec - ex-00000001: target auth state: UNCHALLENGED
2026-09-12 11:16:05 [main] DEBUG c.g.d.z.s.o.a.h.c.h.i.c.ProtocolExec - ex-00000001: proxy auth state: UNCHALLENGED
2026-09-12 11:16:05 [main] DEBUG c.g.d.z.s.o.a.h.c.h.i.c.ConnectExec - ex-00000001: acquiring connection with route {}->npipe://localhost:2375
2026-09-12 11:16:05 [main] DEBUG c.g.d.z.s.o.a.h.c.h.i.c.InternalHttpClient - ex-00000001: acquiring endpoint (3 MINUTES)
2026-09-12 11:16:05 [main] DEBUG c.g.d.z.s.o.a.h.c.h.i.i.PoolingHttpClientConnectionManager - ex-00000001: endpoint lease request (3 MINUTES) [route: {}->npipe://localhost:2375][total available: 0; route allocated: 0 of 2147483647; total allocated: 0 of 2147483647]
2026-09-12 11:16:05 [main] DEBUG c.g.d.z.s.o.a.h.c.h.i.i.PoolingHttpClientConnectionManager - ex-00000001: endpoint leased [route: {}->npipe://localhost:2375][total available: 0; route allocated: 1 of 2147483647; total allocated: 1 of 2147483647]
2026-09-12 11:16:05 [main] DEBUG c.g.d.z.s.o.a.h.c.h.i.i.PoolingHttpClientConnectionManager - ex-00000001: acquired ep-00000000
2026-09-12 11:16:05 [main] DEBUG c.g.d.z.s.o.a.h.c.h.i.c.InternalHttpClient - ex-00000001: acquired endpoint ep-00000000
2026-09-12 11:16:05 [main] DEBUG c.g.d.z.s.o.a.h.c.h.i.c.ConnectExec - ex-00000001: opening connection {}->npipe://localhost:2375
2026-09-12 11:16:05 [main] DEBUG c.g.d.z.s.o.a.h.c.h.i.c.InternalHttpClient - ep-00000000: connecting endpoint (3 MINUTES)
2026-09-12 11:16:05 [main] DEBUG c.g.d.z.s.o.a.h.c.h.i.i.PoolingHttpClientConnectionManager - ep-00000000: connecting endpoint to npipe://localhost:2375 (3 MINUTES)
2026-09-12 11:16:05 [main] DEBUG c.g.d.z.s.o.a.h.c.h.i.i.DefaultHttpClientConnectionOperator - http-outgoing-0: connecting to localhost/127.0.0.1:2375
2026-09-12 11:16:05 [main] DEBUG c.g.d.z.s.o.a.h.c.h.i.i.DefaultHttpClientConnectionOperator - http-outgoing-0: connection established 
2026-09-12 11:16:05 [main] DEBUG c.g.d.z.s.o.a.h.c.h.i.i.PoolingHttpClientConnectionManager - ep-00000000: connected http-outgoing-0
2026-09-12 11:16:05 [main] DEBUG c.g.d.z.s.o.a.h.c.h.i.c.InternalHttpClient - ep-00000000: endpoint connected
2026-09-12 11:16:05 [main] DEBUG c.g.d.z.s.o.a.h.c.h.i.c.MainClientExec - ex-00000001: executing GET /v1.32/info HTTP/1.1
2026-09-12 11:16:05 [main] DEBUG c.g.d.z.s.o.a.h.c.h.i.c.InternalHttpClient - ep-00000000: start execution ex-00000001
2026-09-12 11:16:05 [main] DEBUG c.g.d.z.s.o.a.h.c.h.i.i.PoolingHttpClientConnectionManager - ep-00000000: executing exchange ex-00000001 over http-outgoing-0
2026-09-12 11:16:05 [main] DEBUG c.g.d.z.s.o.a.h.client5.http.headers - http-outgoing-0 >> GET /v1.32/info HTTP/1.1
2026-09-12 11:16:05 [main] DEBUG c.g.d.z.s.o.a.h.client5.http.headers - http-outgoing-0 >> x-tc-sid: 31bb59a7-fb84-41db-b21c-731edabed70d
2026-09-12 11:16:05 [main] DEBUG c.g.d.z.s.o.a.h.client5.http.headers - http-outgoing-0 >> User-Agent: tc-java/1.21.1
2026-09-12 11:16:05 [main] DEBUG c.g.d.z.s.o.a.h.client5.http.headers - http-outgoing-0 >> Accept-Encoding: gzip, x-gzip, deflate
2026-09-12 11:16:05 [main] DEBUG c.g.d.z.s.o.a.h.client5.http.headers - http-outgoing-0 >> Host: localhost:2375
2026-09-12 11:16:05 [main] DEBUG c.g.d.z.s.o.a.h.client5.http.headers - http-outgoing-0 >> Connection: keep-alive
2026-09-12 11:16:05 [main] DEBUG c.g.d.z.s.o.a.hc.client5.http.wire - http-outgoing-0 >> "GET /v1.32/info HTTP/1.1[\r][\n]"
2026-09-12 11:16:05 [main] DEBUG c.g.d.z.s.o.a.hc.client5.http.wire - http-outgoing-0 >> "x-tc-sid: 31bb59a7-fb84-41db-b21c-731edabed70d[\r][\n]"
2026-09-12 11:16:05 [main] DEBUG c.g.d.z.s.o.a.hc.client5.http.wire - http-outgoing-0 >> "User-Agent: tc-java/1.21.1[\r][\n]"
2026-09-12 11:16:05 [main] DEBUG c.g.d.z.s.o.a.hc.client5.http.wire - http-outgoing-0 >> "Accept-Encoding: gzip, x-gzip, deflate[\r][\n]"
2026-09-12 11:16:05 [main] DEBUG c.g.d.z.s.o.a.hc.client5.http.wire - http-outgoing-0 >> "Host: localhost:2375[\r][\n]"
2026-09-12 11:16:05 [main] DEBUG c.g.d.z.s.o.a.hc.client5.http.wire - http-outgoing-0 >> "Connection: keep-alive[\r][\n]"
2026-09-12 11:16:05 [main] DEBUG c.g.d.z.s.o.a.hc.client5.http.wire - http-outgoing-0 >> "[\r][\n]"
2026-09-12 11:16:05 [main] DEBUG c.g.d.z.s.o.a.hc.client5.http.wire - http-outgoing-0 << "HTTP/1.1 400 Bad Request[\r][\n]"
2026-09-12 11:16:05 [main] DEBUG c.g.d.z.s.o.a.hc.client5.http.wire - http-outgoing-0 << "Api-Version: 1.55[\r][\n]"
2026-09-12 11:16:05 [main] DEBUG c.g.d.z.s.o.a.hc.client5.http.wire - http-outgoing-0 << "Content-Type: application/json[\r][\n]"
2026-09-12 11:16:05 [main] DEBUG c.g.d.z.s.o.a.hc.client5.http.wire - http-outgoing-0 << "Date: Sat, 12 Sep 2026 09:16:05 GMT[\r][\n]"
2026-09-12 11:16:05 [main] DEBUG c.g.d.z.s.o.a.hc.client5.http.wire - http-outgoing-0 << "Ostype: linux[\r][\n]"
2026-09-12 11:16:05 [main] DEBUG c.g.d.z.s.o.a.hc.client5.http.wire - http-outgoing-0 << "Server: Docker/29.7.2 (linux)[\r][\n]"
2026-09-12 11:16:05 [main] DEBUG c.g.d.z.s.o.a.hc.client5.http.wire - http-outgoing-0 << "Transfer-Encoding: chunked[\r][\n]"
2026-09-12 11:16:05 [main] DEBUG c.g.d.z.s.o.a.hc.client5.http.wire - http-outgoing-0 << "[\r][\n]"
2026-09-12 11:16:05 [main] DEBUG c.g.d.z.s.o.a.h.client5.http.headers - http-outgoing-0 << HTTP/1.1 400 Bad Request
2026-09-12 11:16:05 [main] DEBUG c.g.d.z.s.o.a.h.client5.http.headers - http-outgoing-0 << Api-Version: 1.55
2026-09-12 11:16:05 [main] DEBUG c.g.d.z.s.o.a.h.client5.http.headers - http-outgoing-0 << Content-Type: application/json
2026-09-12 11:16:05 [main] DEBUG c.g.d.z.s.o.a.h.client5.http.headers - http-outgoing-0 << Date: Sat, 12 Sep 2026 09:16:05 GMT
2026-09-12 11:16:05 [main] DEBUG c.g.d.z.s.o.a.h.client5.http.headers - http-outgoing-0 << Ostype: linux
2026-09-12 11:16:05 [main] DEBUG c.g.d.z.s.o.a.h.client5.http.headers - http-outgoing-0 << Server: Docker/29.7.2 (linux)
2026-09-12 11:16:05 [main] DEBUG c.g.d.z.s.o.a.h.client5.http.headers - http-outgoing-0 << Transfer-Encoding: chunked
2026-09-12 11:16:05 [main] DEBUG c.g.d.z.s.o.a.h.c.h.i.c.MainClientExec - ex-00000001: connection can be kept alive for 3 MINUTES
2026-09-12 11:16:05 [main] DEBUG c.g.d.z.s.o.a.hc.client5.http.wire - http-outgoing-0 << "4b0[\r][\n]"
2026-09-12 11:16:05 [main] DEBUG c.g.d.z.s.o.a.hc.client5.http.wire - http-outgoing-0 << "{"ID":"","Containers":0,"ContainersRunning":0,"ContainersPaused":0,"ContainersStopped":0,"Images":0,"Driver":"","DriverStatus":null,"Plugins":{"Volume":null,"Network":null,"Authorization":null,"Log":null},"MemoryLimit":false,"SwapLimit":false,"CpuCfsPeriod":false,"CpuCfsQuota":false,"CPUShares":false,"CPUSet":false,"PidsLimit":false,"IPv4Forwarding":false,"Debug":false,"NFd":0,"OomKillDisable":false,"NGoroutines":0,"SystemTime":"","LoggingDriver":"","CgroupDriver":"","NEventsListener":0,"KernelVersion":"","OperatingSystem":"","OSVersion":"","OSType":"","Architecture":"","IndexServerAddress":"","RegistryConfig":null,"NCPU":0,"MemTotal":0,"GenericResources":null,"DockerRootDir":"","HttpProxy":"","HttpsProxy":"","NoProxy":"","Name":"","Labels":["com.docker.desktop.address=npipe://\\\\.\\pipe\\docker_cli"],"ExperimentalBuild":false,"ServerVersion":"","Runtimes":null,"DefaultRuntime":"","Swarm":{"NodeID":"","NodeAddr":"","LocalNodeState":"","ControlAvailable":false,"Error":"","RemoteManagers":null},"LiveRestoreEnabled":false,"Isolation":"","InitBinary":"","ContainerdCommit":{"ID":""},"RuncCommit":{"ID":""},"InitCommit":{"ID":""},"SecurityOptions":null,"CDISpecDirs":null,"Warnings":null}[\r][\n]"
2026-09-12 11:16:05 [main] DEBUG c.g.d.z.s.o.a.hc.client5.http.wire - http-outgoing-0 << "0[\r][\n]"
2026-09-12 11:16:05 [main] DEBUG c.g.d.z.s.o.a.hc.client5.http.wire - http-outgoing-0 << "[\r][\n]"
2026-09-12 11:16:05 [main] DEBUG c.g.d.z.s.o.a.h.c.h.i.c.InternalHttpClient - ep-00000000: releasing valid endpoint
2026-09-12 11:16:05 [main] DEBUG c.g.d.z.s.o.a.h.c.h.i.i.PoolingHttpClientConnectionManager - ep-00000000: releasing endpoint
2026-09-12 11:16:05 [main] DEBUG c.g.d.z.s.o.a.h.c.h.i.i.PoolingHttpClientConnectionManager - ep-00000000: connection http-outgoing-0 can be kept alive for 3 MINUTES
2026-09-12 11:16:05 [main] DEBUG c.g.d.z.s.o.a.h.c.h.i.i.PoolingHttpClientConnectionManager - ep-00000000: connection released [route: {}->npipe://localhost:2375][total available: 1; route allocated: 1 of 2147483647; total allocated: 1 of 2147483647]
2026-09-12 11:16:05 [main] DEBUG o.t.d.DockerClientProviderStrategy - NpipeSocketClientProviderStrategy: failed with exception BadRequestException (Status 400: {"ID":"","Containers":0,"ContainersRunning":0,"ContainersPaused":0,"ContainersStopped":0,"Images":0,"Driver":"","DriverStatus":null,"Plugins":{"Volume":null,"Network":null,"Authorization":null,"Log":null},"MemoryLimit":false,"SwapLimit":false,"CpuCfsPeriod":false,"CpuCfsQuota":false,"CPUShares":false,"CPUSet":false,"PidsLimit":false,"IPv4Forwarding":false,"Debug":false,"NFd":0,"OomKillDisable":false,"NGoroutines":0,"SystemTime":"","LoggingDriver":"","CgroupDriver":"","NEventsListener":0,"KernelVersion":"","OperatingSystem":"","OSVersion":"","OSType":"","Architecture":"","IndexServerAddress":"","RegistryConfig":null,"NCPU":0,"MemTotal":0,"GenericResources":null,"DockerRootDir":"","HttpProxy":"","HttpsProxy":"","NoProxy":"","Name":"","Labels":["com.docker.desktop.address=npipe://\\\\.\\pipe\\docker_cli"],"ExperimentalBuild":false,"ServerVersion":"","Runtimes":null,"DefaultRuntime":"","Swarm":{"NodeID":"","NodeAddr":"","LocalNodeState":"","ControlAvailable":false,"Error":"","RemoteManagers":null},"LiveRestoreEnabled":false,"Isolation":"","InitBinary":"","ContainerdCommit":{"ID":""},"RuncCommit":{"ID":""},"InitCommit":{"ID":""},"SecurityOptions":null,"CDISpecDirs":null,"Warnings":null})
2026-09-12 11:16:05 [main] INFO  o.t.d.DockerMachineClientProviderStrategy - docker-machine executable was not found on PATH ([C:\Windows\system32, C:\Windows, C:\Windows\System32\Wbem, C:\Windows\System32\WindowsPowerShell\v1.0\, C:\Windows\System32\OpenSSH\, C:\Program Files\dotnet\, C:\Program Files (x86)\NVIDIA Corporation\PhysX\Common, C:\Program Files\NVIDIA Corporation\NVIDIA app\NvDLISR, C:\Program Files\Cloudflare\Cloudflare WARP\, C:\Program Files\Git\cmd, C:\Users\azuureke\AppData\Local\Programs\Eclipse Adoptium\jdk-17.0.19.10-hotspot\bin, C:\Users\azuureke\AppData\Local\Microsoft\WindowsApps, , C:\Users\azuureke\AppData\Local\Programs\DockerDesktop\resources\bin])
2026-09-12 11:16:05 [main] ERROR o.t.d.DockerClientProviderStrategy - Could not find a valid Docker environment. Please check configuration. Attempted configurations were:
	NpipeSocketClientProviderStrategy: failed with exception BadRequestException (Status 400: {"ID":"","Containers":0,"ContainersRunning":0,"ContainersPaused":0,"ContainersStopped":0,"Images":0,"Driver":"","DriverStatus":null,"Plugins":{"Volume":null,"Network":null,"Authorization":null,"Log":null},"MemoryLimit":false,"SwapLimit":false,"CpuCfsPeriod":false,"CpuCfsQuota":false,"CPUShares":false,"CPUSet":false,"PidsLimit":false,"IPv4Forwarding":false,"Debug":false,"NFd":0,"OomKillDisable":false,"NGoroutines":0,"SystemTime":"","LoggingDriver":"","CgroupDriver":"","NEventsListener":0,"KernelVersion":"","OperatingSystem":"","OSVersion":"","OSType":"","Architecture":"","IndexServerAddress":"","RegistryConfig":null,"NCPU":0,"MemTotal":0,"GenericResources":null,"DockerRootDir":"","HttpProxy":"","HttpsProxy":"","NoProxy":"","Name":"","Labels":["com.docker.desktop.address=npipe://\\\\.\\pipe\\docker_cli"],"ExperimentalBuild":false,"ServerVersion":"","Runtimes":null,"DefaultRuntime":"","Swarm":{"NodeID":"","NodeAddr":"","LocalNodeState":"","ControlAvailable":false,"Error":"","RemoteManagers":null},"LiveRestoreEnabled":false,"Isolation":"","InitBinary":"","ContainerdCommit":{"ID":""},"RuncCommit":{"ID":""},"InitCommit":{"ID":""},"SecurityOptions":null,"CDISpecDirs":null,"Warnings":null})As no valid configuration was found, execution cannot continue.
See https://java.testcontainers.org/on_failure.html for more details.
2026-09-12 11:17:08 [main] DEBUG o.t.u.TestcontainersConfiguration - Testcontainers configuration overrides will be loaded from file:/C:/Users/azuureke/.testcontainers.properties
2026-09-12 11:17:08 [main] DEBUG o.t.u.TestcontainersConfiguration - Attempted to read Testcontainers configuration file at file:/C:/Users/azuureke/.testcontainers.properties but the file was not found. Exception message: FileNotFoundException: C:\Users\azuureke\.testcontainers.properties (The system cannot find the file specified)
2026-09-12 11:17:08 [main] INFO  o.testcontainers.images.PullPolicy - Image pull policy will be performed by: DefaultPullPolicy()
2026-09-12 11:17:08 [main] INFO  o.t.utility.ImageNameSubstitutor - Image name substitution will be performed by: DefaultImageNameSubstitutor (composite of 'ConfigurationFileImageNameSubstitutor' and 'PrefixingImageNameSubstitutor')
2026-09-12 11:17:08 [main] INFO  o.testcontainers.DockerClientFactory - Testcontainers version: 1.21.1
2026-09-12 11:17:09 [main] DEBUG o.t.d.DockerClientProviderStrategy - Trying out strategy: NpipeSocketClientProviderStrategy
2026-09-12 11:17:09 [main] DEBUG o.t.s.c.g.d.c.command.AbstrDockerCmd - Cmd: 
2026-09-12 11:17:09 [main] DEBUG c.g.d.z.s.o.a.h.c.h.i.c.InternalHttpClient - ex-00000001: preparing request execution
2026-09-12 11:17:09 [main] DEBUG c.g.d.z.s.o.a.h.c.h.p.RequestAddCookies - Cookie spec selected: strict
2026-09-12 11:17:09 [main] DEBUG c.g.d.z.s.o.a.h.c.h.p.RequestAuthCache - Auth cache not set in the context
2026-09-12 11:17:09 [main] DEBUG c.g.d.z.s.o.a.h.c.h.i.c.ProtocolExec - ex-00000001: target auth state: UNCHALLENGED
2026-09-12 11:17:09 [main] DEBUG c.g.d.z.s.o.a.h.c.h.i.c.ProtocolExec - ex-00000001: proxy auth state: UNCHALLENGED
2026-09-12 11:17:09 [main] DEBUG c.g.d.z.s.o.a.h.c.h.i.c.ConnectExec - ex-00000001: acquiring connection with route {}->npipe://localhost:2375
2026-09-12 11:17:09 [main] DEBUG c.g.d.z.s.o.a.h.c.h.i.c.InternalHttpClient - ex-00000001: acquiring endpoint (3 MINUTES)
2026-09-12 11:17:09 [main] DEBUG c.g.d.z.s.o.a.h.c.h.i.i.PoolingHttpClientConnectionManager - ex-00000001: endpoint lease request (3 MINUTES) [route: {}->npipe://localhost:2375][total available: 0; route allocated: 0 of 2147483647; total allocated: 0 of 2147483647]
2026-09-12 11:17:09 [main] DEBUG c.g.d.z.s.o.a.h.c.h.i.i.PoolingHttpClientConnectionManager - ex-00000001: endpoint leased [route: {}->npipe://localhost:2375][total available: 0; route allocated: 1 of 2147483647; total allocated: 1 of 2147483647]
2026-09-12 11:17:09 [main] DEBUG c.g.d.z.s.o.a.h.c.h.i.i.PoolingHttpClientConnectionManager - ex-00000001: acquired ep-00000000
2026-09-12 11:17:09 [main] DEBUG c.g.d.z.s.o.a.h.c.h.i.c.InternalHttpClient - ex-00000001: acquired endpoint ep-00000000
2026-09-12 11:17:09 [main] DEBUG c.g.d.z.s.o.a.h.c.h.i.c.ConnectExec - ex-00000001: opening connection {}->npipe://localhost:2375
2026-09-12 11:17:09 [main] DEBUG c.g.d.z.s.o.a.h.c.h.i.c.InternalHttpClient - ep-00000000: connecting endpoint (3 MINUTES)
2026-09-12 11:17:09 [main] DEBUG c.g.d.z.s.o.a.h.c.h.i.i.PoolingHttpClientConnectionManager - ep-00000000: connecting endpoint to npipe://localhost:2375 (3 MINUTES)
2026-09-12 11:17:09 [main] DEBUG c.g.d.z.s.o.a.h.c.h.i.i.DefaultHttpClientConnectionOperator - http-outgoing-0: connecting to localhost/127.0.0.1:2375
2026-09-12 11:17:09 [main] DEBUG c.g.d.z.s.o.a.h.c.h.i.i.DefaultHttpClientConnectionOperator - http-outgoing-0: connection established 
2026-09-12 11:17:09 [main] DEBUG c.g.d.z.s.o.a.h.c.h.i.i.PoolingHttpClientConnectionManager - ep-00000000: connected http-outgoing-0
2026-09-12 11:17:09 [main] DEBUG c.g.d.z.s.o.a.h.c.h.i.c.InternalHttpClient - ep-00000000: endpoint connected
2026-09-12 11:17:09 [main] DEBUG c.g.d.z.s.o.a.h.c.h.i.c.MainClientExec - ex-00000001: executing GET /v1.32/info HTTP/1.1
2026-09-12 11:17:09 [main] DEBUG c.g.d.z.s.o.a.h.c.h.i.c.InternalHttpClient - ep-00000000: start execution ex-00000001
2026-09-12 11:17:09 [main] DEBUG c.g.d.z.s.o.a.h.c.h.i.i.PoolingHttpClientConnectionManager - ep-00000000: executing exchange ex-00000001 over http-outgoing-0
2026-09-12 11:17:09 [main] DEBUG c.g.d.z.s.o.a.h.client5.http.headers - http-outgoing-0 >> GET /v1.32/info HTTP/1.1
2026-09-12 11:17:09 [main] DEBUG c.g.d.z.s.o.a.h.client5.http.headers - http-outgoing-0 >> x-tc-sid: e6d685df-7b21-4c6d-95db-a7551ea21254
2026-09-12 11:17:09 [main] DEBUG c.g.d.z.s.o.a.h.client5.http.headers - http-outgoing-0 >> User-Agent: tc-java/1.21.1
2026-09-12 11:17:09 [main] DEBUG c.g.d.z.s.o.a.h.client5.http.headers - http-outgoing-0 >> Accept-Encoding: gzip, x-gzip, deflate
2026-09-12 11:17:09 [main] DEBUG c.g.d.z.s.o.a.h.client5.http.headers - http-outgoing-0 >> Host: localhost:2375
2026-09-12 11:17:09 [main] DEBUG c.g.d.z.s.o.a.h.client5.http.headers - http-outgoing-0 >> Connection: keep-alive
2026-09-12 11:17:09 [main] DEBUG c.g.d.z.s.o.a.hc.client5.http.wire - http-outgoing-0 >> "GET /v1.32/info HTTP/1.1[\r][\n]"
2026-09-12 11:17:09 [main] DEBUG c.g.d.z.s.o.a.hc.client5.http.wire - http-outgoing-0 >> "x-tc-sid: e6d685df-7b21-4c6d-95db-a7551ea21254[\r][\n]"
2026-09-12 11:17:09 [main] DEBUG c.g.d.z.s.o.a.hc.client5.http.wire - http-outgoing-0 >> "User-Agent: tc-java/1.21.1[\r][\n]"
2026-09-12 11:17:09 [main] DEBUG c.g.d.z.s.o.a.hc.client5.http.wire - http-outgoing-0 >> "Accept-Encoding: gzip, x-gzip, deflate[\r][\n]"
2026-09-12 11:17:09 [main] DEBUG c.g.d.z.s.o.a.hc.client5.http.wire - http-outgoing-0 >> "Host: localhost:2375[\r][\n]"
2026-09-12 11:17:09 [main] DEBUG c.g.d.z.s.o.a.hc.client5.http.wire - http-outgoing-0 >> "Connection: keep-alive[\r][\n]"
2026-09-12 11:17:09 [main] DEBUG c.g.d.z.s.o.a.hc.client5.http.wire - http-outgoing-0 >> "[\r][\n]"
2026-09-12 11:17:09 [main] DEBUG c.g.d.z.s.o.a.hc.client5.http.wire - http-outgoing-0 << "HTTP/1.1 400 Bad Request[\r][\n]"
2026-09-12 11:17:09 [main] DEBUG c.g.d.z.s.o.a.hc.client5.http.wire - http-outgoing-0 << "Api-Version: 1.55[\r][\n]"
2026-09-12 11:17:09 [main] DEBUG c.g.d.z.s.o.a.hc.client5.http.wire - http-outgoing-0 << "Content-Type: application/json[\r][\n]"
2026-09-12 11:17:09 [main] DEBUG c.g.d.z.s.o.a.hc.client5.http.wire - http-outgoing-0 << "Date: Sat, 12 Sep 2026 09:17:09 GMT[\r][\n]"
2026-09-12 11:17:09 [main] DEBUG c.g.d.z.s.o.a.hc.client5.http.wire - http-outgoing-0 << "Ostype: linux[\r][\n]"
2026-09-12 11:17:09 [main] DEBUG c.g.d.z.s.o.a.hc.client5.http.wire - http-outgoing-0 << "Server: Docker/29.7.2 (linux)[\r][\n]"
2026-09-12 11:17:09 [main] DEBUG c.g.d.z.s.o.a.hc.client5.http.wire - http-outgoing-0 << "Transfer-Encoding: chunked[\r][\n]"
2026-09-12 11:17:09 [main] DEBUG c.g.d.z.s.o.a.hc.client5.http.wire - http-outgoing-0 << "[\r][\n]"
2026-09-12 11:17:09 [main] DEBUG c.g.d.z.s.o.a.h.client5.http.headers - http-outgoing-0 << HTTP/1.1 400 Bad Request
2026-09-12 11:17:09 [main] DEBUG c.g.d.z.s.o.a.h.client5.http.headers - http-outgoing-0 << Api-Version: 1.55
2026-09-12 11:17:09 [main] DEBUG c.g.d.z.s.o.a.h.client5.http.headers - http-outgoing-0 << Content-Type: application/json
2026-09-12 11:17:09 [main] DEBUG c.g.d.z.s.o.a.h.client5.http.headers - http-outgoing-0 << Date: Sat, 12 Sep 2026 09:17:09 GMT
2026-09-12 11:17:09 [main] DEBUG c.g.d.z.s.o.a.h.client5.http.headers - http-outgoing-0 << Ostype: linux
2026-09-12 11:17:09 [main] DEBUG c.g.d.z.s.o.a.h.client5.http.headers - http-outgoing-0 << Server: Docker/29.7.2 (linux)
2026-09-12 11:17:09 [main] DEBUG c.g.d.z.s.o.a.h.client5.http.headers - http-outgoing-0 << Transfer-Encoding: chunked
2026-09-12 11:17:09 [main] DEBUG c.g.d.z.s.o.a.h.c.h.i.c.MainClientExec - ex-00000001: connection can be kept alive for 3 MINUTES
2026-09-12 11:17:09 [main] DEBUG c.g.d.z.s.o.a.hc.client5.http.wire - http-outgoing-0 << "4b0[\r][\n]"
2026-09-12 11:17:09 [main] DEBUG c.g.d.z.s.o.a.hc.client5.http.wire - http-outgoing-0 << "{"ID":"","Containers":0,"ContainersRunning":0,"ContainersPaused":0,"ContainersStopped":0,"Images":0,"Driver":"","DriverStatus":null,"Plugins":{"Volume":null,"Network":null,"Authorization":null,"Log":null},"MemoryLimit":false,"SwapLimit":false,"CpuCfsPeriod":false,"CpuCfsQuota":false,"CPUShares":false,"CPUSet":false,"PidsLimit":false,"IPv4Forwarding":false,"Debug":false,"NFd":0,"OomKillDisable":false,"NGoroutines":0,"SystemTime":"","LoggingDriver":"","CgroupDriver":"","NEventsListener":0,"KernelVersion":"","OperatingSystem":"","OSVersion":"","OSType":"","Architecture":"","IndexServerAddress":"","RegistryConfig":null,"NCPU":0,"MemTotal":0,"GenericResources":null,"DockerRootDir":"","HttpProxy":"","HttpsProxy":"","NoProxy":"","Name":"","Labels":["com.docker.desktop.address=npipe://\\\\.\\pipe\\docker_cli"],"ExperimentalBuild":false,"ServerVersion":"","Runtimes":null,"DefaultRuntime":"","Swarm":{"NodeID":"","NodeAddr":"","LocalNodeState":"","ControlAvailable":false,"Error":"","RemoteManagers":null},"LiveRestoreEnabled":false,"Isolation":"","InitBinary":"","ContainerdCommit":{"ID":""},"RuncCommit":{"ID":""},"InitCommit":{"ID":""},"SecurityOptions":null,"CDISpecDirs":null,"Warnings":null}[\r][\n]"
2026-09-12 11:17:09 [main] DEBUG c.g.d.z.s.o.a.hc.client5.http.wire - http-outgoing-0 << "0[\r][\n]"
2026-09-12 11:17:09 [main] DEBUG c.g.d.z.s.o.a.hc.client5.http.wire - http-outgoing-0 << "[\r][\n]"
2026-09-12 11:17:09 [main] DEBUG c.g.d.z.s.o.a.h.c.h.i.c.InternalHttpClient - ep-00000000: releasing valid endpoint
2026-09-12 11:17:09 [main] DEBUG c.g.d.z.s.o.a.h.c.h.i.i.PoolingHttpClientConnectionManager - ep-00000000: releasing endpoint
2026-09-12 11:17:09 [main] DEBUG c.g.d.z.s.o.a.h.c.h.i.i.PoolingHttpClientConnectionManager - ep-00000000: connection http-outgoing-0 can be kept alive for 3 MINUTES
2026-09-12 11:17:09 [main] DEBUG c.g.d.z.s.o.a.h.c.h.i.i.PoolingHttpClientConnectionManager - ep-00000000: connection released [route: {}->npipe://localhost:2375][total available: 1; route allocated: 1 of 2147483647; total allocated: 1 of 2147483647]
2026-09-12 11:17:09 [main] DEBUG o.t.d.DockerClientProviderStrategy - NpipeSocketClientProviderStrategy: failed with exception BadRequestException (Status 400: {"ID":"","Containers":0,"ContainersRunning":0,"ContainersPaused":0,"ContainersStopped":0,"Images":0,"Driver":"","DriverStatus":null,"Plugins":{"Volume":null,"Network":null,"Authorization":null,"Log":null},"MemoryLimit":false,"SwapLimit":false,"CpuCfsPeriod":false,"CpuCfsQuota":false,"CPUShares":false,"CPUSet":false,"PidsLimit":false,"IPv4Forwarding":false,"Debug":false,"NFd":0,"OomKillDisable":false,"NGoroutines":0,"SystemTime":"","LoggingDriver":"","CgroupDriver":"","NEventsListener":0,"KernelVersion":"","OperatingSystem":"","OSVersion":"","OSType":"","Architecture":"","IndexServerAddress":"","RegistryConfig":null,"NCPU":0,"MemTotal":0,"GenericResources":null,"DockerRootDir":"","HttpProxy":"","HttpsProxy":"","NoProxy":"","Name":"","Labels":["com.docker.desktop.address=npipe://\\\\.\\pipe\\docker_cli"],"ExperimentalBuild":false,"ServerVersion":"","Runtimes":null,"DefaultRuntime":"","Swarm":{"NodeID":"","NodeAddr":"","LocalNodeState":"","ControlAvailable":false,"Error":"","RemoteManagers":null},"LiveRestoreEnabled":false,"Isolation":"","InitBinary":"","ContainerdCommit":{"ID":""},"RuncCommit":{"ID":""},"InitCommit":{"ID":""},"SecurityOptions":null,"CDISpecDirs":null,"Warnings":null})
2026-09-12 11:17:09 [main] INFO  o.t.d.DockerMachineClientProviderStrategy - docker-machine executable was not found on PATH ([C:\Windows\system32, C:\Windows, C:\Windows\System32\Wbem, C:\Windows\System32\WindowsPowerShell\v1.0\, C:\Windows\System32\OpenSSH\, C:\Program Files\dotnet\, C:\Program Files (x86)\NVIDIA Corporation\PhysX\Common, C:\Program Files\NVIDIA Corporation\NVIDIA app\NvDLISR, C:\Program Files\Cloudflare\Cloudflare WARP\, C:\Program Files\Git\cmd, C:\Users\azuureke\AppData\Local\Programs\Eclipse Adoptium\jdk-17.0.19.10-hotspot\bin, C:\Users\azuureke\AppData\Local\Microsoft\WindowsApps, , C:\Users\azuureke\AppData\Local\Programs\DockerDesktop\resources\bin])
2026-09-12 11:17:09 [main] ERROR o.t.d.DockerClientProviderStrategy - Could not find a valid Docker environment. Please check configuration. Attempted configurations were:
	NpipeSocketClientProviderStrategy: failed with exception BadRequestException (Status 400: {"ID":"","Containers":0,"ContainersRunning":0,"ContainersPaused":0,"ContainersStopped":0,"Images":0,"Driver":"","DriverStatus":null,"Plugins":{"Volume":null,"Network":null,"Authorization":null,"Log":null},"MemoryLimit":false,"SwapLimit":false,"CpuCfsPeriod":false,"CpuCfsQuota":false,"CPUShares":false,"CPUSet":false,"PidsLimit":false,"IPv4Forwarding":false,"Debug":false,"NFd":0,"OomKillDisable":false,"NGoroutines":0,"SystemTime":"","LoggingDriver":"","CgroupDriver":"","NEventsListener":0,"KernelVersion":"","OperatingSystem":"","OSVersion":"","OSType":"","Architecture":"","IndexServerAddress":"","RegistryConfig":null,"NCPU":0,"MemTotal":0,"GenericResources":null,"DockerRootDir":"","HttpProxy":"","HttpsProxy":"","NoProxy":"","Name":"","Labels":["com.docker.desktop.address=npipe://\\\\.\\pipe\\docker_cli"],"ExperimentalBuild":false,"ServerVersion":"","Runtimes":null,"DefaultRuntime":"","Swarm":{"NodeID":"","NodeAddr":"","LocalNodeState":"","ControlAvailable":false,"Error":"","RemoteManagers":null},"LiveRestoreEnabled":false,"Isolation":"","InitBinary":"","ContainerdCommit":{"ID":""},"RuncCommit":{"ID":""},"InitCommit":{"ID":""},"SecurityOptions":null,"CDISpecDirs":null,"Warnings":null})As no valid configuration was found, execution cannot continue.
See https://java.testcontainers.org/on_failure.html for more details.
2026-09-12 11:18:19 [main] DEBUG o.t.u.TestcontainersConfiguration - Testcontainers configuration overrides will be loaded from file:/C:/Users/azuureke/.testcontainers.properties
2026-09-12 11:18:19 [main] DEBUG o.t.u.TestcontainersConfiguration - Attempted to read Testcontainers configuration file at file:/C:/Users/azuureke/.testcontainers.properties but the file was not found. Exception message: FileNotFoundException: C:\Users\azuureke\.testcontainers.properties (The system cannot find the file specified)
2026-09-12 11:18:19 [main] INFO  o.testcontainers.images.PullPolicy - Image pull policy will be performed by: DefaultPullPolicy()
2026-09-12 11:18:19 [main] INFO  o.t.utility.ImageNameSubstitutor - Image name substitution will be performed by: DefaultImageNameSubstitutor (composite of 'ConfigurationFileImageNameSubstitutor' and 'PrefixingImageNameSubstitutor')
2026-09-12 11:18:19 [main] DEBUG o.t.u.PrefixingImageNameSubstitutor - No prefix is configured
2026-09-12 11:18:19 [main] DEBUG o.t.utility.ImageNameSubstitutor - Did not find a substitute image for postgres:17 (using image substitutor: DefaultImageNameSubstitutor (composite of 'ConfigurationFileImageNameSubstitutor' and 'PrefixingImageNameSubstitutor'))
2026-09-12 11:18:25 [main] DEBUG o.t.u.PrefixingImageNameSubstitutor - No prefix is configured
2026-09-12 11:18:25 [main] DEBUG o.t.utility.ImageNameSubstitutor - Did not find a substitute image for postgres:17 (using image substitutor: DefaultImageNameSubstitutor (composite of 'ConfigurationFileImageNameSubstitutor' and 'PrefixingImageNameSubstitutor'))
2026-09-12 11:19:15 [main] DEBUG o.t.u.PrefixingImageNameSubstitutor - No prefix is configured
2026-09-12 11:19:15 [main] DEBUG o.t.utility.ImageNameSubstitutor - Did not find a substitute image for postgres:17 (using image substitutor: DefaultImageNameSubstitutor (composite of 'ConfigurationFileImageNameSubstitutor' and 'PrefixingImageNameSubstitutor'))
2026-09-12 11:19:15 [main] DEBUG o.t.u.PrefixingImageNameSubstitutor - No prefix is configured
2026-09-12 11:19:15 [main] DEBUG o.t.utility.ImageNameSubstitutor - Did not find a substitute image for postgres:17 (using image substitutor: DefaultImageNameSubstitutor (composite of 'ConfigurationFileImageNameSubstitutor' and 'PrefixingImageNameSubstitutor'))
2026-09-12 11:20:31 [main] DEBUG o.t.u.PrefixingImageNameSubstitutor - No prefix is configured
2026-09-12 11:20:31 [main] DEBUG o.t.utility.ImageNameSubstitutor - Did not find a substitute image for postgres:17 (using image substitutor: DefaultImageNameSubstitutor (composite of 'ConfigurationFileImageNameSubstitutor' and 'PrefixingImageNameSubstitutor'))
2026-09-12 11:21:39 [main] DEBUG o.t.u.PrefixingImageNameSubstitutor - No prefix is configured
2026-09-12 11:21:39 [main] DEBUG o.t.utility.ImageNameSubstitutor - Did not find a substitute image for postgres:17 (using image substitutor: DefaultImageNameSubstitutor (composite of 'ConfigurationFileImageNameSubstitutor' and 'PrefixingImageNameSubstitutor'))
2026-09-12 11:21:39 [main] DEBUG o.t.u.PrefixingImageNameSubstitutor - No prefix is configured
2026-09-12 11:21:39 [main] DEBUG o.t.utility.ImageNameSubstitutor - Did not find a substitute image for postgres:17 (using image substitutor: DefaultImageNameSubstitutor (composite of 'ConfigurationFileImageNameSubstitutor' and 'PrefixingImageNameSubstitutor'))
2026-09-12 11:21:59 [main] INFO  o.testcontainers.DockerClientFactory - Testcontainers version: 1.21.1
2026-09-12 11:22:00 [main] DEBUG o.t.d.DockerClientProviderStrategy - Trying out strategy: NpipeSocketClientProviderStrategy
2026-09-12 11:22:00 [main] DEBUG o.t.s.c.g.d.c.command.AbstrDockerCmd - Cmd: 
2026-09-12 11:22:00 [main] DEBUG c.g.d.z.s.o.a.h.c.h.i.c.InternalHttpClient - ex-00000001: preparing request execution
2026-09-12 11:22:00 [main] DEBUG c.g.d.z.s.o.a.h.c.h.p.RequestAddCookies - Cookie spec selected: strict
2026-09-12 11:22:00 [main] DEBUG c.g.d.z.s.o.a.h.c.h.p.RequestAuthCache - Auth cache not set in the context
2026-09-12 11:22:00 [main] DEBUG c.g.d.z.s.o.a.h.c.h.i.c.ProtocolExec - ex-00000001: target auth state: UNCHALLENGED
2026-09-12 11:22:00 [main] DEBUG c.g.d.z.s.o.a.h.c.h.i.c.ProtocolExec - ex-00000001: proxy auth state: UNCHALLENGED
2026-09-12 11:22:00 [main] DEBUG c.g.d.z.s.o.a.h.c.h.i.c.ConnectExec - ex-00000001: acquiring connection with route {}->npipe://localhost:2375
2026-09-12 11:22:00 [main] DEBUG c.g.d.z.s.o.a.h.c.h.i.c.InternalHttpClient - ex-00000001: acquiring endpoint (3 MINUTES)
2026-09-12 11:22:00 [main] DEBUG c.g.d.z.s.o.a.h.c.h.i.i.PoolingHttpClientConnectionManager - ex-00000001: endpoint lease request (3 MINUTES) [route: {}->npipe://localhost:2375][total available: 0; route allocated: 0 of 2147483647; total allocated: 0 of 2147483647]
2026-09-12 11:22:00 [main] DEBUG c.g.d.z.s.o.a.h.c.h.i.i.PoolingHttpClientConnectionManager - ex-00000001: endpoint leased [route: {}->npipe://localhost:2375][total available: 0; route allocated: 1 of 2147483647; total allocated: 1 of 2147483647]
2026-09-12 11:22:00 [main] DEBUG c.g.d.z.s.o.a.h.c.h.i.i.PoolingHttpClientConnectionManager - ex-00000001: acquired ep-00000000
2026-09-12 11:22:00 [main] DEBUG c.g.d.z.s.o.a.h.c.h.i.c.InternalHttpClient - ex-00000001: acquired endpoint ep-00000000
2026-09-12 11:22:00 [main] DEBUG c.g.d.z.s.o.a.h.c.h.i.c.ConnectExec - ex-00000001: opening connection {}->npipe://localhost:2375
2026-09-12 11:22:00 [main] DEBUG c.g.d.z.s.o.a.h.c.h.i.c.InternalHttpClient - ep-00000000: connecting endpoint (3 MINUTES)
2026-09-12 11:22:00 [main] DEBUG c.g.d.z.s.o.a.h.c.h.i.i.PoolingHttpClientConnectionManager - ep-00000000: connecting endpoint to npipe://localhost:2375 (3 MINUTES)
2026-09-12 11:22:00 [main] DEBUG c.g.d.z.s.o.a.h.c.h.i.i.DefaultHttpClientConnectionOperator - http-outgoing-0: connecting to localhost/127.0.0.1:2375
2026-09-12 11:22:00 [main] DEBUG c.g.d.z.s.o.a.h.c.h.i.i.DefaultHttpClientConnectionOperator - http-outgoing-0: connection established 
2026-09-12 11:22:00 [main] DEBUG c.g.d.z.s.o.a.h.c.h.i.i.PoolingHttpClientConnectionManager - ep-00000000: connected http-outgoing-0
2026-09-12 11:22:00 [main] DEBUG c.g.d.z.s.o.a.h.c.h.i.c.InternalHttpClient - ep-00000000: endpoint connected
2026-09-12 11:22:00 [main] DEBUG c.g.d.z.s.o.a.h.c.h.i.c.MainClientExec - ex-00000001: executing GET /v1.32/info HTTP/1.1
2026-09-12 11:22:00 [main] DEBUG c.g.d.z.s.o.a.h.c.h.i.c.InternalHttpClient - ep-00000000: start execution ex-00000001
2026-09-12 11:22:00 [main] DEBUG c.g.d.z.s.o.a.h.c.h.i.i.PoolingHttpClientConnectionManager - ep-00000000: executing exchange ex-00000001 over http-outgoing-0
2026-09-12 11:22:00 [main] DEBUG c.g.d.z.s.o.a.h.client5.http.headers - http-outgoing-0 >> GET /v1.32/info HTTP/1.1
2026-09-12 11:22:00 [main] DEBUG c.g.d.z.s.o.a.h.client5.http.headers - http-outgoing-0 >> x-tc-sid: 239adc35-b418-4e0b-9ca5-f71d75a1d08a
2026-09-12 11:22:00 [main] DEBUG c.g.d.z.s.o.a.h.client5.http.headers - http-outgoing-0 >> User-Agent: tc-java/1.21.1
2026-09-12 11:22:00 [main] DEBUG c.g.d.z.s.o.a.h.client5.http.headers - http-outgoing-0 >> Accept-Encoding: gzip, x-gzip, deflate
2026-09-12 11:22:00 [main] DEBUG c.g.d.z.s.o.a.h.client5.http.headers - http-outgoing-0 >> Host: localhost:2375
2026-09-12 11:22:00 [main] DEBUG c.g.d.z.s.o.a.h.client5.http.headers - http-outgoing-0 >> Connection: keep-alive
2026-09-12 11:22:00 [main] DEBUG c.g.d.z.s.o.a.hc.client5.http.wire - http-outgoing-0 >> "GET /v1.32/info HTTP/1.1[\r][\n]"
2026-09-12 11:22:00 [main] DEBUG c.g.d.z.s.o.a.hc.client5.http.wire - http-outgoing-0 >> "x-tc-sid: 239adc35-b418-4e0b-9ca5-f71d75a1d08a[\r][\n]"
2026-09-12 11:22:00 [main] DEBUG c.g.d.z.s.o.a.hc.client5.http.wire - http-outgoing-0 >> "User-Agent: tc-java/1.21.1[\r][\n]"
2026-09-12 11:22:00 [main] DEBUG c.g.d.z.s.o.a.hc.client5.http.wire - http-outgoing-0 >> "Accept-Encoding: gzip, x-gzip, deflate[\r][\n]"
2026-09-12 11:22:00 [main] DEBUG c.g.d.z.s.o.a.hc.client5.http.wire - http-outgoing-0 >> "Host: localhost:2375[\r][\n]"
2026-09-12 11:22:00 [main] DEBUG c.g.d.z.s.o.a.hc.client5.http.wire - http-outgoing-0 >> "Connection: keep-alive[\r][\n]"
2026-09-12 11:22:00 [main] DEBUG c.g.d.z.s.o.a.hc.client5.http.wire - http-outgoing-0 >> "[\r][\n]"
2026-09-12 11:22:00 [main] DEBUG c.g.d.z.s.o.a.hc.client5.http.wire - http-outgoing-0 << "HTTP/1.1 400 Bad Request[\r][\n]"
2026-09-12 11:22:00 [main] DEBUG c.g.d.z.s.o.a.hc.client5.http.wire - http-outgoing-0 << "Api-Version: 1.55[\r][\n]"
2026-09-12 11:22:00 [main] DEBUG c.g.d.z.s.o.a.hc.client5.http.wire - http-outgoing-0 << "Content-Type: application/json[\r][\n]"
2026-09-12 11:22:00 [main] DEBUG c.g.d.z.s.o.a.hc.client5.http.wire - http-outgoing-0 << "Date: Sat, 12 Sep 2026 09:22:00 GMT[\r][\n]"
2026-09-12 11:22:00 [main] DEBUG c.g.d.z.s.o.a.hc.client5.http.wire - http-outgoing-0 << "Ostype: linux[\r][\n]"
2026-09-12 11:22:00 [main] DEBUG c.g.d.z.s.o.a.hc.client5.http.wire - http-outgoing-0 << "Server: Docker/29.7.2 (linux)[\r][\n]"
2026-09-12 11:22:00 [main] DEBUG c.g.d.z.s.o.a.hc.client5.http.wire - http-outgoing-0 << "Transfer-Encoding: chunked[\r][\n]"
2026-09-12 11:22:00 [main] DEBUG c.g.d.z.s.o.a.hc.client5.http.wire - http-outgoing-0 << "[\r][\n]"
2026-09-12 11:22:00 [main] DEBUG c.g.d.z.s.o.a.hc.client5.http.wire - http-outgoing-0 << "4b0[\r][\n]"
2026-09-12 11:22:00 [main] DEBUG c.g.d.z.s.o.a.hc.client5.http.wire - http-outgoing-0 << "{"ID":"","Containers":0,"ContainersRunning":0,"ContainersPaused":0,"ContainersStopped":0,"Images":0,"Driver":"","DriverStatus":null,"Plugins":{"Volume":null,"Network":null,"Authorization":null,"Log":null},"MemoryLimit":false,"SwapLimit":false,"CpuCfsPeriod":false,"CpuCfsQuota":false,"CPUShares":false,"CPUSet":false,"PidsLimit":false,"IPv4Forwarding":false,"Debug":false,"NFd":0,"OomKillDisable":false,"NGoroutines":0,"SystemTime":"","LoggingDriver":"","CgroupDriver":"","NEventsListener":0,"KernelVersion":"","OperatingSystem":"","OSVersion":"","OSType":"","Architecture":"","IndexServerAddress":"","RegistryConfig":null,"NCPU":0,"MemTotal":0,"GenericResources":null,"DockerRootDir":"","HttpProxy":"","HttpsProxy":"","NoProxy":"","Name":"","Labels":["com.docker.desktop.address=npipe://\\\\.\\pipe\\docker_cli"],"ExperimentalBuild":false,"ServerVersion":"","Runtimes":null,"DefaultRuntime":"","Swarm":{"NodeID":"","NodeAddr":"","LocalNodeState":"","ControlAvailable":false,"Error":"","RemoteManagers":null},"LiveRestoreEnabled":false,"Isolation":"","InitBinary":"","ContainerdCommit":{"ID":""},"RuncCommit":{"ID":""},"InitCommit":{"ID":""},"SecurityOptions":null,"CDISpecDirs":null,"Warnings":null}[\r][\n]"
2026-09-12 11:22:00 [main] DEBUG c.g.d.z.s.o.a.hc.client5.http.wire - http-outgoing-0 << "0[\r][\n]"
2026-09-12 11:22:00 [main] DEBUG c.g.d.z.s.o.a.hc.client5.http.wire - http-outgoing-0 << "[\r][\n]"
2026-09-12 11:22:00 [main] DEBUG c.g.d.z.s.o.a.h.client5.http.headers - http-outgoing-0 << HTTP/1.1 400 Bad Request
2026-09-12 11:22:00 [main] DEBUG c.g.d.z.s.o.a.h.client5.http.headers - http-outgoing-0 << Api-Version: 1.55
2026-09-12 11:22:00 [main] DEBUG c.g.d.z.s.o.a.h.client5.http.headers - http-outgoing-0 << Content-Type: application/json
2026-09-12 11:22:00 [main] DEBUG c.g.d.z.s.o.a.h.client5.http.headers - http-outgoing-0 << Date: Sat, 12 Sep 2026 09:22:00 GMT
2026-09-12 11:22:00 [main] DEBUG c.g.d.z.s.o.a.h.client5.http.headers - http-outgoing-0 << Ostype: linux
2026-09-12 11:22:00 [main] DEBUG c.g.d.z.s.o.a.h.client5.http.headers - http-outgoing-0 << Server: Docker/29.7.2 (linux)
2026-09-12 11:22:00 [main] DEBUG c.g.d.z.s.o.a.h.client5.http.headers - http-outgoing-0 << Transfer-Encoding: chunked
2026-09-12 11:22:00 [main] DEBUG c.g.d.z.s.o.a.h.c.h.i.c.MainClientExec - ex-00000001: connection can be kept alive for 3 MINUTES
2026-09-12 11:22:00 [main] DEBUG c.g.d.z.s.o.a.h.c.h.i.c.InternalHttpClient - ep-00000000: releasing valid endpoint
2026-09-12 11:22:00 [main] DEBUG c.g.d.z.s.o.a.h.c.h.i.i.PoolingHttpClientConnectionManager - ep-00000000: releasing endpoint
2026-09-12 11:22:00 [main] DEBUG c.g.d.z.s.o.a.h.c.h.i.i.PoolingHttpClientConnectionManager - ep-00000000: connection http-outgoing-0 can be kept alive for 3 MINUTES
2026-09-12 11:22:00 [main] DEBUG c.g.d.z.s.o.a.h.c.h.i.i.PoolingHttpClientConnectionManager - ep-00000000: connection released [route: {}->npipe://localhost:2375][total available: 1; route allocated: 1 of 2147483647; total allocated: 1 of 2147483647]
2026-09-12 11:22:00 [main] DEBUG o.t.d.DockerClientProviderStrategy - NpipeSocketClientProviderStrategy: failed with exception BadRequestException (Status 400: {"ID":"","Containers":0,"ContainersRunning":0,"ContainersPaused":0,"ContainersStopped":0,"Images":0,"Driver":"","DriverStatus":null,"Plugins":{"Volume":null,"Network":null,"Authorization":null,"Log":null},"MemoryLimit":false,"SwapLimit":false,"CpuCfsPeriod":false,"CpuCfsQuota":false,"CPUShares":false,"CPUSet":false,"PidsLimit":false,"IPv4Forwarding":false,"Debug":false,"NFd":0,"OomKillDisable":false,"NGoroutines":0,"SystemTime":"","LoggingDriver":"","CgroupDriver":"","NEventsListener":0,"KernelVersion":"","OperatingSystem":"","OSVersion":"","OSType":"","Architecture":"","IndexServerAddress":"","RegistryConfig":null,"NCPU":0,"MemTotal":0,"GenericResources":null,"DockerRootDir":"","HttpProxy":"","HttpsProxy":"","NoProxy":"","Name":"","Labels":["com.docker.desktop.address=npipe://\\\\.\\pipe\\docker_cli"],"ExperimentalBuild":false,"ServerVersion":"","Runtimes":null,"DefaultRuntime":"","Swarm":{"NodeID":"","NodeAddr":"","LocalNodeState":"","ControlAvailable":false,"Error":"","RemoteManagers":null},"LiveRestoreEnabled":false,"Isolation":"","InitBinary":"","ContainerdCommit":{"ID":""},"RuncCommit":{"ID":""},"InitCommit":{"ID":""},"SecurityOptions":null,"CDISpecDirs":null,"Warnings":null})
2026-09-12 11:22:01 [main] INFO  o.t.d.DockerMachineClientProviderStrategy - docker-machine executable was not found on PATH ([C:\Windows\system32, C:\Windows, C:\Windows\System32\Wbem, C:\Windows\System32\WindowsPowerShell\v1.0\, C:\Windows\System32\OpenSSH\, C:\Program Files\dotnet\, C:\Program Files (x86)\NVIDIA Corporation\PhysX\Common, C:\Program Files\NVIDIA Corporation\NVIDIA app\NvDLISR, C:\Program Files\Cloudflare\Cloudflare WARP\, C:\Program Files\Git\cmd, C:\Users\azuureke\AppData\Local\Programs\Eclipse Adoptium\jdk-17.0.19.10-hotspot\bin, C:\Users\azuureke\AppData\Local\Microsoft\WindowsApps, , C:\Users\azuureke\AppData\Local\Programs\DockerDesktop\resources\bin])
2026-09-12 11:22:01 [main] ERROR o.t.d.DockerClientProviderStrategy - Could not find a valid Docker environment. Please check configuration. Attempted configurations were:
	NpipeSocketClientProviderStrategy: failed with exception BadRequestException (Status 400: {"ID":"","Containers":0,"ContainersRunning":0,"ContainersPaused":0,"ContainersStopped":0,"Images":0,"Driver":"","DriverStatus":null,"Plugins":{"Volume":null,"Network":null,"Authorization":null,"Log":null},"MemoryLimit":false,"SwapLimit":false,"CpuCfsPeriod":false,"CpuCfsQuota":false,"CPUShares":false,"CPUSet":false,"PidsLimit":false,"IPv4Forwarding":false,"Debug":false,"NFd":0,"OomKillDisable":false,"NGoroutines":0,"SystemTime":"","LoggingDriver":"","CgroupDriver":"","NEventsListener":0,"KernelVersion":"","OperatingSystem":"","OSVersion":"","OSType":"","Architecture":"","IndexServerAddress":"","RegistryConfig":null,"NCPU":0,"MemTotal":0,"GenericResources":null,"DockerRootDir":"","HttpProxy":"","HttpsProxy":"","NoProxy":"","Name":"","Labels":["com.docker.desktop.address=npipe://\\\\.\\pipe\\docker_cli"],"ExperimentalBuild":false,"ServerVersion":"","Runtimes":null,"DefaultRuntime":"","Swarm":{"NodeID":"","NodeAddr":"","LocalNodeState":"","ControlAvailable":false,"Error":"","RemoteManagers":null},"LiveRestoreEnabled":false,"Isolation":"","InitBinary":"","ContainerdCommit":{"ID":""},"RuncCommit":{"ID":""},"InitCommit":{"ID":""},"SecurityOptions":null,"CDISpecDirs":null,"Warnings":null})As no valid configuration was found, execution cannot continue.
See https://java.testcontainers.org/on_failure.html for more details.
2026-09-12 11:41:45 [main] DEBUG o.t.u.TestcontainersConfiguration - Testcontainers configuration overrides will be loaded from file:/C:/Users/azuureke/.testcontainers.properties
2026-09-12 11:41:45 [main] DEBUG o.t.u.TestcontainersConfiguration - Attempted to read Testcontainers configuration file at file:/C:/Users/azuureke/.testcontainers.properties but the file was not found. Exception message: FileNotFoundException: C:\Users\azuureke\.testcontainers.properties (The system cannot find the file specified)
2026-09-12 11:41:45 [main] INFO  o.testcontainers.images.PullPolicy - Image pull policy will be performed by: DefaultPullPolicy()
2026-09-12 11:41:45 [main] INFO  o.t.utility.ImageNameSubstitutor - Image name substitution will be performed by: DefaultImageNameSubstitutor (composite of 'ConfigurationFileImageNameSubstitutor' and 'PrefixingImageNameSubstitutor')
2026-09-12 11:41:45 [main] INFO  o.testcontainers.DockerClientFactory - Testcontainers version: 1.21.1
2026-09-12 11:41:45 [main] DEBUG o.t.d.DockerClientProviderStrategy - Trying out strategy: NpipeSocketClientProviderStrategy
2026-09-12 11:41:45 [main] DEBUG o.t.s.c.g.d.c.command.AbstrDockerCmd - Cmd: 
2026-09-12 11:41:45 [main] DEBUG c.g.d.z.s.o.a.h.c.h.i.c.InternalHttpClient - ex-00000001: preparing request execution
2026-09-12 11:41:45 [main] DEBUG c.g.d.z.s.o.a.h.c.h.p.RequestAddCookies - Cookie spec selected: strict
2026-09-12 11:41:45 [main] DEBUG c.g.d.z.s.o.a.h.c.h.p.RequestAuthCache - Auth cache not set in the context
2026-09-12 11:41:45 [main] DEBUG c.g.d.z.s.o.a.h.c.h.i.c.ProtocolExec - ex-00000001: target auth state: UNCHALLENGED
2026-09-12 11:41:45 [main] DEBUG c.g.d.z.s.o.a.h.c.h.i.c.ProtocolExec - ex-00000001: proxy auth state: UNCHALLENGED
2026-09-12 11:41:45 [main] DEBUG c.g.d.z.s.o.a.h.c.h.i.c.ConnectExec - ex-00000001: acquiring connection with route {}->npipe://localhost:2375
2026-09-12 11:41:45 [main] DEBUG c.g.d.z.s.o.a.h.c.h.i.c.InternalHttpClient - ex-00000001: acquiring endpoint (3 MINUTES)
2026-09-12 11:41:45 [main] DEBUG c.g.d.z.s.o.a.h.c.h.i.i.PoolingHttpClientConnectionManager - ex-00000001: endpoint lease request (3 MINUTES) [route: {}->npipe://localhost:2375][total available: 0; route allocated: 0 of 2147483647; total allocated: 0 of 2147483647]
2026-09-12 11:41:45 [main] DEBUG c.g.d.z.s.o.a.h.c.h.i.i.PoolingHttpClientConnectionManager - ex-00000001: endpoint leased [route: {}->npipe://localhost:2375][total available: 0; route allocated: 1 of 2147483647; total allocated: 1 of 2147483647]
2026-09-12 11:41:45 [main] DEBUG c.g.d.z.s.o.a.h.c.h.i.i.PoolingHttpClientConnectionManager - ex-00000001: acquired ep-00000000
2026-09-12 11:41:45 [main] DEBUG c.g.d.z.s.o.a.h.c.h.i.c.InternalHttpClient - ex-00000001: acquired endpoint ep-00000000
2026-09-12 11:41:45 [main] DEBUG c.g.d.z.s.o.a.h.c.h.i.c.ConnectExec - ex-00000001: opening connection {}->npipe://localhost:2375
2026-09-12 11:41:45 [main] DEBUG c.g.d.z.s.o.a.h.c.h.i.c.InternalHttpClient - ep-00000000: connecting endpoint (3 MINUTES)
2026-09-12 11:41:45 [main] DEBUG c.g.d.z.s.o.a.h.c.h.i.i.PoolingHttpClientConnectionManager - ep-00000000: connecting endpoint to npipe://localhost:2375 (3 MINUTES)
2026-09-12 11:41:45 [main] DEBUG c.g.d.z.s.o.a.h.c.h.i.i.DefaultHttpClientConnectionOperator - http-outgoing-0: connecting to localhost/127.0.0.1:2375
2026-09-12 11:41:45 [main] DEBUG c.g.d.z.s.o.a.h.c.h.i.i.DefaultHttpClientConnectionOperator - http-outgoing-0: connection established 
2026-09-12 11:41:45 [main] DEBUG c.g.d.z.s.o.a.h.c.h.i.i.PoolingHttpClientConnectionManager - ep-00000000: connected http-outgoing-0
2026-09-12 11:41:45 [main] DEBUG c.g.d.z.s.o.a.h.c.h.i.c.InternalHttpClient - ep-00000000: endpoint connected
2026-09-12 11:41:45 [main] DEBUG c.g.d.z.s.o.a.h.c.h.i.c.MainClientExec - ex-00000001: executing GET /v1.32/info HTTP/1.1
2026-09-12 11:41:45 [main] DEBUG c.g.d.z.s.o.a.h.c.h.i.c.InternalHttpClient - ep-00000000: start execution ex-00000001
2026-09-12 11:41:45 [main] DEBUG c.g.d.z.s.o.a.h.c.h.i.i.PoolingHttpClientConnectionManager - ep-00000000: executing exchange ex-00000001 over http-outgoing-0
2026-09-12 11:41:45 [main] DEBUG c.g.d.z.s.o.a.h.client5.http.headers - http-outgoing-0 >> GET /v1.32/info HTTP/1.1
2026-09-12 11:41:45 [main] DEBUG c.g.d.z.s.o.a.h.client5.http.headers - http-outgoing-0 >> x-tc-sid: 8ae7525f-d4c1-48f1-817e-0309eaff4724
2026-09-12 11:41:45 [main] DEBUG c.g.d.z.s.o.a.h.client5.http.headers - http-outgoing-0 >> User-Agent: tc-java/1.21.1
2026-09-12 11:41:45 [main] DEBUG c.g.d.z.s.o.a.h.client5.http.headers - http-outgoing-0 >> Accept-Encoding: gzip, x-gzip, deflate
2026-09-12 11:41:45 [main] DEBUG c.g.d.z.s.o.a.h.client5.http.headers - http-outgoing-0 >> Host: localhost:2375
2026-09-12 11:41:45 [main] DEBUG c.g.d.z.s.o.a.h.client5.http.headers - http-outgoing-0 >> Connection: keep-alive
2026-09-12 11:41:45 [main] DEBUG c.g.d.z.s.o.a.hc.client5.http.wire - http-outgoing-0 >> "GET /v1.32/info HTTP/1.1[\r][\n]"
2026-09-12 11:41:45 [main] DEBUG c.g.d.z.s.o.a.hc.client5.http.wire - http-outgoing-0 >> "x-tc-sid: 8ae7525f-d4c1-48f1-817e-0309eaff4724[\r][\n]"
2026-09-12 11:41:45 [main] DEBUG c.g.d.z.s.o.a.hc.client5.http.wire - http-outgoing-0 >> "User-Agent: tc-java/1.21.1[\r][\n]"
2026-09-12 11:41:45 [main] DEBUG c.g.d.z.s.o.a.hc.client5.http.wire - http-outgoing-0 >> "Accept-Encoding: gzip, x-gzip, deflate[\r][\n]"
2026-09-12 11:41:45 [main] DEBUG c.g.d.z.s.o.a.hc.client5.http.wire - http-outgoing-0 >> "Host: localhost:2375[\r][\n]"
2026-09-12 11:41:45 [main] DEBUG c.g.d.z.s.o.a.hc.client5.http.wire - http-outgoing-0 >> "Connection: keep-alive[\r][\n]"
2026-09-12 11:41:45 [main] DEBUG c.g.d.z.s.o.a.hc.client5.http.wire - http-outgoing-0 >> "[\r][\n]"
2026-09-12 11:41:45 [main] DEBUG c.g.d.z.s.o.a.hc.client5.http.wire - http-outgoing-0 << "HTTP/1.1 400 Bad Request[\r][\n]"
2026-09-12 11:41:45 [main] DEBUG c.g.d.z.s.o.a.hc.client5.http.wire - http-outgoing-0 << "Api-Version: 1.55[\r][\n]"
2026-09-12 11:41:45 [main] DEBUG c.g.d.z.s.o.a.hc.client5.http.wire - http-outgoing-0 << "Content-Type: application/json[\r][\n]"
2026-09-12 11:41:45 [main] DEBUG c.g.d.z.s.o.a.hc.client5.http.wire - http-outgoing-0 << "Date: Sat, 12 Sep 2026 09:41:45 GMT[\r][\n]"
2026-09-12 11:41:45 [main] DEBUG c.g.d.z.s.o.a.hc.client5.http.wire - http-outgoing-0 << "Ostype: linux[\r][\n]"
2026-09-12 11:41:45 [main] DEBUG c.g.d.z.s.o.a.hc.client5.http.wire - http-outgoing-0 << "Server: Docker/29.7.2 (linux)[\r][\n]"
2026-09-12 11:41:45 [main] DEBUG c.g.d.z.s.o.a.hc.client5.http.wire - http-outgoing-0 << "Transfer-Encoding: chunked[\r][\n]"
2026-09-12 11:41:45 [main] DEBUG c.g.d.z.s.o.a.hc.client5.http.wire - http-outgoing-0 << "[\r][\n]"
2026-09-12 11:41:45 [main] DEBUG c.g.d.z.s.o.a.h.client5.http.headers - http-outgoing-0 << HTTP/1.1 400 Bad Request
2026-09-12 11:41:45 [main] DEBUG c.g.d.z.s.o.a.h.client5.http.headers - http-outgoing-0 << Api-Version: 1.55
2026-09-12 11:41:45 [main] DEBUG c.g.d.z.s.o.a.h.client5.http.headers - http-outgoing-0 << Content-Type: application/json
2026-09-12 11:41:45 [main] DEBUG c.g.d.z.s.o.a.h.client5.http.headers - http-outgoing-0 << Date: Sat, 12 Sep 2026 09:41:45 GMT
2026-09-12 11:41:45 [main] DEBUG c.g.d.z.s.o.a.h.client5.http.headers - http-outgoing-0 << Ostype: linux
2026-09-12 11:41:45 [main] DEBUG c.g.d.z.s.o.a.h.client5.http.headers - http-outgoing-0 << Server: Docker/29.7.2 (linux)
2026-09-12 11:41:45 [main] DEBUG c.g.d.z.s.o.a.h.client5.http.headers - http-outgoing-0 << Transfer-Encoding: chunked
2026-09-12 11:41:45 [main] DEBUG c.g.d.z.s.o.a.h.c.h.i.c.MainClientExec - ex-00000001: connection can be kept alive for 3 MINUTES
2026-09-12 11:41:45 [main] DEBUG c.g.d.z.s.o.a.hc.client5.http.wire - http-outgoing-0 << "4b0[\r][\n]"
2026-09-12 11:41:45 [main] DEBUG c.g.d.z.s.o.a.hc.client5.http.wire - http-outgoing-0 << "{"ID":"","Containers":0,"ContainersRunning":0,"ContainersPaused":0,"ContainersStopped":0,"Images":0,"Driver":"","DriverStatus":null,"Plugins":{"Volume":null,"Network":null,"Authorization":null,"Log":null},"MemoryLimit":false,"SwapLimit":false,"CpuCfsPeriod":false,"CpuCfsQuota":false,"CPUShares":false,"CPUSet":false,"PidsLimit":false,"IPv4Forwarding":false,"Debug":false,"NFd":0,"OomKillDisable":false,"NGoroutines":0,"SystemTime":"","LoggingDriver":"","CgroupDriver":"","NEventsListener":0,"KernelVersion":"","OperatingSystem":"","OSVersion":"","OSType":"","Architecture":"","IndexServerAddress":"","RegistryConfig":null,"NCPU":0,"MemTotal":0,"GenericResources":null,"DockerRootDir":"","HttpProxy":"","HttpsProxy":"","NoProxy":"","Name":"","Labels":["com.docker.desktop.address=npipe://\\\\.\\pipe\\docker_cli"],"ExperimentalBuild":false,"ServerVersion":"","Runtimes":null,"DefaultRuntime":"","Swarm":{"NodeID":"","NodeAddr":"","LocalNodeState":"","ControlAvailable":false,"Error":"","RemoteManagers":null},"LiveRestoreEnabled":false,"Isolation":"","InitBinary":"","ContainerdCommit":{"ID":""},"RuncCommit":{"ID":""},"InitCommit":{"ID":""},"SecurityOptions":null,"CDISpecDirs":null,"Warnings":null}[\r][\n]"
2026-09-12 11:41:45 [main] DEBUG c.g.d.z.s.o.a.hc.client5.http.wire - http-outgoing-0 << "0[\r][\n]"
2026-09-12 11:41:45 [main] DEBUG c.g.d.z.s.o.a.hc.client5.http.wire - http-outgoing-0 << "[\r][\n]"
2026-09-12 11:41:45 [main] DEBUG c.g.d.z.s.o.a.h.c.h.i.c.InternalHttpClient - ep-00000000: releasing valid endpoint
2026-09-12 11:41:45 [main] DEBUG c.g.d.z.s.o.a.h.c.h.i.i.PoolingHttpClientConnectionManager - ep-00000000: releasing endpoint
2026-09-12 11:41:45 [main] DEBUG c.g.d.z.s.o.a.h.c.h.i.i.PoolingHttpClientConnectionManager - ep-00000000: connection http-outgoing-0 can be kept alive for 3 MINUTES
2026-09-12 11:41:45 [main] DEBUG c.g.d.z.s.o.a.h.c.h.i.i.PoolingHttpClientConnectionManager - ep-00000000: connection released [route: {}->npipe://localhost:2375][total available: 1; route allocated: 1 of 2147483647; total allocated: 1 of 2147483647]
2026-09-12 11:41:45 [main] DEBUG o.t.d.DockerClientProviderStrategy - NpipeSocketClientProviderStrategy: failed with exception BadRequestException (Status 400: {"ID":"","Containers":0,"ContainersRunning":0,"ContainersPaused":0,"ContainersStopped":0,"Images":0,"Driver":"","DriverStatus":null,"Plugins":{"Volume":null,"Network":null,"Authorization":null,"Log":null},"MemoryLimit":false,"SwapLimit":false,"CpuCfsPeriod":false,"CpuCfsQuota":false,"CPUShares":false,"CPUSet":false,"PidsLimit":false,"IPv4Forwarding":false,"Debug":false,"NFd":0,"OomKillDisable":false,"NGoroutines":0,"SystemTime":"","LoggingDriver":"","CgroupDriver":"","NEventsListener":0,"KernelVersion":"","OperatingSystem":"","OSVersion":"","OSType":"","Architecture":"","IndexServerAddress":"","RegistryConfig":null,"NCPU":0,"MemTotal":0,"GenericResources":null,"DockerRootDir":"","HttpProxy":"","HttpsProxy":"","NoProxy":"","Name":"","Labels":["com.docker.desktop.address=npipe://\\\\.\\pipe\\docker_cli"],"ExperimentalBuild":false,"ServerVersion":"","Runtimes":null,"DefaultRuntime":"","Swarm":{"NodeID":"","NodeAddr":"","LocalNodeState":"","ControlAvailable":false,"Error":"","RemoteManagers":null},"LiveRestoreEnabled":false,"Isolation":"","InitBinary":"","ContainerdCommit":{"ID":""},"RuncCommit":{"ID":""},"InitCommit":{"ID":""},"SecurityOptions":null,"CDISpecDirs":null,"Warnings":null})
2026-09-12 11:41:46 [main] INFO  o.t.d.DockerMachineClientProviderStrategy - docker-machine executable was not found on PATH ([C:\Windows\system32, C:\Windows, C:\Windows\System32\Wbem, C:\Windows\System32\WindowsPowerShell\v1.0\, C:\Windows\System32\OpenSSH\, C:\Program Files\dotnet\, C:\Program Files (x86)\NVIDIA Corporation\PhysX\Common, C:\Program Files\NVIDIA Corporation\NVIDIA app\NvDLISR, C:\Program Files\Cloudflare\Cloudflare WARP\, C:\Program Files\Git\cmd, C:\Users\azuureke\AppData\Local\Programs\Eclipse Adoptium\jdk-17.0.19.10-hotspot\bin, C:\Users\azuureke\AppData\Local\Microsoft\WindowsApps, , C:\Users\azuureke\AppData\Local\Programs\DockerDesktop\resources\bin])
2026-09-12 11:41:46 [main] ERROR o.t.d.DockerClientProviderStrategy - Could not find a valid Docker environment. Please check configuration. Attempted configurations were:
	NpipeSocketClientProviderStrategy: failed with exception BadRequestException (Status 400: {"ID":"","Containers":0,"ContainersRunning":0,"ContainersPaused":0,"ContainersStopped":0,"Images":0,"Driver":"","DriverStatus":null,"Plugins":{"Volume":null,"Network":null,"Authorization":null,"Log":null},"MemoryLimit":false,"SwapLimit":false,"CpuCfsPeriod":false,"CpuCfsQuota":false,"CPUShares":false,"CPUSet":false,"PidsLimit":false,"IPv4Forwarding":false,"Debug":false,"NFd":0,"OomKillDisable":false,"NGoroutines":0,"SystemTime":"","LoggingDriver":"","CgroupDriver":"","NEventsListener":0,"KernelVersion":"","OperatingSystem":"","OSVersion":"","OSType":"","Architecture":"","IndexServerAddress":"","RegistryConfig":null,"NCPU":0,"MemTotal":0,"GenericResources":null,"DockerRootDir":"","HttpProxy":"","HttpsProxy":"","NoProxy":"","Name":"","Labels":["com.docker.desktop.address=npipe://\\\\.\\pipe\\docker_cli"],"ExperimentalBuild":false,"ServerVersion":"","Runtimes":null,"DefaultRuntime":"","Swarm":{"NodeID":"","NodeAddr":"","LocalNodeState":"","ControlAvailable":false,"Error":"","RemoteManagers":null},"LiveRestoreEnabled":false,"Isolation":"","InitBinary":"","ContainerdCommit":{"ID":""},"RuncCommit":{"ID":""},"InitCommit":{"ID":""},"SecurityOptions":null,"CDISpecDirs":null,"Warnings":null})As no valid configuration was found, execution cannot continue.
See https://java.testcontainers.org/on_failure.html for more details.
2026-09-12 11:48:18 [main] INFO  o.testcontainers.DockerClientFactory - Testcontainers version: 1.21.1
2026-09-12 11:48:18 [main] DEBUG o.t.u.TestcontainersConfiguration - Testcontainers configuration overrides will be loaded from file:/C:/Users/azuureke/.testcontainers.properties
2026-09-12 11:48:18 [main] DEBUG o.t.u.TestcontainersConfiguration - Attempted to read Testcontainers configuration file at file:/C:/Users/azuureke/.testcontainers.properties but the file was not found. Exception message: FileNotFoundException: C:\Users\azuureke\.testcontainers.properties (The system cannot find the file specified)
2026-09-12 11:48:19 [main] DEBUG o.t.d.DockerClientProviderStrategy - Trying out strategy: NpipeSocketClientProviderStrategy
2026-09-12 11:48:19 [main] DEBUG o.t.s.c.g.d.c.command.AbstrDockerCmd - Cmd: 
2026-09-12 11:48:19 [main] DEBUG c.g.d.z.s.o.a.h.c.h.i.c.InternalHttpClient - ex-00000001: preparing request execution
2026-09-12 11:48:19 [main] DEBUG c.g.d.z.s.o.a.h.c.h.p.RequestAddCookies - Cookie spec selected: strict
2026-09-12 11:48:19 [main] DEBUG c.g.d.z.s.o.a.h.c.h.p.RequestAuthCache - Auth cache not set in the context
2026-09-12 11:48:19 [main] DEBUG c.g.d.z.s.o.a.h.c.h.i.c.ProtocolExec - ex-00000001: target auth state: UNCHALLENGED
2026-09-12 11:48:19 [main] DEBUG c.g.d.z.s.o.a.h.c.h.i.c.ProtocolExec - ex-00000001: proxy auth state: UNCHALLENGED
2026-09-12 11:48:19 [main] DEBUG c.g.d.z.s.o.a.h.c.h.i.c.ConnectExec - ex-00000001: acquiring connection with route {}->npipe://localhost:2375
2026-09-12 11:48:19 [main] DEBUG c.g.d.z.s.o.a.h.c.h.i.c.InternalHttpClient - ex-00000001: acquiring endpoint (3 MINUTES)
2026-09-12 11:48:19 [main] DEBUG c.g.d.z.s.o.a.h.c.h.i.i.PoolingHttpClientConnectionManager - ex-00000001: endpoint lease request (3 MINUTES) [route: {}->npipe://localhost:2375][total available: 0; route allocated: 0 of 2147483647; total allocated: 0 of 2147483647]
2026-09-12 11:48:19 [main] DEBUG c.g.d.z.s.o.a.h.c.h.i.i.PoolingHttpClientConnectionManager - ex-00000001: endpoint leased [route: {}->npipe://localhost:2375][total available: 0; route allocated: 1 of 2147483647; total allocated: 1 of 2147483647]
2026-09-12 11:48:19 [main] DEBUG c.g.d.z.s.o.a.h.c.h.i.i.PoolingHttpClientConnectionManager - ex-00000001: acquired ep-00000000
2026-09-12 11:48:19 [main] DEBUG c.g.d.z.s.o.a.h.c.h.i.c.InternalHttpClient - ex-00000001: acquired endpoint ep-00000000
2026-09-12 11:48:19 [main] DEBUG c.g.d.z.s.o.a.h.c.h.i.c.ConnectExec - ex-00000001: opening connection {}->npipe://localhost:2375
2026-09-12 11:48:19 [main] DEBUG c.g.d.z.s.o.a.h.c.h.i.c.InternalHttpClient - ep-00000000: connecting endpoint (3 MINUTES)
2026-09-12 11:48:19 [main] DEBUG c.g.d.z.s.o.a.h.c.h.i.i.PoolingHttpClientConnectionManager - ep-00000000: connecting endpoint to npipe://localhost:2375 (3 MINUTES)
2026-09-12 11:48:19 [main] DEBUG c.g.d.z.s.o.a.h.c.h.i.i.DefaultHttpClientConnectionOperator - http-outgoing-0: connecting to localhost/127.0.0.1:2375
2026-09-12 11:48:19 [main] DEBUG c.g.d.z.s.o.a.h.c.h.i.i.DefaultHttpClientConnectionOperator - http-outgoing-0: connection established 
2026-09-12 11:48:19 [main] DEBUG c.g.d.z.s.o.a.h.c.h.i.i.PoolingHttpClientConnectionManager - ep-00000000: connected http-outgoing-0
2026-09-12 11:48:19 [main] DEBUG c.g.d.z.s.o.a.h.c.h.i.c.InternalHttpClient - ep-00000000: endpoint connected
2026-09-12 11:48:19 [main] DEBUG c.g.d.z.s.o.a.h.c.h.i.c.MainClientExec - ex-00000001: executing GET /v1.32/info HTTP/1.1
2026-09-12 11:48:19 [main] DEBUG c.g.d.z.s.o.a.h.c.h.i.c.InternalHttpClient - ep-00000000: start execution ex-00000001
2026-09-12 11:48:19 [main] DEBUG c.g.d.z.s.o.a.h.c.h.i.i.PoolingHttpClientConnectionManager - ep-00000000: executing exchange ex-00000001 over http-outgoing-0
2026-09-12 11:48:19 [main] DEBUG c.g.d.z.s.o.a.h.client5.http.headers - http-outgoing-0 >> GET /v1.32/info HTTP/1.1
2026-09-12 11:48:19 [main] DEBUG c.g.d.z.s.o.a.h.client5.http.headers - http-outgoing-0 >> x-tc-sid: 4f966bd5-cd2c-487d-8e6b-363161b1a696
2026-09-12 11:48:19 [main] DEBUG c.g.d.z.s.o.a.h.client5.http.headers - http-outgoing-0 >> User-Agent: tc-java/1.21.1
2026-09-12 11:48:19 [main] DEBUG c.g.d.z.s.o.a.h.client5.http.headers - http-outgoing-0 >> Accept-Encoding: gzip, x-gzip, deflate
2026-09-12 11:48:19 [main] DEBUG c.g.d.z.s.o.a.h.client5.http.headers - http-outgoing-0 >> Host: localhost:2375
2026-09-12 11:48:19 [main] DEBUG c.g.d.z.s.o.a.h.client5.http.headers - http-outgoing-0 >> Connection: keep-alive
2026-09-12 11:48:19 [main] DEBUG c.g.d.z.s.o.a.hc.client5.http.wire - http-outgoing-0 >> "GET /v1.32/info HTTP/1.1[\r][\n]"
2026-09-12 11:48:19 [main] DEBUG c.g.d.z.s.o.a.hc.client5.http.wire - http-outgoing-0 >> "x-tc-sid: 4f966bd5-cd2c-487d-8e6b-363161b1a696[\r][\n]"
2026-09-12 11:48:19 [main] DEBUG c.g.d.z.s.o.a.hc.client5.http.wire - http-outgoing-0 >> "User-Agent: tc-java/1.21.1[\r][\n]"
2026-09-12 11:48:19 [main] DEBUG c.g.d.z.s.o.a.hc.client5.http.wire - http-outgoing-0 >> "Accept-Encoding: gzip, x-gzip, deflate[\r][\n]"
2026-09-12 11:48:19 [main] DEBUG c.g.d.z.s.o.a.hc.client5.http.wire - http-outgoing-0 >> "Host: localhost:2375[\r][\n]"
2026-09-12 11:48:19 [main] DEBUG c.g.d.z.s.o.a.hc.client5.http.wire - http-outgoing-0 >> "Connection: keep-alive[\r][\n]"
2026-09-12 11:48:19 [main] DEBUG c.g.d.z.s.o.a.hc.client5.http.wire - http-outgoing-0 >> "[\r][\n]"
2026-09-12 11:48:19 [main] DEBUG c.g.d.z.s.o.a.hc.client5.http.wire - http-outgoing-0 << "HTTP/1.1 400 Bad Request[\r][\n]"
2026-09-12 11:48:19 [main] DEBUG c.g.d.z.s.o.a.hc.client5.http.wire - http-outgoing-0 << "Api-Version: 1.55[\r][\n]"
2026-09-12 11:48:19 [main] DEBUG c.g.d.z.s.o.a.hc.client5.http.wire - http-outgoing-0 << "Content-Type: application/json[\r][\n]"
2026-09-12 11:48:19 [main] DEBUG c.g.d.z.s.o.a.hc.client5.http.wire - http-outgoing-0 << "Date: Sat, 12 Sep 2026 09:48:19 GMT[\r][\n]"
2026-09-12 11:48:19 [main] DEBUG c.g.d.z.s.o.a.hc.client5.http.wire - http-outgoing-0 << "Ostype: linux[\r][\n]"
2026-09-12 11:48:19 [main] DEBUG c.g.d.z.s.o.a.hc.client5.http.wire - http-outgoing-0 << "Server: Docker/29.7.2 (linux)[\r][\n]"
2026-09-12 11:48:19 [main] DEBUG c.g.d.z.s.o.a.hc.client5.http.wire - http-outgoing-0 << "Transfer-Encoding: chunked[\r][\n]"
2026-09-12 11:48:19 [main] DEBUG c.g.d.z.s.o.a.hc.client5.http.wire - http-outgoing-0 << "[\r][\n]"
2026-09-12 11:48:19 [main] DEBUG c.g.d.z.s.o.a.h.client5.http.headers - http-outgoing-0 << HTTP/1.1 400 Bad Request
2026-09-12 11:48:19 [main] DEBUG c.g.d.z.s.o.a.h.client5.http.headers - http-outgoing-0 << Api-Version: 1.55
2026-09-12 11:48:19 [main] DEBUG c.g.d.z.s.o.a.h.client5.http.headers - http-outgoing-0 << Content-Type: application/json
2026-09-12 11:48:19 [main] DEBUG c.g.d.z.s.o.a.h.client5.http.headers - http-outgoing-0 << Date: Sat, 12 Sep 2026 09:48:19 GMT
2026-09-12 11:48:19 [main] DEBUG c.g.d.z.s.o.a.h.client5.http.headers - http-outgoing-0 << Ostype: linux
2026-09-12 11:48:19 [main] DEBUG c.g.d.z.s.o.a.h.client5.http.headers - http-outgoing-0 << Server: Docker/29.7.2 (linux)
2026-09-12 11:48:19 [main] DEBUG c.g.d.z.s.o.a.h.client5.http.headers - http-outgoing-0 << Transfer-Encoding: chunked
2026-09-12 11:48:19 [main] DEBUG c.g.d.z.s.o.a.h.c.h.i.c.MainClientExec - ex-00000001: connection can be kept alive for 3 MINUTES
2026-09-12 11:48:19 [main] DEBUG c.g.d.z.s.o.a.hc.client5.http.wire - http-outgoing-0 << "4b0[\r][\n]"
2026-09-12 11:48:19 [main] DEBUG c.g.d.z.s.o.a.hc.client5.http.wire - http-outgoing-0 << "{"ID":"","Containers":0,"ContainersRunning":0,"ContainersPaused":0,"ContainersStopped":0,"Images":0,"Driver":"","DriverStatus":null,"Plugins":{"Volume":null,"Network":null,"Authorization":null,"Log":null},"MemoryLimit":false,"SwapLimit":false,"CpuCfsPeriod":false,"CpuCfsQuota":false,"CPUShares":false,"CPUSet":false,"PidsLimit":false,"IPv4Forwarding":false,"Debug":false,"NFd":0,"OomKillDisable":false,"NGoroutines":0,"SystemTime":"","LoggingDriver":"","CgroupDriver":"","NEventsListener":0,"KernelVersion":"","OperatingSystem":"","OSVersion":"","OSType":"","Architecture":"","IndexServerAddress":"","RegistryConfig":null,"NCPU":0,"MemTotal":0,"GenericResources":null,"DockerRootDir":"","HttpProxy":"","HttpsProxy":"","NoProxy":"","Name":"","Labels":["com.docker.desktop.address=npipe://\\\\.\\pipe\\docker_cli"],"ExperimentalBuild":false,"ServerVersion":"","Runtimes":null,"DefaultRuntime":"","Swarm":{"NodeID":"","NodeAddr":"","LocalNodeState":"","ControlAvailable":false,"Error":"","RemoteManagers":null},"LiveRestoreEnabled":false,"Isolation":"","InitBinary":"","ContainerdCommit":{"ID":""},"RuncCommit":{"ID":""},"InitCommit":{"ID":""},"SecurityOptions":null,"CDISpecDirs":null,"Warnings":null}[\r][\n]"
2026-09-12 11:48:19 [main] DEBUG c.g.d.z.s.o.a.hc.client5.http.wire - http-outgoing-0 << "0[\r][\n]"
2026-09-12 11:48:19 [main] DEBUG c.g.d.z.s.o.a.hc.client5.http.wire - http-outgoing-0 << "[\r][\n]"
2026-09-12 11:48:19 [main] DEBUG c.g.d.z.s.o.a.h.c.h.i.c.InternalHttpClient - ep-00000000: releasing valid endpoint
2026-09-12 11:48:19 [main] DEBUG c.g.d.z.s.o.a.h.c.h.i.i.PoolingHttpClientConnectionManager - ep-00000000: releasing endpoint
2026-09-12 11:48:19 [main] DEBUG c.g.d.z.s.o.a.h.c.h.i.i.PoolingHttpClientConnectionManager - ep-00000000: connection http-outgoing-0 can be kept alive for 3 MINUTES
2026-09-12 11:48:19 [main] DEBUG c.g.d.z.s.o.a.h.c.h.i.i.PoolingHttpClientConnectionManager - ep-00000000: connection released [route: {}->npipe://localhost:2375][total available: 1; route allocated: 1 of 2147483647; total allocated: 1 of 2147483647]
2026-09-12 11:48:19 [main] DEBUG o.t.d.DockerClientProviderStrategy - NpipeSocketClientProviderStrategy: failed with exception BadRequestException (Status 400: {"ID":"","Containers":0,"ContainersRunning":0,"ContainersPaused":0,"ContainersStopped":0,"Images":0,"Driver":"","DriverStatus":null,"Plugins":{"Volume":null,"Network":null,"Authorization":null,"Log":null},"MemoryLimit":false,"SwapLimit":false,"CpuCfsPeriod":false,"CpuCfsQuota":false,"CPUShares":false,"CPUSet":false,"PidsLimit":false,"IPv4Forwarding":false,"Debug":false,"NFd":0,"OomKillDisable":false,"NGoroutines":0,"SystemTime":"","LoggingDriver":"","CgroupDriver":"","NEventsListener":0,"KernelVersion":"","OperatingSystem":"","OSVersion":"","OSType":"","Architecture":"","IndexServerAddress":"","RegistryConfig":null,"NCPU":0,"MemTotal":0,"GenericResources":null,"DockerRootDir":"","HttpProxy":"","HttpsProxy":"","NoProxy":"","Name":"","Labels":["com.docker.desktop.address=npipe://\\\\.\\pipe\\docker_cli"],"ExperimentalBuild":false,"ServerVersion":"","Runtimes":null,"DefaultRuntime":"","Swarm":{"NodeID":"","NodeAddr":"","LocalNodeState":"","ControlAvailable":false,"Error":"","RemoteManagers":null},"LiveRestoreEnabled":false,"Isolation":"","InitBinary":"","ContainerdCommit":{"ID":""},"RuncCommit":{"ID":""},"InitCommit":{"ID":""},"SecurityOptions":null,"CDISpecDirs":null,"Warnings":null})
2026-09-12 11:48:19 [main] INFO  o.t.d.DockerMachineClientProviderStrategy - docker-machine executable was not found on PATH ([C:\Windows\system32, C:\Windows, C:\Windows\System32\Wbem, C:\Windows\System32\WindowsPowerShell\v1.0\, C:\Windows\System32\OpenSSH\, C:\Program Files\dotnet\, C:\Program Files (x86)\NVIDIA Corporation\PhysX\Common, C:\Program Files\NVIDIA Corporation\NVIDIA app\NvDLISR, C:\Program Files\Cloudflare\Cloudflare WARP\, C:\Program Files\Git\cmd, C:\Users\azuureke\AppData\Local\Programs\Eclipse Adoptium\jdk-17.0.19.10-hotspot\bin, C:\Users\azuureke\AppData\Local\Microsoft\WindowsApps, , C:\Users\azuureke\AppData\Local\Programs\DockerDesktop\resources\bin])
2026-09-12 11:48:19 [main] ERROR o.t.d.DockerClientProviderStrategy - Could not find a valid Docker environment. Please check configuration. Attempted configurations were:
	NpipeSocketClientProviderStrategy: failed with exception BadRequestException (Status 400: {"ID":"","Containers":0,"ContainersRunning":0,"ContainersPaused":0,"ContainersStopped":0,"Images":0,"Driver":"","DriverStatus":null,"Plugins":{"Volume":null,"Network":null,"Authorization":null,"Log":null},"MemoryLimit":false,"SwapLimit":false,"CpuCfsPeriod":false,"CpuCfsQuota":false,"CPUShares":false,"CPUSet":false,"PidsLimit":false,"IPv4Forwarding":false,"Debug":false,"NFd":0,"OomKillDisable":false,"NGoroutines":0,"SystemTime":"","LoggingDriver":"","CgroupDriver":"","NEventsListener":0,"KernelVersion":"","OperatingSystem":"","OSVersion":"","OSType":"","Architecture":"","IndexServerAddress":"","RegistryConfig":null,"NCPU":0,"MemTotal":0,"GenericResources":null,"DockerRootDir":"","HttpProxy":"","HttpsProxy":"","NoProxy":"","Name":"","Labels":["com.docker.desktop.address=npipe://\\\\.\\pipe\\docker_cli"],"ExperimentalBuild":false,"ServerVersion":"","Runtimes":null,"DefaultRuntime":"","Swarm":{"NodeID":"","NodeAddr":"","LocalNodeState":"","ControlAvailable":false,"Error":"","RemoteManagers":null},"LiveRestoreEnabled":false,"Isolation":"","InitBinary":"","ContainerdCommit":{"ID":""},"RuncCommit":{"ID":""},"InitCommit":{"ID":""},"SecurityOptions":null,"CDISpecDirs":null,"Warnings":null})As no valid configuration was found, execution cannot continue.
See https://java.testcontainers.org/on_failure.html for more details.
2026-09-12 11:49:29 [main] INFO  o.testcontainers.DockerClientFactory - Testcontainers version: 1.21.1
2026-09-12 11:49:29 [main] DEBUG o.t.u.TestcontainersConfiguration - Testcontainers configuration overrides will be loaded from file:/C:/Users/azuureke/.testcontainers.properties
2026-09-12 11:49:29 [main] DEBUG o.t.u.TestcontainersConfiguration - Attempted to read Testcontainers configuration file at file:/C:/Users/azuureke/.testcontainers.properties but the file was not found. Exception message: FileNotFoundException: C:\Users\azuureke\.testcontainers.properties (The system cannot find the file specified)
2026-09-12 11:49:29 [main] DEBUG o.t.d.DockerClientProviderStrategy - Trying out strategy: NpipeSocketClientProviderStrategy
2026-09-12 11:49:29 [main] DEBUG o.t.s.c.g.d.c.command.AbstrDockerCmd - Cmd: 
2026-09-12 11:49:29 [main] DEBUG c.g.d.z.s.o.a.h.c.h.i.c.InternalHttpClient - ex-00000001: preparing request execution
2026-09-12 11:49:29 [main] DEBUG c.g.d.z.s.o.a.h.c.h.p.RequestAddCookies - Cookie spec selected: strict
2026-09-12 11:49:29 [main] DEBUG c.g.d.z.s.o.a.h.c.h.p.RequestAuthCache - Auth cache not set in the context
2026-09-12 11:49:29 [main] DEBUG c.g.d.z.s.o.a.h.c.h.i.c.ProtocolExec - ex-00000001: target auth state: UNCHALLENGED
2026-09-12 11:49:29 [main] DEBUG c.g.d.z.s.o.a.h.c.h.i.c.ProtocolExec - ex-00000001: proxy auth state: UNCHALLENGED
2026-09-12 11:49:29 [main] DEBUG c.g.d.z.s.o.a.h.c.h.i.c.ConnectExec - ex-00000001: acquiring connection with route {}->npipe://localhost:2375
2026-09-12 11:49:29 [main] DEBUG c.g.d.z.s.o.a.h.c.h.i.c.InternalHttpClient - ex-00000001: acquiring endpoint (3 MINUTES)
2026-09-12 11:49:29 [main] DEBUG c.g.d.z.s.o.a.h.c.h.i.i.PoolingHttpClientConnectionManager - ex-00000001: endpoint lease request (3 MINUTES) [route: {}->npipe://localhost:2375][total available: 0; route allocated: 0 of 2147483647; total allocated: 0 of 2147483647]
2026-09-12 11:49:29 [main] DEBUG c.g.d.z.s.o.a.h.c.h.i.i.PoolingHttpClientConnectionManager - ex-00000001: endpoint leased [route: {}->npipe://localhost:2375][total available: 0; route allocated: 1 of 2147483647; total allocated: 1 of 2147483647]
2026-09-12 11:49:29 [main] DEBUG c.g.d.z.s.o.a.h.c.h.i.i.PoolingHttpClientConnectionManager - ex-00000001: acquired ep-00000000
2026-09-12 11:49:29 [main] DEBUG c.g.d.z.s.o.a.h.c.h.i.c.InternalHttpClient - ex-00000001: acquired endpoint ep-00000000
2026-09-12 11:49:29 [main] DEBUG c.g.d.z.s.o.a.h.c.h.i.c.ConnectExec - ex-00000001: opening connection {}->npipe://localhost:2375
2026-09-12 11:49:29 [main] DEBUG c.g.d.z.s.o.a.h.c.h.i.c.InternalHttpClient - ep-00000000: connecting endpoint (3 MINUTES)
2026-09-12 11:49:29 [main] DEBUG c.g.d.z.s.o.a.h.c.h.i.i.PoolingHttpClientConnectionManager - ep-00000000: connecting endpoint to npipe://localhost:2375 (3 MINUTES)
2026-09-12 11:49:29 [main] DEBUG c.g.d.z.s.o.a.h.c.h.i.i.DefaultHttpClientConnectionOperator - http-outgoing-0: connecting to localhost/127.0.0.1:2375
2026-09-12 11:49:29 [main] DEBUG c.g.d.z.s.o.a.h.c.h.i.i.DefaultHttpClientConnectionOperator - http-outgoing-0: connection established 
2026-09-12 11:49:29 [main] DEBUG c.g.d.z.s.o.a.h.c.h.i.i.PoolingHttpClientConnectionManager - ep-00000000: connected http-outgoing-0
2026-09-12 11:49:29 [main] DEBUG c.g.d.z.s.o.a.h.c.h.i.c.InternalHttpClient - ep-00000000: endpoint connected
2026-09-12 11:49:29 [main] DEBUG c.g.d.z.s.o.a.h.c.h.i.c.MainClientExec - ex-00000001: executing GET /v1.32/info HTTP/1.1
2026-09-12 11:49:29 [main] DEBUG c.g.d.z.s.o.a.h.c.h.i.c.InternalHttpClient - ep-00000000: start execution ex-00000001
2026-09-12 11:49:29 [main] DEBUG c.g.d.z.s.o.a.h.c.h.i.i.PoolingHttpClientConnectionManager - ep-00000000: executing exchange ex-00000001 over http-outgoing-0
2026-09-12 11:49:29 [main] DEBUG c.g.d.z.s.o.a.h.client5.http.headers - http-outgoing-0 >> GET /v1.32/info HTTP/1.1
2026-09-12 11:49:29 [main] DEBUG c.g.d.z.s.o.a.h.client5.http.headers - http-outgoing-0 >> x-tc-sid: 24d460ac-af47-4985-97cf-3b6d84e9ff0e
2026-09-12 11:49:29 [main] DEBUG c.g.d.z.s.o.a.h.client5.http.headers - http-outgoing-0 >> User-Agent: tc-java/1.21.1
2026-09-12 11:49:29 [main] DEBUG c.g.d.z.s.o.a.h.client5.http.headers - http-outgoing-0 >> Accept-Encoding: gzip, x-gzip, deflate
2026-09-12 11:49:29 [main] DEBUG c.g.d.z.s.o.a.h.client5.http.headers - http-outgoing-0 >> Host: localhost:2375
2026-09-12 11:49:29 [main] DEBUG c.g.d.z.s.o.a.h.client5.http.headers - http-outgoing-0 >> Connection: keep-alive
2026-09-12 11:49:29 [main] DEBUG c.g.d.z.s.o.a.hc.client5.http.wire - http-outgoing-0 >> "GET /v1.32/info HTTP/1.1[\r][\n]"
2026-09-12 11:49:29 [main] DEBUG c.g.d.z.s.o.a.hc.client5.http.wire - http-outgoing-0 >> "x-tc-sid: 24d460ac-af47-4985-97cf-3b6d84e9ff0e[\r][\n]"
2026-09-12 11:49:29 [main] DEBUG c.g.d.z.s.o.a.hc.client5.http.wire - http-outgoing-0 >> "User-Agent: tc-java/1.21.1[\r][\n]"
2026-09-12 11:49:29 [main] DEBUG c.g.d.z.s.o.a.hc.client5.http.wire - http-outgoing-0 >> "Accept-Encoding: gzip, x-gzip, deflate[\r][\n]"
2026-09-12 11:49:29 [main] DEBUG c.g.d.z.s.o.a.hc.client5.http.wire - http-outgoing-0 >> "Host: localhost:2375[\r][\n]"
2026-09-12 11:49:29 [main] DEBUG c.g.d.z.s.o.a.hc.client5.http.wire - http-outgoing-0 >> "Connection: keep-alive[\r][\n]"
2026-09-12 11:49:29 [main] DEBUG c.g.d.z.s.o.a.hc.client5.http.wire - http-outgoing-0 >> "[\r][\n]"
2026-09-12 11:49:29 [main] DEBUG c.g.d.z.s.o.a.hc.client5.http.wire - http-outgoing-0 << "HTTP/1.1 400 Bad Request[\r][\n]"
2026-09-12 11:49:29 [main] DEBUG c.g.d.z.s.o.a.hc.client5.http.wire - http-outgoing-0 << "Api-Version: 1.55[\r][\n]"
2026-09-12 11:49:29 [main] DEBUG c.g.d.z.s.o.a.hc.client5.http.wire - http-outgoing-0 << "Content-Type: application/json[\r][\n]"
2026-09-12 11:49:29 [main] DEBUG c.g.d.z.s.o.a.hc.client5.http.wire - http-outgoing-0 << "Date: Sat, 12 Sep 2026 09:49:29 GMT[\r][\n]"
2026-09-12 11:49:29 [main] DEBUG c.g.d.z.s.o.a.hc.client5.http.wire - http-outgoing-0 << "Ostype: linux[\r][\n]"
2026-09-12 11:49:29 [main] DEBUG c.g.d.z.s.o.a.hc.client5.http.wire - http-outgoing-0 << "Server: Docker/29.7.2 (linux)[\r][\n]"
2026-09-12 11:49:29 [main] DEBUG c.g.d.z.s.o.a.hc.client5.http.wire - http-outgoing-0 << "Transfer-Encoding: chunked[\r][\n]"
2026-09-12 11:49:29 [main] DEBUG c.g.d.z.s.o.a.hc.client5.http.wire - http-outgoing-0 << "[\r][\n]"
2026-09-12 11:49:29 [main] DEBUG c.g.d.z.s.o.a.h.client5.http.headers - http-outgoing-0 << HTTP/1.1 400 Bad Request
2026-09-12 11:49:29 [main] DEBUG c.g.d.z.s.o.a.h.client5.http.headers - http-outgoing-0 << Api-Version: 1.55
2026-09-12 11:49:29 [main] DEBUG c.g.d.z.s.o.a.h.client5.http.headers - http-outgoing-0 << Content-Type: application/json
2026-09-12 11:49:29 [main] DEBUG c.g.d.z.s.o.a.h.client5.http.headers - http-outgoing-0 << Date: Sat, 12 Sep 2026 09:49:29 GMT
2026-09-12 11:49:29 [main] DEBUG c.g.d.z.s.o.a.h.client5.http.headers - http-outgoing-0 << Ostype: linux
2026-09-12 11:49:29 [main] DEBUG c.g.d.z.s.o.a.h.client5.http.headers - http-outgoing-0 << Server: Docker/29.7.2 (linux)
2026-09-12 11:49:29 [main] DEBUG c.g.d.z.s.o.a.h.client5.http.headers - http-outgoing-0 << Transfer-Encoding: chunked
2026-09-12 11:49:29 [main] DEBUG c.g.d.z.s.o.a.h.c.h.i.c.MainClientExec - ex-00000001: connection can be kept alive for 3 MINUTES
2026-09-12 11:49:29 [main] DEBUG c.g.d.z.s.o.a.hc.client5.http.wire - http-outgoing-0 << "4b0[\r][\n]"
2026-09-12 11:49:29 [main] DEBUG c.g.d.z.s.o.a.hc.client5.http.wire - http-outgoing-0 << "{"ID":"","Containers":0,"ContainersRunning":0,"ContainersPaused":0,"ContainersStopped":0,"Images":0,"Driver":"","DriverStatus":null,"Plugins":{"Volume":null,"Network":null,"Authorization":null,"Log":null},"MemoryLimit":false,"SwapLimit":false,"CpuCfsPeriod":false,"CpuCfsQuota":false,"CPUShares":false,"CPUSet":false,"PidsLimit":false,"IPv4Forwarding":false,"Debug":false,"NFd":0,"OomKillDisable":false,"NGoroutines":0,"SystemTime":"","LoggingDriver":"","CgroupDriver":"","NEventsListener":0,"KernelVersion":"","OperatingSystem":"","OSVersion":"","OSType":"","Architecture":"","IndexServerAddress":"","RegistryConfig":null,"NCPU":0,"MemTotal":0,"GenericResources":null,"DockerRootDir":"","HttpProxy":"","HttpsProxy":"","NoProxy":"","Name":"","Labels":["com.docker.desktop.address=npipe://\\\\.\\pipe\\docker_cli"],"ExperimentalBuild":false,"ServerVersion":"","Runtimes":null,"DefaultRuntime":"","Swarm":{"NodeID":"","NodeAddr":"","LocalNodeState":"","ControlAvailable":false,"Error":"","RemoteManagers":null},"LiveRestoreEnabled":false,"Isolation":"","InitBinary":"","ContainerdCommit":{"ID":""},"RuncCommit":{"ID":""},"InitCommit":{"ID":""},"SecurityOptions":null,"CDISpecDirs":null,"Warnings":null}[\r][\n]"
2026-09-12 11:49:29 [main] DEBUG c.g.d.z.s.o.a.hc.client5.http.wire - http-outgoing-0 << "0[\r][\n]"
2026-09-12 11:49:29 [main] DEBUG c.g.d.z.s.o.a.hc.client5.http.wire - http-outgoing-0 << "[\r][\n]"
2026-09-12 11:49:29 [main] DEBUG c.g.d.z.s.o.a.h.c.h.i.c.InternalHttpClient - ep-00000000: releasing valid endpoint
2026-09-12 11:49:29 [main] DEBUG c.g.d.z.s.o.a.h.c.h.i.i.PoolingHttpClientConnectionManager - ep-00000000: releasing endpoint
2026-09-12 11:49:29 [main] DEBUG c.g.d.z.s.o.a.h.c.h.i.i.PoolingHttpClientConnectionManager - ep-00000000: connection http-outgoing-0 can be kept alive for 3 MINUTES
2026-09-12 11:49:29 [main] DEBUG c.g.d.z.s.o.a.h.c.h.i.i.PoolingHttpClientConnectionManager - ep-00000000: connection released [route: {}->npipe://localhost:2375][total available: 1; route allocated: 1 of 2147483647; total allocated: 1 of 2147483647]
2026-09-12 11:49:29 [main] DEBUG o.t.d.DockerClientProviderStrategy - NpipeSocketClientProviderStrategy: failed with exception BadRequestException (Status 400: {"ID":"","Containers":0,"ContainersRunning":0,"ContainersPaused":0,"ContainersStopped":0,"Images":0,"Driver":"","DriverStatus":null,"Plugins":{"Volume":null,"Network":null,"Authorization":null,"Log":null},"MemoryLimit":false,"SwapLimit":false,"CpuCfsPeriod":false,"CpuCfsQuota":false,"CPUShares":false,"CPUSet":false,"PidsLimit":false,"IPv4Forwarding":false,"Debug":false,"NFd":0,"OomKillDisable":false,"NGoroutines":0,"SystemTime":"","LoggingDriver":"","CgroupDriver":"","NEventsListener":0,"KernelVersion":"","OperatingSystem":"","OSVersion":"","OSType":"","Architecture":"","IndexServerAddress":"","RegistryConfig":null,"NCPU":0,"MemTotal":0,"GenericResources":null,"DockerRootDir":"","HttpProxy":"","HttpsProxy":"","NoProxy":"","Name":"","Labels":["com.docker.desktop.address=npipe://\\\\.\\pipe\\docker_cli"],"ExperimentalBuild":false,"ServerVersion":"","Runtimes":null,"DefaultRuntime":"","Swarm":{"NodeID":"","NodeAddr":"","LocalNodeState":"","ControlAvailable":false,"Error":"","RemoteManagers":null},"LiveRestoreEnabled":false,"Isolation":"","InitBinary":"","ContainerdCommit":{"ID":""},"RuncCommit":{"ID":""},"InitCommit":{"ID":""},"SecurityOptions":null,"CDISpecDirs":null,"Warnings":null})
2026-09-12 11:49:29 [main] INFO  o.t.d.DockerMachineClientProviderStrategy - docker-machine executable was not found on PATH ([C:\Windows\system32, C:\Windows, C:\Windows\System32\Wbem, C:\Windows\System32\WindowsPowerShell\v1.0\, C:\Windows\System32\OpenSSH\, C:\Program Files\dotnet\, C:\Program Files (x86)\NVIDIA Corporation\PhysX\Common, C:\Program Files\NVIDIA Corporation\NVIDIA app\NvDLISR, C:\Program Files\Cloudflare\Cloudflare WARP\, C:\Program Files\Git\cmd, C:\Users\azuureke\AppData\Local\Programs\Eclipse Adoptium\jdk-17.0.19.10-hotspot\bin, C:\Users\azuureke\AppData\Local\Microsoft\WindowsApps, , C:\Users\azuureke\AppData\Local\Programs\DockerDesktop\resources\bin])
2026-09-12 11:49:29 [main] ERROR o.t.d.DockerClientProviderStrategy - Could not find a valid Docker environment. Please check configuration. Attempted configurations were:
	NpipeSocketClientProviderStrategy: failed with exception BadRequestException (Status 400: {"ID":"","Containers":0,"ContainersRunning":0,"ContainersPaused":0,"ContainersStopped":0,"Images":0,"Driver":"","DriverStatus":null,"Plugins":{"Volume":null,"Network":null,"Authorization":null,"Log":null},"MemoryLimit":false,"SwapLimit":false,"CpuCfsPeriod":false,"CpuCfsQuota":false,"CPUShares":false,"CPUSet":false,"PidsLimit":false,"IPv4Forwarding":false,"Debug":false,"NFd":0,"OomKillDisable":false,"NGoroutines":0,"SystemTime":"","LoggingDriver":"","CgroupDriver":"","NEventsListener":0,"KernelVersion":"","OperatingSystem":"","OSVersion":"","OSType":"","Architecture":"","IndexServerAddress":"","RegistryConfig":null,"NCPU":0,"MemTotal":0,"GenericResources":null,"DockerRootDir":"","HttpProxy":"","HttpsProxy":"","NoProxy":"","Name":"","Labels":["com.docker.desktop.address=npipe://\\\\.\\pipe\\docker_cli"],"ExperimentalBuild":false,"ServerVersion":"","Runtimes":null,"DefaultRuntime":"","Swarm":{"NodeID":"","NodeAddr":"","LocalNodeState":"","ControlAvailable":false,"Error":"","RemoteManagers":null},"LiveRestoreEnabled":false,"Isolation":"","InitBinary":"","ContainerdCommit":{"ID":""},"RuncCommit":{"ID":""},"InitCommit":{"ID":""},"SecurityOptions":null,"CDISpecDirs":null,"Warnings":null})As no valid configuration was found, execution cannot continue.
See https://java.testcontainers.org/on_failure.html for more details.
2026-09-12 11:49:43 [main] INFO  o.testcontainers.DockerClientFactory - Testcontainers version: 1.21.1
2026-09-12 11:49:43 [main] DEBUG o.t.u.TestcontainersConfiguration - Testcontainers configuration overrides will be loaded from file:/C:/Users/azuureke/.testcontainers.properties
2026-09-12 11:49:43 [main] DEBUG o.t.u.TestcontainersConfiguration - Attempted to read Testcontainers configuration file at file:/C:/Users/azuureke/.testcontainers.properties but the file was not found. Exception message: FileNotFoundException: C:\Users\azuureke\.testcontainers.properties (The system cannot find the file specified)
2026-09-12 11:49:43 [main] DEBUG o.t.d.DockerClientProviderStrategy - Trying out strategy: NpipeSocketClientProviderStrategy
2026-09-12 11:49:44 [main] DEBUG o.t.s.c.g.d.c.command.AbstrDockerCmd - Cmd: 
2026-09-12 11:49:44 [main] DEBUG c.g.d.z.s.o.a.h.c.h.i.c.InternalHttpClient - ex-00000001: preparing request execution
2026-09-12 11:49:44 [main] DEBUG c.g.d.z.s.o.a.h.c.h.p.RequestAddCookies - Cookie spec selected: strict
2026-09-12 11:49:44 [main] DEBUG c.g.d.z.s.o.a.h.c.h.p.RequestAuthCache - Auth cache not set in the context
2026-09-12 11:49:44 [main] DEBUG c.g.d.z.s.o.a.h.c.h.i.c.ProtocolExec - ex-00000001: target auth state: UNCHALLENGED
2026-09-12 11:49:44 [main] DEBUG c.g.d.z.s.o.a.h.c.h.i.c.ProtocolExec - ex-00000001: proxy auth state: UNCHALLENGED
2026-09-12 11:49:44 [main] DEBUG c.g.d.z.s.o.a.h.c.h.i.c.ConnectExec - ex-00000001: acquiring connection with route {}->npipe://localhost:2375
2026-09-12 11:49:44 [main] DEBUG c.g.d.z.s.o.a.h.c.h.i.c.InternalHttpClient - ex-00000001: acquiring endpoint (3 MINUTES)
2026-09-12 11:49:44 [main] DEBUG c.g.d.z.s.o.a.h.c.h.i.i.PoolingHttpClientConnectionManager - ex-00000001: endpoint lease request (3 MINUTES) [route: {}->npipe://localhost:2375][total available: 0; route allocated: 0 of 2147483647; total allocated: 0 of 2147483647]
2026-09-12 11:49:44 [main] DEBUG c.g.d.z.s.o.a.h.c.h.i.i.PoolingHttpClientConnectionManager - ex-00000001: endpoint leased [route: {}->npipe://localhost:2375][total available: 0; route allocated: 1 of 2147483647; total allocated: 1 of 2147483647]
2026-09-12 11:49:44 [main] DEBUG c.g.d.z.s.o.a.h.c.h.i.i.PoolingHttpClientConnectionManager - ex-00000001: acquired ep-00000000
2026-09-12 11:49:44 [main] DEBUG c.g.d.z.s.o.a.h.c.h.i.c.InternalHttpClient - ex-00000001: acquired endpoint ep-00000000
2026-09-12 11:49:44 [main] DEBUG c.g.d.z.s.o.a.h.c.h.i.c.ConnectExec - ex-00000001: opening connection {}->npipe://localhost:2375
2026-09-12 11:49:44 [main] DEBUG c.g.d.z.s.o.a.h.c.h.i.c.InternalHttpClient - ep-00000000: connecting endpoint (3 MINUTES)
2026-09-12 11:49:44 [main] DEBUG c.g.d.z.s.o.a.h.c.h.i.i.PoolingHttpClientConnectionManager - ep-00000000: connecting endpoint to npipe://localhost:2375 (3 MINUTES)
2026-09-12 11:49:44 [main] DEBUG c.g.d.z.s.o.a.h.c.h.i.i.DefaultHttpClientConnectionOperator - http-outgoing-0: connecting to localhost/127.0.0.1:2375
2026-09-12 11:49:44 [main] DEBUG c.g.d.z.s.o.a.h.c.h.i.i.DefaultHttpClientConnectionOperator - http-outgoing-0: connection established 
2026-09-12 11:49:44 [main] DEBUG c.g.d.z.s.o.a.h.c.h.i.i.PoolingHttpClientConnectionManager - ep-00000000: connected http-outgoing-0
2026-09-12 11:49:44 [main] DEBUG c.g.d.z.s.o.a.h.c.h.i.c.InternalHttpClient - ep-00000000: endpoint connected
2026-09-12 11:49:44 [main] DEBUG c.g.d.z.s.o.a.h.c.h.i.c.MainClientExec - ex-00000001: executing GET /v1.32/info HTTP/1.1
2026-09-12 11:49:44 [main] DEBUG c.g.d.z.s.o.a.h.c.h.i.c.InternalHttpClient - ep-00000000: start execution ex-00000001
2026-09-12 11:49:44 [main] DEBUG c.g.d.z.s.o.a.h.c.h.i.i.PoolingHttpClientConnectionManager - ep-00000000: executing exchange ex-00000001 over http-outgoing-0
2026-09-12 11:49:44 [main] DEBUG c.g.d.z.s.o.a.h.client5.http.headers - http-outgoing-0 >> GET /v1.32/info HTTP/1.1
2026-09-12 11:49:44 [main] DEBUG c.g.d.z.s.o.a.h.client5.http.headers - http-outgoing-0 >> x-tc-sid: 1affe7f8-5708-4a5e-b4fd-ce091573c633
2026-09-12 11:49:44 [main] DEBUG c.g.d.z.s.o.a.h.client5.http.headers - http-outgoing-0 >> User-Agent: tc-java/1.21.1
2026-09-12 11:49:44 [main] DEBUG c.g.d.z.s.o.a.h.client5.http.headers - http-outgoing-0 >> Accept-Encoding: gzip, x-gzip, deflate
2026-09-12 11:49:44 [main] DEBUG c.g.d.z.s.o.a.h.client5.http.headers - http-outgoing-0 >> Host: localhost:2375
2026-09-12 11:49:44 [main] DEBUG c.g.d.z.s.o.a.h.client5.http.headers - http-outgoing-0 >> Connection: keep-alive
2026-09-12 11:49:44 [main] DEBUG c.g.d.z.s.o.a.hc.client5.http.wire - http-outgoing-0 >> "GET /v1.32/info HTTP/1.1[\r][\n]"
2026-09-12 11:49:44 [main] DEBUG c.g.d.z.s.o.a.hc.client5.http.wire - http-outgoing-0 >> "x-tc-sid: 1affe7f8-5708-4a5e-b4fd-ce091573c633[\r][\n]"
2026-09-12 11:49:44 [main] DEBUG c.g.d.z.s.o.a.hc.client5.http.wire - http-outgoing-0 >> "User-Agent: tc-java/1.21.1[\r][\n]"
2026-09-12 11:49:44 [main] DEBUG c.g.d.z.s.o.a.hc.client5.http.wire - http-outgoing-0 >> "Accept-Encoding: gzip, x-gzip, deflate[\r][\n]"
2026-09-12 11:49:44 [main] DEBUG c.g.d.z.s.o.a.hc.client5.http.wire - http-outgoing-0 >> "Host: localhost:2375[\r][\n]"
2026-09-12 11:49:44 [main] DEBUG c.g.d.z.s.o.a.hc.client5.http.wire - http-outgoing-0 >> "Connection: keep-alive[\r][\n]"
2026-09-12 11:49:44 [main] DEBUG c.g.d.z.s.o.a.hc.client5.http.wire - http-outgoing-0 >> "[\r][\n]"
2026-09-12 11:49:44 [main] DEBUG c.g.d.z.s.o.a.hc.client5.http.wire - http-outgoing-0 << "HTTP/1.1 400 Bad Request[\r][\n]"
2026-09-12 11:49:44 [main] DEBUG c.g.d.z.s.o.a.hc.client5.http.wire - http-outgoing-0 << "Api-Version: 1.55[\r][\n]"
2026-09-12 11:49:44 [main] DEBUG c.g.d.z.s.o.a.hc.client5.http.wire - http-outgoing-0 << "Content-Type: application/json[\r][\n]"
2026-09-12 11:49:44 [main] DEBUG c.g.d.z.s.o.a.hc.client5.http.wire - http-outgoing-0 << "Date: Sat, 12 Sep 2026 09:49:44 GMT[\r][\n]"
2026-09-12 11:49:44 [main] DEBUG c.g.d.z.s.o.a.hc.client5.http.wire - http-outgoing-0 << "Ostype: linux[\r][\n]"
2026-09-12 11:49:44 [main] DEBUG c.g.d.z.s.o.a.hc.client5.http.wire - http-outgoing-0 << "Server: Docker/29.7.2 (linux)[\r][\n]"
2026-09-12 11:49:44 [main] DEBUG c.g.d.z.s.o.a.hc.client5.http.wire - http-outgoing-0 << "Transfer-Encoding: chunked[\r][\n]"
2026-09-12 11:49:44 [main] DEBUG c.g.d.z.s.o.a.hc.client5.http.wire - http-outgoing-0 << "[\r][\n]"
2026-09-12 11:49:44 [main] DEBUG c.g.d.z.s.o.a.h.client5.http.headers - http-outgoing-0 << HTTP/1.1 400 Bad Request
2026-09-12 11:49:44 [main] DEBUG c.g.d.z.s.o.a.h.client5.http.headers - http-outgoing-0 << Api-Version: 1.55
2026-09-12 11:49:44 [main] DEBUG c.g.d.z.s.o.a.h.client5.http.headers - http-outgoing-0 << Content-Type: application/json
2026-09-12 11:49:44 [main] DEBUG c.g.d.z.s.o.a.h.client5.http.headers - http-outgoing-0 << Date: Sat, 12 Sep 2026 09:49:44 GMT
2026-09-12 11:49:44 [main] DEBUG c.g.d.z.s.o.a.h.client5.http.headers - http-outgoing-0 << Ostype: linux
2026-09-12 11:49:44 [main] DEBUG c.g.d.z.s.o.a.h.client5.http.headers - http-outgoing-0 << Server: Docker/29.7.2 (linux)
2026-09-12 11:49:44 [main] DEBUG c.g.d.z.s.o.a.h.client5.http.headers - http-outgoing-0 << Transfer-Encoding: chunked
2026-09-12 11:49:44 [main] DEBUG c.g.d.z.s.o.a.h.c.h.i.c.MainClientExec - ex-00000001: connection can be kept alive for 3 MINUTES
2026-09-12 11:49:44 [main] DEBUG c.g.d.z.s.o.a.hc.client5.http.wire - http-outgoing-0 << "4b0[\r][\n]"
2026-09-12 11:49:44 [main] DEBUG c.g.d.z.s.o.a.hc.client5.http.wire - http-outgoing-0 << "{"ID":"","Containers":0,"ContainersRunning":0,"ContainersPaused":0,"ContainersStopped":0,"Images":0,"Driver":"","DriverStatus":null,"Plugins":{"Volume":null,"Network":null,"Authorization":null,"Log":null},"MemoryLimit":false,"SwapLimit":false,"CpuCfsPeriod":false,"CpuCfsQuota":false,"CPUShares":false,"CPUSet":false,"PidsLimit":false,"IPv4Forwarding":false,"Debug":false,"NFd":0,"OomKillDisable":false,"NGoroutines":0,"SystemTime":"","LoggingDriver":"","CgroupDriver":"","NEventsListener":0,"KernelVersion":"","OperatingSystem":"","OSVersion":"","OSType":"","Architecture":"","IndexServerAddress":"","RegistryConfig":null,"NCPU":0,"MemTotal":0,"GenericResources":null,"DockerRootDir":"","HttpProxy":"","HttpsProxy":"","NoProxy":"","Name":"","Labels":["com.docker.desktop.address=npipe://\\\\.\\pipe\\docker_cli"],"ExperimentalBuild":false,"ServerVersion":"","Runtimes":null,"DefaultRuntime":"","Swarm":{"NodeID":"","NodeAddr":"","LocalNodeState":"","ControlAvailable":false,"Error":"","RemoteManagers":null},"LiveRestoreEnabled":false,"Isolation":"","InitBinary":"","ContainerdCommit":{"ID":""},"RuncCommit":{"ID":""},"InitCommit":{"ID":""},"SecurityOptions":null,"CDISpecDirs":null,"Warnings":null}[\r][\n]"
2026-09-12 11:49:44 [main] DEBUG c.g.d.z.s.o.a.hc.client5.http.wire - http-outgoing-0 << "0[\r][\n]"
2026-09-12 11:49:44 [main] DEBUG c.g.d.z.s.o.a.hc.client5.http.wire - http-outgoing-0 << "[\r][\n]"
2026-09-12 11:49:44 [main] DEBUG c.g.d.z.s.o.a.h.c.h.i.c.InternalHttpClient - ep-00000000: releasing valid endpoint
2026-09-12 11:49:44 [main] DEBUG c.g.d.z.s.o.a.h.c.h.i.i.PoolingHttpClientConnectionManager - ep-00000000: releasing endpoint
2026-09-12 11:49:44 [main] DEBUG c.g.d.z.s.o.a.h.c.h.i.i.PoolingHttpClientConnectionManager - ep-00000000: connection http-outgoing-0 can be kept alive for 3 MINUTES
2026-09-12 11:49:44 [main] DEBUG c.g.d.z.s.o.a.h.c.h.i.i.PoolingHttpClientConnectionManager - ep-00000000: connection released [route: {}->npipe://localhost:2375][total available: 1; route allocated: 1 of 2147483647; total allocated: 1 of 2147483647]
2026-09-12 11:49:44 [main] DEBUG o.t.d.DockerClientProviderStrategy - NpipeSocketClientProviderStrategy: failed with exception BadRequestException (Status 400: {"ID":"","Containers":0,"ContainersRunning":0,"ContainersPaused":0,"ContainersStopped":0,"Images":0,"Driver":"","DriverStatus":null,"Plugins":{"Volume":null,"Network":null,"Authorization":null,"Log":null},"MemoryLimit":false,"SwapLimit":false,"CpuCfsPeriod":false,"CpuCfsQuota":false,"CPUShares":false,"CPUSet":false,"PidsLimit":false,"IPv4Forwarding":false,"Debug":false,"NFd":0,"OomKillDisable":false,"NGoroutines":0,"SystemTime":"","LoggingDriver":"","CgroupDriver":"","NEventsListener":0,"KernelVersion":"","OperatingSystem":"","OSVersion":"","OSType":"","Architecture":"","IndexServerAddress":"","RegistryConfig":null,"NCPU":0,"MemTotal":0,"GenericResources":null,"DockerRootDir":"","HttpProxy":"","HttpsProxy":"","NoProxy":"","Name":"","Labels":["com.docker.desktop.address=npipe://\\\\.\\pipe\\docker_cli"],"ExperimentalBuild":false,"ServerVersion":"","Runtimes":null,"DefaultRuntime":"","Swarm":{"NodeID":"","NodeAddr":"","LocalNodeState":"","ControlAvailable":false,"Error":"","RemoteManagers":null},"LiveRestoreEnabled":false,"Isolation":"","InitBinary":"","ContainerdCommit":{"ID":""},"RuncCommit":{"ID":""},"InitCommit":{"ID":""},"SecurityOptions":null,"CDISpecDirs":null,"Warnings":null})
2026-09-12 11:49:44 [main] INFO  o.t.d.DockerMachineClientProviderStrategy - docker-machine executable was not found on PATH ([C:\Windows\system32, C:\Windows, C:\Windows\System32\Wbem, C:\Windows\System32\WindowsPowerShell\v1.0\, C:\Windows\System32\OpenSSH\, C:\Program Files\dotnet\, C:\Program Files (x86)\NVIDIA Corporation\PhysX\Common, C:\Program Files\NVIDIA Corporation\NVIDIA app\NvDLISR, C:\Program Files\Cloudflare\Cloudflare WARP\, C:\Program Files\Git\cmd, C:\Users\azuureke\AppData\Local\Programs\Eclipse Adoptium\jdk-17.0.19.10-hotspot\bin, C:\Users\azuureke\AppData\Local\Microsoft\WindowsApps, , C:\Users\azuureke\AppData\Local\Programs\DockerDesktop\resources\bin])
2026-09-12 11:49:44 [main] ERROR o.t.d.DockerClientProviderStrategy - Could not find a valid Docker environment. Please check configuration. Attempted configurations were:
	NpipeSocketClientProviderStrategy: failed with exception BadRequestException (Status 400: {"ID":"","Containers":0,"ContainersRunning":0,"ContainersPaused":0,"ContainersStopped":0,"Images":0,"Driver":"","DriverStatus":null,"Plugins":{"Volume":null,"Network":null,"Authorization":null,"Log":null},"MemoryLimit":false,"SwapLimit":false,"CpuCfsPeriod":false,"CpuCfsQuota":false,"CPUShares":false,"CPUSet":false,"PidsLimit":false,"IPv4Forwarding":false,"Debug":false,"NFd":0,"OomKillDisable":false,"NGoroutines":0,"SystemTime":"","LoggingDriver":"","CgroupDriver":"","NEventsListener":0,"KernelVersion":"","OperatingSystem":"","OSVersion":"","OSType":"","Architecture":"","IndexServerAddress":"","RegistryConfig":null,"NCPU":0,"MemTotal":0,"GenericResources":null,"DockerRootDir":"","HttpProxy":"","HttpsProxy":"","NoProxy":"","Name":"","Labels":["com.docker.desktop.address=npipe://\\\\.\\pipe\\docker_cli"],"ExperimentalBuild":false,"ServerVersion":"","Runtimes":null,"DefaultRuntime":"","Swarm":{"NodeID":"","NodeAddr":"","LocalNodeState":"","ControlAvailable":false,"Error":"","RemoteManagers":null},"LiveRestoreEnabled":false,"Isolation":"","InitBinary":"","ContainerdCommit":{"ID":""},"RuncCommit":{"ID":""},"InitCommit":{"ID":""},"SecurityOptions":null,"CDISpecDirs":null,"Warnings":null})As no valid configuration was found, execution cannot continue.
See https://java.testcontainers.org/on_failure.html for more details.
2026-09-12 11:52:28 [main] INFO  o.testcontainers.DockerClientFactory - Testcontainers version: 1.21.1
2026-09-12 11:52:28 [main] DEBUG o.t.u.TestcontainersConfiguration - Testcontainers configuration overrides will be loaded from file:/C:/Users/azuureke/.testcontainers.properties
2026-09-12 11:52:28 [main] DEBUG o.t.u.TestcontainersConfiguration - Attempted to read Testcontainers configuration file at file:/C:/Users/azuureke/.testcontainers.properties but the file was not found. Exception message: FileNotFoundException: C:\Users\azuureke\.testcontainers.properties (The system cannot find the file specified)
2026-09-12 11:52:28 [main] DEBUG o.t.d.DockerClientProviderStrategy - Trying out strategy: NpipeSocketClientProviderStrategy
2026-09-12 11:52:28 [main] DEBUG o.t.s.c.g.d.c.command.AbstrDockerCmd - Cmd: 
2026-09-12 11:52:28 [main] DEBUG c.g.d.z.s.o.a.h.c.h.i.c.InternalHttpClient - ex-00000001: preparing request execution
2026-09-12 11:52:28 [main] DEBUG c.g.d.z.s.o.a.h.c.h.p.RequestAddCookies - Cookie spec selected: strict
2026-09-12 11:52:28 [main] DEBUG c.g.d.z.s.o.a.h.c.h.p.RequestAuthCache - Auth cache not set in the context
2026-09-12 11:52:28 [main] DEBUG c.g.d.z.s.o.a.h.c.h.i.c.ProtocolExec - ex-00000001: target auth state: UNCHALLENGED
2026-09-12 11:52:28 [main] DEBUG c.g.d.z.s.o.a.h.c.h.i.c.ProtocolExec - ex-00000001: proxy auth state: UNCHALLENGED
2026-09-12 11:52:28 [main] DEBUG c.g.d.z.s.o.a.h.c.h.i.c.ConnectExec - ex-00000001: acquiring connection with route {}->npipe://localhost:2375
2026-09-12 11:52:28 [main] DEBUG c.g.d.z.s.o.a.h.c.h.i.c.InternalHttpClient - ex-00000001: acquiring endpoint (3 MINUTES)
2026-09-12 11:52:28 [main] DEBUG c.g.d.z.s.o.a.h.c.h.i.i.PoolingHttpClientConnectionManager - ex-00000001: endpoint lease request (3 MINUTES) [route: {}->npipe://localhost:2375][total available: 0; route allocated: 0 of 2147483647; total allocated: 0 of 2147483647]
2026-09-12 11:52:28 [main] DEBUG c.g.d.z.s.o.a.h.c.h.i.i.PoolingHttpClientConnectionManager - ex-00000001: endpoint leased [route: {}->npipe://localhost:2375][total available: 0; route allocated: 1 of 2147483647; total allocated: 1 of 2147483647]
2026-09-12 11:52:28 [main] DEBUG c.g.d.z.s.o.a.h.c.h.i.i.PoolingHttpClientConnectionManager - ex-00000001: acquired ep-00000000
2026-09-12 11:52:28 [main] DEBUG c.g.d.z.s.o.a.h.c.h.i.c.InternalHttpClient - ex-00000001: acquired endpoint ep-00000000
2026-09-12 11:52:28 [main] DEBUG c.g.d.z.s.o.a.h.c.h.i.c.ConnectExec - ex-00000001: opening connection {}->npipe://localhost:2375
2026-09-12 11:52:28 [main] DEBUG c.g.d.z.s.o.a.h.c.h.i.c.InternalHttpClient - ep-00000000: connecting endpoint (3 MINUTES)
2026-09-12 11:52:28 [main] DEBUG c.g.d.z.s.o.a.h.c.h.i.i.PoolingHttpClientConnectionManager - ep-00000000: connecting endpoint to npipe://localhost:2375 (3 MINUTES)
2026-09-12 11:52:28 [main] DEBUG c.g.d.z.s.o.a.h.c.h.i.i.DefaultHttpClientConnectionOperator - http-outgoing-0: connecting to localhost/127.0.0.1:2375
2026-09-12 11:52:28 [main] DEBUG c.g.d.z.s.o.a.h.c.h.i.i.DefaultHttpClientConnectionOperator - http-outgoing-0: connection established 
2026-09-12 11:52:28 [main] DEBUG c.g.d.z.s.o.a.h.c.h.i.i.PoolingHttpClientConnectionManager - ep-00000000: connected http-outgoing-0
2026-09-12 11:52:28 [main] DEBUG c.g.d.z.s.o.a.h.c.h.i.c.InternalHttpClient - ep-00000000: endpoint connected
2026-09-12 11:52:28 [main] DEBUG c.g.d.z.s.o.a.h.c.h.i.c.MainClientExec - ex-00000001: executing GET /v1.32/info HTTP/1.1
2026-09-12 11:52:28 [main] DEBUG c.g.d.z.s.o.a.h.c.h.i.c.InternalHttpClient - ep-00000000: start execution ex-00000001
2026-09-12 11:52:28 [main] DEBUG c.g.d.z.s.o.a.h.c.h.i.i.PoolingHttpClientConnectionManager - ep-00000000: executing exchange ex-00000001 over http-outgoing-0
2026-09-12 11:52:28 [main] DEBUG c.g.d.z.s.o.a.h.client5.http.headers - http-outgoing-0 >> GET /v1.32/info HTTP/1.1
2026-09-12 11:52:28 [main] DEBUG c.g.d.z.s.o.a.h.client5.http.headers - http-outgoing-0 >> x-tc-sid: 6c71ca68-bc90-4e81-aad3-fab723f962b3
2026-09-12 11:52:28 [main] DEBUG c.g.d.z.s.o.a.h.client5.http.headers - http-outgoing-0 >> User-Agent: tc-java/1.21.1
2026-09-12 11:52:28 [main] DEBUG c.g.d.z.s.o.a.h.client5.http.headers - http-outgoing-0 >> Accept-Encoding: gzip, x-gzip, deflate
2026-09-12 11:52:28 [main] DEBUG c.g.d.z.s.o.a.h.client5.http.headers - http-outgoing-0 >> Host: localhost:2375
2026-09-12 11:52:28 [main] DEBUG c.g.d.z.s.o.a.h.client5.http.headers - http-outgoing-0 >> Connection: keep-alive
2026-09-12 11:52:28 [main] DEBUG c.g.d.z.s.o.a.hc.client5.http.wire - http-outgoing-0 >> "GET /v1.32/info HTTP/1.1[\r][\n]"
2026-09-12 11:52:28 [main] DEBUG c.g.d.z.s.o.a.hc.client5.http.wire - http-outgoing-0 >> "x-tc-sid: 6c71ca68-bc90-4e81-aad3-fab723f962b3[\r][\n]"
2026-09-12 11:52:28 [main] DEBUG c.g.d.z.s.o.a.hc.client5.http.wire - http-outgoing-0 >> "User-Agent: tc-java/1.21.1[\r][\n]"
2026-09-12 11:52:28 [main] DEBUG c.g.d.z.s.o.a.hc.client5.http.wire - http-outgoing-0 >> "Accept-Encoding: gzip, x-gzip, deflate[\r][\n]"
2026-09-12 11:52:28 [main] DEBUG c.g.d.z.s.o.a.hc.client5.http.wire - http-outgoing-0 >> "Host: localhost:2375[\r][\n]"
2026-09-12 11:52:28 [main] DEBUG c.g.d.z.s.o.a.hc.client5.http.wire - http-outgoing-0 >> "Connection: keep-alive[\r][\n]"
2026-09-12 11:52:28 [main] DEBUG c.g.d.z.s.o.a.hc.client5.http.wire - http-outgoing-0 >> "[\r][\n]"
2026-09-12 11:52:28 [main] DEBUG c.g.d.z.s.o.a.hc.client5.http.wire - http-outgoing-0 << "HTTP/1.1 400 Bad Request[\r][\n]"
2026-09-12 11:52:28 [main] DEBUG c.g.d.z.s.o.a.hc.client5.http.wire - http-outgoing-0 << "Api-Version: 1.55[\r][\n]"
2026-09-12 11:52:28 [main] DEBUG c.g.d.z.s.o.a.hc.client5.http.wire - http-outgoing-0 << "Content-Type: application/json[\r][\n]"
2026-09-12 11:52:28 [main] DEBUG c.g.d.z.s.o.a.hc.client5.http.wire - http-outgoing-0 << "Date: Sat, 12 Sep 2026 09:52:28 GMT[\r][\n]"
2026-09-12 11:52:28 [main] DEBUG c.g.d.z.s.o.a.hc.client5.http.wire - http-outgoing-0 << "Ostype: linux[\r][\n]"
2026-09-12 11:52:28 [main] DEBUG c.g.d.z.s.o.a.hc.client5.http.wire - http-outgoing-0 << "Server: Docker/29.7.2 (linux)[\r][\n]"
2026-09-12 11:52:28 [main] DEBUG c.g.d.z.s.o.a.hc.client5.http.wire - http-outgoing-0 << "Transfer-Encoding: chunked[\r][\n]"
2026-09-12 11:52:28 [main] DEBUG c.g.d.z.s.o.a.hc.client5.http.wire - http-outgoing-0 << "[\r][\n]"
2026-09-12 11:52:28 [main] DEBUG c.g.d.z.s.o.a.h.client5.http.headers - http-outgoing-0 << HTTP/1.1 400 Bad Request
2026-09-12 11:52:28 [main] DEBUG c.g.d.z.s.o.a.h.client5.http.headers - http-outgoing-0 << Api-Version: 1.55
2026-09-12 11:52:28 [main] DEBUG c.g.d.z.s.o.a.h.client5.http.headers - http-outgoing-0 << Content-Type: application/json
2026-09-12 11:52:28 [main] DEBUG c.g.d.z.s.o.a.h.client5.http.headers - http-outgoing-0 << Date: Sat, 12 Sep 2026 09:52:28 GMT
2026-09-12 11:52:28 [main] DEBUG c.g.d.z.s.o.a.h.client5.http.headers - http-outgoing-0 << Ostype: linux
2026-09-12 11:52:28 [main] DEBUG c.g.d.z.s.o.a.h.client5.http.headers - http-outgoing-0 << Server: Docker/29.7.2 (linux)
2026-09-12 11:52:28 [main] DEBUG c.g.d.z.s.o.a.h.client5.http.headers - http-outgoing-0 << Transfer-Encoding: chunked
2026-09-12 11:52:28 [main] DEBUG c.g.d.z.s.o.a.h.c.h.i.c.MainClientExec - ex-00000001: connection can be kept alive for 3 MINUTES
2026-09-12 11:52:28 [main] DEBUG c.g.d.z.s.o.a.hc.client5.http.wire - http-outgoing-0 << "4b0[\r][\n]"
2026-09-12 11:52:28 [main] DEBUG c.g.d.z.s.o.a.hc.client5.http.wire - http-outgoing-0 << "{"ID":"","Containers":0,"ContainersRunning":0,"ContainersPaused":0,"ContainersStopped":0,"Images":0,"Driver":"","DriverStatus":null,"Plugins":{"Volume":null,"Network":null,"Authorization":null,"Log":null},"MemoryLimit":false,"SwapLimit":false,"CpuCfsPeriod":false,"CpuCfsQuota":false,"CPUShares":false,"CPUSet":false,"PidsLimit":false,"IPv4Forwarding":false,"Debug":false,"NFd":0,"OomKillDisable":false,"NGoroutines":0,"SystemTime":"","LoggingDriver":"","CgroupDriver":"","NEventsListener":0,"KernelVersion":"","OperatingSystem":"","OSVersion":"","OSType":"","Architecture":"","IndexServerAddress":"","RegistryConfig":null,"NCPU":0,"MemTotal":0,"GenericResources":null,"DockerRootDir":"","HttpProxy":"","HttpsProxy":"","NoProxy":"","Name":"","Labels":["com.docker.desktop.address=npipe://\\\\.\\pipe\\docker_cli"],"ExperimentalBuild":false,"ServerVersion":"","Runtimes":null,"DefaultRuntime":"","Swarm":{"NodeID":"","NodeAddr":"","LocalNodeState":"","ControlAvailable":false,"Error":"","RemoteManagers":null},"LiveRestoreEnabled":false,"Isolation":"","InitBinary":"","ContainerdCommit":{"ID":""},"RuncCommit":{"ID":""},"InitCommit":{"ID":""},"SecurityOptions":null,"CDISpecDirs":null,"Warnings":null}[\r][\n]"
2026-09-12 11:52:28 [main] DEBUG c.g.d.z.s.o.a.hc.client5.http.wire - http-outgoing-0 << "0[\r][\n]"
2026-09-12 11:52:28 [main] DEBUG c.g.d.z.s.o.a.hc.client5.http.wire - http-outgoing-0 << "[\r][\n]"
2026-09-12 11:52:28 [main] DEBUG c.g.d.z.s.o.a.h.c.h.i.c.InternalHttpClient - ep-00000000: releasing valid endpoint
2026-09-12 11:52:28 [main] DEBUG c.g.d.z.s.o.a.h.c.h.i.i.PoolingHttpClientConnectionManager - ep-00000000: releasing endpoint
2026-09-12 11:52:28 [main] DEBUG c.g.d.z.s.o.a.h.c.h.i.i.PoolingHttpClientConnectionManager - ep-00000000: connection http-outgoing-0 can be kept alive for 3 MINUTES
2026-09-12 11:52:28 [main] DEBUG c.g.d.z.s.o.a.h.c.h.i.i.PoolingHttpClientConnectionManager - ep-00000000: connection released [route: {}->npipe://localhost:2375][total available: 1; route allocated: 1 of 2147483647; total allocated: 1 of 2147483647]
2026-09-12 11:52:28 [main] DEBUG o.t.d.DockerClientProviderStrategy - NpipeSocketClientProviderStrategy: failed with exception BadRequestException (Status 400: {"ID":"","Containers":0,"ContainersRunning":0,"ContainersPaused":0,"ContainersStopped":0,"Images":0,"Driver":"","DriverStatus":null,"Plugins":{"Volume":null,"Network":null,"Authorization":null,"Log":null},"MemoryLimit":false,"SwapLimit":false,"CpuCfsPeriod":false,"CpuCfsQuota":false,"CPUShares":false,"CPUSet":false,"PidsLimit":false,"IPv4Forwarding":false,"Debug":false,"NFd":0,"OomKillDisable":false,"NGoroutines":0,"SystemTime":"","LoggingDriver":"","CgroupDriver":"","NEventsListener":0,"KernelVersion":"","OperatingSystem":"","OSVersion":"","OSType":"","Architecture":"","IndexServerAddress":"","RegistryConfig":null,"NCPU":0,"MemTotal":0,"GenericResources":null,"DockerRootDir":"","HttpProxy":"","HttpsProxy":"","NoProxy":"","Name":"","Labels":["com.docker.desktop.address=npipe://\\\\.\\pipe\\docker_cli"],"ExperimentalBuild":false,"ServerVersion":"","Runtimes":null,"DefaultRuntime":"","Swarm":{"NodeID":"","NodeAddr":"","LocalNodeState":"","ControlAvailable":false,"Error":"","RemoteManagers":null},"LiveRestoreEnabled":false,"Isolation":"","InitBinary":"","ContainerdCommit":{"ID":""},"RuncCommit":{"ID":""},"InitCommit":{"ID":""},"SecurityOptions":null,"CDISpecDirs":null,"Warnings":null})
2026-09-12 11:52:28 [main] INFO  o.t.d.DockerMachineClientProviderStrategy - docker-machine executable was not found on PATH ([C:\Windows\system32, C:\Windows, C:\Windows\System32\Wbem, C:\Windows\System32\WindowsPowerShell\v1.0\, C:\Windows\System32\OpenSSH\, C:\Program Files\dotnet\, C:\Program Files (x86)\NVIDIA Corporation\PhysX\Common, C:\Program Files\NVIDIA Corporation\NVIDIA app\NvDLISR, C:\Program Files\Cloudflare\Cloudflare WARP\, C:\Program Files\Git\cmd, C:\Users\azuureke\AppData\Local\Programs\Eclipse Adoptium\jdk-17.0.19.10-hotspot\bin, C:\Users\azuureke\AppData\Local\Microsoft\WindowsApps, , C:\Users\azuureke\AppData\Local\Programs\DockerDesktop\resources\bin])
2026-09-12 11:52:28 [main] ERROR o.t.d.DockerClientProviderStrategy - Could not find a valid Docker environment. Please check configuration. Attempted configurations were:
	NpipeSocketClientProviderStrategy: failed with exception BadRequestException (Status 400: {"ID":"","Containers":0,"ContainersRunning":0,"ContainersPaused":0,"ContainersStopped":0,"Images":0,"Driver":"","DriverStatus":null,"Plugins":{"Volume":null,"Network":null,"Authorization":null,"Log":null},"MemoryLimit":false,"SwapLimit":false,"CpuCfsPeriod":false,"CpuCfsQuota":false,"CPUShares":false,"CPUSet":false,"PidsLimit":false,"IPv4Forwarding":false,"Debug":false,"NFd":0,"OomKillDisable":false,"NGoroutines":0,"SystemTime":"","LoggingDriver":"","CgroupDriver":"","NEventsListener":0,"KernelVersion":"","OperatingSystem":"","OSVersion":"","OSType":"","Architecture":"","IndexServerAddress":"","RegistryConfig":null,"NCPU":0,"MemTotal":0,"GenericResources":null,"DockerRootDir":"","HttpProxy":"","HttpsProxy":"","NoProxy":"","Name":"","Labels":["com.docker.desktop.address=npipe://\\\\.\\pipe\\docker_cli"],"ExperimentalBuild":false,"ServerVersion":"","Runtimes":null,"DefaultRuntime":"","Swarm":{"NodeID":"","NodeAddr":"","LocalNodeState":"","ControlAvailable":false,"Error":"","RemoteManagers":null},"LiveRestoreEnabled":false,"Isolation":"","InitBinary":"","ContainerdCommit":{"ID":""},"RuncCommit":{"ID":""},"InitCommit":{"ID":""},"SecurityOptions":null,"CDISpecDirs":null,"Warnings":null})As no valid configuration was found, execution cannot continue.
See https://java.testcontainers.org/on_failure.html for more details.
2026-09-12 11:52:54 [main] INFO  o.testcontainers.DockerClientFactory - Testcontainers version: 1.21.1
2026-09-12 11:52:54 [main] DEBUG o.t.u.TestcontainersConfiguration - Testcontainers configuration overrides will be loaded from file:/C:/Users/azuureke/.testcontainers.properties
2026-09-12 11:52:54 [main] DEBUG o.t.u.TestcontainersConfiguration - Attempted to read Testcontainers configuration file at file:/C:/Users/azuureke/.testcontainers.properties but the file was not found. Exception message: FileNotFoundException: C:\Users\azuureke\.testcontainers.properties (The system cannot find the file specified)
2026-09-12 11:52:55 [main] DEBUG o.t.d.DockerClientProviderStrategy - Trying out strategy: NpipeSocketClientProviderStrategy
2026-09-12 11:52:55 [main] DEBUG o.t.s.c.g.d.c.command.AbstrDockerCmd - Cmd: 
2026-09-12 11:52:55 [main] DEBUG c.g.d.z.s.o.a.h.c.h.i.c.InternalHttpClient - ex-00000001: preparing request execution
2026-09-12 11:52:55 [main] DEBUG c.g.d.z.s.o.a.h.c.h.p.RequestAddCookies - Cookie spec selected: strict
2026-09-12 11:52:55 [main] DEBUG c.g.d.z.s.o.a.h.c.h.p.RequestAuthCache - Auth cache not set in the context
2026-09-12 11:52:55 [main] DEBUG c.g.d.z.s.o.a.h.c.h.i.c.ProtocolExec - ex-00000001: target auth state: UNCHALLENGED
2026-09-12 11:52:55 [main] DEBUG c.g.d.z.s.o.a.h.c.h.i.c.ProtocolExec - ex-00000001: proxy auth state: UNCHALLENGED
2026-09-12 11:52:55 [main] DEBUG c.g.d.z.s.o.a.h.c.h.i.c.ConnectExec - ex-00000001: acquiring connection with route {}->npipe://localhost:2375
2026-09-12 11:52:55 [main] DEBUG c.g.d.z.s.o.a.h.c.h.i.c.InternalHttpClient - ex-00000001: acquiring endpoint (3 MINUTES)
2026-09-12 11:52:55 [main] DEBUG c.g.d.z.s.o.a.h.c.h.i.i.PoolingHttpClientConnectionManager - ex-00000001: endpoint lease request (3 MINUTES) [route: {}->npipe://localhost:2375][total available: 0; route allocated: 0 of 2147483647; total allocated: 0 of 2147483647]
2026-09-12 11:52:55 [main] DEBUG c.g.d.z.s.o.a.h.c.h.i.i.PoolingHttpClientConnectionManager - ex-00000001: endpoint leased [route: {}->npipe://localhost:2375][total available: 0; route allocated: 1 of 2147483647; total allocated: 1 of 2147483647]
2026-09-12 11:52:55 [main] DEBUG c.g.d.z.s.o.a.h.c.h.i.i.PoolingHttpClientConnectionManager - ex-00000001: acquired ep-00000000
2026-09-12 11:52:55 [main] DEBUG c.g.d.z.s.o.a.h.c.h.i.c.InternalHttpClient - ex-00000001: acquired endpoint ep-00000000
2026-09-12 11:52:55 [main] DEBUG c.g.d.z.s.o.a.h.c.h.i.c.ConnectExec - ex-00000001: opening connection {}->npipe://localhost:2375
2026-09-12 11:52:55 [main] DEBUG c.g.d.z.s.o.a.h.c.h.i.c.InternalHttpClient - ep-00000000: connecting endpoint (3 MINUTES)
2026-09-12 11:52:55 [main] DEBUG c.g.d.z.s.o.a.h.c.h.i.i.PoolingHttpClientConnectionManager - ep-00000000: connecting endpoint to npipe://localhost:2375 (3 MINUTES)
2026-09-12 11:52:55 [main] DEBUG c.g.d.z.s.o.a.h.c.h.i.i.DefaultHttpClientConnectionOperator - http-outgoing-0: connecting to localhost/127.0.0.1:2375
2026-09-12 11:52:55 [main] DEBUG c.g.d.z.s.o.a.h.c.h.i.i.DefaultHttpClientConnectionOperator - http-outgoing-0: connection established 
2026-09-12 11:52:55 [main] DEBUG c.g.d.z.s.o.a.h.c.h.i.i.PoolingHttpClientConnectionManager - ep-00000000: connected http-outgoing-0
2026-09-12 11:52:55 [main] DEBUG c.g.d.z.s.o.a.h.c.h.i.c.InternalHttpClient - ep-00000000: endpoint connected
2026-09-12 11:52:55 [main] DEBUG c.g.d.z.s.o.a.h.c.h.i.c.MainClientExec - ex-00000001: executing GET /v1.32/info HTTP/1.1
2026-09-12 11:52:55 [main] DEBUG c.g.d.z.s.o.a.h.c.h.i.c.InternalHttpClient - ep-00000000: start execution ex-00000001
2026-09-12 11:52:55 [main] DEBUG c.g.d.z.s.o.a.h.c.h.i.i.PoolingHttpClientConnectionManager - ep-00000000: executing exchange ex-00000001 over http-outgoing-0
2026-09-12 11:52:55 [main] DEBUG c.g.d.z.s.o.a.h.client5.http.headers - http-outgoing-0 >> GET /v1.32/info HTTP/1.1
2026-09-12 11:52:55 [main] DEBUG c.g.d.z.s.o.a.h.client5.http.headers - http-outgoing-0 >> x-tc-sid: 1b221a03-8148-43ff-ae4c-8c5f715caeed
2026-09-12 11:52:55 [main] DEBUG c.g.d.z.s.o.a.h.client5.http.headers - http-outgoing-0 >> User-Agent: tc-java/1.21.1
2026-09-12 11:52:55 [main] DEBUG c.g.d.z.s.o.a.h.client5.http.headers - http-outgoing-0 >> Accept-Encoding: gzip, x-gzip, deflate
2026-09-12 11:52:55 [main] DEBUG c.g.d.z.s.o.a.h.client5.http.headers - http-outgoing-0 >> Host: localhost:2375
2026-09-12 11:52:55 [main] DEBUG c.g.d.z.s.o.a.h.client5.http.headers - http-outgoing-0 >> Connection: keep-alive
2026-09-12 11:52:55 [main] DEBUG c.g.d.z.s.o.a.hc.client5.http.wire - http-outgoing-0 >> "GET /v1.32/info HTTP/1.1[\r][\n]"
2026-09-12 11:52:55 [main] DEBUG c.g.d.z.s.o.a.hc.client5.http.wire - http-outgoing-0 >> "x-tc-sid: 1b221a03-8148-43ff-ae4c-8c5f715caeed[\r][\n]"
2026-09-12 11:52:55 [main] DEBUG c.g.d.z.s.o.a.hc.client5.http.wire - http-outgoing-0 >> "User-Agent: tc-java/1.21.1[\r][\n]"
2026-09-12 11:52:55 [main] DEBUG c.g.d.z.s.o.a.hc.client5.http.wire - http-outgoing-0 >> "Accept-Encoding: gzip, x-gzip, deflate[\r][\n]"
2026-09-12 11:52:55 [main] DEBUG c.g.d.z.s.o.a.hc.client5.http.wire - http-outgoing-0 >> "Host: localhost:2375[\r][\n]"
2026-09-12 11:52:55 [main] DEBUG c.g.d.z.s.o.a.hc.client5.http.wire - http-outgoing-0 >> "Connection: keep-alive[\r][\n]"
2026-09-12 11:52:55 [main] DEBUG c.g.d.z.s.o.a.hc.client5.http.wire - http-outgoing-0 >> "[\r][\n]"
2026-09-12 11:52:55 [main] DEBUG c.g.d.z.s.o.a.hc.client5.http.wire - http-outgoing-0 << "HTTP/1.1 400 Bad Request[\r][\n]"
2026-09-12 11:52:55 [main] DEBUG c.g.d.z.s.o.a.hc.client5.http.wire - http-outgoing-0 << "Api-Version: 1.55[\r][\n]"
2026-09-12 11:52:55 [main] DEBUG c.g.d.z.s.o.a.hc.client5.http.wire - http-outgoing-0 << "Content-Type: application/json[\r][\n]"
2026-09-12 11:52:55 [main] DEBUG c.g.d.z.s.o.a.hc.client5.http.wire - http-outgoing-0 << "Date: Sat, 12 Sep 2026 09:52:55 GMT[\r][\n]"
2026-09-12 11:52:55 [main] DEBUG c.g.d.z.s.o.a.hc.client5.http.wire - http-outgoing-0 << "Ostype: linux[\r][\n]"
2026-09-12 11:52:55 [main] DEBUG c.g.d.z.s.o.a.hc.client5.http.wire - http-outgoing-0 << "Server: Docker/29.7.2 (linux)[\r][\n]"
2026-09-12 11:52:55 [main] DEBUG c.g.d.z.s.o.a.hc.client5.http.wire - http-outgoing-0 << "Transfer-Encoding: chunked[\r][\n]"
2026-09-12 11:52:55 [main] DEBUG c.g.d.z.s.o.a.hc.client5.http.wire - http-outgoing-0 << "[\r][\n]"
2026-09-12 11:52:55 [main] DEBUG c.g.d.z.s.o.a.h.client5.http.headers - http-outgoing-0 << HTTP/1.1 400 Bad Request
2026-09-12 11:52:55 [main] DEBUG c.g.d.z.s.o.a.h.client5.http.headers - http-outgoing-0 << Api-Version: 1.55
2026-09-12 11:52:55 [main] DEBUG c.g.d.z.s.o.a.h.client5.http.headers - http-outgoing-0 << Content-Type: application/json
2026-09-12 11:52:55 [main] DEBUG c.g.d.z.s.o.a.h.client5.http.headers - http-outgoing-0 << Date: Sat, 12 Sep 2026 09:52:55 GMT
2026-09-12 11:52:55 [main] DEBUG c.g.d.z.s.o.a.h.client5.http.headers - http-outgoing-0 << Ostype: linux
2026-09-12 11:52:55 [main] DEBUG c.g.d.z.s.o.a.h.client5.http.headers - http-outgoing-0 << Server: Docker/29.7.2 (linux)
2026-09-12 11:52:55 [main] DEBUG c.g.d.z.s.o.a.h.client5.http.headers - http-outgoing-0 << Transfer-Encoding: chunked
2026-09-12 11:52:55 [main] DEBUG c.g.d.z.s.o.a.h.c.h.i.c.MainClientExec - ex-00000001: connection can be kept alive for 3 MINUTES
2026-09-12 11:52:55 [main] DEBUG c.g.d.z.s.o.a.hc.client5.http.wire - http-outgoing-0 << "4b0[\r][\n]"
2026-09-12 11:52:55 [main] DEBUG c.g.d.z.s.o.a.hc.client5.http.wire - http-outgoing-0 << "{"ID":"","Containers":0,"ContainersRunning":0,"ContainersPaused":0,"ContainersStopped":0,"Images":0,"Driver":"","DriverStatus":null,"Plugins":{"Volume":null,"Network":null,"Authorization":null,"Log":null},"MemoryLimit":false,"SwapLimit":false,"CpuCfsPeriod":false,"CpuCfsQuota":false,"CPUShares":false,"CPUSet":false,"PidsLimit":false,"IPv4Forwarding":false,"Debug":false,"NFd":0,"OomKillDisable":false,"NGoroutines":0,"SystemTime":"","LoggingDriver":"","CgroupDriver":"","NEventsListener":0,"KernelVersion":"","OperatingSystem":"","OSVersion":"","OSType":"","Architecture":"","IndexServerAddress":"","RegistryConfig":null,"NCPU":0,"MemTotal":0,"GenericResources":null,"DockerRootDir":"","HttpProxy":"","HttpsProxy":"","NoProxy":"","Name":"","Labels":["com.docker.desktop.address=npipe://\\\\.\\pipe\\docker_cli"],"ExperimentalBuild":false,"ServerVersion":"","Runtimes":null,"DefaultRuntime":"","Swarm":{"NodeID":"","NodeAddr":"","LocalNodeState":"","ControlAvailable":false,"Error":"","RemoteManagers":null},"LiveRestoreEnabled":false,"Isolation":"","InitBinary":"","ContainerdCommit":{"ID":""},"RuncCommit":{"ID":""},"InitCommit":{"ID":""},"SecurityOptions":null,"CDISpecDirs":null,"Warnings":null}[\r][\n]"
2026-09-12 11:52:55 [main] DEBUG c.g.d.z.s.o.a.hc.client5.http.wire - http-outgoing-0 << "0[\r][\n]"
2026-09-12 11:52:55 [main] DEBUG c.g.d.z.s.o.a.hc.client5.http.wire - http-outgoing-0 << "[\r][\n]"
2026-09-12 11:52:55 [main] DEBUG c.g.d.z.s.o.a.h.c.h.i.c.InternalHttpClient - ep-00000000: releasing valid endpoint
2026-09-12 11:52:55 [main] DEBUG c.g.d.z.s.o.a.h.c.h.i.i.PoolingHttpClientConnectionManager - ep-00000000: releasing endpoint
2026-09-12 11:52:55 [main] DEBUG c.g.d.z.s.o.a.h.c.h.i.i.PoolingHttpClientConnectionManager - ep-00000000: connection http-outgoing-0 can be kept alive for 3 MINUTES
2026-09-12 11:52:55 [main] DEBUG c.g.d.z.s.o.a.h.c.h.i.i.PoolingHttpClientConnectionManager - ep-00000000: connection released [route: {}->npipe://localhost:2375][total available: 1; route allocated: 1 of 2147483647; total allocated: 1 of 2147483647]
2026-09-12 11:52:55 [main] DEBUG o.t.d.DockerClientProviderStrategy - NpipeSocketClientProviderStrategy: failed with exception BadRequestException (Status 400: {"ID":"","Containers":0,"ContainersRunning":0,"ContainersPaused":0,"ContainersStopped":0,"Images":0,"Driver":"","DriverStatus":null,"Plugins":{"Volume":null,"Network":null,"Authorization":null,"Log":null},"MemoryLimit":false,"SwapLimit":false,"CpuCfsPeriod":false,"CpuCfsQuota":false,"CPUShares":false,"CPUSet":false,"PidsLimit":false,"IPv4Forwarding":false,"Debug":false,"NFd":0,"OomKillDisable":false,"NGoroutines":0,"SystemTime":"","LoggingDriver":"","CgroupDriver":"","NEventsListener":0,"KernelVersion":"","OperatingSystem":"","OSVersion":"","OSType":"","Architecture":"","IndexServerAddress":"","RegistryConfig":null,"NCPU":0,"MemTotal":0,"GenericResources":null,"DockerRootDir":"","HttpProxy":"","HttpsProxy":"","NoProxy":"","Name":"","Labels":["com.docker.desktop.address=npipe://\\\\.\\pipe\\docker_cli"],"ExperimentalBuild":false,"ServerVersion":"","Runtimes":null,"DefaultRuntime":"","Swarm":{"NodeID":"","NodeAddr":"","LocalNodeState":"","ControlAvailable":false,"Error":"","RemoteManagers":null},"LiveRestoreEnabled":false,"Isolation":"","InitBinary":"","ContainerdCommit":{"ID":""},"RuncCommit":{"ID":""},"InitCommit":{"ID":""},"SecurityOptions":null,"CDISpecDirs":null,"Warnings":null})
2026-09-12 11:52:55 [main] INFO  o.t.d.DockerMachineClientProviderStrategy - docker-machine executable was not found on PATH ([C:\Windows\system32, C:\Windows, C:\Windows\System32\Wbem, C:\Windows\System32\WindowsPowerShell\v1.0\, C:\Windows\System32\OpenSSH\, C:\Program Files\dotnet\, C:\Program Files (x86)\NVIDIA Corporation\PhysX\Common, C:\Program Files\NVIDIA Corporation\NVIDIA app\NvDLISR, C:\Program Files\Cloudflare\Cloudflare WARP\, C:\Program Files\Git\cmd, C:\Users\azuureke\AppData\Local\Programs\Eclipse Adoptium\jdk-17.0.19.10-hotspot\bin, C:\Users\azuureke\AppData\Local\Microsoft\WindowsApps, , C:\Users\azuureke\AppData\Local\Programs\DockerDesktop\resources\bin])
2026-09-12 11:52:55 [main] ERROR o.t.d.DockerClientProviderStrategy - Could not find a valid Docker environment. Please check configuration. Attempted configurations were:
	NpipeSocketClientProviderStrategy: failed with exception BadRequestException (Status 400: {"ID":"","Containers":0,"ContainersRunning":0,"ContainersPaused":0,"ContainersStopped":0,"Images":0,"Driver":"","DriverStatus":null,"Plugins":{"Volume":null,"Network":null,"Authorization":null,"Log":null},"MemoryLimit":false,"SwapLimit":false,"CpuCfsPeriod":false,"CpuCfsQuota":false,"CPUShares":false,"CPUSet":false,"PidsLimit":false,"IPv4Forwarding":false,"Debug":false,"NFd":0,"OomKillDisable":false,"NGoroutines":0,"SystemTime":"","LoggingDriver":"","CgroupDriver":"","NEventsListener":0,"KernelVersion":"","OperatingSystem":"","OSVersion":"","OSType":"","Architecture":"","IndexServerAddress":"","RegistryConfig":null,"NCPU":0,"MemTotal":0,"GenericResources":null,"DockerRootDir":"","HttpProxy":"","HttpsProxy":"","NoProxy":"","Name":"","Labels":["com.docker.desktop.address=npipe://\\\\.\\pipe\\docker_cli"],"ExperimentalBuild":false,"ServerVersion":"","Runtimes":null,"DefaultRuntime":"","Swarm":{"NodeID":"","NodeAddr":"","LocalNodeState":"","ControlAvailable":false,"Error":"","RemoteManagers":null},"LiveRestoreEnabled":false,"Isolation":"","InitBinary":"","ContainerdCommit":{"ID":""},"RuncCommit":{"ID":""},"InitCommit":{"ID":""},"SecurityOptions":null,"CDISpecDirs":null,"Warnings":null})As no valid configuration was found, execution cannot continue.
See https://java.testcontainers.org/on_failure.html for more details.
2026-09-12 11:53:16 [main] INFO  o.testcontainers.DockerClientFactory - Testcontainers version: 1.21.1
2026-09-12 11:53:16 [main] DEBUG o.t.u.TestcontainersConfiguration - Testcontainers configuration overrides will be loaded from file:/C:/Users/azuureke/.testcontainers.properties
2026-09-12 11:53:16 [main] DEBUG o.t.u.TestcontainersConfiguration - Attempted to read Testcontainers configuration file at file:/C:/Users/azuureke/.testcontainers.properties but the file was not found. Exception message: FileNotFoundException: C:\Users\azuureke\.testcontainers.properties (The system cannot find the file specified)
2026-09-12 11:53:16 [main] DEBUG o.t.d.DockerClientProviderStrategy - Trying out strategy: NpipeSocketClientProviderStrategy
2026-09-12 11:53:16 [main] DEBUG o.t.s.c.g.d.c.command.AbstrDockerCmd - Cmd: 
2026-09-12 11:53:16 [main] DEBUG c.g.d.z.s.o.a.h.c.h.i.c.InternalHttpClient - ex-00000001: preparing request execution
2026-09-12 11:53:16 [main] DEBUG c.g.d.z.s.o.a.h.c.h.p.RequestAddCookies - Cookie spec selected: strict
2026-09-12 11:53:16 [main] DEBUG c.g.d.z.s.o.a.h.c.h.p.RequestAuthCache - Auth cache not set in the context
2026-09-12 11:53:16 [main] DEBUG c.g.d.z.s.o.a.h.c.h.i.c.ProtocolExec - ex-00000001: target auth state: UNCHALLENGED
2026-09-12 11:53:16 [main] DEBUG c.g.d.z.s.o.a.h.c.h.i.c.ProtocolExec - ex-00000001: proxy auth state: UNCHALLENGED
2026-09-12 11:53:16 [main] DEBUG c.g.d.z.s.o.a.h.c.h.i.c.ConnectExec - ex-00000001: acquiring connection with route {}->npipe://localhost:2375
2026-09-12 11:53:16 [main] DEBUG c.g.d.z.s.o.a.h.c.h.i.c.InternalHttpClient - ex-00000001: acquiring endpoint (3 MINUTES)
2026-09-12 11:53:16 [main] DEBUG c.g.d.z.s.o.a.h.c.h.i.i.PoolingHttpClientConnectionManager - ex-00000001: endpoint lease request (3 MINUTES) [route: {}->npipe://localhost:2375][total available: 0; route allocated: 0 of 2147483647; total allocated: 0 of 2147483647]
2026-09-12 11:53:16 [main] DEBUG c.g.d.z.s.o.a.h.c.h.i.i.PoolingHttpClientConnectionManager - ex-00000001: endpoint leased [route: {}->npipe://localhost:2375][total available: 0; route allocated: 1 of 2147483647; total allocated: 1 of 2147483647]
2026-09-12 11:53:16 [main] DEBUG c.g.d.z.s.o.a.h.c.h.i.i.PoolingHttpClientConnectionManager - ex-00000001: acquired ep-00000000
2026-09-12 11:53:16 [main] DEBUG c.g.d.z.s.o.a.h.c.h.i.c.InternalHttpClient - ex-00000001: acquired endpoint ep-00000000
2026-09-12 11:53:16 [main] DEBUG c.g.d.z.s.o.a.h.c.h.i.c.ConnectExec - ex-00000001: opening connection {}->npipe://localhost:2375
2026-09-12 11:53:16 [main] DEBUG c.g.d.z.s.o.a.h.c.h.i.c.InternalHttpClient - ep-00000000: connecting endpoint (3 MINUTES)
2026-09-12 11:53:16 [main] DEBUG c.g.d.z.s.o.a.h.c.h.i.i.PoolingHttpClientConnectionManager - ep-00000000: connecting endpoint to npipe://localhost:2375 (3 MINUTES)
2026-09-12 11:53:16 [main] DEBUG c.g.d.z.s.o.a.h.c.h.i.i.DefaultHttpClientConnectionOperator - http-outgoing-0: connecting to localhost/127.0.0.1:2375
2026-09-12 11:53:16 [main] DEBUG c.g.d.z.s.o.a.h.c.h.i.i.DefaultHttpClientConnectionOperator - http-outgoing-0: connection established 
2026-09-12 11:53:16 [main] DEBUG c.g.d.z.s.o.a.h.c.h.i.i.PoolingHttpClientConnectionManager - ep-00000000: connected http-outgoing-0
2026-09-12 11:53:16 [main] DEBUG c.g.d.z.s.o.a.h.c.h.i.c.InternalHttpClient - ep-00000000: endpoint connected
2026-09-12 11:53:16 [main] DEBUG c.g.d.z.s.o.a.h.c.h.i.c.MainClientExec - ex-00000001: executing GET /v1.32/info HTTP/1.1
2026-09-12 11:53:16 [main] DEBUG c.g.d.z.s.o.a.h.c.h.i.c.InternalHttpClient - ep-00000000: start execution ex-00000001
2026-09-12 11:53:16 [main] DEBUG c.g.d.z.s.o.a.h.c.h.i.i.PoolingHttpClientConnectionManager - ep-00000000: executing exchange ex-00000001 over http-outgoing-0
2026-09-12 11:53:16 [main] DEBUG c.g.d.z.s.o.a.h.client5.http.headers - http-outgoing-0 >> GET /v1.32/info HTTP/1.1
2026-09-12 11:53:16 [main] DEBUG c.g.d.z.s.o.a.h.client5.http.headers - http-outgoing-0 >> x-tc-sid: 43740585-3a50-4494-bdb1-cf555441a3d7
2026-09-12 11:53:16 [main] DEBUG c.g.d.z.s.o.a.h.client5.http.headers - http-outgoing-0 >> User-Agent: tc-java/1.21.1
2026-09-12 11:53:16 [main] DEBUG c.g.d.z.s.o.a.h.client5.http.headers - http-outgoing-0 >> Accept-Encoding: gzip, x-gzip, deflate
2026-09-12 11:53:16 [main] DEBUG c.g.d.z.s.o.a.h.client5.http.headers - http-outgoing-0 >> Host: localhost:2375
2026-09-12 11:53:16 [main] DEBUG c.g.d.z.s.o.a.h.client5.http.headers - http-outgoing-0 >> Connection: keep-alive
2026-09-12 11:53:16 [main] DEBUG c.g.d.z.s.o.a.hc.client5.http.wire - http-outgoing-0 >> "GET /v1.32/info HTTP/1.1[\r][\n]"
2026-09-12 11:53:16 [main] DEBUG c.g.d.z.s.o.a.hc.client5.http.wire - http-outgoing-0 >> "x-tc-sid: 43740585-3a50-4494-bdb1-cf555441a3d7[\r][\n]"
2026-09-12 11:53:16 [main] DEBUG c.g.d.z.s.o.a.hc.client5.http.wire - http-outgoing-0 >> "User-Agent: tc-java/1.21.1[\r][\n]"
2026-09-12 11:53:16 [main] DEBUG c.g.d.z.s.o.a.hc.client5.http.wire - http-outgoing-0 >> "Accept-Encoding: gzip, x-gzip, deflate[\r][\n]"
2026-09-12 11:53:16 [main] DEBUG c.g.d.z.s.o.a.hc.client5.http.wire - http-outgoing-0 >> "Host: localhost:2375[\r][\n]"
2026-09-12 11:53:16 [main] DEBUG c.g.d.z.s.o.a.hc.client5.http.wire - http-outgoing-0 >> "Connection: keep-alive[\r][\n]"
2026-09-12 11:53:16 [main] DEBUG c.g.d.z.s.o.a.hc.client5.http.wire - http-outgoing-0 >> "[\r][\n]"
2026-09-12 11:53:16 [main] DEBUG c.g.d.z.s.o.a.hc.client5.http.wire - http-outgoing-0 << "HTTP/1.1 400 Bad Request[\r][\n]"
2026-09-12 11:53:16 [main] DEBUG c.g.d.z.s.o.a.hc.client5.http.wire - http-outgoing-0 << "Api-Version: 1.55[\r][\n]"
2026-09-12 11:53:16 [main] DEBUG c.g.d.z.s.o.a.hc.client5.http.wire - http-outgoing-0 << "Content-Type: application/json[\r][\n]"
2026-09-12 11:53:16 [main] DEBUG c.g.d.z.s.o.a.hc.client5.http.wire - http-outgoing-0 << "Date: Sat, 12 Sep 2026 09:53:16 GMT[\r][\n]"
2026-09-12 11:53:16 [main] DEBUG c.g.d.z.s.o.a.hc.client5.http.wire - http-outgoing-0 << "Ostype: linux[\r][\n]"
2026-09-12 11:53:16 [main] DEBUG c.g.d.z.s.o.a.hc.client5.http.wire - http-outgoing-0 << "Server: Docker/29.7.2 (linux)[\r][\n]"
2026-09-12 11:53:16 [main] DEBUG c.g.d.z.s.o.a.hc.client5.http.wire - http-outgoing-0 << "Transfer-Encoding: chunked[\r][\n]"
2026-09-12 11:53:16 [main] DEBUG c.g.d.z.s.o.a.hc.client5.http.wire - http-outgoing-0 << "[\r][\n]"
2026-09-12 11:53:16 [main] DEBUG c.g.d.z.s.o.a.h.client5.http.headers - http-outgoing-0 << HTTP/1.1 400 Bad Request
2026-09-12 11:53:16 [main] DEBUG c.g.d.z.s.o.a.h.client5.http.headers - http-outgoing-0 << Api-Version: 1.55
2026-09-12 11:53:16 [main] DEBUG c.g.d.z.s.o.a.h.client5.http.headers - http-outgoing-0 << Content-Type: application/json
2026-09-12 11:53:16 [main] DEBUG c.g.d.z.s.o.a.h.client5.http.headers - http-outgoing-0 << Date: Sat, 12 Sep 2026 09:53:16 GMT
2026-09-12 11:53:16 [main] DEBUG c.g.d.z.s.o.a.h.client5.http.headers - http-outgoing-0 << Ostype: linux
2026-09-12 11:53:16 [main] DEBUG c.g.d.z.s.o.a.h.client5.http.headers - http-outgoing-0 << Server: Docker/29.7.2 (linux)
2026-09-12 11:53:16 [main] DEBUG c.g.d.z.s.o.a.h.client5.http.headers - http-outgoing-0 << Transfer-Encoding: chunked
2026-09-12 11:53:16 [main] DEBUG c.g.d.z.s.o.a.h.c.h.i.c.MainClientExec - ex-00000001: connection can be kept alive for 3 MINUTES
2026-09-12 11:53:16 [main] DEBUG c.g.d.z.s.o.a.hc.client5.http.wire - http-outgoing-0 << "4b0[\r][\n]"
2026-09-12 11:53:16 [main] DEBUG c.g.d.z.s.o.a.hc.client5.http.wire - http-outgoing-0 << "{"ID":"","Containers":0,"ContainersRunning":0,"ContainersPaused":0,"ContainersStopped":0,"Images":0,"Driver":"","DriverStatus":null,"Plugins":{"Volume":null,"Network":null,"Authorization":null,"Log":null},"MemoryLimit":false,"SwapLimit":false,"CpuCfsPeriod":false,"CpuCfsQuota":false,"CPUShares":false,"CPUSet":false,"PidsLimit":false,"IPv4Forwarding":false,"Debug":false,"NFd":0,"OomKillDisable":false,"NGoroutines":0,"SystemTime":"","LoggingDriver":"","CgroupDriver":"","NEventsListener":0,"KernelVersion":"","OperatingSystem":"","OSVersion":"","OSType":"","Architecture":"","IndexServerAddress":"","RegistryConfig":null,"NCPU":0,"MemTotal":0,"GenericResources":null,"DockerRootDir":"","HttpProxy":"","HttpsProxy":"","NoProxy":"","Name":"","Labels":["com.docker.desktop.address=npipe://\\\\.\\pipe\\docker_cli"],"ExperimentalBuild":false,"ServerVersion":"","Runtimes":null,"DefaultRuntime":"","Swarm":{"NodeID":"","NodeAddr":"","LocalNodeState":"","ControlAvailable":false,"Error":"","RemoteManagers":null},"LiveRestoreEnabled":false,"Isolation":"","InitBinary":"","ContainerdCommit":{"ID":""},"RuncCommit":{"ID":""},"InitCommit":{"ID":""},"SecurityOptions":null,"CDISpecDirs":null,"Warnings":null}[\r][\n]"
2026-09-12 11:53:16 [main] DEBUG c.g.d.z.s.o.a.hc.client5.http.wire - http-outgoing-0 << "0[\r][\n]"
2026-09-12 11:53:16 [main] DEBUG c.g.d.z.s.o.a.hc.client5.http.wire - http-outgoing-0 << "[\r][\n]"
2026-09-12 11:53:16 [main] DEBUG c.g.d.z.s.o.a.h.c.h.i.c.InternalHttpClient - ep-00000000: releasing valid endpoint
2026-09-12 11:53:16 [main] DEBUG c.g.d.z.s.o.a.h.c.h.i.i.PoolingHttpClientConnectionManager - ep-00000000: releasing endpoint
2026-09-12 11:53:16 [main] DEBUG c.g.d.z.s.o.a.h.c.h.i.i.PoolingHttpClientConnectionManager - ep-00000000: connection http-outgoing-0 can be kept alive for 3 MINUTES
2026-09-12 11:53:16 [main] DEBUG c.g.d.z.s.o.a.h.c.h.i.i.PoolingHttpClientConnectionManager - ep-00000000: connection released [route: {}->npipe://localhost:2375][total available: 1; route allocated: 1 of 2147483647; total allocated: 1 of 2147483647]
2026-09-12 11:53:16 [main] DEBUG o.t.d.DockerClientProviderStrategy - NpipeSocketClientProviderStrategy: failed with exception BadRequestException (Status 400: {"ID":"","Containers":0,"ContainersRunning":0,"ContainersPaused":0,"ContainersStopped":0,"Images":0,"Driver":"","DriverStatus":null,"Plugins":{"Volume":null,"Network":null,"Authorization":null,"Log":null},"MemoryLimit":false,"SwapLimit":false,"CpuCfsPeriod":false,"CpuCfsQuota":false,"CPUShares":false,"CPUSet":false,"PidsLimit":false,"IPv4Forwarding":false,"Debug":false,"NFd":0,"OomKillDisable":false,"NGoroutines":0,"SystemTime":"","LoggingDriver":"","CgroupDriver":"","NEventsListener":0,"KernelVersion":"","OperatingSystem":"","OSVersion":"","OSType":"","Architecture":"","IndexServerAddress":"","RegistryConfig":null,"NCPU":0,"MemTotal":0,"GenericResources":null,"DockerRootDir":"","HttpProxy":"","HttpsProxy":"","NoProxy":"","Name":"","Labels":["com.docker.desktop.address=npipe://\\\\.\\pipe\\docker_cli"],"ExperimentalBuild":false,"ServerVersion":"","Runtimes":null,"DefaultRuntime":"","Swarm":{"NodeID":"","NodeAddr":"","LocalNodeState":"","ControlAvailable":false,"Error":"","RemoteManagers":null},"LiveRestoreEnabled":false,"Isolation":"","InitBinary":"","ContainerdCommit":{"ID":""},"RuncCommit":{"ID":""},"InitCommit":{"ID":""},"SecurityOptions":null,"CDISpecDirs":null,"Warnings":null})
2026-09-12 11:53:16 [main] INFO  o.t.d.DockerMachineClientProviderStrategy - docker-machine executable was not found on PATH ([C:\Windows\system32, C:\Windows, C:\Windows\System32\Wbem, C:\Windows\System32\WindowsPowerShell\v1.0\, C:\Windows\System32\OpenSSH\, C:\Program Files\dotnet\, C:\Program Files (x86)\NVIDIA Corporation\PhysX\Common, C:\Program Files\NVIDIA Corporation\NVIDIA app\NvDLISR, C:\Program Files\Cloudflare\Cloudflare WARP\, C:\Program Files\Git\cmd, C:\Users\azuureke\AppData\Local\Programs\Eclipse Adoptium\jdk-17.0.19.10-hotspot\bin, C:\Users\azuureke\AppData\Local\Microsoft\WindowsApps, , C:\Users\azuureke\AppData\Local\Programs\DockerDesktop\resources\bin])
2026-09-12 11:53:16 [main] ERROR o.t.d.DockerClientProviderStrategy - Could not find a valid Docker environment. Please check configuration. Attempted configurations were:
	NpipeSocketClientProviderStrategy: failed with exception BadRequestException (Status 400: {"ID":"","Containers":0,"ContainersRunning":0,"ContainersPaused":0,"ContainersStopped":0,"Images":0,"Driver":"","DriverStatus":null,"Plugins":{"Volume":null,"Network":null,"Authorization":null,"Log":null},"MemoryLimit":false,"SwapLimit":false,"CpuCfsPeriod":false,"CpuCfsQuota":false,"CPUShares":false,"CPUSet":false,"PidsLimit":false,"IPv4Forwarding":false,"Debug":false,"NFd":0,"OomKillDisable":false,"NGoroutines":0,"SystemTime":"","LoggingDriver":"","CgroupDriver":"","NEventsListener":0,"KernelVersion":"","OperatingSystem":"","OSVersion":"","OSType":"","Architecture":"","IndexServerAddress":"","RegistryConfig":null,"NCPU":0,"MemTotal":0,"GenericResources":null,"DockerRootDir":"","HttpProxy":"","HttpsProxy":"","NoProxy":"","Name":"","Labels":["com.docker.desktop.address=npipe://\\\\.\\pipe\\docker_cli"],"ExperimentalBuild":false,"ServerVersion":"","Runtimes":null,"DefaultRuntime":"","Swarm":{"NodeID":"","NodeAddr":"","LocalNodeState":"","ControlAvailable":false,"Error":"","RemoteManagers":null},"LiveRestoreEnabled":false,"Isolation":"","InitBinary":"","ContainerdCommit":{"ID":""},"RuncCommit":{"ID":""},"InitCommit":{"ID":""},"SecurityOptions":null,"CDISpecDirs":null,"Warnings":null})As no valid configuration was found, execution cannot continue.
See https://java.testcontainers.org/on_failure.html for more details.
2026-09-12 11:55:08 [main] INFO  o.testcontainers.DockerClientFactory - Testcontainers version: 1.21.1
2026-09-12 11:55:08 [main] DEBUG o.t.u.TestcontainersConfiguration - Testcontainers configuration overrides will be loaded from file:/C:/Users/azuureke/.testcontainers.properties
2026-09-12 11:55:08 [main] DEBUG o.t.u.TestcontainersConfiguration - Attempted to read Testcontainers configuration file at file:/C:/Users/azuureke/.testcontainers.properties but the file was not found. Exception message: FileNotFoundException: C:\Users\azuureke\.testcontainers.properties (The system cannot find the file specified)
2026-09-12 11:55:08 [main] DEBUG o.t.d.DockerClientProviderStrategy - Trying out strategy: NpipeSocketClientProviderStrategy
2026-09-12 11:55:08 [main] DEBUG o.t.s.c.g.d.c.command.AbstrDockerCmd - Cmd: 
2026-09-12 11:55:08 [main] DEBUG c.g.d.z.s.o.a.h.c.h.i.c.InternalHttpClient - ex-00000001: preparing request execution
2026-09-12 11:55:08 [main] DEBUG c.g.d.z.s.o.a.h.c.h.p.RequestAddCookies - Cookie spec selected: strict
2026-09-12 11:55:08 [main] DEBUG c.g.d.z.s.o.a.h.c.h.p.RequestAuthCache - Auth cache not set in the context
2026-09-12 11:55:08 [main] DEBUG c.g.d.z.s.o.a.h.c.h.i.c.ProtocolExec - ex-00000001: target auth state: UNCHALLENGED
2026-09-12 11:55:08 [main] DEBUG c.g.d.z.s.o.a.h.c.h.i.c.ProtocolExec - ex-00000001: proxy auth state: UNCHALLENGED
2026-09-12 11:55:08 [main] DEBUG c.g.d.z.s.o.a.h.c.h.i.c.ConnectExec - ex-00000001: acquiring connection with route {}->npipe://localhost:2375
2026-09-12 11:55:08 [main] DEBUG c.g.d.z.s.o.a.h.c.h.i.c.InternalHttpClient - ex-00000001: acquiring endpoint (3 MINUTES)
2026-09-12 11:55:08 [main] DEBUG c.g.d.z.s.o.a.h.c.h.i.i.PoolingHttpClientConnectionManager - ex-00000001: endpoint lease request (3 MINUTES) [route: {}->npipe://localhost:2375][total available: 0; route allocated: 0 of 2147483647; total allocated: 0 of 2147483647]
2026-09-12 11:55:08 [main] DEBUG c.g.d.z.s.o.a.h.c.h.i.i.PoolingHttpClientConnectionManager - ex-00000001: endpoint leased [route: {}->npipe://localhost:2375][total available: 0; route allocated: 1 of 2147483647; total allocated: 1 of 2147483647]
2026-09-12 11:55:08 [main] DEBUG c.g.d.z.s.o.a.h.c.h.i.i.PoolingHttpClientConnectionManager - ex-00000001: acquired ep-00000000
2026-09-12 11:55:08 [main] DEBUG c.g.d.z.s.o.a.h.c.h.i.c.InternalHttpClient - ex-00000001: acquired endpoint ep-00000000
2026-09-12 11:55:08 [main] DEBUG c.g.d.z.s.o.a.h.c.h.i.c.ConnectExec - ex-00000001: opening connection {}->npipe://localhost:2375
2026-09-12 11:55:08 [main] DEBUG c.g.d.z.s.o.a.h.c.h.i.c.InternalHttpClient - ep-00000000: connecting endpoint (3 MINUTES)
2026-09-12 11:55:08 [main] DEBUG c.g.d.z.s.o.a.h.c.h.i.i.PoolingHttpClientConnectionManager - ep-00000000: connecting endpoint to npipe://localhost:2375 (3 MINUTES)
2026-09-12 11:55:08 [main] DEBUG c.g.d.z.s.o.a.h.c.h.i.i.DefaultHttpClientConnectionOperator - http-outgoing-0: connecting to localhost/127.0.0.1:2375
2026-09-12 11:55:08 [main] DEBUG c.g.d.z.s.o.a.h.c.h.i.i.DefaultHttpClientConnectionOperator - http-outgoing-0: connection established 
2026-09-12 11:55:08 [main] DEBUG c.g.d.z.s.o.a.h.c.h.i.i.PoolingHttpClientConnectionManager - ep-00000000: connected http-outgoing-0
2026-09-12 11:55:08 [main] DEBUG c.g.d.z.s.o.a.h.c.h.i.c.InternalHttpClient - ep-00000000: endpoint connected
2026-09-12 11:55:08 [main] DEBUG c.g.d.z.s.o.a.h.c.h.i.c.MainClientExec - ex-00000001: executing GET /v1.32/info HTTP/1.1
2026-09-12 11:55:08 [main] DEBUG c.g.d.z.s.o.a.h.c.h.i.c.InternalHttpClient - ep-00000000: start execution ex-00000001
2026-09-12 11:55:08 [main] DEBUG c.g.d.z.s.o.a.h.c.h.i.i.PoolingHttpClientConnectionManager - ep-00000000: executing exchange ex-00000001 over http-outgoing-0
2026-09-12 11:55:08 [main] DEBUG c.g.d.z.s.o.a.h.client5.http.headers - http-outgoing-0 >> GET /v1.32/info HTTP/1.1
2026-09-12 11:55:08 [main] DEBUG c.g.d.z.s.o.a.h.client5.http.headers - http-outgoing-0 >> x-tc-sid: 8f74ac71-9ec4-468f-89a4-1d984e7b932d
2026-09-12 11:55:08 [main] DEBUG c.g.d.z.s.o.a.h.client5.http.headers - http-outgoing-0 >> User-Agent: tc-java/1.21.1
2026-09-12 11:55:08 [main] DEBUG c.g.d.z.s.o.a.h.client5.http.headers - http-outgoing-0 >> Accept-Encoding: gzip, x-gzip, deflate
2026-09-12 11:55:08 [main] DEBUG c.g.d.z.s.o.a.h.client5.http.headers - http-outgoing-0 >> Host: localhost:2375
2026-09-12 11:55:08 [main] DEBUG c.g.d.z.s.o.a.h.client5.http.headers - http-outgoing-0 >> Connection: keep-alive
2026-09-12 11:55:08 [main] DEBUG c.g.d.z.s.o.a.hc.client5.http.wire - http-outgoing-0 >> "GET /v1.32/info HTTP/1.1[\r][\n]"
2026-09-12 11:55:08 [main] DEBUG c.g.d.z.s.o.a.hc.client5.http.wire - http-outgoing-0 >> "x-tc-sid: 8f74ac71-9ec4-468f-89a4-1d984e7b932d[\r][\n]"
2026-09-12 11:55:08 [main] DEBUG c.g.d.z.s.o.a.hc.client5.http.wire - http-outgoing-0 >> "User-Agent: tc-java/1.21.1[\r][\n]"
2026-09-12 11:55:08 [main] DEBUG c.g.d.z.s.o.a.hc.client5.http.wire - http-outgoing-0 >> "Accept-Encoding: gzip, x-gzip, deflate[\r][\n]"
2026-09-12 11:55:08 [main] DEBUG c.g.d.z.s.o.a.hc.client5.http.wire - http-outgoing-0 >> "Host: localhost:2375[\r][\n]"
2026-09-12 11:55:08 [main] DEBUG c.g.d.z.s.o.a.hc.client5.http.wire - http-outgoing-0 >> "Connection: keep-alive[\r][\n]"
2026-09-12 11:55:08 [main] DEBUG c.g.d.z.s.o.a.hc.client5.http.wire - http-outgoing-0 >> "[\r][\n]"
2026-09-12 11:55:08 [main] DEBUG c.g.d.z.s.o.a.hc.client5.http.wire - http-outgoing-0 << "HTTP/1.1 400 Bad Request[\r][\n]"
2026-09-12 11:55:08 [main] DEBUG c.g.d.z.s.o.a.hc.client5.http.wire - http-outgoing-0 << "Api-Version: 1.55[\r][\n]"
2026-09-12 11:55:08 [main] DEBUG c.g.d.z.s.o.a.hc.client5.http.wire - http-outgoing-0 << "Content-Type: application/json[\r][\n]"
2026-09-12 11:55:08 [main] DEBUG c.g.d.z.s.o.a.hc.client5.http.wire - http-outgoing-0 << "Date: Sat, 12 Sep 2026 09:55:08 GMT[\r][\n]"
2026-09-12 11:55:08 [main] DEBUG c.g.d.z.s.o.a.hc.client5.http.wire - http-outgoing-0 << "Ostype: linux[\r][\n]"
2026-09-12 11:55:08 [main] DEBUG c.g.d.z.s.o.a.hc.client5.http.wire - http-outgoing-0 << "Server: Docker/29.7.2 (linux)[\r][\n]"
2026-09-12 11:55:08 [main] DEBUG c.g.d.z.s.o.a.hc.client5.http.wire - http-outgoing-0 << "Transfer-Encoding: chunked[\r][\n]"
2026-09-12 11:55:08 [main] DEBUG c.g.d.z.s.o.a.hc.client5.http.wire - http-outgoing-0 << "[\r][\n]"
2026-09-12 11:55:08 [main] DEBUG c.g.d.z.s.o.a.h.client5.http.headers - http-outgoing-0 << HTTP/1.1 400 Bad Request
2026-09-12 11:55:08 [main] DEBUG c.g.d.z.s.o.a.h.client5.http.headers - http-outgoing-0 << Api-Version: 1.55
2026-09-12 11:55:08 [main] DEBUG c.g.d.z.s.o.a.h.client5.http.headers - http-outgoing-0 << Content-Type: application/json
2026-09-12 11:55:08 [main] DEBUG c.g.d.z.s.o.a.h.client5.http.headers - http-outgoing-0 << Date: Sat, 12 Sep 2026 09:55:08 GMT
2026-09-12 11:55:08 [main] DEBUG c.g.d.z.s.o.a.h.client5.http.headers - http-outgoing-0 << Ostype: linux
2026-09-12 11:55:08 [main] DEBUG c.g.d.z.s.o.a.h.client5.http.headers - http-outgoing-0 << Server: Docker/29.7.2 (linux)
2026-09-12 11:55:08 [main] DEBUG c.g.d.z.s.o.a.h.client5.http.headers - http-outgoing-0 << Transfer-Encoding: chunked
2026-09-12 11:55:08 [main] DEBUG c.g.d.z.s.o.a.h.c.h.i.c.MainClientExec - ex-00000001: connection can be kept alive for 3 MINUTES
2026-09-12 11:55:08 [main] DEBUG c.g.d.z.s.o.a.hc.client5.http.wire - http-outgoing-0 << "4b0[\r][\n]"
2026-09-12 11:55:08 [main] DEBUG c.g.d.z.s.o.a.hc.client5.http.wire - http-outgoing-0 << "{"ID":"","Containers":0,"ContainersRunning":0,"ContainersPaused":0,"ContainersStopped":0,"Images":0,"Driver":"","DriverStatus":null,"Plugins":{"Volume":null,"Network":null,"Authorization":null,"Log":null},"MemoryLimit":false,"SwapLimit":false,"CpuCfsPeriod":false,"CpuCfsQuota":false,"CPUShares":false,"CPUSet":false,"PidsLimit":false,"IPv4Forwarding":false,"Debug":false,"NFd":0,"OomKillDisable":false,"NGoroutines":0,"SystemTime":"","LoggingDriver":"","CgroupDriver":"","NEventsListener":0,"KernelVersion":"","OperatingSystem":"","OSVersion":"","OSType":"","Architecture":"","IndexServerAddress":"","RegistryConfig":null,"NCPU":0,"MemTotal":0,"GenericResources":null,"DockerRootDir":"","HttpProxy":"","HttpsProxy":"","NoProxy":"","Name":"","Labels":["com.docker.desktop.address=npipe://\\\\.\\pipe\\docker_cli"],"ExperimentalBuild":false,"ServerVersion":"","Runtimes":null,"DefaultRuntime":"","Swarm":{"NodeID":"","NodeAddr":"","LocalNodeState":"","ControlAvailable":false,"Error":"","RemoteManagers":null},"LiveRestoreEnabled":false,"Isolation":"","InitBinary":"","ContainerdCommit":{"ID":""},"RuncCommit":{"ID":""},"InitCommit":{"ID":""},"SecurityOptions":null,"CDISpecDirs":null,"Warnings":null}[\r][\n]"
2026-09-12 11:55:08 [main] DEBUG c.g.d.z.s.o.a.hc.client5.http.wire - http-outgoing-0 << "0[\r][\n]"
2026-09-12 11:55:08 [main] DEBUG c.g.d.z.s.o.a.hc.client5.http.wire - http-outgoing-0 << "[\r][\n]"
2026-09-12 11:55:08 [main] DEBUG c.g.d.z.s.o.a.h.c.h.i.c.InternalHttpClient - ep-00000000: releasing valid endpoint
2026-09-12 11:55:08 [main] DEBUG c.g.d.z.s.o.a.h.c.h.i.i.PoolingHttpClientConnectionManager - ep-00000000: releasing endpoint
2026-09-12 11:55:08 [main] DEBUG c.g.d.z.s.o.a.h.c.h.i.i.PoolingHttpClientConnectionManager - ep-00000000: connection http-outgoing-0 can be kept alive for 3 MINUTES
2026-09-12 11:55:08 [main] DEBUG c.g.d.z.s.o.a.h.c.h.i.i.PoolingHttpClientConnectionManager - ep-00000000: connection released [route: {}->npipe://localhost:2375][total available: 1; route allocated: 1 of 2147483647; total allocated: 1 of 2147483647]
2026-09-12 11:55:08 [main] DEBUG o.t.d.DockerClientProviderStrategy - NpipeSocketClientProviderStrategy: failed with exception BadRequestException (Status 400: {"ID":"","Containers":0,"ContainersRunning":0,"ContainersPaused":0,"ContainersStopped":0,"Images":0,"Driver":"","DriverStatus":null,"Plugins":{"Volume":null,"Network":null,"Authorization":null,"Log":null},"MemoryLimit":false,"SwapLimit":false,"CpuCfsPeriod":false,"CpuCfsQuota":false,"CPUShares":false,"CPUSet":false,"PidsLimit":false,"IPv4Forwarding":false,"Debug":false,"NFd":0,"OomKillDisable":false,"NGoroutines":0,"SystemTime":"","LoggingDriver":"","CgroupDriver":"","NEventsListener":0,"KernelVersion":"","OperatingSystem":"","OSVersion":"","OSType":"","Architecture":"","IndexServerAddress":"","RegistryConfig":null,"NCPU":0,"MemTotal":0,"GenericResources":null,"DockerRootDir":"","HttpProxy":"","HttpsProxy":"","NoProxy":"","Name":"","Labels":["com.docker.desktop.address=npipe://\\\\.\\pipe\\docker_cli"],"ExperimentalBuild":false,"ServerVersion":"","Runtimes":null,"DefaultRuntime":"","Swarm":{"NodeID":"","NodeAddr":"","LocalNodeState":"","ControlAvailable":false,"Error":"","RemoteManagers":null},"LiveRestoreEnabled":false,"Isolation":"","InitBinary":"","ContainerdCommit":{"ID":""},"RuncCommit":{"ID":""},"InitCommit":{"ID":""},"SecurityOptions":null,"CDISpecDirs":null,"Warnings":null})
2026-09-12 11:55:08 [main] INFO  o.t.d.DockerMachineClientProviderStrategy - docker-machine executable was not found on PATH ([C:\Windows\system32, C:\Windows, C:\Windows\System32\Wbem, C:\Windows\System32\WindowsPowerShell\v1.0\, C:\Windows\System32\OpenSSH\, C:\Program Files\dotnet\, C:\Program Files (x86)\NVIDIA Corporation\PhysX\Common, C:\Program Files\NVIDIA Corporation\NVIDIA app\NvDLISR, C:\Program Files\Cloudflare\Cloudflare WARP\, C:\Program Files\Git\cmd, C:\Users\azuureke\AppData\Local\Programs\Eclipse Adoptium\jdk-17.0.19.10-hotspot\bin, C:\Users\azuureke\AppData\Local\Microsoft\WindowsApps, , C:\Users\azuureke\AppData\Local\Programs\DockerDesktop\resources\bin])
2026-09-12 11:55:08 [main] ERROR o.t.d.DockerClientProviderStrategy - Could not find a valid Docker environment. Please check configuration. Attempted configurations were:
	NpipeSocketClientProviderStrategy: failed with exception BadRequestException (Status 400: {"ID":"","Containers":0,"ContainersRunning":0,"ContainersPaused":0,"ContainersStopped":0,"Images":0,"Driver":"","DriverStatus":null,"Plugins":{"Volume":null,"Network":null,"Authorization":null,"Log":null},"MemoryLimit":false,"SwapLimit":false,"CpuCfsPeriod":false,"CpuCfsQuota":false,"CPUShares":false,"CPUSet":false,"PidsLimit":false,"IPv4Forwarding":false,"Debug":false,"NFd":0,"OomKillDisable":false,"NGoroutines":0,"SystemTime":"","LoggingDriver":"","CgroupDriver":"","NEventsListener":0,"KernelVersion":"","OperatingSystem":"","OSVersion":"","OSType":"","Architecture":"","IndexServerAddress":"","RegistryConfig":null,"NCPU":0,"MemTotal":0,"GenericResources":null,"DockerRootDir":"","HttpProxy":"","HttpsProxy":"","NoProxy":"","Name":"","Labels":["com.docker.desktop.address=npipe://\\\\.\\pipe\\docker_cli"],"ExperimentalBuild":false,"ServerVersion":"","Runtimes":null,"DefaultRuntime":"","Swarm":{"NodeID":"","NodeAddr":"","LocalNodeState":"","ControlAvailable":false,"Error":"","RemoteManagers":null},"LiveRestoreEnabled":false,"Isolation":"","InitBinary":"","ContainerdCommit":{"ID":""},"RuncCommit":{"ID":""},"InitCommit":{"ID":""},"SecurityOptions":null,"CDISpecDirs":null,"Warnings":null})As no valid configuration was found, execution cannot continue.
See https://java.testcontainers.org/on_failure.html for more details.
2026-09-12 11:57:39 [main] INFO  o.testcontainers.DockerClientFactory - Testcontainers version: 1.21.1
2026-09-12 11:57:39 [main] DEBUG o.t.u.TestcontainersConfiguration - Testcontainers configuration overrides will be loaded from file:/C:/Users/azuureke/.testcontainers.properties
2026-09-12 11:57:39 [main] DEBUG o.t.d.DockerClientProviderStrategy - Trying out strategy: EnvironmentAndSystemPropertyClientProviderStrategy
2026-09-12 11:57:39 [main] DEBUG o.t.s.c.g.d.c.command.AbstrDockerCmd - Cmd: 
2026-09-12 11:57:39 [main] DEBUG c.g.d.z.s.o.a.h.c.h.i.c.InternalHttpClient - ex-00000001: preparing request execution
2026-09-12 11:57:39 [main] DEBUG c.g.d.z.s.o.a.h.c.h.p.RequestAddCookies - Cookie spec selected: strict
2026-09-12 11:57:39 [main] DEBUG c.g.d.z.s.o.a.h.c.h.p.RequestAuthCache - Auth cache not set in the context
2026-09-12 11:57:39 [main] DEBUG c.g.d.z.s.o.a.h.c.h.i.c.ProtocolExec - ex-00000001: target auth state: UNCHALLENGED
2026-09-12 11:57:39 [main] DEBUG c.g.d.z.s.o.a.h.c.h.i.c.ProtocolExec - ex-00000001: proxy auth state: UNCHALLENGED
2026-09-12 11:57:39 [main] DEBUG c.g.d.z.s.o.a.h.c.h.i.c.ConnectExec - ex-00000001: acquiring connection with route {}->npipe://localhost:2375
2026-09-12 11:57:39 [main] DEBUG c.g.d.z.s.o.a.h.c.h.i.c.InternalHttpClient - ex-00000001: acquiring endpoint (3 MINUTES)
2026-09-12 11:57:39 [main] DEBUG c.g.d.z.s.o.a.h.c.h.i.i.PoolingHttpClientConnectionManager - ex-00000001: endpoint lease request (3 MINUTES) [route: {}->npipe://localhost:2375][total available: 0; route allocated: 0 of 2147483647; total allocated: 0 of 2147483647]
2026-09-12 11:57:39 [main] DEBUG c.g.d.z.s.o.a.h.c.h.i.i.PoolingHttpClientConnectionManager - ex-00000001: endpoint leased [route: {}->npipe://localhost:2375][total available: 0; route allocated: 1 of 2147483647; total allocated: 1 of 2147483647]
2026-09-12 11:57:39 [main] DEBUG c.g.d.z.s.o.a.h.c.h.i.i.PoolingHttpClientConnectionManager - ex-00000001: acquired ep-00000000
2026-09-12 11:57:39 [main] DEBUG c.g.d.z.s.o.a.h.c.h.i.c.InternalHttpClient - ex-00000001: acquired endpoint ep-00000000
2026-09-12 11:57:39 [main] DEBUG c.g.d.z.s.o.a.h.c.h.i.c.ConnectExec - ex-00000001: opening connection {}->npipe://localhost:2375
2026-09-12 11:57:39 [main] DEBUG c.g.d.z.s.o.a.h.c.h.i.c.InternalHttpClient - ep-00000000: connecting endpoint (3 MINUTES)
2026-09-12 11:57:39 [main] DEBUG c.g.d.z.s.o.a.h.c.h.i.i.PoolingHttpClientConnectionManager - ep-00000000: connecting endpoint to npipe://localhost:2375 (3 MINUTES)
2026-09-12 11:57:39 [main] DEBUG c.g.d.z.s.o.a.h.c.h.i.i.DefaultHttpClientConnectionOperator - http-outgoing-0: connecting to localhost/127.0.0.1:2375
2026-09-12 11:57:39 [main] DEBUG c.g.d.z.s.o.a.h.c.h.i.i.DefaultHttpClientConnectionOperator - http-outgoing-0: connection established 
2026-09-12 11:57:39 [main] DEBUG c.g.d.z.s.o.a.h.c.h.i.i.PoolingHttpClientConnectionManager - ep-00000000: connected http-outgoing-0
2026-09-12 11:57:39 [main] DEBUG c.g.d.z.s.o.a.h.c.h.i.c.InternalHttpClient - ep-00000000: endpoint connected
2026-09-12 11:57:39 [main] DEBUG c.g.d.z.s.o.a.h.c.h.i.c.MainClientExec - ex-00000001: executing GET /v1.32/info HTTP/1.1
2026-09-12 11:57:39 [main] DEBUG c.g.d.z.s.o.a.h.c.h.i.c.InternalHttpClient - ep-00000000: start execution ex-00000001
2026-09-12 11:57:39 [main] DEBUG c.g.d.z.s.o.a.h.c.h.i.i.PoolingHttpClientConnectionManager - ep-00000000: executing exchange ex-00000001 over http-outgoing-0
2026-09-12 11:57:39 [main] DEBUG c.g.d.z.s.o.a.h.client5.http.headers - http-outgoing-0 >> GET /v1.32/info HTTP/1.1
2026-09-12 11:57:39 [main] DEBUG c.g.d.z.s.o.a.h.client5.http.headers - http-outgoing-0 >> x-tc-sid: e9e88007-48bb-4800-8e5f-622deee7ba50
2026-09-12 11:57:39 [main] DEBUG c.g.d.z.s.o.a.h.client5.http.headers - http-outgoing-0 >> User-Agent: tc-java/1.21.1
2026-09-12 11:57:39 [main] DEBUG c.g.d.z.s.o.a.h.client5.http.headers - http-outgoing-0 >> Accept-Encoding: gzip, x-gzip, deflate
2026-09-12 11:57:39 [main] DEBUG c.g.d.z.s.o.a.h.client5.http.headers - http-outgoing-0 >> Host: localhost:2375
2026-09-12 11:57:39 [main] DEBUG c.g.d.z.s.o.a.h.client5.http.headers - http-outgoing-0 >> Connection: keep-alive
2026-09-12 11:57:39 [main] DEBUG c.g.d.z.s.o.a.hc.client5.http.wire - http-outgoing-0 >> "GET /v1.32/info HTTP/1.1[\r][\n]"
2026-09-12 11:57:39 [main] DEBUG c.g.d.z.s.o.a.hc.client5.http.wire - http-outgoing-0 >> "x-tc-sid: e9e88007-48bb-4800-8e5f-622deee7ba50[\r][\n]"
2026-09-12 11:57:39 [main] DEBUG c.g.d.z.s.o.a.hc.client5.http.wire - http-outgoing-0 >> "User-Agent: tc-java/1.21.1[\r][\n]"
2026-09-12 11:57:39 [main] DEBUG c.g.d.z.s.o.a.hc.client5.http.wire - http-outgoing-0 >> "Accept-Encoding: gzip, x-gzip, deflate[\r][\n]"
2026-09-12 11:57:39 [main] DEBUG c.g.d.z.s.o.a.hc.client5.http.wire - http-outgoing-0 >> "Host: localhost:2375[\r][\n]"
2026-09-12 11:57:39 [main] DEBUG c.g.d.z.s.o.a.hc.client5.http.wire - http-outgoing-0 >> "Connection: keep-alive[\r][\n]"
2026-09-12 11:57:39 [main] DEBUG c.g.d.z.s.o.a.hc.client5.http.wire - http-outgoing-0 >> "[\r][\n]"
2026-09-12 11:57:39 [main] DEBUG c.g.d.z.s.o.a.hc.client5.http.wire - http-outgoing-0 << "HTTP/1.1 400 Bad Request[\r][\n]"
2026-09-12 11:57:39 [main] DEBUG c.g.d.z.s.o.a.hc.client5.http.wire - http-outgoing-0 << "Api-Version: 1.55[\r][\n]"
2026-09-12 11:57:39 [main] DEBUG c.g.d.z.s.o.a.hc.client5.http.wire - http-outgoing-0 << "Content-Type: application/json[\r][\n]"
2026-09-12 11:57:39 [main] DEBUG c.g.d.z.s.o.a.hc.client5.http.wire - http-outgoing-0 << "Date: Sat, 12 Sep 2026 09:57:39 GMT[\r][\n]"
2026-09-12 11:57:39 [main] DEBUG c.g.d.z.s.o.a.hc.client5.http.wire - http-outgoing-0 << "Ostype: linux[\r][\n]"
2026-09-12 11:57:39 [main] DEBUG c.g.d.z.s.o.a.hc.client5.http.wire - http-outgoing-0 << "Server: Docker/29.7.2 (linux)[\r][\n]"
2026-09-12 11:57:39 [main] DEBUG c.g.d.z.s.o.a.hc.client5.http.wire - http-outgoing-0 << "Transfer-Encoding: chunked[\r][\n]"
2026-09-12 11:57:39 [main] DEBUG c.g.d.z.s.o.a.hc.client5.http.wire - http-outgoing-0 << "[\r][\n]"
2026-09-12 11:57:39 [main] DEBUG c.g.d.z.s.o.a.h.client5.http.headers - http-outgoing-0 << HTTP/1.1 400 Bad Request
2026-09-12 11:57:39 [main] DEBUG c.g.d.z.s.o.a.h.client5.http.headers - http-outgoing-0 << Api-Version: 1.55
2026-09-12 11:57:39 [main] DEBUG c.g.d.z.s.o.a.h.client5.http.headers - http-outgoing-0 << Content-Type: application/json
2026-09-12 11:57:39 [main] DEBUG c.g.d.z.s.o.a.h.client5.http.headers - http-outgoing-0 << Date: Sat, 12 Sep 2026 09:57:39 GMT
2026-09-12 11:57:39 [main] DEBUG c.g.d.z.s.o.a.h.client5.http.headers - http-outgoing-0 << Ostype: linux
2026-09-12 11:57:39 [main] DEBUG c.g.d.z.s.o.a.h.client5.http.headers - http-outgoing-0 << Server: Docker/29.7.2 (linux)
2026-09-12 11:57:39 [main] DEBUG c.g.d.z.s.o.a.h.client5.http.headers - http-outgoing-0 << Transfer-Encoding: chunked
2026-09-12 11:57:39 [main] DEBUG c.g.d.z.s.o.a.h.c.h.i.c.MainClientExec - ex-00000001: connection can be kept alive for 3 MINUTES
2026-09-12 11:57:39 [main] DEBUG c.g.d.z.s.o.a.hc.client5.http.wire - http-outgoing-0 << "4b0[\r][\n]"
2026-09-12 11:57:39 [main] DEBUG c.g.d.z.s.o.a.hc.client5.http.wire - http-outgoing-0 << "{"ID":"","Containers":0,"ContainersRunning":0,"ContainersPaused":0,"ContainersStopped":0,"Images":0,"Driver":"","DriverStatus":null,"Plugins":{"Volume":null,"Network":null,"Authorization":null,"Log":null},"MemoryLimit":false,"SwapLimit":false,"CpuCfsPeriod":false,"CpuCfsQuota":false,"CPUShares":false,"CPUSet":false,"PidsLimit":false,"IPv4Forwarding":false,"Debug":false,"NFd":0,"OomKillDisable":false,"NGoroutines":0,"SystemTime":"","LoggingDriver":"","CgroupDriver":"","NEventsListener":0,"KernelVersion":"","OperatingSystem":"","OSVersion":"","OSType":"","Architecture":"","IndexServerAddress":"","RegistryConfig":null,"NCPU":0,"MemTotal":0,"GenericResources":null,"DockerRootDir":"","HttpProxy":"","HttpsProxy":"","NoProxy":"","Name":"","Labels":["com.docker.desktop.address=npipe://\\\\.\\pipe\\docker_cli"],"ExperimentalBuild":false,"ServerVersion":"","Runtimes":null,"DefaultRuntime":"","Swarm":{"NodeID":"","NodeAddr":"","LocalNodeState":"","ControlAvailable":false,"Error":"","RemoteManagers":null},"LiveRestoreEnabled":false,"Isolation":"","InitBinary":"","ContainerdCommit":{"ID":""},"RuncCommit":{"ID":""},"InitCommit":{"ID":""},"SecurityOptions":null,"CDISpecDirs":null,"Warnings":null}[\r][\n]"
2026-09-12 11:57:39 [main] DEBUG c.g.d.z.s.o.a.hc.client5.http.wire - http-outgoing-0 << "0[\r][\n]"
2026-09-12 11:57:39 [main] DEBUG c.g.d.z.s.o.a.hc.client5.http.wire - http-outgoing-0 << "[\r][\n]"
2026-09-12 11:57:39 [main] DEBUG c.g.d.z.s.o.a.h.c.h.i.c.InternalHttpClient - ep-00000000: releasing valid endpoint
2026-09-12 11:57:39 [main] DEBUG c.g.d.z.s.o.a.h.c.h.i.i.PoolingHttpClientConnectionManager - ep-00000000: releasing endpoint
2026-09-12 11:57:39 [main] DEBUG c.g.d.z.s.o.a.h.c.h.i.i.PoolingHttpClientConnectionManager - ep-00000000: connection http-outgoing-0 can be kept alive for 3 MINUTES
2026-09-12 11:57:39 [main] DEBUG c.g.d.z.s.o.a.h.c.h.i.i.PoolingHttpClientConnectionManager - ep-00000000: connection released [route: {}->npipe://localhost:2375][total available: 1; route allocated: 1 of 2147483647; total allocated: 1 of 2147483647]
2026-09-12 11:57:39 [main] DEBUG o.t.d.DockerClientProviderStrategy - EnvironmentAndSystemPropertyClientProviderStrategy: failed with exception BadRequestException (Status 400: {"ID":"","Containers":0,"ContainersRunning":0,"ContainersPaused":0,"ContainersStopped":0,"Images":0,"Driver":"","DriverStatus":null,"Plugins":{"Volume":null,"Network":null,"Authorization":null,"Log":null},"MemoryLimit":false,"SwapLimit":false,"CpuCfsPeriod":false,"CpuCfsQuota":false,"CPUShares":false,"CPUSet":false,"PidsLimit":false,"IPv4Forwarding":false,"Debug":false,"NFd":0,"OomKillDisable":false,"NGoroutines":0,"SystemTime":"","LoggingDriver":"","CgroupDriver":"","NEventsListener":0,"KernelVersion":"","OperatingSystem":"","OSVersion":"","OSType":"","Architecture":"","IndexServerAddress":"","RegistryConfig":null,"NCPU":0,"MemTotal":0,"GenericResources":null,"DockerRootDir":"","HttpProxy":"","HttpsProxy":"","NoProxy":"","Name":"","Labels":["com.docker.desktop.address=npipe://\\\\.\\pipe\\docker_cli"],"ExperimentalBuild":false,"ServerVersion":"","Runtimes":null,"DefaultRuntime":"","Swarm":{"NodeID":"","NodeAddr":"","LocalNodeState":"","ControlAvailable":false,"Error":"","RemoteManagers":null},"LiveRestoreEnabled":false,"Isolation":"","InitBinary":"","ContainerdCommit":{"ID":""},"RuncCommit":{"ID":""},"InitCommit":{"ID":""},"SecurityOptions":null,"CDISpecDirs":null,"Warnings":null})
2026-09-12 11:57:39 [main] DEBUG o.t.d.DockerClientProviderStrategy - Trying out strategy: NpipeSocketClientProviderStrategy
2026-09-12 11:57:39 [main] DEBUG o.t.s.c.g.d.c.command.AbstrDockerCmd - Cmd: 
2026-09-12 11:57:39 [main] DEBUG c.g.d.z.s.o.a.h.c.h.i.c.InternalHttpClient - ex-00000002: preparing request execution
2026-09-12 11:57:39 [main] DEBUG c.g.d.z.s.o.a.h.c.h.p.RequestAddCookies - Cookie spec selected: strict
2026-09-12 11:57:39 [main] DEBUG c.g.d.z.s.o.a.h.c.h.p.RequestAuthCache - Auth cache not set in the context
2026-09-12 11:57:39 [main] DEBUG c.g.d.z.s.o.a.h.c.h.i.c.ProtocolExec - ex-00000002: target auth state: UNCHALLENGED
2026-09-12 11:57:39 [main] DEBUG c.g.d.z.s.o.a.h.c.h.i.c.ProtocolExec - ex-00000002: proxy auth state: UNCHALLENGED
2026-09-12 11:57:39 [main] DEBUG c.g.d.z.s.o.a.h.c.h.i.c.ConnectExec - ex-00000002: acquiring connection with route {}->npipe://localhost:2375
2026-09-12 11:57:39 [main] DEBUG c.g.d.z.s.o.a.h.c.h.i.c.InternalHttpClient - ex-00000002: acquiring endpoint (3 MINUTES)
2026-09-12 11:57:39 [main] DEBUG c.g.d.z.s.o.a.h.c.h.i.i.PoolingHttpClientConnectionManager - ex-00000002: endpoint lease request (3 MINUTES) [route: {}->npipe://localhost:2375][total available: 0; route allocated: 0 of 2147483647; total allocated: 0 of 2147483647]
2026-09-12 11:57:39 [main] DEBUG c.g.d.z.s.o.a.h.c.h.i.i.PoolingHttpClientConnectionManager - ex-00000002: endpoint leased [route: {}->npipe://localhost:2375][total available: 0; route allocated: 1 of 2147483647; total allocated: 1 of 2147483647]
2026-09-12 11:57:39 [main] DEBUG c.g.d.z.s.o.a.h.c.h.i.i.PoolingHttpClientConnectionManager - ex-00000002: acquired ep-00000001
2026-09-12 11:57:39 [main] DEBUG c.g.d.z.s.o.a.h.c.h.i.c.InternalHttpClient - ex-00000002: acquired endpoint ep-00000001
2026-09-12 11:57:39 [main] DEBUG c.g.d.z.s.o.a.h.c.h.i.c.ConnectExec - ex-00000002: opening connection {}->npipe://localhost:2375
2026-09-12 11:57:39 [main] DEBUG c.g.d.z.s.o.a.h.c.h.i.c.InternalHttpClient - ep-00000001: connecting endpoint (3 MINUTES)
2026-09-12 11:57:39 [main] DEBUG c.g.d.z.s.o.a.h.c.h.i.i.PoolingHttpClientConnectionManager - ep-00000001: connecting endpoint to npipe://localhost:2375 (3 MINUTES)
2026-09-12 11:57:39 [main] DEBUG c.g.d.z.s.o.a.h.c.h.i.i.DefaultHttpClientConnectionOperator - http-outgoing-1: connecting to localhost/127.0.0.1:2375
2026-09-12 11:57:39 [main] DEBUG c.g.d.z.s.o.a.h.c.h.i.i.DefaultHttpClientConnectionOperator - http-outgoing-1: connection established 
2026-09-12 11:57:39 [main] DEBUG c.g.d.z.s.o.a.h.c.h.i.i.PoolingHttpClientConnectionManager - ep-00000001: connected http-outgoing-1
2026-09-12 11:57:39 [main] DEBUG c.g.d.z.s.o.a.h.c.h.i.c.InternalHttpClient - ep-00000001: endpoint connected
2026-09-12 11:57:39 [main] DEBUG c.g.d.z.s.o.a.h.c.h.i.c.MainClientExec - ex-00000002: executing GET /v1.32/info HTTP/1.1
2026-09-12 11:57:39 [main] DEBUG c.g.d.z.s.o.a.h.c.h.i.c.InternalHttpClient - ep-00000001: start execution ex-00000002
2026-09-12 11:57:39 [main] DEBUG c.g.d.z.s.o.a.h.c.h.i.i.PoolingHttpClientConnectionManager - ep-00000001: executing exchange ex-00000002 over http-outgoing-1
2026-09-12 11:57:39 [main] DEBUG c.g.d.z.s.o.a.h.client5.http.headers - http-outgoing-1 >> GET /v1.32/info HTTP/1.1
2026-09-12 11:57:39 [main] DEBUG c.g.d.z.s.o.a.h.client5.http.headers - http-outgoing-1 >> x-tc-sid: e9e88007-48bb-4800-8e5f-622deee7ba50
2026-09-12 11:57:39 [main] DEBUG c.g.d.z.s.o.a.h.client5.http.headers - http-outgoing-1 >> User-Agent: tc-java/1.21.1
2026-09-12 11:57:39 [main] DEBUG c.g.d.z.s.o.a.h.client5.http.headers - http-outgoing-1 >> Accept-Encoding: gzip, x-gzip, deflate
2026-09-12 11:57:39 [main] DEBUG c.g.d.z.s.o.a.h.client5.http.headers - http-outgoing-1 >> Host: localhost:2375
2026-09-12 11:57:39 [main] DEBUG c.g.d.z.s.o.a.h.client5.http.headers - http-outgoing-1 >> Connection: keep-alive
2026-09-12 11:57:39 [main] DEBUG c.g.d.z.s.o.a.hc.client5.http.wire - http-outgoing-1 >> "GET /v1.32/info HTTP/1.1[\r][\n]"
2026-09-12 11:57:39 [main] DEBUG c.g.d.z.s.o.a.hc.client5.http.wire - http-outgoing-1 >> "x-tc-sid: e9e88007-48bb-4800-8e5f-622deee7ba50[\r][\n]"
2026-09-12 11:57:39 [main] DEBUG c.g.d.z.s.o.a.hc.client5.http.wire - http-outgoing-1 >> "User-Agent: tc-java/1.21.1[\r][\n]"
2026-09-12 11:57:39 [main] DEBUG c.g.d.z.s.o.a.hc.client5.http.wire - http-outgoing-1 >> "Accept-Encoding: gzip, x-gzip, deflate[\r][\n]"
2026-09-12 11:57:39 [main] DEBUG c.g.d.z.s.o.a.hc.client5.http.wire - http-outgoing-1 >> "Host: localhost:2375[\r][\n]"
2026-09-12 11:57:39 [main] DEBUG c.g.d.z.s.o.a.hc.client5.http.wire - http-outgoing-1 >> "Connection: keep-alive[\r][\n]"
2026-09-12 11:57:39 [main] DEBUG c.g.d.z.s.o.a.hc.client5.http.wire - http-outgoing-1 >> "[\r][\n]"
2026-09-12 11:57:39 [main] DEBUG c.g.d.z.s.o.a.hc.client5.http.wire - http-outgoing-1 << "HTTP/1.1 400 Bad Request[\r][\n]"
2026-09-12 11:57:39 [main] DEBUG c.g.d.z.s.o.a.hc.client5.http.wire - http-outgoing-1 << "Api-Version: 1.55[\r][\n]"
2026-09-12 11:57:39 [main] DEBUG c.g.d.z.s.o.a.hc.client5.http.wire - http-outgoing-1 << "Content-Type: application/json[\r][\n]"
2026-09-12 11:57:39 [main] DEBUG c.g.d.z.s.o.a.hc.client5.http.wire - http-outgoing-1 << "Date: Sat, 12 Sep 2026 09:57:39 GMT[\r][\n]"
2026-09-12 11:57:39 [main] DEBUG c.g.d.z.s.o.a.hc.client5.http.wire - http-outgoing-1 << "Ostype: linux[\r][\n]"
2026-09-12 11:57:39 [main] DEBUG c.g.d.z.s.o.a.hc.client5.http.wire - http-outgoing-1 << "Server: Docker/29.7.2 (linux)[\r][\n]"
2026-09-12 11:57:39 [main] DEBUG c.g.d.z.s.o.a.hc.client5.http.wire - http-outgoing-1 << "Transfer-Encoding: chunked[\r][\n]"
2026-09-12 11:57:39 [main] DEBUG c.g.d.z.s.o.a.hc.client5.http.wire - http-outgoing-1 << "[\r][\n]"
2026-09-12 11:57:39 [main] DEBUG c.g.d.z.s.o.a.h.client5.http.headers - http-outgoing-1 << HTTP/1.1 400 Bad Request
2026-09-12 11:57:39 [main] DEBUG c.g.d.z.s.o.a.h.client5.http.headers - http-outgoing-1 << Api-Version: 1.55
2026-09-12 11:57:39 [main] DEBUG c.g.d.z.s.o.a.h.client5.http.headers - http-outgoing-1 << Content-Type: application/json
2026-09-12 11:57:39 [main] DEBUG c.g.d.z.s.o.a.h.client5.http.headers - http-outgoing-1 << Date: Sat, 12 Sep 2026 09:57:39 GMT
2026-09-12 11:57:39 [main] DEBUG c.g.d.z.s.o.a.h.client5.http.headers - http-outgoing-1 << Ostype: linux
2026-09-12 11:57:39 [main] DEBUG c.g.d.z.s.o.a.h.client5.http.headers - http-outgoing-1 << Server: Docker/29.7.2 (linux)
2026-09-12 11:57:39 [main] DEBUG c.g.d.z.s.o.a.h.client5.http.headers - http-outgoing-1 << Transfer-Encoding: chunked
2026-09-12 11:57:39 [main] DEBUG c.g.d.z.s.o.a.h.c.h.i.c.MainClientExec - ex-00000002: connection can be kept alive for 3 MINUTES
2026-09-12 11:57:39 [main] DEBUG c.g.d.z.s.o.a.hc.client5.http.wire - http-outgoing-1 << "4b0[\r][\n]"
2026-09-12 11:57:39 [main] DEBUG c.g.d.z.s.o.a.hc.client5.http.wire - http-outgoing-1 << "{"ID":"","Containers":0,"ContainersRunning":0,"ContainersPaused":0,"ContainersStopped":0,"Images":0,"Driver":"","DriverStatus":null,"Plugins":{"Volume":null,"Network":null,"Authorization":null,"Log":null},"MemoryLimit":false,"SwapLimit":false,"CpuCfsPeriod":false,"CpuCfsQuota":false,"CPUShares":false,"CPUSet":false,"PidsLimit":false,"IPv4Forwarding":false,"Debug":false,"NFd":0,"OomKillDisable":false,"NGoroutines":0,"SystemTime":"","LoggingDriver":"","CgroupDriver":"","NEventsListener":0,"KernelVersion":"","OperatingSystem":"","OSVersion":"","OSType":"","Architecture":"","IndexServerAddress":"","RegistryConfig":null,"NCPU":0,"MemTotal":0,"GenericResources":null,"DockerRootDir":"","HttpProxy":"","HttpsProxy":"","NoProxy":"","Name":"","Labels":["com.docker.desktop.address=npipe://\\\\.\\pipe\\docker_cli"],"ExperimentalBuild":false,"ServerVersion":"","Runtimes":null,"DefaultRuntime":"","Swarm":{"NodeID":"","NodeAddr":"","LocalNodeState":"","ControlAvailable":false,"Error":"","RemoteManagers":null},"LiveRestoreEnabled":false,"Isolation":"","InitBinary":"","ContainerdCommit":{"ID":""},"RuncCommit":{"ID":""},"InitCommit":{"ID":""},"SecurityOptions":null,"CDISpecDirs":null,"Warnings":null}[\r][\n]"
2026-09-12 11:57:39 [main] DEBUG c.g.d.z.s.o.a.hc.client5.http.wire - http-outgoing-1 << "0[\r][\n]"
2026-09-12 11:57:39 [main] DEBUG c.g.d.z.s.o.a.hc.client5.http.wire - http-outgoing-1 << "[\r][\n]"
2026-09-12 11:57:39 [main] DEBUG c.g.d.z.s.o.a.h.c.h.i.c.InternalHttpClient - ep-00000001: releasing valid endpoint
2026-09-12 11:57:39 [main] DEBUG c.g.d.z.s.o.a.h.c.h.i.i.PoolingHttpClientConnectionManager - ep-00000001: releasing endpoint
2026-09-12 11:57:39 [main] DEBUG c.g.d.z.s.o.a.h.c.h.i.i.PoolingHttpClientConnectionManager - ep-00000001: connection http-outgoing-1 can be kept alive for 3 MINUTES
2026-09-12 11:57:39 [main] DEBUG c.g.d.z.s.o.a.h.c.h.i.i.PoolingHttpClientConnectionManager - ep-00000001: connection released [route: {}->npipe://localhost:2375][total available: 1; route allocated: 1 of 2147483647; total allocated: 1 of 2147483647]
2026-09-12 11:57:39 [main] DEBUG o.t.d.DockerClientProviderStrategy - NpipeSocketClientProviderStrategy: failed with exception BadRequestException (Status 400: {"ID":"","Containers":0,"ContainersRunning":0,"ContainersPaused":0,"ContainersStopped":0,"Images":0,"Driver":"","DriverStatus":null,"Plugins":{"Volume":null,"Network":null,"Authorization":null,"Log":null},"MemoryLimit":false,"SwapLimit":false,"CpuCfsPeriod":false,"CpuCfsQuota":false,"CPUShares":false,"CPUSet":false,"PidsLimit":false,"IPv4Forwarding":false,"Debug":false,"NFd":0,"OomKillDisable":false,"NGoroutines":0,"SystemTime":"","LoggingDriver":"","CgroupDriver":"","NEventsListener":0,"KernelVersion":"","OperatingSystem":"","OSVersion":"","OSType":"","Architecture":"","IndexServerAddress":"","RegistryConfig":null,"NCPU":0,"MemTotal":0,"GenericResources":null,"DockerRootDir":"","HttpProxy":"","HttpsProxy":"","NoProxy":"","Name":"","Labels":["com.docker.desktop.address=npipe://\\\\.\\pipe\\docker_cli"],"ExperimentalBuild":false,"ServerVersion":"","Runtimes":null,"DefaultRuntime":"","Swarm":{"NodeID":"","NodeAddr":"","LocalNodeState":"","ControlAvailable":false,"Error":"","RemoteManagers":null},"LiveRestoreEnabled":false,"Isolation":"","InitBinary":"","ContainerdCommit":{"ID":""},"RuncCommit":{"ID":""},"InitCommit":{"ID":""},"SecurityOptions":null,"CDISpecDirs":null,"Warnings":null})
2026-09-12 11:57:39 [main] INFO  o.t.d.DockerMachineClientProviderStrategy - docker-machine executable was not found on PATH ([C:\Windows\system32, C:\Windows, C:\Windows\System32\Wbem, C:\Windows\System32\WindowsPowerShell\v1.0\, C:\Windows\System32\OpenSSH\, C:\Program Files\dotnet\, C:\Program Files (x86)\NVIDIA Corporation\PhysX\Common, C:\Program Files\NVIDIA Corporation\NVIDIA app\NvDLISR, C:\Program Files\Cloudflare\Cloudflare WARP\, C:\Program Files\Git\cmd, C:\Users\azuureke\AppData\Local\Programs\Eclipse Adoptium\jdk-17.0.19.10-hotspot\bin, C:\Users\azuureke\AppData\Local\Microsoft\WindowsApps, , C:\Users\azuureke\AppData\Local\Programs\DockerDesktop\resources\bin])
2026-09-12 11:57:39 [main] ERROR o.t.d.DockerClientProviderStrategy - Could not find a valid Docker environment. Please check configuration. Attempted configurations were:
	EnvironmentAndSystemPropertyClientProviderStrategy: failed with exception BadRequestException (Status 400: {"ID":"","Containers":0,"ContainersRunning":0,"ContainersPaused":0,"ContainersStopped":0,"Images":0,"Driver":"","DriverStatus":null,"Plugins":{"Volume":null,"Network":null,"Authorization":null,"Log":null},"MemoryLimit":false,"SwapLimit":false,"CpuCfsPeriod":false,"CpuCfsQuota":false,"CPUShares":false,"CPUSet":false,"PidsLimit":false,"IPv4Forwarding":false,"Debug":false,"NFd":0,"OomKillDisable":false,"NGoroutines":0,"SystemTime":"","LoggingDriver":"","CgroupDriver":"","NEventsListener":0,"KernelVersion":"","OperatingSystem":"","OSVersion":"","OSType":"","Architecture":"","IndexServerAddress":"","RegistryConfig":null,"NCPU":0,"MemTotal":0,"GenericResources":null,"DockerRootDir":"","HttpProxy":"","HttpsProxy":"","NoProxy":"","Name":"","Labels":["com.docker.desktop.address=npipe://\\\\.\\pipe\\docker_cli"],"ExperimentalBuild":false,"ServerVersion":"","Runtimes":null,"DefaultRuntime":"","Swarm":{"NodeID":"","NodeAddr":"","LocalNodeState":"","ControlAvailable":false,"Error":"","RemoteManagers":null},"LiveRestoreEnabled":false,"Isolation":"","InitBinary":"","ContainerdCommit":{"ID":""},"RuncCommit":{"ID":""},"InitCommit":{"ID":""},"SecurityOptions":null,"CDISpecDirs":null,"Warnings":null})
	NpipeSocketClientProviderStrategy: failed with exception BadRequestException (Status 400: {"ID":"","Containers":0,"ContainersRunning":0,"ContainersPaused":0,"ContainersStopped":0,"Images":0,"Driver":"","DriverStatus":null,"Plugins":{"Volume":null,"Network":null,"Authorization":null,"Log":null},"MemoryLimit":false,"SwapLimit":false,"CpuCfsPeriod":false,"CpuCfsQuota":false,"CPUShares":false,"CPUSet":false,"PidsLimit":false,"IPv4Forwarding":false,"Debug":false,"NFd":0,"OomKillDisable":false,"NGoroutines":0,"SystemTime":"","LoggingDriver":"","CgroupDriver":"","NEventsListener":0,"KernelVersion":"","OperatingSystem":"","OSVersion":"","OSType":"","Architecture":"","IndexServerAddress":"","RegistryConfig":null,"NCPU":0,"MemTotal":0,"GenericResources":null,"DockerRootDir":"","HttpProxy":"","HttpsProxy":"","NoProxy":"","Name":"","Labels":["com.docker.desktop.address=npipe://\\\\.\\pipe\\docker_cli"],"ExperimentalBuild":false,"ServerVersion":"","Runtimes":null,"DefaultRuntime":"","Swarm":{"NodeID":"","NodeAddr":"","LocalNodeState":"","ControlAvailable":false,"Error":"","RemoteManagers":null},"LiveRestoreEnabled":false,"Isolation":"","InitBinary":"","ContainerdCommit":{"ID":""},"RuncCommit":{"ID":""},"InitCommit":{"ID":""},"SecurityOptions":null,"CDISpecDirs":null,"Warnings":null})As no valid configuration was found, execution cannot continue.
See https://java.testcontainers.org/on_failure.html for more details.
2026-09-12 11:59:10 [main] INFO  o.testcontainers.DockerClientFactory - Testcontainers version: 1.21.1
2026-09-12 11:59:10 [main] DEBUG o.t.u.TestcontainersConfiguration - Testcontainers configuration overrides will be loaded from file:/C:/Users/azuureke/.testcontainers.properties
2026-09-12 11:59:10 [main] DEBUG o.t.d.DockerClientProviderStrategy - Trying out strategy: EnvironmentAndSystemPropertyClientProviderStrategy
2026-09-12 11:59:10 [main] DEBUG o.t.s.c.g.d.c.command.AbstrDockerCmd - Cmd: 
2026-09-12 11:59:10 [main] DEBUG c.g.d.z.s.o.a.h.c.h.i.c.InternalHttpClient - ex-00000001: preparing request execution
2026-09-12 11:59:10 [main] DEBUG c.g.d.z.s.o.a.h.c.h.p.RequestAddCookies - Cookie spec selected: strict
2026-09-12 11:59:10 [main] DEBUG c.g.d.z.s.o.a.h.c.h.p.RequestAuthCache - Auth cache not set in the context
2026-09-12 11:59:10 [main] DEBUG c.g.d.z.s.o.a.h.c.h.i.c.ProtocolExec - ex-00000001: target auth state: UNCHALLENGED
2026-09-12 11:59:10 [main] DEBUG c.g.d.z.s.o.a.h.c.h.i.c.ProtocolExec - ex-00000001: proxy auth state: UNCHALLENGED
2026-09-12 11:59:10 [main] DEBUG c.g.d.z.s.o.a.h.c.h.i.c.ConnectExec - ex-00000001: acquiring connection with route {}->npipe://localhost:2375
2026-09-12 11:59:10 [main] DEBUG c.g.d.z.s.o.a.h.c.h.i.c.InternalHttpClient - ex-00000001: acquiring endpoint (3 MINUTES)
2026-09-12 11:59:10 [main] DEBUG c.g.d.z.s.o.a.h.c.h.i.i.PoolingHttpClientConnectionManager - ex-00000001: endpoint lease request (3 MINUTES) [route: {}->npipe://localhost:2375][total available: 0; route allocated: 0 of 2147483647; total allocated: 0 of 2147483647]
2026-09-12 11:59:10 [main] DEBUG c.g.d.z.s.o.a.h.c.h.i.i.PoolingHttpClientConnectionManager - ex-00000001: endpoint leased [route: {}->npipe://localhost:2375][total available: 0; route allocated: 1 of 2147483647; total allocated: 1 of 2147483647]
2026-09-12 11:59:10 [main] DEBUG c.g.d.z.s.o.a.h.c.h.i.i.PoolingHttpClientConnectionManager - ex-00000001: acquired ep-00000000
2026-09-12 11:59:10 [main] DEBUG c.g.d.z.s.o.a.h.c.h.i.c.InternalHttpClient - ex-00000001: acquired endpoint ep-00000000
2026-09-12 11:59:10 [main] DEBUG c.g.d.z.s.o.a.h.c.h.i.c.ConnectExec - ex-00000001: opening connection {}->npipe://localhost:2375
2026-09-12 11:59:10 [main] DEBUG c.g.d.z.s.o.a.h.c.h.i.c.InternalHttpClient - ep-00000000: connecting endpoint (3 MINUTES)
2026-09-12 11:59:10 [main] DEBUG c.g.d.z.s.o.a.h.c.h.i.i.PoolingHttpClientConnectionManager - ep-00000000: connecting endpoint to npipe://localhost:2375 (3 MINUTES)
2026-09-12 11:59:10 [main] DEBUG c.g.d.z.s.o.a.h.c.h.i.i.DefaultHttpClientConnectionOperator - http-outgoing-0: connecting to localhost/127.0.0.1:2375
2026-09-12 11:59:10 [main] DEBUG c.g.d.z.s.o.a.h.c.h.i.i.DefaultHttpClientConnectionOperator - http-outgoing-0: connection established 
2026-09-12 11:59:10 [main] DEBUG c.g.d.z.s.o.a.h.c.h.i.i.PoolingHttpClientConnectionManager - ep-00000000: connected http-outgoing-0
2026-09-12 11:59:10 [main] DEBUG c.g.d.z.s.o.a.h.c.h.i.c.InternalHttpClient - ep-00000000: endpoint connected
2026-09-12 11:59:10 [main] DEBUG c.g.d.z.s.o.a.h.c.h.i.c.MainClientExec - ex-00000001: executing GET /v1.32/info HTTP/1.1
2026-09-12 11:59:10 [main] DEBUG c.g.d.z.s.o.a.h.c.h.i.c.InternalHttpClient - ep-00000000: start execution ex-00000001
2026-09-12 11:59:10 [main] DEBUG c.g.d.z.s.o.a.h.c.h.i.i.PoolingHttpClientConnectionManager - ep-00000000: executing exchange ex-00000001 over http-outgoing-0
2026-09-12 11:59:10 [main] DEBUG c.g.d.z.s.o.a.h.client5.http.headers - http-outgoing-0 >> GET /v1.32/info HTTP/1.1
2026-09-12 11:59:10 [main] DEBUG c.g.d.z.s.o.a.h.client5.http.headers - http-outgoing-0 >> x-tc-sid: 745a91a6-8886-4a83-b370-5e135969fad6
2026-09-12 11:59:10 [main] DEBUG c.g.d.z.s.o.a.h.client5.http.headers - http-outgoing-0 >> User-Agent: tc-java/1.21.1
2026-09-12 11:59:10 [main] DEBUG c.g.d.z.s.o.a.h.client5.http.headers - http-outgoing-0 >> Accept-Encoding: gzip, x-gzip, deflate
2026-09-12 11:59:10 [main] DEBUG c.g.d.z.s.o.a.h.client5.http.headers - http-outgoing-0 >> Host: localhost:2375
2026-09-12 11:59:10 [main] DEBUG c.g.d.z.s.o.a.h.client5.http.headers - http-outgoing-0 >> Connection: keep-alive
2026-09-12 11:59:10 [main] DEBUG c.g.d.z.s.o.a.hc.client5.http.wire - http-outgoing-0 >> "GET /v1.32/info HTTP/1.1[\r][\n]"
2026-09-12 11:59:10 [main] DEBUG c.g.d.z.s.o.a.hc.client5.http.wire - http-outgoing-0 >> "x-tc-sid: 745a91a6-8886-4a83-b370-5e135969fad6[\r][\n]"
2026-09-12 11:59:10 [main] DEBUG c.g.d.z.s.o.a.hc.client5.http.wire - http-outgoing-0 >> "User-Agent: tc-java/1.21.1[\r][\n]"
2026-09-12 11:59:10 [main] DEBUG c.g.d.z.s.o.a.hc.client5.http.wire - http-outgoing-0 >> "Accept-Encoding: gzip, x-gzip, deflate[\r][\n]"
2026-09-12 11:59:10 [main] DEBUG c.g.d.z.s.o.a.hc.client5.http.wire - http-outgoing-0 >> "Host: localhost:2375[\r][\n]"
2026-09-12 11:59:10 [main] DEBUG c.g.d.z.s.o.a.hc.client5.http.wire - http-outgoing-0 >> "Connection: keep-alive[\r][\n]"
2026-09-12 11:59:10 [main] DEBUG c.g.d.z.s.o.a.hc.client5.http.wire - http-outgoing-0 >> "[\r][\n]"
2026-09-12 11:59:10 [main] DEBUG c.g.d.z.s.o.a.hc.client5.http.wire - http-outgoing-0 << "HTTP/1.1 400 Bad Request[\r][\n]"
2026-09-12 11:59:10 [main] DEBUG c.g.d.z.s.o.a.hc.client5.http.wire - http-outgoing-0 << "Api-Version: 1.55[\r][\n]"
2026-09-12 11:59:10 [main] DEBUG c.g.d.z.s.o.a.hc.client5.http.wire - http-outgoing-0 << "Content-Type: application/json[\r][\n]"
2026-09-12 11:59:10 [main] DEBUG c.g.d.z.s.o.a.hc.client5.http.wire - http-outgoing-0 << "Date: Sat, 12 Sep 2026 09:59:10 GMT[\r][\n]"
2026-09-12 11:59:10 [main] DEBUG c.g.d.z.s.o.a.hc.client5.http.wire - http-outgoing-0 << "Ostype: linux[\r][\n]"
2026-09-12 11:59:10 [main] DEBUG c.g.d.z.s.o.a.hc.client5.http.wire - http-outgoing-0 << "Server: Docker/29.7.2 (linux)[\r][\n]"
2026-09-12 11:59:10 [main] DEBUG c.g.d.z.s.o.a.hc.client5.http.wire - http-outgoing-0 << "Transfer-Encoding: chunked[\r][\n]"
2026-09-12 11:59:10 [main] DEBUG c.g.d.z.s.o.a.hc.client5.http.wire - http-outgoing-0 << "[\r][\n]"
2026-09-12 11:59:10 [main] DEBUG c.g.d.z.s.o.a.h.client5.http.headers - http-outgoing-0 << HTTP/1.1 400 Bad Request
2026-09-12 11:59:10 [main] DEBUG c.g.d.z.s.o.a.h.client5.http.headers - http-outgoing-0 << Api-Version: 1.55
2026-09-12 11:59:10 [main] DEBUG c.g.d.z.s.o.a.h.client5.http.headers - http-outgoing-0 << Content-Type: application/json
2026-09-12 11:59:10 [main] DEBUG c.g.d.z.s.o.a.h.client5.http.headers - http-outgoing-0 << Date: Sat, 12 Sep 2026 09:59:10 GMT
2026-09-12 11:59:10 [main] DEBUG c.g.d.z.s.o.a.h.client5.http.headers - http-outgoing-0 << Ostype: linux
2026-09-12 11:59:10 [main] DEBUG c.g.d.z.s.o.a.h.client5.http.headers - http-outgoing-0 << Server: Docker/29.7.2 (linux)
2026-09-12 11:59:10 [main] DEBUG c.g.d.z.s.o.a.h.client5.http.headers - http-outgoing-0 << Transfer-Encoding: chunked
2026-09-12 11:59:10 [main] DEBUG c.g.d.z.s.o.a.h.c.h.i.c.MainClientExec - ex-00000001: connection can be kept alive for 3 MINUTES
2026-09-12 11:59:10 [main] DEBUG c.g.d.z.s.o.a.hc.client5.http.wire - http-outgoing-0 << "4b0[\r][\n]"
2026-09-12 11:59:10 [main] DEBUG c.g.d.z.s.o.a.hc.client5.http.wire - http-outgoing-0 << "{"ID":"","Containers":0,"ContainersRunning":0,"ContainersPaused":0,"ContainersStopped":0,"Images":0,"Driver":"","DriverStatus":null,"Plugins":{"Volume":null,"Network":null,"Authorization":null,"Log":null},"MemoryLimit":false,"SwapLimit":false,"CpuCfsPeriod":false,"CpuCfsQuota":false,"CPUShares":false,"CPUSet":false,"PidsLimit":false,"IPv4Forwarding":false,"Debug":false,"NFd":0,"OomKillDisable":false,"NGoroutines":0,"SystemTime":"","LoggingDriver":"","CgroupDriver":"","NEventsListener":0,"KernelVersion":"","OperatingSystem":"","OSVersion":"","OSType":"","Architecture":"","IndexServerAddress":"","RegistryConfig":null,"NCPU":0,"MemTotal":0,"GenericResources":null,"DockerRootDir":"","HttpProxy":"","HttpsProxy":"","NoProxy":"","Name":"","Labels":["com.docker.desktop.address=npipe://\\\\.\\pipe\\docker_cli"],"ExperimentalBuild":false,"ServerVersion":"","Runtimes":null,"DefaultRuntime":"","Swarm":{"NodeID":"","NodeAddr":"","LocalNodeState":"","ControlAvailable":false,"Error":"","RemoteManagers":null},"LiveRestoreEnabled":false,"Isolation":"","InitBinary":"","ContainerdCommit":{"ID":""},"RuncCommit":{"ID":""},"InitCommit":{"ID":""},"SecurityOptions":null,"CDISpecDirs":null,"Warnings":null}[\r][\n]"
2026-09-12 11:59:10 [main] DEBUG c.g.d.z.s.o.a.hc.client5.http.wire - http-outgoing-0 << "0[\r][\n]"
2026-09-12 11:59:10 [main] DEBUG c.g.d.z.s.o.a.hc.client5.http.wire - http-outgoing-0 << "[\r][\n]"
2026-09-12 11:59:10 [main] DEBUG c.g.d.z.s.o.a.h.c.h.i.c.InternalHttpClient - ep-00000000: releasing valid endpoint
2026-09-12 11:59:10 [main] DEBUG c.g.d.z.s.o.a.h.c.h.i.i.PoolingHttpClientConnectionManager - ep-00000000: releasing endpoint
2026-09-12 11:59:10 [main] DEBUG c.g.d.z.s.o.a.h.c.h.i.i.PoolingHttpClientConnectionManager - ep-00000000: connection http-outgoing-0 can be kept alive for 3 MINUTES
2026-09-12 11:59:10 [main] DEBUG c.g.d.z.s.o.a.h.c.h.i.i.PoolingHttpClientConnectionManager - ep-00000000: connection released [route: {}->npipe://localhost:2375][total available: 1; route allocated: 1 of 2147483647; total allocated: 1 of 2147483647]
2026-09-12 11:59:10 [main] DEBUG o.t.d.DockerClientProviderStrategy - EnvironmentAndSystemPropertyClientProviderStrategy: failed with exception BadRequestException (Status 400: {"ID":"","Containers":0,"ContainersRunning":0,"ContainersPaused":0,"ContainersStopped":0,"Images":0,"Driver":"","DriverStatus":null,"Plugins":{"Volume":null,"Network":null,"Authorization":null,"Log":null},"MemoryLimit":false,"SwapLimit":false,"CpuCfsPeriod":false,"CpuCfsQuota":false,"CPUShares":false,"CPUSet":false,"PidsLimit":false,"IPv4Forwarding":false,"Debug":false,"NFd":0,"OomKillDisable":false,"NGoroutines":0,"SystemTime":"","LoggingDriver":"","CgroupDriver":"","NEventsListener":0,"KernelVersion":"","OperatingSystem":"","OSVersion":"","OSType":"","Architecture":"","IndexServerAddress":"","RegistryConfig":null,"NCPU":0,"MemTotal":0,"GenericResources":null,"DockerRootDir":"","HttpProxy":"","HttpsProxy":"","NoProxy":"","Name":"","Labels":["com.docker.desktop.address=npipe://\\\\.\\pipe\\docker_cli"],"ExperimentalBuild":false,"ServerVersion":"","Runtimes":null,"DefaultRuntime":"","Swarm":{"NodeID":"","NodeAddr":"","LocalNodeState":"","ControlAvailable":false,"Error":"","RemoteManagers":null},"LiveRestoreEnabled":false,"Isolation":"","InitBinary":"","ContainerdCommit":{"ID":""},"RuncCommit":{"ID":""},"InitCommit":{"ID":""},"SecurityOptions":null,"CDISpecDirs":null,"Warnings":null})
2026-09-12 11:59:10 [main] DEBUG o.t.d.DockerClientProviderStrategy - Trying out strategy: NpipeSocketClientProviderStrategy
2026-09-12 11:59:10 [main] DEBUG o.t.s.c.g.d.c.command.AbstrDockerCmd - Cmd: 
2026-09-12 11:59:10 [main] DEBUG c.g.d.z.s.o.a.h.c.h.i.c.InternalHttpClient - ex-00000002: preparing request execution
2026-09-12 11:59:10 [main] DEBUG c.g.d.z.s.o.a.h.c.h.p.RequestAddCookies - Cookie spec selected: strict
2026-09-12 11:59:10 [main] DEBUG c.g.d.z.s.o.a.h.c.h.p.RequestAuthCache - Auth cache not set in the context
2026-09-12 11:59:10 [main] DEBUG c.g.d.z.s.o.a.h.c.h.i.c.ProtocolExec - ex-00000002: target auth state: UNCHALLENGED
2026-09-12 11:59:10 [main] DEBUG c.g.d.z.s.o.a.h.c.h.i.c.ProtocolExec - ex-00000002: proxy auth state: UNCHALLENGED
2026-09-12 11:59:10 [main] DEBUG c.g.d.z.s.o.a.h.c.h.i.c.ConnectExec - ex-00000002: acquiring connection with route {}->npipe://localhost:2375
2026-09-12 11:59:10 [main] DEBUG c.g.d.z.s.o.a.h.c.h.i.c.InternalHttpClient - ex-00000002: acquiring endpoint (3 MINUTES)
2026-09-12 11:59:10 [main] DEBUG c.g.d.z.s.o.a.h.c.h.i.i.PoolingHttpClientConnectionManager - ex-00000002: endpoint lease request (3 MINUTES) [route: {}->npipe://localhost:2375][total available: 0; route allocated: 0 of 2147483647; total allocated: 0 of 2147483647]
2026-09-12 11:59:10 [main] DEBUG c.g.d.z.s.o.a.h.c.h.i.i.PoolingHttpClientConnectionManager - ex-00000002: endpoint leased [route: {}->npipe://localhost:2375][total available: 0; route allocated: 1 of 2147483647; total allocated: 1 of 2147483647]
2026-09-12 11:59:10 [main] DEBUG c.g.d.z.s.o.a.h.c.h.i.i.PoolingHttpClientConnectionManager - ex-00000002: acquired ep-00000001
2026-09-12 11:59:10 [main] DEBUG c.g.d.z.s.o.a.h.c.h.i.c.InternalHttpClient - ex-00000002: acquired endpoint ep-00000001
2026-09-12 11:59:10 [main] DEBUG c.g.d.z.s.o.a.h.c.h.i.c.ConnectExec - ex-00000002: opening connection {}->npipe://localhost:2375
2026-09-12 11:59:10 [main] DEBUG c.g.d.z.s.o.a.h.c.h.i.c.InternalHttpClient - ep-00000001: connecting endpoint (3 MINUTES)
2026-09-12 11:59:10 [main] DEBUG c.g.d.z.s.o.a.h.c.h.i.i.PoolingHttpClientConnectionManager - ep-00000001: connecting endpoint to npipe://localhost:2375 (3 MINUTES)
2026-09-12 11:59:10 [main] DEBUG c.g.d.z.s.o.a.h.c.h.i.i.DefaultHttpClientConnectionOperator - http-outgoing-1: connecting to localhost/127.0.0.1:2375
2026-09-12 11:59:10 [main] DEBUG c.g.d.z.s.o.a.h.c.h.i.i.DefaultHttpClientConnectionOperator - http-outgoing-1: connection established 
2026-09-12 11:59:10 [main] DEBUG c.g.d.z.s.o.a.h.c.h.i.i.PoolingHttpClientConnectionManager - ep-00000001: connected http-outgoing-1
2026-09-12 11:59:10 [main] DEBUG c.g.d.z.s.o.a.h.c.h.i.c.InternalHttpClient - ep-00000001: endpoint connected
2026-09-12 11:59:10 [main] DEBUG c.g.d.z.s.o.a.h.c.h.i.c.MainClientExec - ex-00000002: executing GET /v1.32/info HTTP/1.1
2026-09-12 11:59:10 [main] DEBUG c.g.d.z.s.o.a.h.c.h.i.c.InternalHttpClient - ep-00000001: start execution ex-00000002
2026-09-12 11:59:10 [main] DEBUG c.g.d.z.s.o.a.h.c.h.i.i.PoolingHttpClientConnectionManager - ep-00000001: executing exchange ex-00000002 over http-outgoing-1
2026-09-12 11:59:10 [main] DEBUG c.g.d.z.s.o.a.h.client5.http.headers - http-outgoing-1 >> GET /v1.32/info HTTP/1.1
2026-09-12 11:59:10 [main] DEBUG c.g.d.z.s.o.a.h.client5.http.headers - http-outgoing-1 >> x-tc-sid: 745a91a6-8886-4a83-b370-5e135969fad6
2026-09-12 11:59:10 [main] DEBUG c.g.d.z.s.o.a.h.client5.http.headers - http-outgoing-1 >> User-Agent: tc-java/1.21.1
2026-09-12 11:59:10 [main] DEBUG c.g.d.z.s.o.a.h.client5.http.headers - http-outgoing-1 >> Accept-Encoding: gzip, x-gzip, deflate
2026-09-12 11:59:10 [main] DEBUG c.g.d.z.s.o.a.h.client5.http.headers - http-outgoing-1 >> Host: localhost:2375
2026-09-12 11:59:10 [main] DEBUG c.g.d.z.s.o.a.h.client5.http.headers - http-outgoing-1 >> Connection: keep-alive
2026-09-12 11:59:10 [main] DEBUG c.g.d.z.s.o.a.hc.client5.http.wire - http-outgoing-1 >> "GET /v1.32/info HTTP/1.1[\r][\n]"
2026-09-12 11:59:10 [main] DEBUG c.g.d.z.s.o.a.hc.client5.http.wire - http-outgoing-1 >> "x-tc-sid: 745a91a6-8886-4a83-b370-5e135969fad6[\r][\n]"
2026-09-12 11:59:10 [main] DEBUG c.g.d.z.s.o.a.hc.client5.http.wire - http-outgoing-1 >> "User-Agent: tc-java/1.21.1[\r][\n]"
2026-09-12 11:59:10 [main] DEBUG c.g.d.z.s.o.a.hc.client5.http.wire - http-outgoing-1 >> "Accept-Encoding: gzip, x-gzip, deflate[\r][\n]"
2026-09-12 11:59:10 [main] DEBUG c.g.d.z.s.o.a.hc.client5.http.wire - http-outgoing-1 >> "Host: localhost:2375[\r][\n]"
2026-09-12 11:59:10 [main] DEBUG c.g.d.z.s.o.a.hc.client5.http.wire - http-outgoing-1 >> "Connection: keep-alive[\r][\n]"
2026-09-12 11:59:10 [main] DEBUG c.g.d.z.s.o.a.hc.client5.http.wire - http-outgoing-1 >> "[\r][\n]"
2026-09-12 11:59:10 [main] DEBUG c.g.d.z.s.o.a.hc.client5.http.wire - http-outgoing-1 << "HTTP/1.1 400 Bad Request[\r][\n]"
2026-09-12 11:59:10 [main] DEBUG c.g.d.z.s.o.a.hc.client5.http.wire - http-outgoing-1 << "Api-Version: 1.55[\r][\n]"
2026-09-12 11:59:10 [main] DEBUG c.g.d.z.s.o.a.hc.client5.http.wire - http-outgoing-1 << "Content-Type: application/json[\r][\n]"
2026-09-12 11:59:10 [main] DEBUG c.g.d.z.s.o.a.hc.client5.http.wire - http-outgoing-1 << "Date: Sat, 12 Sep 2026 09:59:10 GMT[\r][\n]"
2026-09-12 11:59:10 [main] DEBUG c.g.d.z.s.o.a.hc.client5.http.wire - http-outgoing-1 << "Ostype: linux[\r][\n]"
2026-09-12 11:59:10 [main] DEBUG c.g.d.z.s.o.a.hc.client5.http.wire - http-outgoing-1 << "Server: Docker/29.7.2 (linux)[\r][\n]"
2026-09-12 11:59:10 [main] DEBUG c.g.d.z.s.o.a.hc.client5.http.wire - http-outgoing-1 << "Transfer-Encoding: chunked[\r][\n]"
2026-09-12 11:59:10 [main] DEBUG c.g.d.z.s.o.a.hc.client5.http.wire - http-outgoing-1 << "[\r][\n]"
2026-09-12 11:59:10 [main] DEBUG c.g.d.z.s.o.a.h.client5.http.headers - http-outgoing-1 << HTTP/1.1 400 Bad Request
2026-09-12 11:59:10 [main] DEBUG c.g.d.z.s.o.a.h.client5.http.headers - http-outgoing-1 << Api-Version: 1.55
2026-09-12 11:59:10 [main] DEBUG c.g.d.z.s.o.a.h.client5.http.headers - http-outgoing-1 << Content-Type: application/json
2026-09-12 11:59:10 [main] DEBUG c.g.d.z.s.o.a.h.client5.http.headers - http-outgoing-1 << Date: Sat, 12 Sep 2026 09:59:10 GMT
2026-09-12 11:59:10 [main] DEBUG c.g.d.z.s.o.a.h.client5.http.headers - http-outgoing-1 << Ostype: linux
2026-09-12 11:59:10 [main] DEBUG c.g.d.z.s.o.a.h.client5.http.headers - http-outgoing-1 << Server: Docker/29.7.2 (linux)
2026-09-12 11:59:10 [main] DEBUG c.g.d.z.s.o.a.h.client5.http.headers - http-outgoing-1 << Transfer-Encoding: chunked
2026-09-12 11:59:10 [main] DEBUG c.g.d.z.s.o.a.h.c.h.i.c.MainClientExec - ex-00000002: connection can be kept alive for 3 MINUTES
2026-09-12 11:59:10 [main] DEBUG c.g.d.z.s.o.a.hc.client5.http.wire - http-outgoing-1 << "4b0[\r][\n]"
2026-09-12 11:59:10 [main] DEBUG c.g.d.z.s.o.a.hc.client5.http.wire - http-outgoing-1 << "{"ID":"","Containers":0,"ContainersRunning":0,"ContainersPaused":0,"ContainersStopped":0,"Images":0,"Driver":"","DriverStatus":null,"Plugins":{"Volume":null,"Network":null,"Authorization":null,"Log":null},"MemoryLimit":false,"SwapLimit":false,"CpuCfsPeriod":false,"CpuCfsQuota":false,"CPUShares":false,"CPUSet":false,"PidsLimit":false,"IPv4Forwarding":false,"Debug":false,"NFd":0,"OomKillDisable":false,"NGoroutines":0,"SystemTime":"","LoggingDriver":"","CgroupDriver":"","NEventsListener":0,"KernelVersion":"","OperatingSystem":"","OSVersion":"","OSType":"","Architecture":"","IndexServerAddress":"","RegistryConfig":null,"NCPU":0,"MemTotal":0,"GenericResources":null,"DockerRootDir":"","HttpProxy":"","HttpsProxy":"","NoProxy":"","Name":"","Labels":["com.docker.desktop.address=npipe://\\\\.\\pipe\\docker_cli"],"ExperimentalBuild":false,"ServerVersion":"","Runtimes":null,"DefaultRuntime":"","Swarm":{"NodeID":"","NodeAddr":"","LocalNodeState":"","ControlAvailable":false,"Error":"","RemoteManagers":null},"LiveRestoreEnabled":false,"Isolation":"","InitBinary":"","ContainerdCommit":{"ID":""},"RuncCommit":{"ID":""},"InitCommit":{"ID":""},"SecurityOptions":null,"CDISpecDirs":null,"Warnings":null}[\r][\n]"
2026-09-12 11:59:10 [main] DEBUG c.g.d.z.s.o.a.hc.client5.http.wire - http-outgoing-1 << "0[\r][\n]"
2026-09-12 11:59:10 [main] DEBUG c.g.d.z.s.o.a.hc.client5.http.wire - http-outgoing-1 << "[\r][\n]"
2026-09-12 11:59:10 [main] DEBUG c.g.d.z.s.o.a.h.c.h.i.c.InternalHttpClient - ep-00000001: releasing valid endpoint
2026-09-12 11:59:10 [main] DEBUG c.g.d.z.s.o.a.h.c.h.i.i.PoolingHttpClientConnectionManager - ep-00000001: releasing endpoint
2026-09-12 11:59:10 [main] DEBUG c.g.d.z.s.o.a.h.c.h.i.i.PoolingHttpClientConnectionManager - ep-00000001: connection http-outgoing-1 can be kept alive for 3 MINUTES
2026-09-12 11:59:10 [main] DEBUG c.g.d.z.s.o.a.h.c.h.i.i.PoolingHttpClientConnectionManager - ep-00000001: connection released [route: {}->npipe://localhost:2375][total available: 1; route allocated: 1 of 2147483647; total allocated: 1 of 2147483647]
2026-09-12 11:59:10 [main] DEBUG o.t.d.DockerClientProviderStrategy - NpipeSocketClientProviderStrategy: failed with exception BadRequestException (Status 400: {"ID":"","Containers":0,"ContainersRunning":0,"ContainersPaused":0,"ContainersStopped":0,"Images":0,"Driver":"","DriverStatus":null,"Plugins":{"Volume":null,"Network":null,"Authorization":null,"Log":null},"MemoryLimit":false,"SwapLimit":false,"CpuCfsPeriod":false,"CpuCfsQuota":false,"CPUShares":false,"CPUSet":false,"PidsLimit":false,"IPv4Forwarding":false,"Debug":false,"NFd":0,"OomKillDisable":false,"NGoroutines":0,"SystemTime":"","LoggingDriver":"","CgroupDriver":"","NEventsListener":0,"KernelVersion":"","OperatingSystem":"","OSVersion":"","OSType":"","Architecture":"","IndexServerAddress":"","RegistryConfig":null,"NCPU":0,"MemTotal":0,"GenericResources":null,"DockerRootDir":"","HttpProxy":"","HttpsProxy":"","NoProxy":"","Name":"","Labels":["com.docker.desktop.address=npipe://\\\\.\\pipe\\docker_cli"],"ExperimentalBuild":false,"ServerVersion":"","Runtimes":null,"DefaultRuntime":"","Swarm":{"NodeID":"","NodeAddr":"","LocalNodeState":"","ControlAvailable":false,"Error":"","RemoteManagers":null},"LiveRestoreEnabled":false,"Isolation":"","InitBinary":"","ContainerdCommit":{"ID":""},"RuncCommit":{"ID":""},"InitCommit":{"ID":""},"SecurityOptions":null,"CDISpecDirs":null,"Warnings":null})
2026-09-12 11:59:10 [main] INFO  o.t.d.DockerMachineClientProviderStrategy - docker-machine executable was not found on PATH ([C:\Windows\system32, C:\Windows, C:\Windows\System32\Wbem, C:\Windows\System32\WindowsPowerShell\v1.0\, C:\Windows\System32\OpenSSH\, C:\Program Files\dotnet\, C:\Program Files (x86)\NVIDIA Corporation\PhysX\Common, C:\Program Files\NVIDIA Corporation\NVIDIA app\NvDLISR, C:\Program Files\Cloudflare\Cloudflare WARP\, C:\Program Files\Git\cmd, C:\Users\azuureke\AppData\Local\Programs\Eclipse Adoptium\jdk-17.0.19.10-hotspot\bin, C:\Users\azuureke\AppData\Local\Microsoft\WindowsApps, , C:\Users\azuureke\AppData\Local\Programs\DockerDesktop\resources\bin])
2026-09-12 11:59:10 [main] ERROR o.t.d.DockerClientProviderStrategy - Could not find a valid Docker environment. Please check configuration. Attempted configurations were:
	EnvironmentAndSystemPropertyClientProviderStrategy: failed with exception BadRequestException (Status 400: {"ID":"","Containers":0,"ContainersRunning":0,"ContainersPaused":0,"ContainersStopped":0,"Images":0,"Driver":"","DriverStatus":null,"Plugins":{"Volume":null,"Network":null,"Authorization":null,"Log":null},"MemoryLimit":false,"SwapLimit":false,"CpuCfsPeriod":false,"CpuCfsQuota":false,"CPUShares":false,"CPUSet":false,"PidsLimit":false,"IPv4Forwarding":false,"Debug":false,"NFd":0,"OomKillDisable":false,"NGoroutines":0,"SystemTime":"","LoggingDriver":"","CgroupDriver":"","NEventsListener":0,"KernelVersion":"","OperatingSystem":"","OSVersion":"","OSType":"","Architecture":"","IndexServerAddress":"","RegistryConfig":null,"NCPU":0,"MemTotal":0,"GenericResources":null,"DockerRootDir":"","HttpProxy":"","HttpsProxy":"","NoProxy":"","Name":"","Labels":["com.docker.desktop.address=npipe://\\\\.\\pipe\\docker_cli"],"ExperimentalBuild":false,"ServerVersion":"","Runtimes":null,"DefaultRuntime":"","Swarm":{"NodeID":"","NodeAddr":"","LocalNodeState":"","ControlAvailable":false,"Error":"","RemoteManagers":null},"LiveRestoreEnabled":false,"Isolation":"","InitBinary":"","ContainerdCommit":{"ID":""},"RuncCommit":{"ID":""},"InitCommit":{"ID":""},"SecurityOptions":null,"CDISpecDirs":null,"Warnings":null})
	NpipeSocketClientProviderStrategy: failed with exception BadRequestException (Status 400: {"ID":"","Containers":0,"ContainersRunning":0,"ContainersPaused":0,"ContainersStopped":0,"Images":0,"Driver":"","DriverStatus":null,"Plugins":{"Volume":null,"Network":null,"Authorization":null,"Log":null},"MemoryLimit":false,"SwapLimit":false,"CpuCfsPeriod":false,"CpuCfsQuota":false,"CPUShares":false,"CPUSet":false,"PidsLimit":false,"IPv4Forwarding":false,"Debug":false,"NFd":0,"OomKillDisable":false,"NGoroutines":0,"SystemTime":"","LoggingDriver":"","CgroupDriver":"","NEventsListener":0,"KernelVersion":"","OperatingSystem":"","OSVersion":"","OSType":"","Architecture":"","IndexServerAddress":"","RegistryConfig":null,"NCPU":0,"MemTotal":0,"GenericResources":null,"DockerRootDir":"","HttpProxy":"","HttpsProxy":"","NoProxy":"","Name":"","Labels":["com.docker.desktop.address=npipe://\\\\.\\pipe\\docker_cli"],"ExperimentalBuild":false,"ServerVersion":"","Runtimes":null,"DefaultRuntime":"","Swarm":{"NodeID":"","NodeAddr":"","LocalNodeState":"","ControlAvailable":false,"Error":"","RemoteManagers":null},"LiveRestoreEnabled":false,"Isolation":"","InitBinary":"","ContainerdCommit":{"ID":""},"RuncCommit":{"ID":""},"InitCommit":{"ID":""},"SecurityOptions":null,"CDISpecDirs":null,"Warnings":null})As no valid configuration was found, execution cannot continue.
See https://java.testcontainers.org/on_failure.html for more details.
2026-09-12 12:03:57 [main] INFO  o.testcontainers.DockerClientFactory - Testcontainers version: 1.21.1
2026-09-12 12:03:57 [main] DEBUG o.t.u.TestcontainersConfiguration - Testcontainers configuration overrides will be loaded from file:/C:/Users/azuureke/.testcontainers.properties
2026-09-12 12:03:58 [main] DEBUG o.t.d.DockerClientProviderStrategy - Trying out strategy: EnvironmentAndSystemPropertyClientProviderStrategy
2026-09-12 12:03:58 [main] DEBUG o.t.s.c.g.d.c.command.AbstrDockerCmd - Cmd: 
2026-09-12 12:03:58 [main] DEBUG c.g.d.z.s.o.a.h.c.h.i.c.InternalHttpClient - ex-00000001: preparing request execution
2026-09-12 12:03:58 [main] DEBUG c.g.d.z.s.o.a.h.c.h.p.RequestAddCookies - Cookie spec selected: strict
2026-09-12 12:03:58 [main] DEBUG c.g.d.z.s.o.a.h.c.h.p.RequestAuthCache - Auth cache not set in the context
2026-09-12 12:03:58 [main] DEBUG c.g.d.z.s.o.a.h.c.h.i.c.ProtocolExec - ex-00000001: target auth state: UNCHALLENGED
2026-09-12 12:03:58 [main] DEBUG c.g.d.z.s.o.a.h.c.h.i.c.ProtocolExec - ex-00000001: proxy auth state: UNCHALLENGED
2026-09-12 12:03:58 [main] DEBUG c.g.d.z.s.o.a.h.c.h.i.c.ConnectExec - ex-00000001: acquiring connection with route {}->http://localhost:2375
2026-09-12 12:03:58 [main] DEBUG c.g.d.z.s.o.a.h.c.h.i.c.InternalHttpClient - ex-00000001: acquiring endpoint (3 MINUTES)
2026-09-12 12:03:58 [main] DEBUG c.g.d.z.s.o.a.h.c.h.i.i.PoolingHttpClientConnectionManager - ex-00000001: endpoint lease request (3 MINUTES) [route: {}->http://localhost:2375][total available: 0; route allocated: 0 of 2147483647; total allocated: 0 of 2147483647]
2026-09-12 12:03:58 [main] DEBUG c.g.d.z.s.o.a.h.c.h.i.i.PoolingHttpClientConnectionManager - ex-00000001: endpoint leased [route: {}->http://localhost:2375][total available: 0; route allocated: 1 of 2147483647; total allocated: 1 of 2147483647]
2026-09-12 12:03:58 [main] DEBUG c.g.d.z.s.o.a.h.c.h.i.i.PoolingHttpClientConnectionManager - ex-00000001: acquired ep-00000000
2026-09-12 12:03:58 [main] DEBUG c.g.d.z.s.o.a.h.c.h.i.c.InternalHttpClient - ex-00000001: acquired endpoint ep-00000000
2026-09-12 12:03:58 [main] DEBUG c.g.d.z.s.o.a.h.c.h.i.c.ConnectExec - ex-00000001: opening connection {}->http://localhost:2375
2026-09-12 12:03:58 [main] DEBUG c.g.d.z.s.o.a.h.c.h.i.c.InternalHttpClient - ep-00000000: connecting endpoint (3 MINUTES)
2026-09-12 12:03:58 [main] DEBUG c.g.d.z.s.o.a.h.c.h.i.i.PoolingHttpClientConnectionManager - ep-00000000: connecting endpoint to http://localhost:2375 (3 MINUTES)
2026-09-12 12:03:58 [main] DEBUG c.g.d.z.s.o.a.h.c.h.i.i.DefaultHttpClientConnectionOperator - http-outgoing-0: connecting to localhost/127.0.0.1:2375
2026-09-12 12:03:58 [main] DEBUG c.g.d.z.s.o.a.h.c.h.i.i.DefaultHttpClientConnectionOperator - http-outgoing-0: connection established 127.0.0.1:62216<->127.0.0.1:2375
2026-09-12 12:03:58 [main] DEBUG c.g.d.z.s.o.a.h.c.h.i.i.PoolingHttpClientConnectionManager - ep-00000000: connected http-outgoing-0
2026-09-12 12:03:58 [main] DEBUG c.g.d.z.s.o.a.h.c.h.i.c.InternalHttpClient - ep-00000000: endpoint connected
2026-09-12 12:03:58 [main] DEBUG c.g.d.z.s.o.a.h.c.h.i.c.MainClientExec - ex-00000001: executing GET /v1.32/info HTTP/1.1
2026-09-12 12:03:58 [main] DEBUG c.g.d.z.s.o.a.h.c.h.i.c.InternalHttpClient - ep-00000000: start execution ex-00000001
2026-09-12 12:03:58 [main] DEBUG c.g.d.z.s.o.a.h.c.h.i.i.PoolingHttpClientConnectionManager - ep-00000000: executing exchange ex-00000001 over http-outgoing-0
2026-09-12 12:03:58 [main] DEBUG c.g.d.z.s.o.a.h.client5.http.headers - http-outgoing-0 >> GET /v1.32/info HTTP/1.1
2026-09-12 12:03:58 [main] DEBUG c.g.d.z.s.o.a.h.client5.http.headers - http-outgoing-0 >> x-tc-sid: 36da972a-fffe-4088-af06-62fd40aa36c3
2026-09-12 12:03:58 [main] DEBUG c.g.d.z.s.o.a.h.client5.http.headers - http-outgoing-0 >> User-Agent: tc-java/1.21.1
2026-09-12 12:03:58 [main] DEBUG c.g.d.z.s.o.a.h.client5.http.headers - http-outgoing-0 >> Accept-Encoding: gzip, x-gzip, deflate
2026-09-12 12:03:58 [main] DEBUG c.g.d.z.s.o.a.h.client5.http.headers - http-outgoing-0 >> Host: localhost:2375
2026-09-12 12:03:58 [main] DEBUG c.g.d.z.s.o.a.h.client5.http.headers - http-outgoing-0 >> Connection: keep-alive
2026-09-12 12:03:58 [main] DEBUG c.g.d.z.s.o.a.hc.client5.http.wire - http-outgoing-0 >> "GET /v1.32/info HTTP/1.1[\r][\n]"
2026-09-12 12:03:58 [main] DEBUG c.g.d.z.s.o.a.hc.client5.http.wire - http-outgoing-0 >> "x-tc-sid: 36da972a-fffe-4088-af06-62fd40aa36c3[\r][\n]"
2026-09-12 12:03:58 [main] DEBUG c.g.d.z.s.o.a.hc.client5.http.wire - http-outgoing-0 >> "User-Agent: tc-java/1.21.1[\r][\n]"
2026-09-12 12:03:58 [main] DEBUG c.g.d.z.s.o.a.hc.client5.http.wire - http-outgoing-0 >> "Accept-Encoding: gzip, x-gzip, deflate[\r][\n]"
2026-09-12 12:03:58 [main] DEBUG c.g.d.z.s.o.a.hc.client5.http.wire - http-outgoing-0 >> "Host: localhost:2375[\r][\n]"
2026-09-12 12:03:58 [main] DEBUG c.g.d.z.s.o.a.hc.client5.http.wire - http-outgoing-0 >> "Connection: keep-alive[\r][\n]"
2026-09-12 12:03:58 [main] DEBUG c.g.d.z.s.o.a.hc.client5.http.wire - http-outgoing-0 >> "[\r][\n]"
2026-09-12 12:03:58 [main] DEBUG c.g.d.z.s.o.a.hc.client5.http.wire - http-outgoing-0 << "HTTP/1.1 400 Bad Request[\r][\n]"
2026-09-12 12:03:58 [main] DEBUG c.g.d.z.s.o.a.hc.client5.http.wire - http-outgoing-0 << "Api-Version: 1.55[\r][\n]"
2026-09-12 12:03:58 [main] DEBUG c.g.d.z.s.o.a.hc.client5.http.wire - http-outgoing-0 << "Content-Type: application/json[\r][\n]"
2026-09-12 12:03:58 [main] DEBUG c.g.d.z.s.o.a.hc.client5.http.wire - http-outgoing-0 << "Date: Sat, 12 Sep 2026 10:03:58 GMT[\r][\n]"
2026-09-12 12:03:58 [main] DEBUG c.g.d.z.s.o.a.hc.client5.http.wire - http-outgoing-0 << "Ostype: linux[\r][\n]"
2026-09-12 12:03:58 [main] DEBUG c.g.d.z.s.o.a.hc.client5.http.wire - http-outgoing-0 << "Server: Docker/29.7.2 (linux)[\r][\n]"
2026-09-12 12:03:58 [main] DEBUG c.g.d.z.s.o.a.hc.client5.http.wire - http-outgoing-0 << "Transfer-Encoding: chunked[\r][\n]"
2026-09-12 12:03:58 [main] DEBUG c.g.d.z.s.o.a.hc.client5.http.wire - http-outgoing-0 << "[\r][\n]"
2026-09-12 12:03:58 [main] DEBUG c.g.d.z.s.o.a.hc.client5.http.wire - http-outgoing-0 << "4b0[\r][\n]"
2026-09-12 12:03:58 [main] DEBUG c.g.d.z.s.o.a.hc.client5.http.wire - http-outgoing-0 << "{"ID":"","Containers":0,"ContainersRunning":0,"ContainersPaused":0,"ContainersStopped":0,"Images":0,"Driver":"","DriverStatus":null,"Plugins":{"Volume":null,"Network":null,"Authorization":null,"Log":null},"MemoryLimit":false,"SwapLimit":false,"CpuCfsPeriod":false,"CpuCfsQuota":false,"CPUShares":false,"CPUSet":false,"PidsLimit":false,"IPv4Forwarding":false,"Debug":false,"NFd":0,"OomKillDisable":false,"NGoroutines":0,"SystemTime":"","LoggingDriver":"","CgroupDriver":"","NEventsListener":0,"KernelVersion":"","OperatingSystem":"","OSVersion":"","OSType":"","Architecture":"","IndexServerAddress":"","RegistryConfig":null,"NCPU":0,"MemTotal":0,"GenericResources":null,"DockerRootDir":"","HttpProxy":"","HttpsProxy":"","NoProxy":"","Name":"","Labels":["com.docker.desktop.address=npipe://\\\\.\\pipe\\docker_cli"],"ExperimentalBuild":false,"ServerVersion":"","Runtimes":null,"DefaultRuntime":"","Swarm":{"NodeID":"","NodeAddr":"","LocalNodeState":"","ControlAvailable":false,"Error":"","RemoteManagers":null},"LiveRestoreEnabled":false,"Isolation":"","InitBinary":"","ContainerdCommit":{"ID":""},"RuncCommit":{"ID":""},"InitCommit":{"ID":""},"SecurityOptions":null,"CDISpecDirs":null,"Warnings":null}[\r][\n]"
2026-09-12 12:03:58 [main] DEBUG c.g.d.z.s.o.a.h.client5.http.headers - http-outgoing-0 << HTTP/1.1 400 Bad Request
2026-09-12 12:03:58 [main] DEBUG c.g.d.z.s.o.a.h.client5.http.headers - http-outgoing-0 << Api-Version: 1.55
2026-09-12 12:03:58 [main] DEBUG c.g.d.z.s.o.a.h.client5.http.headers - http-outgoing-0 << Content-Type: application/json
2026-09-12 12:03:58 [main] DEBUG c.g.d.z.s.o.a.h.client5.http.headers - http-outgoing-0 << Date: Sat, 12 Sep 2026 10:03:58 GMT
2026-09-12 12:03:58 [main] DEBUG c.g.d.z.s.o.a.h.client5.http.headers - http-outgoing-0 << Ostype: linux
2026-09-12 12:03:58 [main] DEBUG c.g.d.z.s.o.a.h.client5.http.headers - http-outgoing-0 << Server: Docker/29.7.2 (linux)
2026-09-12 12:03:58 [main] DEBUG c.g.d.z.s.o.a.h.client5.http.headers - http-outgoing-0 << Transfer-Encoding: chunked
2026-09-12 12:03:58 [main] DEBUG c.g.d.z.s.o.a.h.c.h.i.c.MainClientExec - ex-00000001: connection can be kept alive for 3 MINUTES
2026-09-12 12:03:58 [main] DEBUG c.g.d.z.s.o.a.hc.client5.http.wire - http-outgoing-0 << "0[\r][\n]"
2026-09-12 12:03:58 [main] DEBUG c.g.d.z.s.o.a.hc.client5.http.wire - http-outgoing-0 << "[\r][\n]"
2026-09-12 12:03:58 [main] DEBUG c.g.d.z.s.o.a.h.c.h.i.c.InternalHttpClient - ep-00000000: releasing valid endpoint
2026-09-12 12:03:58 [main] DEBUG c.g.d.z.s.o.a.h.c.h.i.i.PoolingHttpClientConnectionManager - ep-00000000: releasing endpoint
2026-09-12 12:03:58 [main] DEBUG c.g.d.z.s.o.a.h.c.h.i.i.PoolingHttpClientConnectionManager - ep-00000000: connection http-outgoing-0 can be kept alive for 3 MINUTES
2026-09-12 12:03:58 [main] DEBUG c.g.d.z.s.o.a.h.c.h.i.i.PoolingHttpClientConnectionManager - ep-00000000: connection released [route: {}->http://localhost:2375][total available: 1; route allocated: 1 of 2147483647; total allocated: 1 of 2147483647]
2026-09-12 12:03:58 [main] DEBUG o.t.d.DockerClientProviderStrategy - EnvironmentAndSystemPropertyClientProviderStrategy: failed with exception BadRequestException (Status 400: {"ID":"","Containers":0,"ContainersRunning":0,"ContainersPaused":0,"ContainersStopped":0,"Images":0,"Driver":"","DriverStatus":null,"Plugins":{"Volume":null,"Network":null,"Authorization":null,"Log":null},"MemoryLimit":false,"SwapLimit":false,"CpuCfsPeriod":false,"CpuCfsQuota":false,"CPUShares":false,"CPUSet":false,"PidsLimit":false,"IPv4Forwarding":false,"Debug":false,"NFd":0,"OomKillDisable":false,"NGoroutines":0,"SystemTime":"","LoggingDriver":"","CgroupDriver":"","NEventsListener":0,"KernelVersion":"","OperatingSystem":"","OSVersion":"","OSType":"","Architecture":"","IndexServerAddress":"","RegistryConfig":null,"NCPU":0,"MemTotal":0,"GenericResources":null,"DockerRootDir":"","HttpProxy":"","HttpsProxy":"","NoProxy":"","Name":"","Labels":["com.docker.desktop.address=npipe://\\\\.\\pipe\\docker_cli"],"ExperimentalBuild":false,"ServerVersion":"","Runtimes":null,"DefaultRuntime":"","Swarm":{"NodeID":"","NodeAddr":"","LocalNodeState":"","ControlAvailable":false,"Error":"","RemoteManagers":null},"LiveRestoreEnabled":false,"Isolation":"","InitBinary":"","ContainerdCommit":{"ID":""},"RuncCommit":{"ID":""},"InitCommit":{"ID":""},"SecurityOptions":null,"CDISpecDirs":null,"Warnings":null})
2026-09-12 12:03:58 [main] DEBUG o.t.d.DockerClientProviderStrategy - Trying out strategy: NpipeSocketClientProviderStrategy
2026-09-12 12:03:58 [main] DEBUG o.t.s.c.g.d.c.command.AbstrDockerCmd - Cmd: 
2026-09-12 12:03:58 [main] DEBUG c.g.d.z.s.o.a.h.c.h.i.c.InternalHttpClient - ex-00000002: preparing request execution
2026-09-12 12:03:58 [main] DEBUG c.g.d.z.s.o.a.h.c.h.p.RequestAddCookies - Cookie spec selected: strict
2026-09-12 12:03:58 [main] DEBUG c.g.d.z.s.o.a.h.c.h.p.RequestAuthCache - Auth cache not set in the context
2026-09-12 12:03:58 [main] DEBUG c.g.d.z.s.o.a.h.c.h.i.c.ProtocolExec - ex-00000002: target auth state: UNCHALLENGED
2026-09-12 12:03:58 [main] DEBUG c.g.d.z.s.o.a.h.c.h.i.c.ProtocolExec - ex-00000002: proxy auth state: UNCHALLENGED
2026-09-12 12:03:58 [main] DEBUG c.g.d.z.s.o.a.h.c.h.i.c.ConnectExec - ex-00000002: acquiring connection with route {}->npipe://localhost:2375
2026-09-12 12:03:58 [main] DEBUG c.g.d.z.s.o.a.h.c.h.i.c.InternalHttpClient - ex-00000002: acquiring endpoint (3 MINUTES)
2026-09-12 12:03:58 [main] DEBUG c.g.d.z.s.o.a.h.c.h.i.i.PoolingHttpClientConnectionManager - ex-00000002: endpoint lease request (3 MINUTES) [route: {}->npipe://localhost:2375][total available: 0; route allocated: 0 of 2147483647; total allocated: 0 of 2147483647]
2026-09-12 12:03:58 [main] DEBUG c.g.d.z.s.o.a.h.c.h.i.i.PoolingHttpClientConnectionManager - ex-00000002: endpoint leased [route: {}->npipe://localhost:2375][total available: 0; route allocated: 1 of 2147483647; total allocated: 1 of 2147483647]
2026-09-12 12:03:58 [main] DEBUG c.g.d.z.s.o.a.h.c.h.i.i.PoolingHttpClientConnectionManager - ex-00000002: acquired ep-00000001
2026-09-12 12:03:58 [main] DEBUG c.g.d.z.s.o.a.h.c.h.i.c.InternalHttpClient - ex-00000002: acquired endpoint ep-00000001
2026-09-12 12:03:58 [main] DEBUG c.g.d.z.s.o.a.h.c.h.i.c.ConnectExec - ex-00000002: opening connection {}->npipe://localhost:2375
2026-09-12 12:03:58 [main] DEBUG c.g.d.z.s.o.a.h.c.h.i.c.InternalHttpClient - ep-00000001: connecting endpoint (3 MINUTES)
2026-09-12 12:03:58 [main] DEBUG c.g.d.z.s.o.a.h.c.h.i.i.PoolingHttpClientConnectionManager - ep-00000001: connecting endpoint to npipe://localhost:2375 (3 MINUTES)
2026-09-12 12:03:58 [main] DEBUG c.g.d.z.s.o.a.h.c.h.i.i.DefaultHttpClientConnectionOperator - http-outgoing-1: connecting to localhost/127.0.0.1:2375
2026-09-12 12:03:58 [main] DEBUG c.g.d.z.s.o.a.h.c.h.i.i.DefaultHttpClientConnectionOperator - http-outgoing-1: connection established 
2026-09-12 12:03:58 [main] DEBUG c.g.d.z.s.o.a.h.c.h.i.i.PoolingHttpClientConnectionManager - ep-00000001: connected http-outgoing-1
2026-09-12 12:03:58 [main] DEBUG c.g.d.z.s.o.a.h.c.h.i.c.InternalHttpClient - ep-00000001: endpoint connected
2026-09-12 12:03:58 [main] DEBUG c.g.d.z.s.o.a.h.c.h.i.c.MainClientExec - ex-00000002: executing GET /v1.32/info HTTP/1.1
2026-09-12 12:03:58 [main] DEBUG c.g.d.z.s.o.a.h.c.h.i.c.InternalHttpClient - ep-00000001: start execution ex-00000002
2026-09-12 12:03:58 [main] DEBUG c.g.d.z.s.o.a.h.c.h.i.i.PoolingHttpClientConnectionManager - ep-00000001: executing exchange ex-00000002 over http-outgoing-1
2026-09-12 12:03:58 [main] DEBUG c.g.d.z.s.o.a.h.client5.http.headers - http-outgoing-1 >> GET /v1.32/info HTTP/1.1
2026-09-12 12:03:58 [main] DEBUG c.g.d.z.s.o.a.h.client5.http.headers - http-outgoing-1 >> x-tc-sid: 36da972a-fffe-4088-af06-62fd40aa36c3
2026-09-12 12:03:58 [main] DEBUG c.g.d.z.s.o.a.h.client5.http.headers - http-outgoing-1 >> User-Agent: tc-java/1.21.1
2026-09-12 12:03:58 [main] DEBUG c.g.d.z.s.o.a.h.client5.http.headers - http-outgoing-1 >> Accept-Encoding: gzip, x-gzip, deflate
2026-09-12 12:03:58 [main] DEBUG c.g.d.z.s.o.a.h.client5.http.headers - http-outgoing-1 >> Host: localhost:2375
2026-09-12 12:03:58 [main] DEBUG c.g.d.z.s.o.a.h.client5.http.headers - http-outgoing-1 >> Connection: keep-alive
2026-09-12 12:03:58 [main] DEBUG c.g.d.z.s.o.a.hc.client5.http.wire - http-outgoing-1 >> "GET /v1.32/info HTTP/1.1[\r][\n]"
2026-09-12 12:03:58 [main] DEBUG c.g.d.z.s.o.a.hc.client5.http.wire - http-outgoing-1 >> "x-tc-sid: 36da972a-fffe-4088-af06-62fd40aa36c3[\r][\n]"
2026-09-12 12:03:58 [main] DEBUG c.g.d.z.s.o.a.hc.client5.http.wire - http-outgoing-1 >> "User-Agent: tc-java/1.21.1[\r][\n]"
2026-09-12 12:03:58 [main] DEBUG c.g.d.z.s.o.a.hc.client5.http.wire - http-outgoing-1 >> "Accept-Encoding: gzip, x-gzip, deflate[\r][\n]"
2026-09-12 12:03:58 [main] DEBUG c.g.d.z.s.o.a.hc.client5.http.wire - http-outgoing-1 >> "Host: localhost:2375[\r][\n]"
2026-09-12 12:03:58 [main] DEBUG c.g.d.z.s.o.a.hc.client5.http.wire - http-outgoing-1 >> "Connection: keep-alive[\r][\n]"
2026-09-12 12:03:58 [main] DEBUG c.g.d.z.s.o.a.hc.client5.http.wire - http-outgoing-1 >> "[\r][\n]"
2026-09-12 12:03:58 [main] DEBUG c.g.d.z.s.o.a.hc.client5.http.wire - http-outgoing-1 << "HTTP/1.1 400 Bad Request[\r][\n]"
2026-09-12 12:03:58 [main] DEBUG c.g.d.z.s.o.a.hc.client5.http.wire - http-outgoing-1 << "Api-Version: 1.55[\r][\n]"
2026-09-12 12:03:58 [main] DEBUG c.g.d.z.s.o.a.hc.client5.http.wire - http-outgoing-1 << "Content-Type: application/json[\r][\n]"
2026-09-12 12:03:58 [main] DEBUG c.g.d.z.s.o.a.hc.client5.http.wire - http-outgoing-1 << "Date: Sat, 12 Sep 2026 10:03:58 GMT[\r][\n]"
2026-09-12 12:03:58 [main] DEBUG c.g.d.z.s.o.a.hc.client5.http.wire - http-outgoing-1 << "Ostype: linux[\r][\n]"
2026-09-12 12:03:58 [main] DEBUG c.g.d.z.s.o.a.hc.client5.http.wire - http-outgoing-1 << "Server: Docker/29.7.2 (linux)[\r][\n]"
2026-09-12 12:03:58 [main] DEBUG c.g.d.z.s.o.a.hc.client5.http.wire - http-outgoing-1 << "Transfer-Encoding: chunked[\r][\n]"
2026-09-12 12:03:58 [main] DEBUG c.g.d.z.s.o.a.hc.client5.http.wire - http-outgoing-1 << "[\r][\n]"
2026-09-12 12:03:58 [main] DEBUG c.g.d.z.s.o.a.h.client5.http.headers - http-outgoing-1 << HTTP/1.1 400 Bad Request
2026-09-12 12:03:58 [main] DEBUG c.g.d.z.s.o.a.h.client5.http.headers - http-outgoing-1 << Api-Version: 1.55
2026-09-12 12:03:58 [main] DEBUG c.g.d.z.s.o.a.h.client5.http.headers - http-outgoing-1 << Content-Type: application/json
2026-09-12 12:03:58 [main] DEBUG c.g.d.z.s.o.a.h.client5.http.headers - http-outgoing-1 << Date: Sat, 12 Sep 2026 10:03:58 GMT
2026-09-12 12:03:58 [main] DEBUG c.g.d.z.s.o.a.h.client5.http.headers - http-outgoing-1 << Ostype: linux
2026-09-12 12:03:58 [main] DEBUG c.g.d.z.s.o.a.h.client5.http.headers - http-outgoing-1 << Server: Docker/29.7.2 (linux)
2026-09-12 12:03:58 [main] DEBUG c.g.d.z.s.o.a.h.client5.http.headers - http-outgoing-1 << Transfer-Encoding: chunked
2026-09-12 12:03:58 [main] DEBUG c.g.d.z.s.o.a.h.c.h.i.c.MainClientExec - ex-00000002: connection can be kept alive for 3 MINUTES
2026-09-12 12:03:58 [main] DEBUG c.g.d.z.s.o.a.hc.client5.http.wire - http-outgoing-1 << "4b0[\r][\n]"
2026-09-12 12:03:58 [main] DEBUG c.g.d.z.s.o.a.hc.client5.http.wire - http-outgoing-1 << "{"ID":"","Containers":0,"ContainersRunning":0,"ContainersPaused":0,"ContainersStopped":0,"Images":0,"Driver":"","DriverStatus":null,"Plugins":{"Volume":null,"Network":null,"Authorization":null,"Log":null},"MemoryLimit":false,"SwapLimit":false,"CpuCfsPeriod":false,"CpuCfsQuota":false,"CPUShares":false,"CPUSet":false,"PidsLimit":false,"IPv4Forwarding":false,"Debug":false,"NFd":0,"OomKillDisable":false,"NGoroutines":0,"SystemTime":"","LoggingDriver":"","CgroupDriver":"","NEventsListener":0,"KernelVersion":"","OperatingSystem":"","OSVersion":"","OSType":"","Architecture":"","IndexServerAddress":"","RegistryConfig":null,"NCPU":0,"MemTotal":0,"GenericResources":null,"DockerRootDir":"","HttpProxy":"","HttpsProxy":"","NoProxy":"","Name":"","Labels":["com.docker.desktop.address=npipe://\\\\.\\pipe\\docker_cli"],"ExperimentalBuild":false,"ServerVersion":"","Runtimes":null,"DefaultRuntime":"","Swarm":{"NodeID":"","NodeAddr":"","LocalNodeState":"","ControlAvailable":false,"Error":"","RemoteManagers":null},"LiveRestoreEnabled":false,"Isolation":"","InitBinary":"","ContainerdCommit":{"ID":""},"RuncCommit":{"ID":""},"InitCommit":{"ID":""},"SecurityOptions":null,"CDISpecDirs":null,"Warnings":null}[\r][\n]"
2026-09-12 12:03:58 [main] DEBUG c.g.d.z.s.o.a.hc.client5.http.wire - http-outgoing-1 << "0[\r][\n]"
2026-09-12 12:03:58 [main] DEBUG c.g.d.z.s.o.a.hc.client5.http.wire - http-outgoing-1 << "[\r][\n]"
2026-09-12 12:03:58 [main] DEBUG c.g.d.z.s.o.a.h.c.h.i.c.InternalHttpClient - ep-00000001: releasing valid endpoint
2026-09-12 12:03:58 [main] DEBUG c.g.d.z.s.o.a.h.c.h.i.i.PoolingHttpClientConnectionManager - ep-00000001: releasing endpoint
2026-09-12 12:03:58 [main] DEBUG c.g.d.z.s.o.a.h.c.h.i.i.PoolingHttpClientConnectionManager - ep-00000001: connection http-outgoing-1 can be kept alive for 3 MINUTES
2026-09-12 12:03:58 [main] DEBUG c.g.d.z.s.o.a.h.c.h.i.i.PoolingHttpClientConnectionManager - ep-00000001: connection released [route: {}->npipe://localhost:2375][total available: 1; route allocated: 1 of 2147483647; total allocated: 1 of 2147483647]
2026-09-12 12:03:58 [main] DEBUG o.t.d.DockerClientProviderStrategy - NpipeSocketClientProviderStrategy: failed with exception BadRequestException (Status 400: {"ID":"","Containers":0,"ContainersRunning":0,"ContainersPaused":0,"ContainersStopped":0,"Images":0,"Driver":"","DriverStatus":null,"Plugins":{"Volume":null,"Network":null,"Authorization":null,"Log":null},"MemoryLimit":false,"SwapLimit":false,"CpuCfsPeriod":false,"CpuCfsQuota":false,"CPUShares":false,"CPUSet":false,"PidsLimit":false,"IPv4Forwarding":false,"Debug":false,"NFd":0,"OomKillDisable":false,"NGoroutines":0,"SystemTime":"","LoggingDriver":"","CgroupDriver":"","NEventsListener":0,"KernelVersion":"","OperatingSystem":"","OSVersion":"","OSType":"","Architecture":"","IndexServerAddress":"","RegistryConfig":null,"NCPU":0,"MemTotal":0,"GenericResources":null,"DockerRootDir":"","HttpProxy":"","HttpsProxy":"","NoProxy":"","Name":"","Labels":["com.docker.desktop.address=npipe://\\\\.\\pipe\\docker_cli"],"ExperimentalBuild":false,"ServerVersion":"","Runtimes":null,"DefaultRuntime":"","Swarm":{"NodeID":"","NodeAddr":"","LocalNodeState":"","ControlAvailable":false,"Error":"","RemoteManagers":null},"LiveRestoreEnabled":false,"Isolation":"","InitBinary":"","ContainerdCommit":{"ID":""},"RuncCommit":{"ID":""},"InitCommit":{"ID":""},"SecurityOptions":null,"CDISpecDirs":null,"Warnings":null})
2026-09-12 12:03:58 [main] INFO  o.t.d.DockerMachineClientProviderStrategy - docker-machine executable was not found on PATH ([C:\Windows\system32, C:\Windows, C:\Windows\System32\Wbem, C:\Windows\System32\WindowsPowerShell\v1.0\, C:\Windows\System32\OpenSSH\, C:\Program Files\dotnet\, C:\Program Files (x86)\NVIDIA Corporation\PhysX\Common, C:\Program Files\NVIDIA Corporation\NVIDIA app\NvDLISR, C:\Program Files\Cloudflare\Cloudflare WARP\, C:\Program Files\Git\cmd, C:\Users\azuureke\AppData\Local\Programs\Eclipse Adoptium\jdk-17.0.19.10-hotspot\bin, C:\Users\azuureke\AppData\Local\Microsoft\WindowsApps, , C:\Users\azuureke\AppData\Local\Programs\DockerDesktop\resources\bin])
2026-09-12 12:03:58 [main] ERROR o.t.d.DockerClientProviderStrategy - Could not find a valid Docker environment. Please check configuration. Attempted configurations were:
	EnvironmentAndSystemPropertyClientProviderStrategy: failed with exception BadRequestException (Status 400: {"ID":"","Containers":0,"ContainersRunning":0,"ContainersPaused":0,"ContainersStopped":0,"Images":0,"Driver":"","DriverStatus":null,"Plugins":{"Volume":null,"Network":null,"Authorization":null,"Log":null},"MemoryLimit":false,"SwapLimit":false,"CpuCfsPeriod":false,"CpuCfsQuota":false,"CPUShares":false,"CPUSet":false,"PidsLimit":false,"IPv4Forwarding":false,"Debug":false,"NFd":0,"OomKillDisable":false,"NGoroutines":0,"SystemTime":"","LoggingDriver":"","CgroupDriver":"","NEventsListener":0,"KernelVersion":"","OperatingSystem":"","OSVersion":"","OSType":"","Architecture":"","IndexServerAddress":"","RegistryConfig":null,"NCPU":0,"MemTotal":0,"GenericResources":null,"DockerRootDir":"","HttpProxy":"","HttpsProxy":"","NoProxy":"","Name":"","Labels":["com.docker.desktop.address=npipe://\\\\.\\pipe\\docker_cli"],"ExperimentalBuild":false,"ServerVersion":"","Runtimes":null,"DefaultRuntime":"","Swarm":{"NodeID":"","NodeAddr":"","LocalNodeState":"","ControlAvailable":false,"Error":"","RemoteManagers":null},"LiveRestoreEnabled":false,"Isolation":"","InitBinary":"","ContainerdCommit":{"ID":""},"RuncCommit":{"ID":""},"InitCommit":{"ID":""},"SecurityOptions":null,"CDISpecDirs":null,"Warnings":null})
	NpipeSocketClientProviderStrategy: failed with exception BadRequestException (Status 400: {"ID":"","Containers":0,"ContainersRunning":0,"ContainersPaused":0,"ContainersStopped":0,"Images":0,"Driver":"","DriverStatus":null,"Plugins":{"Volume":null,"Network":null,"Authorization":null,"Log":null},"MemoryLimit":false,"SwapLimit":false,"CpuCfsPeriod":false,"CpuCfsQuota":false,"CPUShares":false,"CPUSet":false,"PidsLimit":false,"IPv4Forwarding":false,"Debug":false,"NFd":0,"OomKillDisable":false,"NGoroutines":0,"SystemTime":"","LoggingDriver":"","CgroupDriver":"","NEventsListener":0,"KernelVersion":"","OperatingSystem":"","OSVersion":"","OSType":"","Architecture":"","IndexServerAddress":"","RegistryConfig":null,"NCPU":0,"MemTotal":0,"GenericResources":null,"DockerRootDir":"","HttpProxy":"","HttpsProxy":"","NoProxy":"","Name":"","Labels":["com.docker.desktop.address=npipe://\\\\.\\pipe\\docker_cli"],"ExperimentalBuild":false,"ServerVersion":"","Runtimes":null,"DefaultRuntime":"","Swarm":{"NodeID":"","NodeAddr":"","LocalNodeState":"","ControlAvailable":false,"Error":"","RemoteManagers":null},"LiveRestoreEnabled":false,"Isolation":"","InitBinary":"","ContainerdCommit":{"ID":""},"RuncCommit":{"ID":""},"InitCommit":{"ID":""},"SecurityOptions":null,"CDISpecDirs":null,"Warnings":null})As no valid configuration was found, execution cannot continue.
See https://java.testcontainers.org/on_failure.html for more details.
2026-09-12 12:05:32 [main] INFO  o.testcontainers.DockerClientFactory - Testcontainers version: 1.21.1
2026-09-12 12:05:32 [main] DEBUG o.t.u.TestcontainersConfiguration - Testcontainers configuration overrides will be loaded from file:/C:/Users/azuureke/.testcontainers.properties
2026-09-12 12:05:32 [main] DEBUG o.t.d.DockerClientProviderStrategy - Trying out strategy: EnvironmentAndSystemPropertyClientProviderStrategy
2026-09-12 12:05:32 [main] DEBUG o.t.s.c.g.d.c.command.AbstrDockerCmd - Cmd: 
2026-09-12 12:05:32 [main] DEBUG c.g.d.z.s.o.a.h.c.h.i.c.InternalHttpClient - ex-00000001: preparing request execution
2026-09-12 12:05:32 [main] DEBUG c.g.d.z.s.o.a.h.c.h.p.RequestAddCookies - Cookie spec selected: strict
2026-09-12 12:05:32 [main] DEBUG c.g.d.z.s.o.a.h.c.h.p.RequestAuthCache - Auth cache not set in the context
2026-09-12 12:05:32 [main] DEBUG c.g.d.z.s.o.a.h.c.h.i.c.ProtocolExec - ex-00000001: target auth state: UNCHALLENGED
2026-09-12 12:05:32 [main] DEBUG c.g.d.z.s.o.a.h.c.h.i.c.ProtocolExec - ex-00000001: proxy auth state: UNCHALLENGED
2026-09-12 12:05:32 [main] DEBUG c.g.d.z.s.o.a.h.c.h.i.c.ConnectExec - ex-00000001: acquiring connection with route {}->http://localhost:2375
2026-09-12 12:05:32 [main] DEBUG c.g.d.z.s.o.a.h.c.h.i.c.InternalHttpClient - ex-00000001: acquiring endpoint (3 MINUTES)
2026-09-12 12:05:32 [main] DEBUG c.g.d.z.s.o.a.h.c.h.i.i.PoolingHttpClientConnectionManager - ex-00000001: endpoint lease request (3 MINUTES) [route: {}->http://localhost:2375][total available: 0; route allocated: 0 of 2147483647; total allocated: 0 of 2147483647]
2026-09-12 12:05:32 [main] DEBUG c.g.d.z.s.o.a.h.c.h.i.i.PoolingHttpClientConnectionManager - ex-00000001: endpoint leased [route: {}->http://localhost:2375][total available: 0; route allocated: 1 of 2147483647; total allocated: 1 of 2147483647]
2026-09-12 12:05:32 [main] DEBUG c.g.d.z.s.o.a.h.c.h.i.i.PoolingHttpClientConnectionManager - ex-00000001: acquired ep-00000000
2026-09-12 12:05:32 [main] DEBUG c.g.d.z.s.o.a.h.c.h.i.c.InternalHttpClient - ex-00000001: acquired endpoint ep-00000000
2026-09-12 12:05:32 [main] DEBUG c.g.d.z.s.o.a.h.c.h.i.c.ConnectExec - ex-00000001: opening connection {}->http://localhost:2375
2026-09-12 12:05:32 [main] DEBUG c.g.d.z.s.o.a.h.c.h.i.c.InternalHttpClient - ep-00000000: connecting endpoint (3 MINUTES)
2026-09-12 12:05:32 [main] DEBUG c.g.d.z.s.o.a.h.c.h.i.i.PoolingHttpClientConnectionManager - ep-00000000: connecting endpoint to http://localhost:2375 (3 MINUTES)
2026-09-12 12:05:32 [main] DEBUG c.g.d.z.s.o.a.h.c.h.i.i.DefaultHttpClientConnectionOperator - http-outgoing-0: connecting to localhost/127.0.0.1:2375
2026-09-12 12:05:32 [main] DEBUG c.g.d.z.s.o.a.h.c.h.i.i.DefaultHttpClientConnectionOperator - http-outgoing-0: connection established 127.0.0.1:62254<->127.0.0.1:2375
2026-09-12 12:05:32 [main] DEBUG c.g.d.z.s.o.a.h.c.h.i.i.PoolingHttpClientConnectionManager - ep-00000000: connected http-outgoing-0
2026-09-12 12:05:32 [main] DEBUG c.g.d.z.s.o.a.h.c.h.i.c.InternalHttpClient - ep-00000000: endpoint connected
2026-09-12 12:05:32 [main] DEBUG c.g.d.z.s.o.a.h.c.h.i.c.MainClientExec - ex-00000001: executing GET /v1.32/info HTTP/1.1
2026-09-12 12:05:32 [main] DEBUG c.g.d.z.s.o.a.h.c.h.i.c.InternalHttpClient - ep-00000000: start execution ex-00000001
2026-09-12 12:05:32 [main] DEBUG c.g.d.z.s.o.a.h.c.h.i.i.PoolingHttpClientConnectionManager - ep-00000000: executing exchange ex-00000001 over http-outgoing-0
2026-09-12 12:05:32 [main] DEBUG c.g.d.z.s.o.a.h.client5.http.headers - http-outgoing-0 >> GET /v1.32/info HTTP/1.1
2026-09-12 12:05:32 [main] DEBUG c.g.d.z.s.o.a.h.client5.http.headers - http-outgoing-0 >> x-tc-sid: dad5ef4a-271c-480e-bbfd-a1bab6878282
2026-09-12 12:05:32 [main] DEBUG c.g.d.z.s.o.a.h.client5.http.headers - http-outgoing-0 >> User-Agent: tc-java/1.21.1
2026-09-12 12:05:32 [main] DEBUG c.g.d.z.s.o.a.h.client5.http.headers - http-outgoing-0 >> Accept-Encoding: gzip, x-gzip, deflate
2026-09-12 12:05:32 [main] DEBUG c.g.d.z.s.o.a.h.client5.http.headers - http-outgoing-0 >> Host: localhost:2375
2026-09-12 12:05:32 [main] DEBUG c.g.d.z.s.o.a.h.client5.http.headers - http-outgoing-0 >> Connection: keep-alive
2026-09-12 12:05:32 [main] DEBUG c.g.d.z.s.o.a.hc.client5.http.wire - http-outgoing-0 >> "GET /v1.32/info HTTP/1.1[\r][\n]"
2026-09-12 12:05:32 [main] DEBUG c.g.d.z.s.o.a.hc.client5.http.wire - http-outgoing-0 >> "x-tc-sid: dad5ef4a-271c-480e-bbfd-a1bab6878282[\r][\n]"
2026-09-12 12:05:32 [main] DEBUG c.g.d.z.s.o.a.hc.client5.http.wire - http-outgoing-0 >> "User-Agent: tc-java/1.21.1[\r][\n]"
2026-09-12 12:05:32 [main] DEBUG c.g.d.z.s.o.a.hc.client5.http.wire - http-outgoing-0 >> "Accept-Encoding: gzip, x-gzip, deflate[\r][\n]"
2026-09-12 12:05:32 [main] DEBUG c.g.d.z.s.o.a.hc.client5.http.wire - http-outgoing-0 >> "Host: localhost:2375[\r][\n]"
2026-09-12 12:05:32 [main] DEBUG c.g.d.z.s.o.a.hc.client5.http.wire - http-outgoing-0 >> "Connection: keep-alive[\r][\n]"
2026-09-12 12:05:32 [main] DEBUG c.g.d.z.s.o.a.hc.client5.http.wire - http-outgoing-0 >> "[\r][\n]"
2026-09-12 12:05:32 [main] DEBUG c.g.d.z.s.o.a.hc.client5.http.wire - http-outgoing-0 << "HTTP/1.1 400 Bad Request[\r][\n]"
2026-09-12 12:05:32 [main] DEBUG c.g.d.z.s.o.a.hc.client5.http.wire - http-outgoing-0 << "Api-Version: 1.55[\r][\n]"
2026-09-12 12:05:32 [main] DEBUG c.g.d.z.s.o.a.hc.client5.http.wire - http-outgoing-0 << "Content-Type: application/json[\r][\n]"
2026-09-12 12:05:32 [main] DEBUG c.g.d.z.s.o.a.hc.client5.http.wire - http-outgoing-0 << "Date: Sat, 12 Sep 2026 10:05:32 GMT[\r][\n]"
2026-09-12 12:05:32 [main] DEBUG c.g.d.z.s.o.a.hc.client5.http.wire - http-outgoing-0 << "Ostype: linux[\r][\n]"
2026-09-12 12:05:32 [main] DEBUG c.g.d.z.s.o.a.hc.client5.http.wire - http-outgoing-0 << "Server: Docker/29.7.2 (linux)[\r][\n]"
2026-09-12 12:05:32 [main] DEBUG c.g.d.z.s.o.a.hc.client5.http.wire - http-outgoing-0 << "Transfer-Encoding: chunked[\r][\n]"
2026-09-12 12:05:32 [main] DEBUG c.g.d.z.s.o.a.hc.client5.http.wire - http-outgoing-0 << "[\r][\n]"
2026-09-12 12:05:32 [main] DEBUG c.g.d.z.s.o.a.hc.client5.http.wire - http-outgoing-0 << "4b0[\r][\n]"
2026-09-12 12:05:32 [main] DEBUG c.g.d.z.s.o.a.hc.client5.http.wire - http-outgoing-0 << "{"ID":"","Containers":0,"ContainersRunning":0,"ContainersPaused":0,"ContainersStopped":0,"Images":0,"Driver":"","DriverStatus":null,"Plugins":{"Volume":null,"Network":null,"Authorization":null,"Log":null},"MemoryLimit":false,"SwapLimit":false,"CpuCfsPeriod":false,"CpuCfsQuota":false,"CPUShares":false,"CPUSet":false,"PidsLimit":false,"IPv4Forwarding":false,"Debug":false,"NFd":0,"OomKillDisable":false,"NGoroutines":0,"SystemTime":"","LoggingDriver":"","CgroupDriver":"","NEventsListener":0,"KernelVersion":"","OperatingSystem":"","OSVersion":"","OSType":"","Architecture":"","IndexServerAddress":"","RegistryConfig":null,"NCPU":0,"MemTotal":0,"GenericResources":null,"DockerRootDir":"","HttpProxy":"","HttpsProxy":"","NoProxy":"","Name":"","Labels":["com.docker.desktop.address=npipe://\\\\.\\pipe\\docker_cli"],"ExperimentalBuild":false,"ServerVersion":"","Runtimes":null,"DefaultRuntime":"","Swarm":{"NodeID":"","NodeAddr":"","LocalNodeState":"","ControlAvailable":false,"Error":"","RemoteManagers":null},"LiveRestoreEnabled":false,"Isolation":"","InitBinary":"","ContainerdCommit":{"ID":""},"RuncCommit":{"ID":""},"InitCommit":{"ID":""},"SecurityOptions":null,"CDISpecDirs":null,"Warnings":null}[\r][\n]"
2026-09-12 12:05:32 [main] DEBUG c.g.d.z.s.o.a.h.client5.http.headers - http-outgoing-0 << HTTP/1.1 400 Bad Request
2026-09-12 12:05:32 [main] DEBUG c.g.d.z.s.o.a.h.client5.http.headers - http-outgoing-0 << Api-Version: 1.55
2026-09-12 12:05:32 [main] DEBUG c.g.d.z.s.o.a.h.client5.http.headers - http-outgoing-0 << Content-Type: application/json
2026-09-12 12:05:32 [main] DEBUG c.g.d.z.s.o.a.h.client5.http.headers - http-outgoing-0 << Date: Sat, 12 Sep 2026 10:05:32 GMT
2026-09-12 12:05:32 [main] DEBUG c.g.d.z.s.o.a.h.client5.http.headers - http-outgoing-0 << Ostype: linux
2026-09-12 12:05:32 [main] DEBUG c.g.d.z.s.o.a.h.client5.http.headers - http-outgoing-0 << Server: Docker/29.7.2 (linux)
2026-09-12 12:05:32 [main] DEBUG c.g.d.z.s.o.a.h.client5.http.headers - http-outgoing-0 << Transfer-Encoding: chunked
2026-09-12 12:05:32 [main] DEBUG c.g.d.z.s.o.a.h.c.h.i.c.MainClientExec - ex-00000001: connection can be kept alive for 3 MINUTES
2026-09-12 12:05:32 [main] DEBUG c.g.d.z.s.o.a.hc.client5.http.wire - http-outgoing-0 << "0[\r][\n]"
2026-09-12 12:05:32 [main] DEBUG c.g.d.z.s.o.a.hc.client5.http.wire - http-outgoing-0 << "[\r][\n]"
2026-09-12 12:05:32 [main] DEBUG c.g.d.z.s.o.a.h.c.h.i.c.InternalHttpClient - ep-00000000: releasing valid endpoint
2026-09-12 12:05:32 [main] DEBUG c.g.d.z.s.o.a.h.c.h.i.i.PoolingHttpClientConnectionManager - ep-00000000: releasing endpoint
2026-09-12 12:05:32 [main] DEBUG c.g.d.z.s.o.a.h.c.h.i.i.PoolingHttpClientConnectionManager - ep-00000000: connection http-outgoing-0 can be kept alive for 3 MINUTES
2026-09-12 12:05:32 [main] DEBUG c.g.d.z.s.o.a.h.c.h.i.i.PoolingHttpClientConnectionManager - ep-00000000: connection released [route: {}->http://localhost:2375][total available: 1; route allocated: 1 of 2147483647; total allocated: 1 of 2147483647]
2026-09-12 12:05:32 [main] DEBUG o.t.d.DockerClientProviderStrategy - EnvironmentAndSystemPropertyClientProviderStrategy: failed with exception BadRequestException (Status 400: {"ID":"","Containers":0,"ContainersRunning":0,"ContainersPaused":0,"ContainersStopped":0,"Images":0,"Driver":"","DriverStatus":null,"Plugins":{"Volume":null,"Network":null,"Authorization":null,"Log":null},"MemoryLimit":false,"SwapLimit":false,"CpuCfsPeriod":false,"CpuCfsQuota":false,"CPUShares":false,"CPUSet":false,"PidsLimit":false,"IPv4Forwarding":false,"Debug":false,"NFd":0,"OomKillDisable":false,"NGoroutines":0,"SystemTime":"","LoggingDriver":"","CgroupDriver":"","NEventsListener":0,"KernelVersion":"","OperatingSystem":"","OSVersion":"","OSType":"","Architecture":"","IndexServerAddress":"","RegistryConfig":null,"NCPU":0,"MemTotal":0,"GenericResources":null,"DockerRootDir":"","HttpProxy":"","HttpsProxy":"","NoProxy":"","Name":"","Labels":["com.docker.desktop.address=npipe://\\\\.\\pipe\\docker_cli"],"ExperimentalBuild":false,"ServerVersion":"","Runtimes":null,"DefaultRuntime":"","Swarm":{"NodeID":"","NodeAddr":"","LocalNodeState":"","ControlAvailable":false,"Error":"","RemoteManagers":null},"LiveRestoreEnabled":false,"Isolation":"","InitBinary":"","ContainerdCommit":{"ID":""},"RuncCommit":{"ID":""},"InitCommit":{"ID":""},"SecurityOptions":null,"CDISpecDirs":null,"Warnings":null})
2026-09-12 12:05:32 [main] DEBUG o.t.d.DockerClientProviderStrategy - Trying out strategy: NpipeSocketClientProviderStrategy
2026-09-12 12:05:32 [main] DEBUG o.t.s.c.g.d.c.command.AbstrDockerCmd - Cmd: 
2026-09-12 12:05:32 [main] DEBUG c.g.d.z.s.o.a.h.c.h.i.c.InternalHttpClient - ex-00000002: preparing request execution
2026-09-12 12:05:32 [main] DEBUG c.g.d.z.s.o.a.h.c.h.p.RequestAddCookies - Cookie spec selected: strict
2026-09-12 12:05:32 [main] DEBUG c.g.d.z.s.o.a.h.c.h.p.RequestAuthCache - Auth cache not set in the context
2026-09-12 12:05:32 [main] DEBUG c.g.d.z.s.o.a.h.c.h.i.c.ProtocolExec - ex-00000002: target auth state: UNCHALLENGED
2026-09-12 12:05:32 [main] DEBUG c.g.d.z.s.o.a.h.c.h.i.c.ProtocolExec - ex-00000002: proxy auth state: UNCHALLENGED
2026-09-12 12:05:32 [main] DEBUG c.g.d.z.s.o.a.h.c.h.i.c.ConnectExec - ex-00000002: acquiring connection with route {}->npipe://localhost:2375
2026-09-12 12:05:32 [main] DEBUG c.g.d.z.s.o.a.h.c.h.i.c.InternalHttpClient - ex-00000002: acquiring endpoint (3 MINUTES)
2026-09-12 12:05:32 [main] DEBUG c.g.d.z.s.o.a.h.c.h.i.i.PoolingHttpClientConnectionManager - ex-00000002: endpoint lease request (3 MINUTES) [route: {}->npipe://localhost:2375][total available: 0; route allocated: 0 of 2147483647; total allocated: 0 of 2147483647]
2026-09-12 12:05:32 [main] DEBUG c.g.d.z.s.o.a.h.c.h.i.i.PoolingHttpClientConnectionManager - ex-00000002: endpoint leased [route: {}->npipe://localhost:2375][total available: 0; route allocated: 1 of 2147483647; total allocated: 1 of 2147483647]
2026-09-12 12:05:32 [main] DEBUG c.g.d.z.s.o.a.h.c.h.i.i.PoolingHttpClientConnectionManager - ex-00000002: acquired ep-00000001
2026-09-12 12:05:32 [main] DEBUG c.g.d.z.s.o.a.h.c.h.i.c.InternalHttpClient - ex-00000002: acquired endpoint ep-00000001
2026-09-12 12:05:32 [main] DEBUG c.g.d.z.s.o.a.h.c.h.i.c.ConnectExec - ex-00000002: opening connection {}->npipe://localhost:2375
2026-09-12 12:05:32 [main] DEBUG c.g.d.z.s.o.a.h.c.h.i.c.InternalHttpClient - ep-00000001: connecting endpoint (3 MINUTES)
2026-09-12 12:05:32 [main] DEBUG c.g.d.z.s.o.a.h.c.h.i.i.PoolingHttpClientConnectionManager - ep-00000001: connecting endpoint to npipe://localhost:2375 (3 MINUTES)
2026-09-12 12:05:32 [main] DEBUG c.g.d.z.s.o.a.h.c.h.i.i.DefaultHttpClientConnectionOperator - http-outgoing-1: connecting to localhost/127.0.0.1:2375
2026-09-12 12:05:32 [main] DEBUG c.g.d.z.s.o.a.h.c.h.i.i.DefaultHttpClientConnectionOperator - http-outgoing-1: connection established 
2026-09-12 12:05:32 [main] DEBUG c.g.d.z.s.o.a.h.c.h.i.i.PoolingHttpClientConnectionManager - ep-00000001: connected http-outgoing-1
2026-09-12 12:05:32 [main] DEBUG c.g.d.z.s.o.a.h.c.h.i.c.InternalHttpClient - ep-00000001: endpoint connected
2026-09-12 12:05:32 [main] DEBUG c.g.d.z.s.o.a.h.c.h.i.c.MainClientExec - ex-00000002: executing GET /v1.32/info HTTP/1.1
2026-09-12 12:05:32 [main] DEBUG c.g.d.z.s.o.a.h.c.h.i.c.InternalHttpClient - ep-00000001: start execution ex-00000002
2026-09-12 12:05:32 [main] DEBUG c.g.d.z.s.o.a.h.c.h.i.i.PoolingHttpClientConnectionManager - ep-00000001: executing exchange ex-00000002 over http-outgoing-1
2026-09-12 12:05:32 [main] DEBUG c.g.d.z.s.o.a.h.client5.http.headers - http-outgoing-1 >> GET /v1.32/info HTTP/1.1
2026-09-12 12:05:32 [main] DEBUG c.g.d.z.s.o.a.h.client5.http.headers - http-outgoing-1 >> x-tc-sid: dad5ef4a-271c-480e-bbfd-a1bab6878282
2026-09-12 12:05:32 [main] DEBUG c.g.d.z.s.o.a.h.client5.http.headers - http-outgoing-1 >> User-Agent: tc-java/1.21.1
2026-09-12 12:05:32 [main] DEBUG c.g.d.z.s.o.a.h.client5.http.headers - http-outgoing-1 >> Accept-Encoding: gzip, x-gzip, deflate
2026-09-12 12:05:32 [main] DEBUG c.g.d.z.s.o.a.h.client5.http.headers - http-outgoing-1 >> Host: localhost:2375
2026-09-12 12:05:32 [main] DEBUG c.g.d.z.s.o.a.h.client5.http.headers - http-outgoing-1 >> Connection: keep-alive
2026-09-12 12:05:32 [main] DEBUG c.g.d.z.s.o.a.hc.client5.http.wire - http-outgoing-1 >> "GET /v1.32/info HTTP/1.1[\r][\n]"
2026-09-12 12:05:32 [main] DEBUG c.g.d.z.s.o.a.hc.client5.http.wire - http-outgoing-1 >> "x-tc-sid: dad5ef4a-271c-480e-bbfd-a1bab6878282[\r][\n]"
2026-09-12 12:05:32 [main] DEBUG c.g.d.z.s.o.a.hc.client5.http.wire - http-outgoing-1 >> "User-Agent: tc-java/1.21.1[\r][\n]"
2026-09-12 12:05:32 [main] DEBUG c.g.d.z.s.o.a.hc.client5.http.wire - http-outgoing-1 >> "Accept-Encoding: gzip, x-gzip, deflate[\r][\n]"
2026-09-12 12:05:32 [main] DEBUG c.g.d.z.s.o.a.hc.client5.http.wire - http-outgoing-1 >> "Host: localhost:2375[\r][\n]"
2026-09-12 12:05:32 [main] DEBUG c.g.d.z.s.o.a.hc.client5.http.wire - http-outgoing-1 >> "Connection: keep-alive[\r][\n]"
2026-09-12 12:05:32 [main] DEBUG c.g.d.z.s.o.a.hc.client5.http.wire - http-outgoing-1 >> "[\r][\n]"
2026-09-12 12:05:32 [main] DEBUG c.g.d.z.s.o.a.hc.client5.http.wire - http-outgoing-1 << "HTTP/1.1 400 Bad Request[\r][\n]"
2026-09-12 12:05:32 [main] DEBUG c.g.d.z.s.o.a.hc.client5.http.wire - http-outgoing-1 << "Api-Version: 1.55[\r][\n]"
2026-09-12 12:05:32 [main] DEBUG c.g.d.z.s.o.a.hc.client5.http.wire - http-outgoing-1 << "Content-Type: application/json[\r][\n]"
2026-09-12 12:05:32 [main] DEBUG c.g.d.z.s.o.a.hc.client5.http.wire - http-outgoing-1 << "Date: Sat, 12 Sep 2026 10:05:32 GMT[\r][\n]"
2026-09-12 12:05:32 [main] DEBUG c.g.d.z.s.o.a.hc.client5.http.wire - http-outgoing-1 << "Ostype: linux[\r][\n]"
2026-09-12 12:05:32 [main] DEBUG c.g.d.z.s.o.a.hc.client5.http.wire - http-outgoing-1 << "Server: Docker/29.7.2 (linux)[\r][\n]"
2026-09-12 12:05:32 [main] DEBUG c.g.d.z.s.o.a.hc.client5.http.wire - http-outgoing-1 << "Transfer-Encoding: chunked[\r][\n]"
2026-09-12 12:05:32 [main] DEBUG c.g.d.z.s.o.a.hc.client5.http.wire - http-outgoing-1 << "[\r][\n]"
2026-09-12 12:05:32 [main] DEBUG c.g.d.z.s.o.a.hc.client5.http.wire - http-outgoing-1 << "4b0[\r][\n]"
2026-09-12 12:05:32 [main] DEBUG c.g.d.z.s.o.a.hc.client5.http.wire - http-outgoing-1 << "{"ID":"","Containers":0,"ContainersRunning":0,"ContainersPaused":0,"ContainersStopped":0,"Images":0,"Driver":"","DriverStatus":null,"Plugins":{"Volume":null,"Network":null,"Authorization":null,"Log":null},"MemoryLimit":false,"SwapLimit":false,"CpuCfsPeriod":false,"CpuCfsQuota":false,"CPUShares":false,"CPUSet":false,"PidsLimit":false,"IPv4Forwarding":false,"Debug":false,"NFd":0,"OomKillDisable":false,"NGoroutines":0,"SystemTime":"","LoggingDriver":"","CgroupDriver":"","NEventsListener":0,"KernelVersion":"","OperatingSystem":"","OSVersion":"","OSType":"","Architecture":"","IndexServerAddress":"","RegistryConfig":null,"NCPU":0,"MemTotal":0,"GenericResources":null,"DockerRootDir":"","HttpProxy":"","HttpsProxy":"","NoProxy":"","Name":"","Labels":["com.docker.desktop.address=npipe://\\\\.\\pipe\\docker_cli"],"ExperimentalBuild":false,"ServerVersion":"","Runtimes":null,"DefaultRuntime":"","Swarm":{"NodeID":"","NodeAddr":"","LocalNodeState":"","ControlAvailable":false,"Error":"","RemoteManagers":null},"LiveRestoreEnabled":false,"Isolation":"","InitBinary":"","ContainerdCommit":{"ID":""},"RuncCommit":{"ID":""},"InitCommit":{"ID":""},"SecurityOptions":null,"CDISpecDirs":null,"Warnings":null}[\r][\n]"
2026-09-12 12:05:32 [main] DEBUG c.g.d.z.s.o.a.h.client5.http.headers - http-outgoing-1 << HTTP/1.1 400 Bad Request
2026-09-12 12:05:32 [main] DEBUG c.g.d.z.s.o.a.h.client5.http.headers - http-outgoing-1 << Api-Version: 1.55
2026-09-12 12:05:32 [main] DEBUG c.g.d.z.s.o.a.h.client5.http.headers - http-outgoing-1 << Content-Type: application/json
2026-09-12 12:05:32 [main] DEBUG c.g.d.z.s.o.a.h.client5.http.headers - http-outgoing-1 << Date: Sat, 12 Sep 2026 10:05:32 GMT
2026-09-12 12:05:32 [main] DEBUG c.g.d.z.s.o.a.h.client5.http.headers - http-outgoing-1 << Ostype: linux
2026-09-12 12:05:32 [main] DEBUG c.g.d.z.s.o.a.h.client5.http.headers - http-outgoing-1 << Server: Docker/29.7.2 (linux)
2026-09-12 12:05:32 [main] DEBUG c.g.d.z.s.o.a.h.client5.http.headers - http-outgoing-1 << Transfer-Encoding: chunked
2026-09-12 12:05:32 [main] DEBUG c.g.d.z.s.o.a.h.c.h.i.c.MainClientExec - ex-00000002: connection can be kept alive for 3 MINUTES
2026-09-12 12:05:32 [main] DEBUG c.g.d.z.s.o.a.hc.client5.http.wire - http-outgoing-1 << "0[\r][\n]"
2026-09-12 12:05:32 [main] DEBUG c.g.d.z.s.o.a.hc.client5.http.wire - http-outgoing-1 << "[\r][\n]"
2026-09-12 12:05:32 [main] DEBUG c.g.d.z.s.o.a.h.c.h.i.c.InternalHttpClient - ep-00000001: releasing valid endpoint
2026-09-12 12:05:32 [main] DEBUG c.g.d.z.s.o.a.h.c.h.i.i.PoolingHttpClientConnectionManager - ep-00000001: releasing endpoint
2026-09-12 12:05:32 [main] DEBUG c.g.d.z.s.o.a.h.c.h.i.i.PoolingHttpClientConnectionManager - ep-00000001: connection http-outgoing-1 can be kept alive for 3 MINUTES
2026-09-12 12:05:32 [main] DEBUG c.g.d.z.s.o.a.h.c.h.i.i.PoolingHttpClientConnectionManager - ep-00000001: connection released [route: {}->npipe://localhost:2375][total available: 1; route allocated: 1 of 2147483647; total allocated: 1 of 2147483647]
2026-09-12 12:05:32 [main] DEBUG o.t.d.DockerClientProviderStrategy - NpipeSocketClientProviderStrategy: failed with exception BadRequestException (Status 400: {"ID":"","Containers":0,"ContainersRunning":0,"ContainersPaused":0,"ContainersStopped":0,"Images":0,"Driver":"","DriverStatus":null,"Plugins":{"Volume":null,"Network":null,"Authorization":null,"Log":null},"MemoryLimit":false,"SwapLimit":false,"CpuCfsPeriod":false,"CpuCfsQuota":false,"CPUShares":false,"CPUSet":false,"PidsLimit":false,"IPv4Forwarding":false,"Debug":false,"NFd":0,"OomKillDisable":false,"NGoroutines":0,"SystemTime":"","LoggingDriver":"","CgroupDriver":"","NEventsListener":0,"KernelVersion":"","OperatingSystem":"","OSVersion":"","OSType":"","Architecture":"","IndexServerAddress":"","RegistryConfig":null,"NCPU":0,"MemTotal":0,"GenericResources":null,"DockerRootDir":"","HttpProxy":"","HttpsProxy":"","NoProxy":"","Name":"","Labels":["com.docker.desktop.address=npipe://\\\\.\\pipe\\docker_cli"],"ExperimentalBuild":false,"ServerVersion":"","Runtimes":null,"DefaultRuntime":"","Swarm":{"NodeID":"","NodeAddr":"","LocalNodeState":"","ControlAvailable":false,"Error":"","RemoteManagers":null},"LiveRestoreEnabled":false,"Isolation":"","InitBinary":"","ContainerdCommit":{"ID":""},"RuncCommit":{"ID":""},"InitCommit":{"ID":""},"SecurityOptions":null,"CDISpecDirs":null,"Warnings":null})
2026-09-12 12:05:32 [main] INFO  o.t.d.DockerMachineClientProviderStrategy - docker-machine executable was not found on PATH ([C:\Windows\system32, C:\Windows, C:\Windows\System32\Wbem, C:\Windows\System32\WindowsPowerShell\v1.0\, C:\Windows\System32\OpenSSH\, C:\Program Files\dotnet\, C:\Program Files (x86)\NVIDIA Corporation\PhysX\Common, C:\Program Files\NVIDIA Corporation\NVIDIA app\NvDLISR, C:\Program Files\Cloudflare\Cloudflare WARP\, C:\Program Files\Git\cmd, C:\Users\azuureke\AppData\Local\Programs\Eclipse Adoptium\jdk-17.0.19.10-hotspot\bin, C:\Users\azuureke\AppData\Local\Microsoft\WindowsApps, , C:\Users\azuureke\AppData\Local\Programs\DockerDesktop\resources\bin])
2026-09-12 12:05:32 [main] ERROR o.t.d.DockerClientProviderStrategy - Could not find a valid Docker environment. Please check configuration. Attempted configurations were:
	EnvironmentAndSystemPropertyClientProviderStrategy: failed with exception BadRequestException (Status 400: {"ID":"","Containers":0,"ContainersRunning":0,"ContainersPaused":0,"ContainersStopped":0,"Images":0,"Driver":"","DriverStatus":null,"Plugins":{"Volume":null,"Network":null,"Authorization":null,"Log":null},"MemoryLimit":false,"SwapLimit":false,"CpuCfsPeriod":false,"CpuCfsQuota":false,"CPUShares":false,"CPUSet":false,"PidsLimit":false,"IPv4Forwarding":false,"Debug":false,"NFd":0,"OomKillDisable":false,"NGoroutines":0,"SystemTime":"","LoggingDriver":"","CgroupDriver":"","NEventsListener":0,"KernelVersion":"","OperatingSystem":"","OSVersion":"","OSType":"","Architecture":"","IndexServerAddress":"","RegistryConfig":null,"NCPU":0,"MemTotal":0,"GenericResources":null,"DockerRootDir":"","HttpProxy":"","HttpsProxy":"","NoProxy":"","Name":"","Labels":["com.docker.desktop.address=npipe://\\\\.\\pipe\\docker_cli"],"ExperimentalBuild":false,"ServerVersion":"","Runtimes":null,"DefaultRuntime":"","Swarm":{"NodeID":"","NodeAddr":"","LocalNodeState":"","ControlAvailable":false,"Error":"","RemoteManagers":null},"LiveRestoreEnabled":false,"Isolation":"","InitBinary":"","ContainerdCommit":{"ID":""},"RuncCommit":{"ID":""},"InitCommit":{"ID":""},"SecurityOptions":null,"CDISpecDirs":null,"Warnings":null})
	NpipeSocketClientProviderStrategy: failed with exception BadRequestException (Status 400: {"ID":"","Containers":0,"ContainersRunning":0,"ContainersPaused":0,"ContainersStopped":0,"Images":0,"Driver":"","DriverStatus":null,"Plugins":{"Volume":null,"Network":null,"Authorization":null,"Log":null},"MemoryLimit":false,"SwapLimit":false,"CpuCfsPeriod":false,"CpuCfsQuota":false,"CPUShares":false,"CPUSet":false,"PidsLimit":false,"IPv4Forwarding":false,"Debug":false,"NFd":0,"OomKillDisable":false,"NGoroutines":0,"SystemTime":"","LoggingDriver":"","CgroupDriver":"","NEventsListener":0,"KernelVersion":"","OperatingSystem":"","OSVersion":"","OSType":"","Architecture":"","IndexServerAddress":"","RegistryConfig":null,"NCPU":0,"MemTotal":0,"GenericResources":null,"DockerRootDir":"","HttpProxy":"","HttpsProxy":"","NoProxy":"","Name":"","Labels":["com.docker.desktop.address=npipe://\\\\.\\pipe\\docker_cli"],"ExperimentalBuild":false,"ServerVersion":"","Runtimes":null,"DefaultRuntime":"","Swarm":{"NodeID":"","NodeAddr":"","LocalNodeState":"","ControlAvailable":false,"Error":"","RemoteManagers":null},"LiveRestoreEnabled":false,"Isolation":"","InitBinary":"","ContainerdCommit":{"ID":""},"RuncCommit":{"ID":""},"InitCommit":{"ID":""},"SecurityOptions":null,"CDISpecDirs":null,"Warnings":null})As no valid configuration was found, execution cannot continue.
See https://java.testcontainers.org/on_failure.html for more details.
2026-09-12 12:11:51 [main] INFO  o.testcontainers.DockerClientFactory - Testcontainers version: 1.21.1
2026-09-12 12:11:51 [main] DEBUG o.t.u.TestcontainersConfiguration - Testcontainers configuration overrides will be loaded from file:/C:/Users/azuureke/.testcontainers.properties
2026-09-12 12:11:51 [main] DEBUG o.t.d.DockerClientProviderStrategy - Trying out strategy: EnvironmentAndSystemPropertyClientProviderStrategy
2026-09-12 12:11:51 [main] DEBUG o.t.s.c.g.d.c.command.AbstrDockerCmd - Cmd: 
2026-09-12 12:11:51 [main] DEBUG c.g.d.z.s.o.a.h.c.h.i.c.InternalHttpClient - ex-00000001: preparing request execution
2026-09-12 12:11:51 [main] DEBUG c.g.d.z.s.o.a.h.c.h.p.RequestAddCookies - Cookie spec selected: strict
2026-09-12 12:11:51 [main] DEBUG c.g.d.z.s.o.a.h.c.h.p.RequestAuthCache - Auth cache not set in the context
2026-09-12 12:11:51 [main] DEBUG c.g.d.z.s.o.a.h.c.h.i.c.ProtocolExec - ex-00000001: target auth state: UNCHALLENGED
2026-09-12 12:11:51 [main] DEBUG c.g.d.z.s.o.a.h.c.h.i.c.ProtocolExec - ex-00000001: proxy auth state: UNCHALLENGED
2026-09-12 12:11:51 [main] DEBUG c.g.d.z.s.o.a.h.c.h.i.c.ConnectExec - ex-00000001: acquiring connection with route {}->http://localhost:2375
2026-09-12 12:11:51 [main] DEBUG c.g.d.z.s.o.a.h.c.h.i.c.InternalHttpClient - ex-00000001: acquiring endpoint (3 MINUTES)
2026-09-12 12:11:51 [main] DEBUG c.g.d.z.s.o.a.h.c.h.i.i.PoolingHttpClientConnectionManager - ex-00000001: endpoint lease request (3 MINUTES) [route: {}->http://localhost:2375][total available: 0; route allocated: 0 of 2147483647; total allocated: 0 of 2147483647]
2026-09-12 12:11:51 [main] DEBUG c.g.d.z.s.o.a.h.c.h.i.i.PoolingHttpClientConnectionManager - ex-00000001: endpoint leased [route: {}->http://localhost:2375][total available: 0; route allocated: 1 of 2147483647; total allocated: 1 of 2147483647]
2026-09-12 12:11:51 [main] DEBUG c.g.d.z.s.o.a.h.c.h.i.i.PoolingHttpClientConnectionManager - ex-00000001: acquired ep-00000000
2026-09-12 12:11:51 [main] DEBUG c.g.d.z.s.o.a.h.c.h.i.c.InternalHttpClient - ex-00000001: acquired endpoint ep-00000000
2026-09-12 12:11:51 [main] DEBUG c.g.d.z.s.o.a.h.c.h.i.c.ConnectExec - ex-00000001: opening connection {}->http://localhost:2375
2026-09-12 12:11:51 [main] DEBUG c.g.d.z.s.o.a.h.c.h.i.c.InternalHttpClient - ep-00000000: connecting endpoint (3 MINUTES)
2026-09-12 12:11:51 [main] DEBUG c.g.d.z.s.o.a.h.c.h.i.i.PoolingHttpClientConnectionManager - ep-00000000: connecting endpoint to http://localhost:2375 (3 MINUTES)
2026-09-12 12:11:51 [main] DEBUG c.g.d.z.s.o.a.h.c.h.i.i.DefaultHttpClientConnectionOperator - http-outgoing-0: connecting to localhost/127.0.0.1:2375
2026-09-12 12:11:51 [main] DEBUG c.g.d.z.s.o.a.h.c.h.i.i.DefaultHttpClientConnectionOperator - http-outgoing-0: connection established 127.0.0.1:62395<->127.0.0.1:2375
2026-09-12 12:11:51 [main] DEBUG c.g.d.z.s.o.a.h.c.h.i.i.PoolingHttpClientConnectionManager - ep-00000000: connected http-outgoing-0
2026-09-12 12:11:51 [main] DEBUG c.g.d.z.s.o.a.h.c.h.i.c.InternalHttpClient - ep-00000000: endpoint connected
2026-09-12 12:11:51 [main] DEBUG c.g.d.z.s.o.a.h.c.h.i.c.MainClientExec - ex-00000001: executing GET /v1.32/info HTTP/1.1
2026-09-12 12:11:51 [main] DEBUG c.g.d.z.s.o.a.h.c.h.i.c.InternalHttpClient - ep-00000000: start execution ex-00000001
2026-09-12 12:11:51 [main] DEBUG c.g.d.z.s.o.a.h.c.h.i.i.PoolingHttpClientConnectionManager - ep-00000000: executing exchange ex-00000001 over http-outgoing-0
2026-09-12 12:11:51 [main] DEBUG c.g.d.z.s.o.a.h.client5.http.headers - http-outgoing-0 >> GET /v1.32/info HTTP/1.1
2026-09-12 12:11:51 [main] DEBUG c.g.d.z.s.o.a.h.client5.http.headers - http-outgoing-0 >> x-tc-sid: b887d9aa-c06b-45b7-b879-b075487fb6ab
2026-09-12 12:11:51 [main] DEBUG c.g.d.z.s.o.a.h.client5.http.headers - http-outgoing-0 >> User-Agent: tc-java/1.21.1
2026-09-12 12:11:51 [main] DEBUG c.g.d.z.s.o.a.h.client5.http.headers - http-outgoing-0 >> Accept-Encoding: gzip, x-gzip, deflate
2026-09-12 12:11:51 [main] DEBUG c.g.d.z.s.o.a.h.client5.http.headers - http-outgoing-0 >> Host: localhost:2375
2026-09-12 12:11:51 [main] DEBUG c.g.d.z.s.o.a.h.client5.http.headers - http-outgoing-0 >> Connection: keep-alive
2026-09-12 12:11:51 [main] DEBUG c.g.d.z.s.o.a.hc.client5.http.wire - http-outgoing-0 >> "GET /v1.32/info HTTP/1.1[\r][\n]"
2026-09-12 12:11:51 [main] DEBUG c.g.d.z.s.o.a.hc.client5.http.wire - http-outgoing-0 >> "x-tc-sid: b887d9aa-c06b-45b7-b879-b075487fb6ab[\r][\n]"
2026-09-12 12:11:51 [main] DEBUG c.g.d.z.s.o.a.hc.client5.http.wire - http-outgoing-0 >> "User-Agent: tc-java/1.21.1[\r][\n]"
2026-09-12 12:11:51 [main] DEBUG c.g.d.z.s.o.a.hc.client5.http.wire - http-outgoing-0 >> "Accept-Encoding: gzip, x-gzip, deflate[\r][\n]"
2026-09-12 12:11:51 [main] DEBUG c.g.d.z.s.o.a.hc.client5.http.wire - http-outgoing-0 >> "Host: localhost:2375[\r][\n]"
2026-09-12 12:11:51 [main] DEBUG c.g.d.z.s.o.a.hc.client5.http.wire - http-outgoing-0 >> "Connection: keep-alive[\r][\n]"
2026-09-12 12:11:51 [main] DEBUG c.g.d.z.s.o.a.hc.client5.http.wire - http-outgoing-0 >> "[\r][\n]"
2026-09-12 12:11:51 [main] DEBUG c.g.d.z.s.o.a.hc.client5.http.wire - http-outgoing-0 << "HTTP/1.1 400 Bad Request[\r][\n]"
2026-09-12 12:11:51 [main] DEBUG c.g.d.z.s.o.a.hc.client5.http.wire - http-outgoing-0 << "Api-Version: 1.55[\r][\n]"
2026-09-12 12:11:51 [main] DEBUG c.g.d.z.s.o.a.hc.client5.http.wire - http-outgoing-0 << "Content-Type: application/json[\r][\n]"
2026-09-12 12:11:51 [main] DEBUG c.g.d.z.s.o.a.hc.client5.http.wire - http-outgoing-0 << "Date: Sat, 12 Sep 2026 10:11:51 GMT[\r][\n]"
2026-09-12 12:11:51 [main] DEBUG c.g.d.z.s.o.a.hc.client5.http.wire - http-outgoing-0 << "Ostype: linux[\r][\n]"
2026-09-12 12:11:51 [main] DEBUG c.g.d.z.s.o.a.hc.client5.http.wire - http-outgoing-0 << "Server: Docker/29.7.2 (linux)[\r][\n]"
2026-09-12 12:11:51 [main] DEBUG c.g.d.z.s.o.a.hc.client5.http.wire - http-outgoing-0 << "Transfer-Encoding: chunked[\r][\n]"
2026-09-12 12:11:51 [main] DEBUG c.g.d.z.s.o.a.hc.client5.http.wire - http-outgoing-0 << "[\r][\n]"
2026-09-12 12:11:51 [main] DEBUG c.g.d.z.s.o.a.hc.client5.http.wire - http-outgoing-0 << "4b0[\r][\n]"
2026-09-12 12:11:51 [main] DEBUG c.g.d.z.s.o.a.hc.client5.http.wire - http-outgoing-0 << "{"ID":"","Containers":0,"ContainersRunning":0,"ContainersPaused":0,"ContainersStopped":0,"Images":0,"Driver":"","DriverStatus":null,"Plugins":{"Volume":null,"Network":null,"Authorization":null,"Log":null},"MemoryLimit":false,"SwapLimit":false,"CpuCfsPeriod":false,"CpuCfsQuota":false,"CPUShares":false,"CPUSet":false,"PidsLimit":false,"IPv4Forwarding":false,"Debug":false,"NFd":0,"OomKillDisable":false,"NGoroutines":0,"SystemTime":"","LoggingDriver":"","CgroupDriver":"","NEventsListener":0,"KernelVersion":"","OperatingSystem":"","OSVersion":"","OSType":"","Architecture":"","IndexServerAddress":"","RegistryConfig":null,"NCPU":0,"MemTotal":0,"GenericResources":null,"DockerRootDir":"","HttpProxy":"","HttpsProxy":"","NoProxy":"","Name":"","Labels":["com.docker.desktop.address=npipe://\\\\.\\pipe\\docker_cli"],"ExperimentalBuild":false,"ServerVersion":"","Runtimes":null,"DefaultRuntime":"","Swarm":{"NodeID":"","NodeAddr":"","LocalNodeState":"","ControlAvailable":false,"Error":"","RemoteManagers":null},"LiveRestoreEnabled":false,"Isolation":"","InitBinary":"","ContainerdCommit":{"ID":""},"RuncCommit":{"ID":""},"InitCommit":{"ID":""},"SecurityOptions":null,"CDISpecDirs":null,"Warnings":null}[\r][\n]"
2026-09-12 12:11:51 [main] DEBUG c.g.d.z.s.o.a.h.client5.http.headers - http-outgoing-0 << HTTP/1.1 400 Bad Request
2026-09-12 12:11:51 [main] DEBUG c.g.d.z.s.o.a.h.client5.http.headers - http-outgoing-0 << Api-Version: 1.55
2026-09-12 12:11:51 [main] DEBUG c.g.d.z.s.o.a.h.client5.http.headers - http-outgoing-0 << Content-Type: application/json
2026-09-12 12:11:51 [main] DEBUG c.g.d.z.s.o.a.h.client5.http.headers - http-outgoing-0 << Date: Sat, 12 Sep 2026 10:11:51 GMT
2026-09-12 12:11:51 [main] DEBUG c.g.d.z.s.o.a.h.client5.http.headers - http-outgoing-0 << Ostype: linux
2026-09-12 12:11:51 [main] DEBUG c.g.d.z.s.o.a.h.client5.http.headers - http-outgoing-0 << Server: Docker/29.7.2 (linux)
2026-09-12 12:11:51 [main] DEBUG c.g.d.z.s.o.a.h.client5.http.headers - http-outgoing-0 << Transfer-Encoding: chunked
2026-09-12 12:11:51 [main] DEBUG c.g.d.z.s.o.a.h.c.h.i.c.MainClientExec - ex-00000001: connection can be kept alive for 3 MINUTES
2026-09-12 12:11:51 [main] DEBUG c.g.d.z.s.o.a.hc.client5.http.wire - http-outgoing-0 << "0[\r][\n]"
2026-09-12 12:11:51 [main] DEBUG c.g.d.z.s.o.a.hc.client5.http.wire - http-outgoing-0 << "[\r][\n]"
2026-09-12 12:11:51 [main] DEBUG c.g.d.z.s.o.a.h.c.h.i.c.InternalHttpClient - ep-00000000: releasing valid endpoint
2026-09-12 12:11:51 [main] DEBUG c.g.d.z.s.o.a.h.c.h.i.i.PoolingHttpClientConnectionManager - ep-00000000: releasing endpoint
2026-09-12 12:11:51 [main] DEBUG c.g.d.z.s.o.a.h.c.h.i.i.PoolingHttpClientConnectionManager - ep-00000000: connection http-outgoing-0 can be kept alive for 3 MINUTES
2026-09-12 12:11:51 [main] DEBUG c.g.d.z.s.o.a.h.c.h.i.i.PoolingHttpClientConnectionManager - ep-00000000: connection released [route: {}->http://localhost:2375][total available: 1; route allocated: 1 of 2147483647; total allocated: 1 of 2147483647]
2026-09-12 12:11:51 [main] DEBUG o.t.d.DockerClientProviderStrategy - EnvironmentAndSystemPropertyClientProviderStrategy: failed with exception BadRequestException (Status 400: {"ID":"","Containers":0,"ContainersRunning":0,"ContainersPaused":0,"ContainersStopped":0,"Images":0,"Driver":"","DriverStatus":null,"Plugins":{"Volume":null,"Network":null,"Authorization":null,"Log":null},"MemoryLimit":false,"SwapLimit":false,"CpuCfsPeriod":false,"CpuCfsQuota":false,"CPUShares":false,"CPUSet":false,"PidsLimit":false,"IPv4Forwarding":false,"Debug":false,"NFd":0,"OomKillDisable":false,"NGoroutines":0,"SystemTime":"","LoggingDriver":"","CgroupDriver":"","NEventsListener":0,"KernelVersion":"","OperatingSystem":"","OSVersion":"","OSType":"","Architecture":"","IndexServerAddress":"","RegistryConfig":null,"NCPU":0,"MemTotal":0,"GenericResources":null,"DockerRootDir":"","HttpProxy":"","HttpsProxy":"","NoProxy":"","Name":"","Labels":["com.docker.desktop.address=npipe://\\\\.\\pipe\\docker_cli"],"ExperimentalBuild":false,"ServerVersion":"","Runtimes":null,"DefaultRuntime":"","Swarm":{"NodeID":"","NodeAddr":"","LocalNodeState":"","ControlAvailable":false,"Error":"","RemoteManagers":null},"LiveRestoreEnabled":false,"Isolation":"","InitBinary":"","ContainerdCommit":{"ID":""},"RuncCommit":{"ID":""},"InitCommit":{"ID":""},"SecurityOptions":null,"CDISpecDirs":null,"Warnings":null})
2026-09-12 12:11:51 [main] DEBUG o.t.d.DockerClientProviderStrategy - Trying out strategy: NpipeSocketClientProviderStrategy
2026-09-12 12:11:51 [main] DEBUG o.t.s.c.g.d.c.command.AbstrDockerCmd - Cmd: 
2026-09-12 12:11:51 [main] DEBUG c.g.d.z.s.o.a.h.c.h.i.c.InternalHttpClient - ex-00000002: preparing request execution
2026-09-12 12:11:51 [main] DEBUG c.g.d.z.s.o.a.h.c.h.p.RequestAddCookies - Cookie spec selected: strict
2026-09-12 12:11:51 [main] DEBUG c.g.d.z.s.o.a.h.c.h.p.RequestAuthCache - Auth cache not set in the context
2026-09-12 12:11:51 [main] DEBUG c.g.d.z.s.o.a.h.c.h.i.c.ProtocolExec - ex-00000002: target auth state: UNCHALLENGED
2026-09-12 12:11:51 [main] DEBUG c.g.d.z.s.o.a.h.c.h.i.c.ProtocolExec - ex-00000002: proxy auth state: UNCHALLENGED
2026-09-12 12:11:51 [main] DEBUG c.g.d.z.s.o.a.h.c.h.i.c.ConnectExec - ex-00000002: acquiring connection with route {}->npipe://localhost:2375
2026-09-12 12:11:51 [main] DEBUG c.g.d.z.s.o.a.h.c.h.i.c.InternalHttpClient - ex-00000002: acquiring endpoint (3 MINUTES)
2026-09-12 12:11:51 [main] DEBUG c.g.d.z.s.o.a.h.c.h.i.i.PoolingHttpClientConnectionManager - ex-00000002: endpoint lease request (3 MINUTES) [route: {}->npipe://localhost:2375][total available: 0; route allocated: 0 of 2147483647; total allocated: 0 of 2147483647]
2026-09-12 12:11:51 [main] DEBUG c.g.d.z.s.o.a.h.c.h.i.i.PoolingHttpClientConnectionManager - ex-00000002: endpoint leased [route: {}->npipe://localhost:2375][total available: 0; route allocated: 1 of 2147483647; total allocated: 1 of 2147483647]
2026-09-12 12:11:51 [main] DEBUG c.g.d.z.s.o.a.h.c.h.i.i.PoolingHttpClientConnectionManager - ex-00000002: acquired ep-00000001
2026-09-12 12:11:51 [main] DEBUG c.g.d.z.s.o.a.h.c.h.i.c.InternalHttpClient - ex-00000002: acquired endpoint ep-00000001
2026-09-12 12:11:51 [main] DEBUG c.g.d.z.s.o.a.h.c.h.i.c.ConnectExec - ex-00000002: opening connection {}->npipe://localhost:2375
2026-09-12 12:11:51 [main] DEBUG c.g.d.z.s.o.a.h.c.h.i.c.InternalHttpClient - ep-00000001: connecting endpoint (3 MINUTES)
2026-09-12 12:11:51 [main] DEBUG c.g.d.z.s.o.a.h.c.h.i.i.PoolingHttpClientConnectionManager - ep-00000001: connecting endpoint to npipe://localhost:2375 (3 MINUTES)
2026-09-12 12:11:51 [main] DEBUG c.g.d.z.s.o.a.h.c.h.i.i.DefaultHttpClientConnectionOperator - http-outgoing-1: connecting to localhost/127.0.0.1:2375
2026-09-12 12:11:51 [main] DEBUG c.g.d.z.s.o.a.h.c.h.i.i.DefaultHttpClientConnectionOperator - http-outgoing-1: connection established 
2026-09-12 12:11:51 [main] DEBUG c.g.d.z.s.o.a.h.c.h.i.i.PoolingHttpClientConnectionManager - ep-00000001: connected http-outgoing-1
2026-09-12 12:11:51 [main] DEBUG c.g.d.z.s.o.a.h.c.h.i.c.InternalHttpClient - ep-00000001: endpoint connected
2026-09-12 12:11:51 [main] DEBUG c.g.d.z.s.o.a.h.c.h.i.c.MainClientExec - ex-00000002: executing GET /v1.32/info HTTP/1.1
2026-09-12 12:11:51 [main] DEBUG c.g.d.z.s.o.a.h.c.h.i.c.InternalHttpClient - ep-00000001: start execution ex-00000002
2026-09-12 12:11:51 [main] DEBUG c.g.d.z.s.o.a.h.c.h.i.i.PoolingHttpClientConnectionManager - ep-00000001: executing exchange ex-00000002 over http-outgoing-1
2026-09-12 12:11:51 [main] DEBUG c.g.d.z.s.o.a.h.client5.http.headers - http-outgoing-1 >> GET /v1.32/info HTTP/1.1
2026-09-12 12:11:51 [main] DEBUG c.g.d.z.s.o.a.h.client5.http.headers - http-outgoing-1 >> x-tc-sid: b887d9aa-c06b-45b7-b879-b075487fb6ab
2026-09-12 12:11:51 [main] DEBUG c.g.d.z.s.o.a.h.client5.http.headers - http-outgoing-1 >> User-Agent: tc-java/1.21.1
2026-09-12 12:11:51 [main] DEBUG c.g.d.z.s.o.a.h.client5.http.headers - http-outgoing-1 >> Accept-Encoding: gzip, x-gzip, deflate
2026-09-12 12:11:51 [main] DEBUG c.g.d.z.s.o.a.h.client5.http.headers - http-outgoing-1 >> Host: localhost:2375
2026-09-12 12:11:51 [main] DEBUG c.g.d.z.s.o.a.h.client5.http.headers - http-outgoing-1 >> Connection: keep-alive
2026-09-12 12:11:51 [main] DEBUG c.g.d.z.s.o.a.hc.client5.http.wire - http-outgoing-1 >> "GET /v1.32/info HTTP/1.1[\r][\n]"
2026-09-12 12:11:51 [main] DEBUG c.g.d.z.s.o.a.hc.client5.http.wire - http-outgoing-1 >> "x-tc-sid: b887d9aa-c06b-45b7-b879-b075487fb6ab[\r][\n]"
2026-09-12 12:11:51 [main] DEBUG c.g.d.z.s.o.a.hc.client5.http.wire - http-outgoing-1 >> "User-Agent: tc-java/1.21.1[\r][\n]"
2026-09-12 12:11:51 [main] DEBUG c.g.d.z.s.o.a.hc.client5.http.wire - http-outgoing-1 >> "Accept-Encoding: gzip, x-gzip, deflate[\r][\n]"
2026-09-12 12:11:51 [main] DEBUG c.g.d.z.s.o.a.hc.client5.http.wire - http-outgoing-1 >> "Host: localhost:2375[\r][\n]"
2026-09-12 12:11:51 [main] DEBUG c.g.d.z.s.o.a.hc.client5.http.wire - http-outgoing-1 >> "Connection: keep-alive[\r][\n]"
2026-09-12 12:11:51 [main] DEBUG c.g.d.z.s.o.a.hc.client5.http.wire - http-outgoing-1 >> "[\r][\n]"
2026-09-12 12:11:51 [main] DEBUG c.g.d.z.s.o.a.hc.client5.http.wire - http-outgoing-1 << "HTTP/1.1 400 Bad Request[\r][\n]"
2026-09-12 12:11:51 [main] DEBUG c.g.d.z.s.o.a.hc.client5.http.wire - http-outgoing-1 << "Api-Version: 1.55[\r][\n]"
2026-09-12 12:11:51 [main] DEBUG c.g.d.z.s.o.a.hc.client5.http.wire - http-outgoing-1 << "Content-Type: application/json[\r][\n]"
2026-09-12 12:11:51 [main] DEBUG c.g.d.z.s.o.a.hc.client5.http.wire - http-outgoing-1 << "Date: Sat, 12 Sep 2026 10:11:51 GMT[\r][\n]"
2026-09-12 12:11:51 [main] DEBUG c.g.d.z.s.o.a.hc.client5.http.wire - http-outgoing-1 << "Ostype: linux[\r][\n]"
2026-09-12 12:11:51 [main] DEBUG c.g.d.z.s.o.a.hc.client5.http.wire - http-outgoing-1 << "Server: Docker/29.7.2 (linux)[\r][\n]"
2026-09-12 12:11:51 [main] DEBUG c.g.d.z.s.o.a.hc.client5.http.wire - http-outgoing-1 << "Transfer-Encoding: chunked[\r][\n]"
2026-09-12 12:11:51 [main] DEBUG c.g.d.z.s.o.a.hc.client5.http.wire - http-outgoing-1 << "[\r][\n]"
2026-09-12 12:11:51 [main] DEBUG c.g.d.z.s.o.a.h.client5.http.headers - http-outgoing-1 << HTTP/1.1 400 Bad Request
2026-09-12 12:11:51 [main] DEBUG c.g.d.z.s.o.a.h.client5.http.headers - http-outgoing-1 << Api-Version: 1.55
2026-09-12 12:11:51 [main] DEBUG c.g.d.z.s.o.a.h.client5.http.headers - http-outgoing-1 << Content-Type: application/json
2026-09-12 12:11:51 [main] DEBUG c.g.d.z.s.o.a.h.client5.http.headers - http-outgoing-1 << Date: Sat, 12 Sep 2026 10:11:51 GMT
2026-09-12 12:11:51 [main] DEBUG c.g.d.z.s.o.a.h.client5.http.headers - http-outgoing-1 << Ostype: linux
2026-09-12 12:11:51 [main] DEBUG c.g.d.z.s.o.a.h.client5.http.headers - http-outgoing-1 << Server: Docker/29.7.2 (linux)
2026-09-12 12:11:51 [main] DEBUG c.g.d.z.s.o.a.h.client5.http.headers - http-outgoing-1 << Transfer-Encoding: chunked
2026-09-12 12:11:51 [main] DEBUG c.g.d.z.s.o.a.h.c.h.i.c.MainClientExec - ex-00000002: connection can be kept alive for 3 MINUTES
2026-09-12 12:11:51 [main] DEBUG c.g.d.z.s.o.a.hc.client5.http.wire - http-outgoing-1 << "4b0[\r][\n]"
2026-09-12 12:11:51 [main] DEBUG c.g.d.z.s.o.a.hc.client5.http.wire - http-outgoing-1 << "{"ID":"","Containers":0,"ContainersRunning":0,"ContainersPaused":0,"ContainersStopped":0,"Images":0,"Driver":"","DriverStatus":null,"Plugins":{"Volume":null,"Network":null,"Authorization":null,"Log":null},"MemoryLimit":false,"SwapLimit":false,"CpuCfsPeriod":false,"CpuCfsQuota":false,"CPUShares":false,"CPUSet":false,"PidsLimit":false,"IPv4Forwarding":false,"Debug":false,"NFd":0,"OomKillDisable":false,"NGoroutines":0,"SystemTime":"","LoggingDriver":"","CgroupDriver":"","NEventsListener":0,"KernelVersion":"","OperatingSystem":"","OSVersion":"","OSType":"","Architecture":"","IndexServerAddress":"","RegistryConfig":null,"NCPU":0,"MemTotal":0,"GenericResources":null,"DockerRootDir":"","HttpProxy":"","HttpsProxy":"","NoProxy":"","Name":"","Labels":["com.docker.desktop.address=npipe://\\\\.\\pipe\\docker_cli"],"ExperimentalBuild":false,"ServerVersion":"","Runtimes":null,"DefaultRuntime":"","Swarm":{"NodeID":"","NodeAddr":"","LocalNodeState":"","ControlAvailable":false,"Error":"","RemoteManagers":null},"LiveRestoreEnabled":false,"Isolation":"","InitBinary":"","ContainerdCommit":{"ID":""},"RuncCommit":{"ID":""},"InitCommit":{"ID":""},"SecurityOptions":null,"CDISpecDirs":null,"Warnings":null}[\r][\n]"
2026-09-12 12:11:51 [main] DEBUG c.g.d.z.s.o.a.hc.client5.http.wire - http-outgoing-1 << "0[\r][\n]"
2026-09-12 12:11:51 [main] DEBUG c.g.d.z.s.o.a.hc.client5.http.wire - http-outgoing-1 << "[\r][\n]"
2026-09-12 12:11:51 [main] DEBUG c.g.d.z.s.o.a.h.c.h.i.c.InternalHttpClient - ep-00000001: releasing valid endpoint
2026-09-12 12:11:51 [main] DEBUG c.g.d.z.s.o.a.h.c.h.i.i.PoolingHttpClientConnectionManager - ep-00000001: releasing endpoint
2026-09-12 12:11:51 [main] DEBUG c.g.d.z.s.o.a.h.c.h.i.i.PoolingHttpClientConnectionManager - ep-00000001: connection http-outgoing-1 can be kept alive for 3 MINUTES
2026-09-12 12:11:51 [main] DEBUG c.g.d.z.s.o.a.h.c.h.i.i.PoolingHttpClientConnectionManager - ep-00000001: connection released [route: {}->npipe://localhost:2375][total available: 1; route allocated: 1 of 2147483647; total allocated: 1 of 2147483647]
2026-09-12 12:11:51 [main] DEBUG o.t.d.DockerClientProviderStrategy - NpipeSocketClientProviderStrategy: failed with exception BadRequestException (Status 400: {"ID":"","Containers":0,"ContainersRunning":0,"ContainersPaused":0,"ContainersStopped":0,"Images":0,"Driver":"","DriverStatus":null,"Plugins":{"Volume":null,"Network":null,"Authorization":null,"Log":null},"MemoryLimit":false,"SwapLimit":false,"CpuCfsPeriod":false,"CpuCfsQuota":false,"CPUShares":false,"CPUSet":false,"PidsLimit":false,"IPv4Forwarding":false,"Debug":false,"NFd":0,"OomKillDisable":false,"NGoroutines":0,"SystemTime":"","LoggingDriver":"","CgroupDriver":"","NEventsListener":0,"KernelVersion":"","OperatingSystem":"","OSVersion":"","OSType":"","Architecture":"","IndexServerAddress":"","RegistryConfig":null,"NCPU":0,"MemTotal":0,"GenericResources":null,"DockerRootDir":"","HttpProxy":"","HttpsProxy":"","NoProxy":"","Name":"","Labels":["com.docker.desktop.address=npipe://\\\\.\\pipe\\docker_cli"],"ExperimentalBuild":false,"ServerVersion":"","Runtimes":null,"DefaultRuntime":"","Swarm":{"NodeID":"","NodeAddr":"","LocalNodeState":"","ControlAvailable":false,"Error":"","RemoteManagers":null},"LiveRestoreEnabled":false,"Isolation":"","InitBinary":"","ContainerdCommit":{"ID":""},"RuncCommit":{"ID":""},"InitCommit":{"ID":""},"SecurityOptions":null,"CDISpecDirs":null,"Warnings":null})
2026-09-12 12:11:51 [main] INFO  o.t.d.DockerMachineClientProviderStrategy - docker-machine executable was not found on PATH ([C:\Windows\system32, C:\Windows, C:\Windows\System32\Wbem, C:\Windows\System32\WindowsPowerShell\v1.0\, C:\Windows\System32\OpenSSH\, C:\Program Files\dotnet\, C:\Program Files (x86)\NVIDIA Corporation\PhysX\Common, C:\Program Files\NVIDIA Corporation\NVIDIA app\NvDLISR, C:\Program Files\Cloudflare\Cloudflare WARP\, C:\Program Files\Git\cmd, C:\Users\azuureke\AppData\Local\Programs\Eclipse Adoptium\jdk-17.0.19.10-hotspot\bin, C:\Users\azuureke\AppData\Local\Microsoft\WindowsApps, , C:\Users\azuureke\AppData\Local\Programs\DockerDesktop\resources\bin])
2026-09-12 12:11:51 [main] ERROR o.t.d.DockerClientProviderStrategy - Could not find a valid Docker environment. Please check configuration. Attempted configurations were:
	EnvironmentAndSystemPropertyClientProviderStrategy: failed with exception BadRequestException (Status 400: {"ID":"","Containers":0,"ContainersRunning":0,"ContainersPaused":0,"ContainersStopped":0,"Images":0,"Driver":"","DriverStatus":null,"Plugins":{"Volume":null,"Network":null,"Authorization":null,"Log":null},"MemoryLimit":false,"SwapLimit":false,"CpuCfsPeriod":false,"CpuCfsQuota":false,"CPUShares":false,"CPUSet":false,"PidsLimit":false,"IPv4Forwarding":false,"Debug":false,"NFd":0,"OomKillDisable":false,"NGoroutines":0,"SystemTime":"","LoggingDriver":"","CgroupDriver":"","NEventsListener":0,"KernelVersion":"","OperatingSystem":"","OSVersion":"","OSType":"","Architecture":"","IndexServerAddress":"","RegistryConfig":null,"NCPU":0,"MemTotal":0,"GenericResources":null,"DockerRootDir":"","HttpProxy":"","HttpsProxy":"","NoProxy":"","Name":"","Labels":["com.docker.desktop.address=npipe://\\\\.\\pipe\\docker_cli"],"ExperimentalBuild":false,"ServerVersion":"","Runtimes":null,"DefaultRuntime":"","Swarm":{"NodeID":"","NodeAddr":"","LocalNodeState":"","ControlAvailable":false,"Error":"","RemoteManagers":null},"LiveRestoreEnabled":false,"Isolation":"","InitBinary":"","ContainerdCommit":{"ID":""},"RuncCommit":{"ID":""},"InitCommit":{"ID":""},"SecurityOptions":null,"CDISpecDirs":null,"Warnings":null})
	NpipeSocketClientProviderStrategy: failed with exception BadRequestException (Status 400: {"ID":"","Containers":0,"ContainersRunning":0,"ContainersPaused":0,"ContainersStopped":0,"Images":0,"Driver":"","DriverStatus":null,"Plugins":{"Volume":null,"Network":null,"Authorization":null,"Log":null},"MemoryLimit":false,"SwapLimit":false,"CpuCfsPeriod":false,"CpuCfsQuota":false,"CPUShares":false,"CPUSet":false,"PidsLimit":false,"IPv4Forwarding":false,"Debug":false,"NFd":0,"OomKillDisable":false,"NGoroutines":0,"SystemTime":"","LoggingDriver":"","CgroupDriver":"","NEventsListener":0,"KernelVersion":"","OperatingSystem":"","OSVersion":"","OSType":"","Architecture":"","IndexServerAddress":"","RegistryConfig":null,"NCPU":0,"MemTotal":0,"GenericResources":null,"DockerRootDir":"","HttpProxy":"","HttpsProxy":"","NoProxy":"","Name":"","Labels":["com.docker.desktop.address=npipe://\\\\.\\pipe\\docker_cli"],"ExperimentalBuild":false,"ServerVersion":"","Runtimes":null,"DefaultRuntime":"","Swarm":{"NodeID":"","NodeAddr":"","LocalNodeState":"","ControlAvailable":false,"Error":"","RemoteManagers":null},"LiveRestoreEnabled":false,"Isolation":"","InitBinary":"","ContainerdCommit":{"ID":""},"RuncCommit":{"ID":""},"InitCommit":{"ID":""},"SecurityOptions":null,"CDISpecDirs":null,"Warnings":null})As no valid configuration was found, execution cannot continue.
See https://java.testcontainers.org/on_failure.html for more details.
2026-09-12 12:13:57 [main] INFO  o.testcontainers.DockerClientFactory - Testcontainers version: 1.21.1
2026-09-12 12:13:57 [main] DEBUG o.t.u.TestcontainersConfiguration - Testcontainers configuration overrides will be loaded from file:/C:/Users/azuureke/.testcontainers.properties
2026-09-12 12:13:57 [main] DEBUG o.t.d.DockerClientProviderStrategy - Trying out strategy: EnvironmentAndSystemPropertyClientProviderStrategy
2026-09-12 12:13:57 [main] DEBUG o.t.s.c.g.d.c.command.AbstrDockerCmd - Cmd: 
2026-09-12 12:13:57 [main] DEBUG c.g.d.z.s.o.a.h.c.h.i.c.InternalHttpClient - ex-00000001: preparing request execution
2026-09-12 12:13:57 [main] DEBUG c.g.d.z.s.o.a.h.c.h.p.RequestAddCookies - Cookie spec selected: strict
2026-09-12 12:13:57 [main] DEBUG c.g.d.z.s.o.a.h.c.h.p.RequestAuthCache - Auth cache not set in the context
2026-09-12 12:13:57 [main] DEBUG c.g.d.z.s.o.a.h.c.h.i.c.ProtocolExec - ex-00000001: target auth state: UNCHALLENGED
2026-09-12 12:13:57 [main] DEBUG c.g.d.z.s.o.a.h.c.h.i.c.ProtocolExec - ex-00000001: proxy auth state: UNCHALLENGED
2026-09-12 12:13:57 [main] DEBUG c.g.d.z.s.o.a.h.c.h.i.c.ConnectExec - ex-00000001: acquiring connection with route {}->http://localhost:2375
2026-09-12 12:13:57 [main] DEBUG c.g.d.z.s.o.a.h.c.h.i.c.InternalHttpClient - ex-00000001: acquiring endpoint (3 MINUTES)
2026-09-12 12:13:57 [main] DEBUG c.g.d.z.s.o.a.h.c.h.i.i.PoolingHttpClientConnectionManager - ex-00000001: endpoint lease request (3 MINUTES) [route: {}->http://localhost:2375][total available: 0; route allocated: 0 of 2147483647; total allocated: 0 of 2147483647]
2026-09-12 12:13:57 [main] DEBUG c.g.d.z.s.o.a.h.c.h.i.i.PoolingHttpClientConnectionManager - ex-00000001: endpoint leased [route: {}->http://localhost:2375][total available: 0; route allocated: 1 of 2147483647; total allocated: 1 of 2147483647]
2026-09-12 12:13:57 [main] DEBUG c.g.d.z.s.o.a.h.c.h.i.i.PoolingHttpClientConnectionManager - ex-00000001: acquired ep-00000000
2026-09-12 12:13:57 [main] DEBUG c.g.d.z.s.o.a.h.c.h.i.c.InternalHttpClient - ex-00000001: acquired endpoint ep-00000000
2026-09-12 12:13:57 [main] DEBUG c.g.d.z.s.o.a.h.c.h.i.c.ConnectExec - ex-00000001: opening connection {}->http://localhost:2375
2026-09-12 12:13:57 [main] DEBUG c.g.d.z.s.o.a.h.c.h.i.c.InternalHttpClient - ep-00000000: connecting endpoint (3 MINUTES)
2026-09-12 12:13:57 [main] DEBUG c.g.d.z.s.o.a.h.c.h.i.i.PoolingHttpClientConnectionManager - ep-00000000: connecting endpoint to http://localhost:2375 (3 MINUTES)
2026-09-12 12:13:57 [main] DEBUG c.g.d.z.s.o.a.h.c.h.i.i.DefaultHttpClientConnectionOperator - http-outgoing-0: connecting to localhost/127.0.0.1:2375
2026-09-12 12:13:57 [main] DEBUG c.g.d.z.s.o.a.h.c.h.i.i.DefaultHttpClientConnectionOperator - http-outgoing-0: connection established 127.0.0.1:62427<->127.0.0.1:2375
2026-09-12 12:13:57 [main] DEBUG c.g.d.z.s.o.a.h.c.h.i.i.PoolingHttpClientConnectionManager - ep-00000000: connected http-outgoing-0
2026-09-12 12:13:57 [main] DEBUG c.g.d.z.s.o.a.h.c.h.i.c.InternalHttpClient - ep-00000000: endpoint connected
2026-09-12 12:13:57 [main] DEBUG c.g.d.z.s.o.a.h.c.h.i.c.MainClientExec - ex-00000001: executing GET /v1.32/info HTTP/1.1
2026-09-12 12:13:57 [main] DEBUG c.g.d.z.s.o.a.h.c.h.i.c.InternalHttpClient - ep-00000000: start execution ex-00000001
2026-09-12 12:13:57 [main] DEBUG c.g.d.z.s.o.a.h.c.h.i.i.PoolingHttpClientConnectionManager - ep-00000000: executing exchange ex-00000001 over http-outgoing-0
2026-09-12 12:13:57 [main] DEBUG c.g.d.z.s.o.a.h.client5.http.headers - http-outgoing-0 >> GET /v1.32/info HTTP/1.1
2026-09-12 12:13:57 [main] DEBUG c.g.d.z.s.o.a.h.client5.http.headers - http-outgoing-0 >> x-tc-sid: 37c6a2a5-e1a4-447d-a210-e6fe83574383
2026-09-12 12:13:57 [main] DEBUG c.g.d.z.s.o.a.h.client5.http.headers - http-outgoing-0 >> User-Agent: tc-java/1.21.1
2026-09-12 12:13:57 [main] DEBUG c.g.d.z.s.o.a.h.client5.http.headers - http-outgoing-0 >> Accept-Encoding: gzip, x-gzip, deflate
2026-09-12 12:13:57 [main] DEBUG c.g.d.z.s.o.a.h.client5.http.headers - http-outgoing-0 >> Host: localhost:2375
2026-09-12 12:13:57 [main] DEBUG c.g.d.z.s.o.a.h.client5.http.headers - http-outgoing-0 >> Connection: keep-alive
2026-09-12 12:13:57 [main] DEBUG c.g.d.z.s.o.a.hc.client5.http.wire - http-outgoing-0 >> "GET /v1.32/info HTTP/1.1[\r][\n]"
2026-09-12 12:13:57 [main] DEBUG c.g.d.z.s.o.a.hc.client5.http.wire - http-outgoing-0 >> "x-tc-sid: 37c6a2a5-e1a4-447d-a210-e6fe83574383[\r][\n]"
2026-09-12 12:13:57 [main] DEBUG c.g.d.z.s.o.a.hc.client5.http.wire - http-outgoing-0 >> "User-Agent: tc-java/1.21.1[\r][\n]"
2026-09-12 12:13:57 [main] DEBUG c.g.d.z.s.o.a.hc.client5.http.wire - http-outgoing-0 >> "Accept-Encoding: gzip, x-gzip, deflate[\r][\n]"
2026-09-12 12:13:57 [main] DEBUG c.g.d.z.s.o.a.hc.client5.http.wire - http-outgoing-0 >> "Host: localhost:2375[\r][\n]"
2026-09-12 12:13:57 [main] DEBUG c.g.d.z.s.o.a.hc.client5.http.wire - http-outgoing-0 >> "Connection: keep-alive[\r][\n]"
2026-09-12 12:13:57 [main] DEBUG c.g.d.z.s.o.a.hc.client5.http.wire - http-outgoing-0 >> "[\r][\n]"
2026-09-12 12:13:57 [main] DEBUG c.g.d.z.s.o.a.hc.client5.http.wire - http-outgoing-0 << "HTTP/1.1 400 Bad Request[\r][\n]"
2026-09-12 12:13:57 [main] DEBUG c.g.d.z.s.o.a.hc.client5.http.wire - http-outgoing-0 << "Api-Version: 1.55[\r][\n]"
2026-09-12 12:13:57 [main] DEBUG c.g.d.z.s.o.a.hc.client5.http.wire - http-outgoing-0 << "Content-Type: application/json[\r][\n]"
2026-09-12 12:13:57 [main] DEBUG c.g.d.z.s.o.a.hc.client5.http.wire - http-outgoing-0 << "Date: Sat, 12 Sep 2026 10:13:57 GMT[\r][\n]"
2026-09-12 12:13:57 [main] DEBUG c.g.d.z.s.o.a.hc.client5.http.wire - http-outgoing-0 << "Ostype: linux[\r][\n]"
2026-09-12 12:13:57 [main] DEBUG c.g.d.z.s.o.a.hc.client5.http.wire - http-outgoing-0 << "Server: Docker/29.7.2 (linux)[\r][\n]"
2026-09-12 12:13:57 [main] DEBUG c.g.d.z.s.o.a.hc.client5.http.wire - http-outgoing-0 << "Transfer-Encoding: chunked[\r][\n]"
2026-09-12 12:13:57 [main] DEBUG c.g.d.z.s.o.a.hc.client5.http.wire - http-outgoing-0 << "[\r][\n]"
2026-09-12 12:13:57 [main] DEBUG c.g.d.z.s.o.a.hc.client5.http.wire - http-outgoing-0 << "4b0[\r][\n]"
2026-09-12 12:13:57 [main] DEBUG c.g.d.z.s.o.a.hc.client5.http.wire - http-outgoing-0 << "{"ID":"","Containers":0,"ContainersRunning":0,"ContainersPaused":0,"ContainersStopped":0,"Images":0,"Driver":"","DriverStatus":null,"Plugins":{"Volume":null,"Network":null,"Authorization":null,"Log":null},"MemoryLimit":false,"SwapLimit":false,"CpuCfsPeriod":false,"CpuCfsQuota":false,"CPUShares":false,"CPUSet":false,"PidsLimit":false,"IPv4Forwarding":false,"Debug":false,"NFd":0,"OomKillDisable":false,"NGoroutines":0,"SystemTime":"","LoggingDriver":"","CgroupDriver":"","NEventsListener":0,"KernelVersion":"","OperatingSystem":"","OSVersion":"","OSType":"","Architecture":"","IndexServerAddress":"","RegistryConfig":null,"NCPU":0,"MemTotal":0,"GenericResources":null,"DockerRootDir":"","HttpProxy":"","HttpsProxy":"","NoProxy":"","Name":"","Labels":["com.docker.desktop.address=npipe://\\\\.\\pipe\\docker_cli"],"ExperimentalBuild":false,"ServerVersion":"","Runtimes":null,"DefaultRuntime":"","Swarm":{"NodeID":"","NodeAddr":"","LocalNodeState":"","ControlAvailable":false,"Error":"","RemoteManagers":null},"LiveRestoreEnabled":false,"Isolation":"","InitBinary":"","ContainerdCommit":{"ID":""},"RuncCommit":{"ID":""},"InitCommit":{"ID":""},"SecurityOptions":null,"CDISpecDirs":null,"Warnings":null}[\r][\n]"
2026-09-12 12:13:57 [main] DEBUG c.g.d.z.s.o.a.h.client5.http.headers - http-outgoing-0 << HTTP/1.1 400 Bad Request
2026-09-12 12:13:57 [main] DEBUG c.g.d.z.s.o.a.h.client5.http.headers - http-outgoing-0 << Api-Version: 1.55
2026-09-12 12:13:57 [main] DEBUG c.g.d.z.s.o.a.h.client5.http.headers - http-outgoing-0 << Content-Type: application/json
2026-09-12 12:13:57 [main] DEBUG c.g.d.z.s.o.a.h.client5.http.headers - http-outgoing-0 << Date: Sat, 12 Sep 2026 10:13:57 GMT
2026-09-12 12:13:57 [main] DEBUG c.g.d.z.s.o.a.h.client5.http.headers - http-outgoing-0 << Ostype: linux
2026-09-12 12:13:57 [main] DEBUG c.g.d.z.s.o.a.h.client5.http.headers - http-outgoing-0 << Server: Docker/29.7.2 (linux)
2026-09-12 12:13:57 [main] DEBUG c.g.d.z.s.o.a.h.client5.http.headers - http-outgoing-0 << Transfer-Encoding: chunked
2026-09-12 12:13:57 [main] DEBUG c.g.d.z.s.o.a.h.c.h.i.c.MainClientExec - ex-00000001: connection can be kept alive for 3 MINUTES
2026-09-12 12:13:57 [main] DEBUG c.g.d.z.s.o.a.hc.client5.http.wire - http-outgoing-0 << "0[\r][\n]"
2026-09-12 12:13:57 [main] DEBUG c.g.d.z.s.o.a.hc.client5.http.wire - http-outgoing-0 << "[\r][\n]"
2026-09-12 12:13:57 [main] DEBUG c.g.d.z.s.o.a.h.c.h.i.c.InternalHttpClient - ep-00000000: releasing valid endpoint
2026-09-12 12:13:57 [main] DEBUG c.g.d.z.s.o.a.h.c.h.i.i.PoolingHttpClientConnectionManager - ep-00000000: releasing endpoint
2026-09-12 12:13:57 [main] DEBUG c.g.d.z.s.o.a.h.c.h.i.i.PoolingHttpClientConnectionManager - ep-00000000: connection http-outgoing-0 can be kept alive for 3 MINUTES
2026-09-12 12:13:57 [main] DEBUG c.g.d.z.s.o.a.h.c.h.i.i.PoolingHttpClientConnectionManager - ep-00000000: connection released [route: {}->http://localhost:2375][total available: 1; route allocated: 1 of 2147483647; total allocated: 1 of 2147483647]
2026-09-12 12:13:57 [main] DEBUG o.t.d.DockerClientProviderStrategy - EnvironmentAndSystemPropertyClientProviderStrategy: failed with exception BadRequestException (Status 400: {"ID":"","Containers":0,"ContainersRunning":0,"ContainersPaused":0,"ContainersStopped":0,"Images":0,"Driver":"","DriverStatus":null,"Plugins":{"Volume":null,"Network":null,"Authorization":null,"Log":null},"MemoryLimit":false,"SwapLimit":false,"CpuCfsPeriod":false,"CpuCfsQuota":false,"CPUShares":false,"CPUSet":false,"PidsLimit":false,"IPv4Forwarding":false,"Debug":false,"NFd":0,"OomKillDisable":false,"NGoroutines":0,"SystemTime":"","LoggingDriver":"","CgroupDriver":"","NEventsListener":0,"KernelVersion":"","OperatingSystem":"","OSVersion":"","OSType":"","Architecture":"","IndexServerAddress":"","RegistryConfig":null,"NCPU":0,"MemTotal":0,"GenericResources":null,"DockerRootDir":"","HttpProxy":"","HttpsProxy":"","NoProxy":"","Name":"","Labels":["com.docker.desktop.address=npipe://\\\\.\\pipe\\docker_cli"],"ExperimentalBuild":false,"ServerVersion":"","Runtimes":null,"DefaultRuntime":"","Swarm":{"NodeID":"","NodeAddr":"","LocalNodeState":"","ControlAvailable":false,"Error":"","RemoteManagers":null},"LiveRestoreEnabled":false,"Isolation":"","InitBinary":"","ContainerdCommit":{"ID":""},"RuncCommit":{"ID":""},"InitCommit":{"ID":""},"SecurityOptions":null,"CDISpecDirs":null,"Warnings":null})
2026-09-12 12:13:57 [main] DEBUG o.t.d.DockerClientProviderStrategy - Trying out strategy: NpipeSocketClientProviderStrategy
2026-09-12 12:13:57 [main] DEBUG o.t.s.c.g.d.c.command.AbstrDockerCmd - Cmd: 
2026-09-12 12:13:57 [main] DEBUG c.g.d.z.s.o.a.h.c.h.i.c.InternalHttpClient - ex-00000002: preparing request execution
2026-09-12 12:13:57 [main] DEBUG c.g.d.z.s.o.a.h.c.h.p.RequestAddCookies - Cookie spec selected: strict
2026-09-12 12:13:57 [main] DEBUG c.g.d.z.s.o.a.h.c.h.p.RequestAuthCache - Auth cache not set in the context
2026-09-12 12:13:57 [main] DEBUG c.g.d.z.s.o.a.h.c.h.i.c.ProtocolExec - ex-00000002: target auth state: UNCHALLENGED
2026-09-12 12:13:57 [main] DEBUG c.g.d.z.s.o.a.h.c.h.i.c.ProtocolExec - ex-00000002: proxy auth state: UNCHALLENGED
2026-09-12 12:13:57 [main] DEBUG c.g.d.z.s.o.a.h.c.h.i.c.ConnectExec - ex-00000002: acquiring connection with route {}->npipe://localhost:2375
2026-09-12 12:13:57 [main] DEBUG c.g.d.z.s.o.a.h.c.h.i.c.InternalHttpClient - ex-00000002: acquiring endpoint (3 MINUTES)
2026-09-12 12:13:57 [main] DEBUG c.g.d.z.s.o.a.h.c.h.i.i.PoolingHttpClientConnectionManager - ex-00000002: endpoint lease request (3 MINUTES) [route: {}->npipe://localhost:2375][total available: 0; route allocated: 0 of 2147483647; total allocated: 0 of 2147483647]
2026-09-12 12:13:57 [main] DEBUG c.g.d.z.s.o.a.h.c.h.i.i.PoolingHttpClientConnectionManager - ex-00000002: endpoint leased [route: {}->npipe://localhost:2375][total available: 0; route allocated: 1 of 2147483647; total allocated: 1 of 2147483647]
2026-09-12 12:13:57 [main] DEBUG c.g.d.z.s.o.a.h.c.h.i.i.PoolingHttpClientConnectionManager - ex-00000002: acquired ep-00000001
2026-09-12 12:13:57 [main] DEBUG c.g.d.z.s.o.a.h.c.h.i.c.InternalHttpClient - ex-00000002: acquired endpoint ep-00000001
2026-09-12 12:13:57 [main] DEBUG c.g.d.z.s.o.a.h.c.h.i.c.ConnectExec - ex-00000002: opening connection {}->npipe://localhost:2375
2026-09-12 12:13:57 [main] DEBUG c.g.d.z.s.o.a.h.c.h.i.c.InternalHttpClient - ep-00000001: connecting endpoint (3 MINUTES)
2026-09-12 12:13:57 [main] DEBUG c.g.d.z.s.o.a.h.c.h.i.i.PoolingHttpClientConnectionManager - ep-00000001: connecting endpoint to npipe://localhost:2375 (3 MINUTES)
2026-09-12 12:13:57 [main] DEBUG c.g.d.z.s.o.a.h.c.h.i.i.DefaultHttpClientConnectionOperator - http-outgoing-1: connecting to localhost/127.0.0.1:2375
2026-09-12 12:13:57 [main] DEBUG c.g.d.z.s.o.a.h.c.h.i.i.DefaultHttpClientConnectionOperator - http-outgoing-1: connection established 
2026-09-12 12:13:57 [main] DEBUG c.g.d.z.s.o.a.h.c.h.i.i.PoolingHttpClientConnectionManager - ep-00000001: connected http-outgoing-1
2026-09-12 12:13:57 [main] DEBUG c.g.d.z.s.o.a.h.c.h.i.c.InternalHttpClient - ep-00000001: endpoint connected
2026-09-12 12:13:57 [main] DEBUG c.g.d.z.s.o.a.h.c.h.i.c.MainClientExec - ex-00000002: executing GET /v1.32/info HTTP/1.1
2026-09-12 12:13:57 [main] DEBUG c.g.d.z.s.o.a.h.c.h.i.c.InternalHttpClient - ep-00000001: start execution ex-00000002
2026-09-12 12:13:57 [main] DEBUG c.g.d.z.s.o.a.h.c.h.i.i.PoolingHttpClientConnectionManager - ep-00000001: executing exchange ex-00000002 over http-outgoing-1
2026-09-12 12:13:57 [main] DEBUG c.g.d.z.s.o.a.h.client5.http.headers - http-outgoing-1 >> GET /v1.32/info HTTP/1.1
2026-09-12 12:13:57 [main] DEBUG c.g.d.z.s.o.a.h.client5.http.headers - http-outgoing-1 >> x-tc-sid: 37c6a2a5-e1a4-447d-a210-e6fe83574383
2026-09-12 12:13:57 [main] DEBUG c.g.d.z.s.o.a.h.client5.http.headers - http-outgoing-1 >> User-Agent: tc-java/1.21.1
2026-09-12 12:13:57 [main] DEBUG c.g.d.z.s.o.a.h.client5.http.headers - http-outgoing-1 >> Accept-Encoding: gzip, x-gzip, deflate
2026-09-12 12:13:57 [main] DEBUG c.g.d.z.s.o.a.h.client5.http.headers - http-outgoing-1 >> Host: localhost:2375
2026-09-12 12:13:57 [main] DEBUG c.g.d.z.s.o.a.h.client5.http.headers - http-outgoing-1 >> Connection: keep-alive
2026-09-12 12:13:57 [main] DEBUG c.g.d.z.s.o.a.hc.client5.http.wire - http-outgoing-1 >> "GET /v1.32/info HTTP/1.1[\r][\n]"
2026-09-12 12:13:57 [main] DEBUG c.g.d.z.s.o.a.hc.client5.http.wire - http-outgoing-1 >> "x-tc-sid: 37c6a2a5-e1a4-447d-a210-e6fe83574383[\r][\n]"
2026-09-12 12:13:57 [main] DEBUG c.g.d.z.s.o.a.hc.client5.http.wire - http-outgoing-1 >> "User-Agent: tc-java/1.21.1[\r][\n]"
2026-09-12 12:13:57 [main] DEBUG c.g.d.z.s.o.a.hc.client5.http.wire - http-outgoing-1 >> "Accept-Encoding: gzip, x-gzip, deflate[\r][\n]"
2026-09-12 12:13:57 [main] DEBUG c.g.d.z.s.o.a.hc.client5.http.wire - http-outgoing-1 >> "Host: localhost:2375[\r][\n]"
2026-09-12 12:13:57 [main] DEBUG c.g.d.z.s.o.a.hc.client5.http.wire - http-outgoing-1 >> "Connection: keep-alive[\r][\n]"
2026-09-12 12:13:57 [main] DEBUG c.g.d.z.s.o.a.hc.client5.http.wire - http-outgoing-1 >> "[\r][\n]"
2026-09-12 12:13:57 [main] DEBUG c.g.d.z.s.o.a.hc.client5.http.wire - http-outgoing-1 << "HTTP/1.1 400 Bad Request[\r][\n]"
2026-09-12 12:13:57 [main] DEBUG c.g.d.z.s.o.a.hc.client5.http.wire - http-outgoing-1 << "Api-Version: 1.55[\r][\n]"
2026-09-12 12:13:57 [main] DEBUG c.g.d.z.s.o.a.hc.client5.http.wire - http-outgoing-1 << "Content-Type: application/json[\r][\n]"
2026-09-12 12:13:57 [main] DEBUG c.g.d.z.s.o.a.hc.client5.http.wire - http-outgoing-1 << "Date: Sat, 12 Sep 2026 10:13:57 GMT[\r][\n]"
2026-09-12 12:13:57 [main] DEBUG c.g.d.z.s.o.a.hc.client5.http.wire - http-outgoing-1 << "Ostype: linux[\r][\n]"
2026-09-12 12:13:57 [main] DEBUG c.g.d.z.s.o.a.hc.client5.http.wire - http-outgoing-1 << "Server: Docker/29.7.2 (linux)[\r][\n]"
2026-09-12 12:13:57 [main] DEBUG c.g.d.z.s.o.a.hc.client5.http.wire - http-outgoing-1 << "Transfer-Encoding: chunked[\r][\n]"
2026-09-12 12:13:57 [main] DEBUG c.g.d.z.s.o.a.hc.client5.http.wire - http-outgoing-1 << "[\r][\n]"
2026-09-12 12:13:57 [main] DEBUG c.g.d.z.s.o.a.h.client5.http.headers - http-outgoing-1 << HTTP/1.1 400 Bad Request
2026-09-12 12:13:57 [main] DEBUG c.g.d.z.s.o.a.h.client5.http.headers - http-outgoing-1 << Api-Version: 1.55
2026-09-12 12:13:57 [main] DEBUG c.g.d.z.s.o.a.h.client5.http.headers - http-outgoing-1 << Content-Type: application/json
2026-09-12 12:13:57 [main] DEBUG c.g.d.z.s.o.a.h.client5.http.headers - http-outgoing-1 << Date: Sat, 12 Sep 2026 10:13:57 GMT
2026-09-12 12:13:57 [main] DEBUG c.g.d.z.s.o.a.h.client5.http.headers - http-outgoing-1 << Ostype: linux
2026-09-12 12:13:57 [main] DEBUG c.g.d.z.s.o.a.h.client5.http.headers - http-outgoing-1 << Server: Docker/29.7.2 (linux)
2026-09-12 12:13:57 [main] DEBUG c.g.d.z.s.o.a.h.client5.http.headers - http-outgoing-1 << Transfer-Encoding: chunked
2026-09-12 12:13:57 [main] DEBUG c.g.d.z.s.o.a.h.c.h.i.c.MainClientExec - ex-00000002: connection can be kept alive for 3 MINUTES
2026-09-12 12:13:57 [main] DEBUG c.g.d.z.s.o.a.hc.client5.http.wire - http-outgoing-1 << "4b0[\r][\n]"
2026-09-12 12:13:57 [main] DEBUG c.g.d.z.s.o.a.hc.client5.http.wire - http-outgoing-1 << "{"ID":"","Containers":0,"ContainersRunning":0,"ContainersPaused":0,"ContainersStopped":0,"Images":0,"Driver":"","DriverStatus":null,"Plugins":{"Volume":null,"Network":null,"Authorization":null,"Log":null},"MemoryLimit":false,"SwapLimit":false,"CpuCfsPeriod":false,"CpuCfsQuota":false,"CPUShares":false,"CPUSet":false,"PidsLimit":false,"IPv4Forwarding":false,"Debug":false,"NFd":0,"OomKillDisable":false,"NGoroutines":0,"SystemTime":"","LoggingDriver":"","CgroupDriver":"","NEventsListener":0,"KernelVersion":"","OperatingSystem":"","OSVersion":"","OSType":"","Architecture":"","IndexServerAddress":"","RegistryConfig":null,"NCPU":0,"MemTotal":0,"GenericResources":null,"DockerRootDir":"","HttpProxy":"","HttpsProxy":"","NoProxy":"","Name":"","Labels":["com.docker.desktop.address=npipe://\\\\.\\pipe\\docker_cli"],"ExperimentalBuild":false,"ServerVersion":"","Runtimes":null,"DefaultRuntime":"","Swarm":{"NodeID":"","NodeAddr":"","LocalNodeState":"","ControlAvailable":false,"Error":"","RemoteManagers":null},"LiveRestoreEnabled":false,"Isolation":"","InitBinary":"","ContainerdCommit":{"ID":""},"RuncCommit":{"ID":""},"InitCommit":{"ID":""},"SecurityOptions":null,"CDISpecDirs":null,"Warnings":null}[\r][\n]"
2026-09-12 12:13:57 [main] DEBUG c.g.d.z.s.o.a.hc.client5.http.wire - http-outgoing-1 << "0[\r][\n]"
2026-09-12 12:13:57 [main] DEBUG c.g.d.z.s.o.a.hc.client5.http.wire - http-outgoing-1 << "[\r][\n]"
2026-09-12 12:13:57 [main] DEBUG c.g.d.z.s.o.a.h.c.h.i.c.InternalHttpClient - ep-00000001: releasing valid endpoint
2026-09-12 12:13:57 [main] DEBUG c.g.d.z.s.o.a.h.c.h.i.i.PoolingHttpClientConnectionManager - ep-00000001: releasing endpoint
2026-09-12 12:13:57 [main] DEBUG c.g.d.z.s.o.a.h.c.h.i.i.PoolingHttpClientConnectionManager - ep-00000001: connection http-outgoing-1 can be kept alive for 3 MINUTES
2026-09-12 12:13:57 [main] DEBUG c.g.d.z.s.o.a.h.c.h.i.i.PoolingHttpClientConnectionManager - ep-00000001: connection released [route: {}->npipe://localhost:2375][total available: 1; route allocated: 1 of 2147483647; total allocated: 1 of 2147483647]
2026-09-12 12:13:57 [main] DEBUG o.t.d.DockerClientProviderStrategy - NpipeSocketClientProviderStrategy: failed with exception BadRequestException (Status 400: {"ID":"","Containers":0,"ContainersRunning":0,"ContainersPaused":0,"ContainersStopped":0,"Images":0,"Driver":"","DriverStatus":null,"Plugins":{"Volume":null,"Network":null,"Authorization":null,"Log":null},"MemoryLimit":false,"SwapLimit":false,"CpuCfsPeriod":false,"CpuCfsQuota":false,"CPUShares":false,"CPUSet":false,"PidsLimit":false,"IPv4Forwarding":false,"Debug":false,"NFd":0,"OomKillDisable":false,"NGoroutines":0,"SystemTime":"","LoggingDriver":"","CgroupDriver":"","NEventsListener":0,"KernelVersion":"","OperatingSystem":"","OSVersion":"","OSType":"","Architecture":"","IndexServerAddress":"","RegistryConfig":null,"NCPU":0,"MemTotal":0,"GenericResources":null,"DockerRootDir":"","HttpProxy":"","HttpsProxy":"","NoProxy":"","Name":"","Labels":["com.docker.desktop.address=npipe://\\\\.\\pipe\\docker_cli"],"ExperimentalBuild":false,"ServerVersion":"","Runtimes":null,"DefaultRuntime":"","Swarm":{"NodeID":"","NodeAddr":"","LocalNodeState":"","ControlAvailable":false,"Error":"","RemoteManagers":null},"LiveRestoreEnabled":false,"Isolation":"","InitBinary":"","ContainerdCommit":{"ID":""},"RuncCommit":{"ID":""},"InitCommit":{"ID":""},"SecurityOptions":null,"CDISpecDirs":null,"Warnings":null})
2026-09-12 12:13:57 [main] INFO  o.t.d.DockerMachineClientProviderStrategy - docker-machine executable was not found on PATH ([C:\Windows\system32, C:\Windows, C:\Windows\System32\Wbem, C:\Windows\System32\WindowsPowerShell\v1.0\, C:\Windows\System32\OpenSSH\, C:\Program Files\dotnet\, C:\Program Files (x86)\NVIDIA Corporation\PhysX\Common, C:\Program Files\NVIDIA Corporation\NVIDIA app\NvDLISR, C:\Program Files\Cloudflare\Cloudflare WARP\, C:\Program Files\Git\cmd, C:\Users\azuureke\AppData\Local\Programs\Eclipse Adoptium\jdk-17.0.19.10-hotspot\bin, C:\Users\azuureke\AppData\Local\Microsoft\WindowsApps, , C:\Users\azuureke\AppData\Local\Programs\DockerDesktop\resources\bin])
2026-09-12 12:13:57 [main] ERROR o.t.d.DockerClientProviderStrategy - Could not find a valid Docker environment. Please check configuration. Attempted configurations were:
	EnvironmentAndSystemPropertyClientProviderStrategy: failed with exception BadRequestException (Status 400: {"ID":"","Containers":0,"ContainersRunning":0,"ContainersPaused":0,"ContainersStopped":0,"Images":0,"Driver":"","DriverStatus":null,"Plugins":{"Volume":null,"Network":null,"Authorization":null,"Log":null},"MemoryLimit":false,"SwapLimit":false,"CpuCfsPeriod":false,"CpuCfsQuota":false,"CPUShares":false,"CPUSet":false,"PidsLimit":false,"IPv4Forwarding":false,"Debug":false,"NFd":0,"OomKillDisable":false,"NGoroutines":0,"SystemTime":"","LoggingDriver":"","CgroupDriver":"","NEventsListener":0,"KernelVersion":"","OperatingSystem":"","OSVersion":"","OSType":"","Architecture":"","IndexServerAddress":"","RegistryConfig":null,"NCPU":0,"MemTotal":0,"GenericResources":null,"DockerRootDir":"","HttpProxy":"","HttpsProxy":"","NoProxy":"","Name":"","Labels":["com.docker.desktop.address=npipe://\\\\.\\pipe\\docker_cli"],"ExperimentalBuild":false,"ServerVersion":"","Runtimes":null,"DefaultRuntime":"","Swarm":{"NodeID":"","NodeAddr":"","LocalNodeState":"","ControlAvailable":false,"Error":"","RemoteManagers":null},"LiveRestoreEnabled":false,"Isolation":"","InitBinary":"","ContainerdCommit":{"ID":""},"RuncCommit":{"ID":""},"InitCommit":{"ID":""},"SecurityOptions":null,"CDISpecDirs":null,"Warnings":null})
	NpipeSocketClientProviderStrategy: failed with exception BadRequestException (Status 400: {"ID":"","Containers":0,"ContainersRunning":0,"ContainersPaused":0,"ContainersStopped":0,"Images":0,"Driver":"","DriverStatus":null,"Plugins":{"Volume":null,"Network":null,"Authorization":null,"Log":null},"MemoryLimit":false,"SwapLimit":false,"CpuCfsPeriod":false,"CpuCfsQuota":false,"CPUShares":false,"CPUSet":false,"PidsLimit":false,"IPv4Forwarding":false,"Debug":false,"NFd":0,"OomKillDisable":false,"NGoroutines":0,"SystemTime":"","LoggingDriver":"","CgroupDriver":"","NEventsListener":0,"KernelVersion":"","OperatingSystem":"","OSVersion":"","OSType":"","Architecture":"","IndexServerAddress":"","RegistryConfig":null,"NCPU":0,"MemTotal":0,"GenericResources":null,"DockerRootDir":"","HttpProxy":"","HttpsProxy":"","NoProxy":"","Name":"","Labels":["com.docker.desktop.address=npipe://\\\\.\\pipe\\docker_cli"],"ExperimentalBuild":false,"ServerVersion":"","Runtimes":null,"DefaultRuntime":"","Swarm":{"NodeID":"","NodeAddr":"","LocalNodeState":"","ControlAvailable":false,"Error":"","RemoteManagers":null},"LiveRestoreEnabled":false,"Isolation":"","InitBinary":"","ContainerdCommit":{"ID":""},"RuncCommit":{"ID":""},"InitCommit":{"ID":""},"SecurityOptions":null,"CDISpecDirs":null,"Warnings":null})As no valid configuration was found, execution cannot continue.
See https://java.testcontainers.org/on_failure.html for more details.
2026-09-12 12:15:00 [main] INFO  o.testcontainers.DockerClientFactory - Testcontainers version: 1.21.1
2026-09-12 12:15:00 [main] DEBUG o.t.u.TestcontainersConfiguration - Testcontainers configuration overrides will be loaded from file:/C:/Users/azuureke/.testcontainers.properties
2026-09-12 12:15:00 [main] DEBUG o.t.d.DockerClientProviderStrategy - Trying out strategy: EnvironmentAndSystemPropertyClientProviderStrategy
2026-09-12 12:15:00 [main] DEBUG o.t.s.c.g.d.c.command.AbstrDockerCmd - Cmd: 
2026-09-12 12:15:00 [main] DEBUG c.g.d.z.s.o.a.h.c.h.i.c.InternalHttpClient - ex-00000001: preparing request execution
2026-09-12 12:15:00 [main] DEBUG c.g.d.z.s.o.a.h.c.h.p.RequestAddCookies - Cookie spec selected: strict
2026-09-12 12:15:00 [main] DEBUG c.g.d.z.s.o.a.h.c.h.p.RequestAuthCache - Auth cache not set in the context
2026-09-12 12:15:00 [main] DEBUG c.g.d.z.s.o.a.h.c.h.i.c.ProtocolExec - ex-00000001: target auth state: UNCHALLENGED
2026-09-12 12:15:00 [main] DEBUG c.g.d.z.s.o.a.h.c.h.i.c.ProtocolExec - ex-00000001: proxy auth state: UNCHALLENGED
2026-09-12 12:15:00 [main] DEBUG c.g.d.z.s.o.a.h.c.h.i.c.ConnectExec - ex-00000001: acquiring connection with route {}->http://localhost:2375
2026-09-12 12:15:00 [main] DEBUG c.g.d.z.s.o.a.h.c.h.i.c.InternalHttpClient - ex-00000001: acquiring endpoint (3 MINUTES)
2026-09-12 12:15:00 [main] DEBUG c.g.d.z.s.o.a.h.c.h.i.i.PoolingHttpClientConnectionManager - ex-00000001: endpoint lease request (3 MINUTES) [route: {}->http://localhost:2375][total available: 0; route allocated: 0 of 2147483647; total allocated: 0 of 2147483647]
2026-09-12 12:15:00 [main] DEBUG c.g.d.z.s.o.a.h.c.h.i.i.PoolingHttpClientConnectionManager - ex-00000001: endpoint leased [route: {}->http://localhost:2375][total available: 0; route allocated: 1 of 2147483647; total allocated: 1 of 2147483647]
2026-09-12 12:15:00 [main] DEBUG c.g.d.z.s.o.a.h.c.h.i.i.PoolingHttpClientConnectionManager - ex-00000001: acquired ep-00000000
2026-09-12 12:15:00 [main] DEBUG c.g.d.z.s.o.a.h.c.h.i.c.InternalHttpClient - ex-00000001: acquired endpoint ep-00000000
2026-09-12 12:15:00 [main] DEBUG c.g.d.z.s.o.a.h.c.h.i.c.ConnectExec - ex-00000001: opening connection {}->http://localhost:2375
2026-09-12 12:15:00 [main] DEBUG c.g.d.z.s.o.a.h.c.h.i.c.InternalHttpClient - ep-00000000: connecting endpoint (3 MINUTES)
2026-09-12 12:15:00 [main] DEBUG c.g.d.z.s.o.a.h.c.h.i.i.PoolingHttpClientConnectionManager - ep-00000000: connecting endpoint to http://localhost:2375 (3 MINUTES)
2026-09-12 12:15:00 [main] DEBUG c.g.d.z.s.o.a.h.c.h.i.i.DefaultHttpClientConnectionOperator - http-outgoing-0: connecting to localhost/127.0.0.1:2375
2026-09-12 12:15:00 [main] DEBUG c.g.d.z.s.o.a.h.c.h.i.i.DefaultHttpClientConnectionOperator - http-outgoing-0: connection established 127.0.0.1:62444<->127.0.0.1:2375
2026-09-12 12:15:00 [main] DEBUG c.g.d.z.s.o.a.h.c.h.i.i.PoolingHttpClientConnectionManager - ep-00000000: connected http-outgoing-0
2026-09-12 12:15:00 [main] DEBUG c.g.d.z.s.o.a.h.c.h.i.c.InternalHttpClient - ep-00000000: endpoint connected
2026-09-12 12:15:00 [main] DEBUG c.g.d.z.s.o.a.h.c.h.i.c.MainClientExec - ex-00000001: executing GET /v1.32/info HTTP/1.1
2026-09-12 12:15:00 [main] DEBUG c.g.d.z.s.o.a.h.c.h.i.c.InternalHttpClient - ep-00000000: start execution ex-00000001
2026-09-12 12:15:00 [main] DEBUG c.g.d.z.s.o.a.h.c.h.i.i.PoolingHttpClientConnectionManager - ep-00000000: executing exchange ex-00000001 over http-outgoing-0
2026-09-12 12:15:00 [main] DEBUG c.g.d.z.s.o.a.h.client5.http.headers - http-outgoing-0 >> GET /v1.32/info HTTP/1.1
2026-09-12 12:15:00 [main] DEBUG c.g.d.z.s.o.a.h.client5.http.headers - http-outgoing-0 >> x-tc-sid: 5cf1b293-61fa-46a2-85a6-0c7bbf3de4cd
2026-09-12 12:15:00 [main] DEBUG c.g.d.z.s.o.a.h.client5.http.headers - http-outgoing-0 >> User-Agent: tc-java/1.21.1
2026-09-12 12:15:00 [main] DEBUG c.g.d.z.s.o.a.h.client5.http.headers - http-outgoing-0 >> Accept-Encoding: gzip, x-gzip, deflate
2026-09-12 12:15:00 [main] DEBUG c.g.d.z.s.o.a.h.client5.http.headers - http-outgoing-0 >> Host: localhost:2375
2026-09-12 12:15:00 [main] DEBUG c.g.d.z.s.o.a.h.client5.http.headers - http-outgoing-0 >> Connection: keep-alive
2026-09-12 12:15:00 [main] DEBUG c.g.d.z.s.o.a.hc.client5.http.wire - http-outgoing-0 >> "GET /v1.32/info HTTP/1.1[\r][\n]"
2026-09-12 12:15:00 [main] DEBUG c.g.d.z.s.o.a.hc.client5.http.wire - http-outgoing-0 >> "x-tc-sid: 5cf1b293-61fa-46a2-85a6-0c7bbf3de4cd[\r][\n]"
2026-09-12 12:15:00 [main] DEBUG c.g.d.z.s.o.a.hc.client5.http.wire - http-outgoing-0 >> "User-Agent: tc-java/1.21.1[\r][\n]"
2026-09-12 12:15:00 [main] DEBUG c.g.d.z.s.o.a.hc.client5.http.wire - http-outgoing-0 >> "Accept-Encoding: gzip, x-gzip, deflate[\r][\n]"
2026-09-12 12:15:00 [main] DEBUG c.g.d.z.s.o.a.hc.client5.http.wire - http-outgoing-0 >> "Host: localhost:2375[\r][\n]"
2026-09-12 12:15:00 [main] DEBUG c.g.d.z.s.o.a.hc.client5.http.wire - http-outgoing-0 >> "Connection: keep-alive[\r][\n]"
2026-09-12 12:15:00 [main] DEBUG c.g.d.z.s.o.a.hc.client5.http.wire - http-outgoing-0 >> "[\r][\n]"
2026-09-12 12:15:00 [main] DEBUG c.g.d.z.s.o.a.hc.client5.http.wire - http-outgoing-0 << "HTTP/1.1 400 Bad Request[\r][\n]"
2026-09-12 12:15:00 [main] DEBUG c.g.d.z.s.o.a.hc.client5.http.wire - http-outgoing-0 << "Api-Version: 1.55[\r][\n]"
2026-09-12 12:15:00 [main] DEBUG c.g.d.z.s.o.a.hc.client5.http.wire - http-outgoing-0 << "Content-Type: application/json[\r][\n]"
2026-09-12 12:15:00 [main] DEBUG c.g.d.z.s.o.a.hc.client5.http.wire - http-outgoing-0 << "Date: Sat, 12 Sep 2026 10:15:00 GMT[\r][\n]"
2026-09-12 12:15:00 [main] DEBUG c.g.d.z.s.o.a.hc.client5.http.wire - http-outgoing-0 << "Ostype: linux[\r][\n]"
2026-09-12 12:15:00 [main] DEBUG c.g.d.z.s.o.a.hc.client5.http.wire - http-outgoing-0 << "Server: Docker/29.7.2 (linux)[\r][\n]"
2026-09-12 12:15:00 [main] DEBUG c.g.d.z.s.o.a.hc.client5.http.wire - http-outgoing-0 << "Transfer-Encoding: chunked[\r][\n]"
2026-09-12 12:15:00 [main] DEBUG c.g.d.z.s.o.a.hc.client5.http.wire - http-outgoing-0 << "[\r][\n]"
2026-09-12 12:15:00 [main] DEBUG c.g.d.z.s.o.a.hc.client5.http.wire - http-outgoing-0 << "4b0[\r][\n]"
2026-09-12 12:15:00 [main] DEBUG c.g.d.z.s.o.a.hc.client5.http.wire - http-outgoing-0 << "{"ID":"","Containers":0,"ContainersRunning":0,"ContainersPaused":0,"ContainersStopped":0,"Images":0,"Driver":"","DriverStatus":null,"Plugins":{"Volume":null,"Network":null,"Authorization":null,"Log":null},"MemoryLimit":false,"SwapLimit":false,"CpuCfsPeriod":false,"CpuCfsQuota":false,"CPUShares":false,"CPUSet":false,"PidsLimit":false,"IPv4Forwarding":false,"Debug":false,"NFd":0,"OomKillDisable":false,"NGoroutines":0,"SystemTime":"","LoggingDriver":"","CgroupDriver":"","NEventsListener":0,"KernelVersion":"","OperatingSystem":"","OSVersion":"","OSType":"","Architecture":"","IndexServerAddress":"","RegistryConfig":null,"NCPU":0,"MemTotal":0,"GenericResources":null,"DockerRootDir":"","HttpProxy":"","HttpsProxy":"","NoProxy":"","Name":"","Labels":["com.docker.desktop.address=npipe://\\\\.\\pipe\\docker_cli"],"ExperimentalBuild":false,"ServerVersion":"","Runtimes":null,"DefaultRuntime":"","Swarm":{"NodeID":"","NodeAddr":"","LocalNodeState":"","ControlAvailable":false,"Error":"","RemoteManagers":null},"LiveRestoreEnabled":false,"Isolation":"","InitBinary":"","ContainerdCommit":{"ID":""},"RuncCommit":{"ID":""},"InitCommit":{"ID":""},"SecurityOptions":null,"CDISpecDirs":null,"Warnings":null}[\r][\n]"
2026-09-12 12:15:00 [main] DEBUG c.g.d.z.s.o.a.h.client5.http.headers - http-outgoing-0 << HTTP/1.1 400 Bad Request
2026-09-12 12:15:00 [main] DEBUG c.g.d.z.s.o.a.h.client5.http.headers - http-outgoing-0 << Api-Version: 1.55
2026-09-12 12:15:00 [main] DEBUG c.g.d.z.s.o.a.h.client5.http.headers - http-outgoing-0 << Content-Type: application/json
2026-09-12 12:15:00 [main] DEBUG c.g.d.z.s.o.a.h.client5.http.headers - http-outgoing-0 << Date: Sat, 12 Sep 2026 10:15:00 GMT
2026-09-12 12:15:00 [main] DEBUG c.g.d.z.s.o.a.h.client5.http.headers - http-outgoing-0 << Ostype: linux
2026-09-12 12:15:00 [main] DEBUG c.g.d.z.s.o.a.h.client5.http.headers - http-outgoing-0 << Server: Docker/29.7.2 (linux)
2026-09-12 12:15:00 [main] DEBUG c.g.d.z.s.o.a.h.client5.http.headers - http-outgoing-0 << Transfer-Encoding: chunked
2026-09-12 12:15:00 [main] DEBUG c.g.d.z.s.o.a.h.c.h.i.c.MainClientExec - ex-00000001: connection can be kept alive for 3 MINUTES
2026-09-12 12:15:00 [main] DEBUG c.g.d.z.s.o.a.hc.client5.http.wire - http-outgoing-0 << "0[\r][\n]"
2026-09-12 12:15:00 [main] DEBUG c.g.d.z.s.o.a.hc.client5.http.wire - http-outgoing-0 << "[\r][\n]"
2026-09-12 12:15:00 [main] DEBUG c.g.d.z.s.o.a.h.c.h.i.c.InternalHttpClient - ep-00000000: releasing valid endpoint
2026-09-12 12:15:00 [main] DEBUG c.g.d.z.s.o.a.h.c.h.i.i.PoolingHttpClientConnectionManager - ep-00000000: releasing endpoint
2026-09-12 12:15:00 [main] DEBUG c.g.d.z.s.o.a.h.c.h.i.i.PoolingHttpClientConnectionManager - ep-00000000: connection http-outgoing-0 can be kept alive for 3 MINUTES
2026-09-12 12:15:00 [main] DEBUG c.g.d.z.s.o.a.h.c.h.i.i.PoolingHttpClientConnectionManager - ep-00000000: connection released [route: {}->http://localhost:2375][total available: 1; route allocated: 1 of 2147483647; total allocated: 1 of 2147483647]
2026-09-12 12:15:00 [main] DEBUG o.t.d.DockerClientProviderStrategy - EnvironmentAndSystemPropertyClientProviderStrategy: failed with exception BadRequestException (Status 400: {"ID":"","Containers":0,"ContainersRunning":0,"ContainersPaused":0,"ContainersStopped":0,"Images":0,"Driver":"","DriverStatus":null,"Plugins":{"Volume":null,"Network":null,"Authorization":null,"Log":null},"MemoryLimit":false,"SwapLimit":false,"CpuCfsPeriod":false,"CpuCfsQuota":false,"CPUShares":false,"CPUSet":false,"PidsLimit":false,"IPv4Forwarding":false,"Debug":false,"NFd":0,"OomKillDisable":false,"NGoroutines":0,"SystemTime":"","LoggingDriver":"","CgroupDriver":"","NEventsListener":0,"KernelVersion":"","OperatingSystem":"","OSVersion":"","OSType":"","Architecture":"","IndexServerAddress":"","RegistryConfig":null,"NCPU":0,"MemTotal":0,"GenericResources":null,"DockerRootDir":"","HttpProxy":"","HttpsProxy":"","NoProxy":"","Name":"","Labels":["com.docker.desktop.address=npipe://\\\\.\\pipe\\docker_cli"],"ExperimentalBuild":false,"ServerVersion":"","Runtimes":null,"DefaultRuntime":"","Swarm":{"NodeID":"","NodeAddr":"","LocalNodeState":"","ControlAvailable":false,"Error":"","RemoteManagers":null},"LiveRestoreEnabled":false,"Isolation":"","InitBinary":"","ContainerdCommit":{"ID":""},"RuncCommit":{"ID":""},"InitCommit":{"ID":""},"SecurityOptions":null,"CDISpecDirs":null,"Warnings":null})
2026-09-12 12:15:00 [main] DEBUG o.t.d.DockerClientProviderStrategy - Trying out strategy: NpipeSocketClientProviderStrategy
2026-09-12 12:15:00 [main] DEBUG o.t.s.c.g.d.c.command.AbstrDockerCmd - Cmd: 
2026-09-12 12:15:00 [main] DEBUG c.g.d.z.s.o.a.h.c.h.i.c.InternalHttpClient - ex-00000002: preparing request execution
2026-09-12 12:15:00 [main] DEBUG c.g.d.z.s.o.a.h.c.h.p.RequestAddCookies - Cookie spec selected: strict
2026-09-12 12:15:00 [main] DEBUG c.g.d.z.s.o.a.h.c.h.p.RequestAuthCache - Auth cache not set in the context
2026-09-12 12:15:00 [main] DEBUG c.g.d.z.s.o.a.h.c.h.i.c.ProtocolExec - ex-00000002: target auth state: UNCHALLENGED
2026-09-12 12:15:00 [main] DEBUG c.g.d.z.s.o.a.h.c.h.i.c.ProtocolExec - ex-00000002: proxy auth state: UNCHALLENGED
2026-09-12 12:15:00 [main] DEBUG c.g.d.z.s.o.a.h.c.h.i.c.ConnectExec - ex-00000002: acquiring connection with route {}->npipe://localhost:2375
2026-09-12 12:15:00 [main] DEBUG c.g.d.z.s.o.a.h.c.h.i.c.InternalHttpClient - ex-00000002: acquiring endpoint (3 MINUTES)
2026-09-12 12:15:00 [main] DEBUG c.g.d.z.s.o.a.h.c.h.i.i.PoolingHttpClientConnectionManager - ex-00000002: endpoint lease request (3 MINUTES) [route: {}->npipe://localhost:2375][total available: 0; route allocated: 0 of 2147483647; total allocated: 0 of 2147483647]
2026-09-12 12:15:00 [main] DEBUG c.g.d.z.s.o.a.h.c.h.i.i.PoolingHttpClientConnectionManager - ex-00000002: endpoint leased [route: {}->npipe://localhost:2375][total available: 0; route allocated: 1 of 2147483647; total allocated: 1 of 2147483647]
2026-09-12 12:15:00 [main] DEBUG c.g.d.z.s.o.a.h.c.h.i.i.PoolingHttpClientConnectionManager - ex-00000002: acquired ep-00000001
2026-09-12 12:15:00 [main] DEBUG c.g.d.z.s.o.a.h.c.h.i.c.InternalHttpClient - ex-00000002: acquired endpoint ep-00000001
2026-09-12 12:15:00 [main] DEBUG c.g.d.z.s.o.a.h.c.h.i.c.ConnectExec - ex-00000002: opening connection {}->npipe://localhost:2375
2026-09-12 12:15:00 [main] DEBUG c.g.d.z.s.o.a.h.c.h.i.c.InternalHttpClient - ep-00000001: connecting endpoint (3 MINUTES)
2026-09-12 12:15:00 [main] DEBUG c.g.d.z.s.o.a.h.c.h.i.i.PoolingHttpClientConnectionManager - ep-00000001: connecting endpoint to npipe://localhost:2375 (3 MINUTES)
2026-09-12 12:15:00 [main] DEBUG c.g.d.z.s.o.a.h.c.h.i.i.DefaultHttpClientConnectionOperator - http-outgoing-1: connecting to localhost/127.0.0.1:2375
2026-09-12 12:15:00 [main] DEBUG c.g.d.z.s.o.a.h.c.h.i.i.DefaultHttpClientConnectionOperator - http-outgoing-1: connection established 
2026-09-12 12:15:00 [main] DEBUG c.g.d.z.s.o.a.h.c.h.i.i.PoolingHttpClientConnectionManager - ep-00000001: connected http-outgoing-1
2026-09-12 12:15:00 [main] DEBUG c.g.d.z.s.o.a.h.c.h.i.c.InternalHttpClient - ep-00000001: endpoint connected
2026-09-12 12:15:00 [main] DEBUG c.g.d.z.s.o.a.h.c.h.i.c.MainClientExec - ex-00000002: executing GET /v1.32/info HTTP/1.1
2026-09-12 12:15:00 [main] DEBUG c.g.d.z.s.o.a.h.c.h.i.c.InternalHttpClient - ep-00000001: start execution ex-00000002
2026-09-12 12:15:00 [main] DEBUG c.g.d.z.s.o.a.h.c.h.i.i.PoolingHttpClientConnectionManager - ep-00000001: executing exchange ex-00000002 over http-outgoing-1
2026-09-12 12:15:00 [main] DEBUG c.g.d.z.s.o.a.h.client5.http.headers - http-outgoing-1 >> GET /v1.32/info HTTP/1.1
2026-09-12 12:15:00 [main] DEBUG c.g.d.z.s.o.a.h.client5.http.headers - http-outgoing-1 >> x-tc-sid: 5cf1b293-61fa-46a2-85a6-0c7bbf3de4cd
2026-09-12 12:15:00 [main] DEBUG c.g.d.z.s.o.a.h.client5.http.headers - http-outgoing-1 >> User-Agent: tc-java/1.21.1
2026-09-12 12:15:00 [main] DEBUG c.g.d.z.s.o.a.h.client5.http.headers - http-outgoing-1 >> Accept-Encoding: gzip, x-gzip, deflate
2026-09-12 12:15:00 [main] DEBUG c.g.d.z.s.o.a.h.client5.http.headers - http-outgoing-1 >> Host: localhost:2375
2026-09-12 12:15:00 [main] DEBUG c.g.d.z.s.o.a.h.client5.http.headers - http-outgoing-1 >> Connection: keep-alive
2026-09-12 12:15:00 [main] DEBUG c.g.d.z.s.o.a.hc.client5.http.wire - http-outgoing-1 >> "GET /v1.32/info HTTP/1.1[\r][\n]"
2026-09-12 12:15:00 [main] DEBUG c.g.d.z.s.o.a.hc.client5.http.wire - http-outgoing-1 >> "x-tc-sid: 5cf1b293-61fa-46a2-85a6-0c7bbf3de4cd[\r][\n]"
2026-09-12 12:15:00 [main] DEBUG c.g.d.z.s.o.a.hc.client5.http.wire - http-outgoing-1 >> "User-Agent: tc-java/1.21.1[\r][\n]"
2026-09-12 12:15:00 [main] DEBUG c.g.d.z.s.o.a.hc.client5.http.wire - http-outgoing-1 >> "Accept-Encoding: gzip, x-gzip, deflate[\r][\n]"
2026-09-12 12:15:00 [main] DEBUG c.g.d.z.s.o.a.hc.client5.http.wire - http-outgoing-1 >> "Host: localhost:2375[\r][\n]"
2026-09-12 12:15:00 [main] DEBUG c.g.d.z.s.o.a.hc.client5.http.wire - http-outgoing-1 >> "Connection: keep-alive[\r][\n]"
2026-09-12 12:15:00 [main] DEBUG c.g.d.z.s.o.a.hc.client5.http.wire - http-outgoing-1 >> "[\r][\n]"
2026-09-12 12:15:00 [main] DEBUG c.g.d.z.s.o.a.hc.client5.http.wire - http-outgoing-1 << "HTTP/1.1 400 Bad Request[\r][\n]"
2026-09-12 12:15:00 [main] DEBUG c.g.d.z.s.o.a.hc.client5.http.wire - http-outgoing-1 << "Api-Version: 1.55[\r][\n]"
2026-09-12 12:15:00 [main] DEBUG c.g.d.z.s.o.a.hc.client5.http.wire - http-outgoing-1 << "Content-Type: application/json[\r][\n]"
2026-09-12 12:15:00 [main] DEBUG c.g.d.z.s.o.a.hc.client5.http.wire - http-outgoing-1 << "Date: Sat, 12 Sep 2026 10:15:00 GMT[\r][\n]"
2026-09-12 12:15:00 [main] DEBUG c.g.d.z.s.o.a.hc.client5.http.wire - http-outgoing-1 << "Ostype: linux[\r][\n]"
2026-09-12 12:15:00 [main] DEBUG c.g.d.z.s.o.a.hc.client5.http.wire - http-outgoing-1 << "Server: Docker/29.7.2 (linux)[\r][\n]"
2026-09-12 12:15:00 [main] DEBUG c.g.d.z.s.o.a.hc.client5.http.wire - http-outgoing-1 << "Transfer-Encoding: chunked[\r][\n]"
2026-09-12 12:15:00 [main] DEBUG c.g.d.z.s.o.a.hc.client5.http.wire - http-outgoing-1 << "[\r][\n]"
2026-09-12 12:15:00 [main] DEBUG c.g.d.z.s.o.a.h.client5.http.headers - http-outgoing-1 << HTTP/1.1 400 Bad Request
2026-09-12 12:15:00 [main] DEBUG c.g.d.z.s.o.a.h.client5.http.headers - http-outgoing-1 << Api-Version: 1.55
2026-09-12 12:15:00 [main] DEBUG c.g.d.z.s.o.a.h.client5.http.headers - http-outgoing-1 << Content-Type: application/json
2026-09-12 12:15:00 [main] DEBUG c.g.d.z.s.o.a.h.client5.http.headers - http-outgoing-1 << Date: Sat, 12 Sep 2026 10:15:00 GMT
2026-09-12 12:15:00 [main] DEBUG c.g.d.z.s.o.a.h.client5.http.headers - http-outgoing-1 << Ostype: linux
2026-09-12 12:15:00 [main] DEBUG c.g.d.z.s.o.a.h.client5.http.headers - http-outgoing-1 << Server: Docker/29.7.2 (linux)
2026-09-12 12:15:00 [main] DEBUG c.g.d.z.s.o.a.h.client5.http.headers - http-outgoing-1 << Transfer-Encoding: chunked
2026-09-12 12:15:00 [main] DEBUG c.g.d.z.s.o.a.h.c.h.i.c.MainClientExec - ex-00000002: connection can be kept alive for 3 MINUTES
2026-09-12 12:15:00 [main] DEBUG c.g.d.z.s.o.a.hc.client5.http.wire - http-outgoing-1 << "4b0[\r][\n]"
2026-09-12 12:15:00 [main] DEBUG c.g.d.z.s.o.a.hc.client5.http.wire - http-outgoing-1 << "{"ID":"","Containers":0,"ContainersRunning":0,"ContainersPaused":0,"ContainersStopped":0,"Images":0,"Driver":"","DriverStatus":null,"Plugins":{"Volume":null,"Network":null,"Authorization":null,"Log":null},"MemoryLimit":false,"SwapLimit":false,"CpuCfsPeriod":false,"CpuCfsQuota":false,"CPUShares":false,"CPUSet":false,"PidsLimit":false,"IPv4Forwarding":false,"Debug":false,"NFd":0,"OomKillDisable":false,"NGoroutines":0,"SystemTime":"","LoggingDriver":"","CgroupDriver":"","NEventsListener":0,"KernelVersion":"","OperatingSystem":"","OSVersion":"","OSType":"","Architecture":"","IndexServerAddress":"","RegistryConfig":null,"NCPU":0,"MemTotal":0,"GenericResources":null,"DockerRootDir":"","HttpProxy":"","HttpsProxy":"","NoProxy":"","Name":"","Labels":["com.docker.desktop.address=npipe://\\\\.\\pipe\\docker_cli"],"ExperimentalBuild":false,"ServerVersion":"","Runtimes":null,"DefaultRuntime":"","Swarm":{"NodeID":"","NodeAddr":"","LocalNodeState":"","ControlAvailable":false,"Error":"","RemoteManagers":null},"LiveRestoreEnabled":false,"Isolation":"","InitBinary":"","ContainerdCommit":{"ID":""},"RuncCommit":{"ID":""},"InitCommit":{"ID":""},"SecurityOptions":null,"CDISpecDirs":null,"Warnings":null}[\r][\n]"
2026-09-12 12:15:00 [main] DEBUG c.g.d.z.s.o.a.hc.client5.http.wire - http-outgoing-1 << "0[\r][\n]"
2026-09-12 12:15:00 [main] DEBUG c.g.d.z.s.o.a.hc.client5.http.wire - http-outgoing-1 << "[\r][\n]"
2026-09-12 12:15:00 [main] DEBUG c.g.d.z.s.o.a.h.c.h.i.c.InternalHttpClient - ep-00000001: releasing valid endpoint
2026-09-12 12:15:00 [main] DEBUG c.g.d.z.s.o.a.h.c.h.i.i.PoolingHttpClientConnectionManager - ep-00000001: releasing endpoint
2026-09-12 12:15:00 [main] DEBUG c.g.d.z.s.o.a.h.c.h.i.i.PoolingHttpClientConnectionManager - ep-00000001: connection http-outgoing-1 can be kept alive for 3 MINUTES
2026-09-12 12:15:00 [main] DEBUG c.g.d.z.s.o.a.h.c.h.i.i.PoolingHttpClientConnectionManager - ep-00000001: connection released [route: {}->npipe://localhost:2375][total available: 1; route allocated: 1 of 2147483647; total allocated: 1 of 2147483647]
2026-09-12 12:15:00 [main] DEBUG o.t.d.DockerClientProviderStrategy - NpipeSocketClientProviderStrategy: failed with exception BadRequestException (Status 400: {"ID":"","Containers":0,"ContainersRunning":0,"ContainersPaused":0,"ContainersStopped":0,"Images":0,"Driver":"","DriverStatus":null,"Plugins":{"Volume":null,"Network":null,"Authorization":null,"Log":null},"MemoryLimit":false,"SwapLimit":false,"CpuCfsPeriod":false,"CpuCfsQuota":false,"CPUShares":false,"CPUSet":false,"PidsLimit":false,"IPv4Forwarding":false,"Debug":false,"NFd":0,"OomKillDisable":false,"NGoroutines":0,"SystemTime":"","LoggingDriver":"","CgroupDriver":"","NEventsListener":0,"KernelVersion":"","OperatingSystem":"","OSVersion":"","OSType":"","Architecture":"","IndexServerAddress":"","RegistryConfig":null,"NCPU":0,"MemTotal":0,"GenericResources":null,"DockerRootDir":"","HttpProxy":"","HttpsProxy":"","NoProxy":"","Name":"","Labels":["com.docker.desktop.address=npipe://\\\\.\\pipe\\docker_cli"],"ExperimentalBuild":false,"ServerVersion":"","Runtimes":null,"DefaultRuntime":"","Swarm":{"NodeID":"","NodeAddr":"","LocalNodeState":"","ControlAvailable":false,"Error":"","RemoteManagers":null},"LiveRestoreEnabled":false,"Isolation":"","InitBinary":"","ContainerdCommit":{"ID":""},"RuncCommit":{"ID":""},"InitCommit":{"ID":""},"SecurityOptions":null,"CDISpecDirs":null,"Warnings":null})
2026-09-12 12:15:00 [main] INFO  o.t.d.DockerMachineClientProviderStrategy - docker-machine executable was not found on PATH ([C:\Windows\system32, C:\Windows, C:\Windows\System32\Wbem, C:\Windows\System32\WindowsPowerShell\v1.0\, C:\Windows\System32\OpenSSH\, C:\Program Files\dotnet\, C:\Program Files (x86)\NVIDIA Corporation\PhysX\Common, C:\Program Files\NVIDIA Corporation\NVIDIA app\NvDLISR, C:\Program Files\Cloudflare\Cloudflare WARP\, C:\Program Files\Git\cmd, C:\Users\azuureke\AppData\Local\Programs\Eclipse Adoptium\jdk-17.0.19.10-hotspot\bin, C:\Users\azuureke\AppData\Local\Microsoft\WindowsApps, , C:\Users\azuureke\AppData\Local\Programs\DockerDesktop\resources\bin])
2026-09-12 12:15:00 [main] ERROR o.t.d.DockerClientProviderStrategy - Could not find a valid Docker environment. Please check configuration. Attempted configurations were:
	EnvironmentAndSystemPropertyClientProviderStrategy: failed with exception BadRequestException (Status 400: {"ID":"","Containers":0,"ContainersRunning":0,"ContainersPaused":0,"ContainersStopped":0,"Images":0,"Driver":"","DriverStatus":null,"Plugins":{"Volume":null,"Network":null,"Authorization":null,"Log":null},"MemoryLimit":false,"SwapLimit":false,"CpuCfsPeriod":false,"CpuCfsQuota":false,"CPUShares":false,"CPUSet":false,"PidsLimit":false,"IPv4Forwarding":false,"Debug":false,"NFd":0,"OomKillDisable":false,"NGoroutines":0,"SystemTime":"","LoggingDriver":"","CgroupDriver":"","NEventsListener":0,"KernelVersion":"","OperatingSystem":"","OSVersion":"","OSType":"","Architecture":"","IndexServerAddress":"","RegistryConfig":null,"NCPU":0,"MemTotal":0,"GenericResources":null,"DockerRootDir":"","HttpProxy":"","HttpsProxy":"","NoProxy":"","Name":"","Labels":["com.docker.desktop.address=npipe://\\\\.\\pipe\\docker_cli"],"ExperimentalBuild":false,"ServerVersion":"","Runtimes":null,"DefaultRuntime":"","Swarm":{"NodeID":"","NodeAddr":"","LocalNodeState":"","ControlAvailable":false,"Error":"","RemoteManagers":null},"LiveRestoreEnabled":false,"Isolation":"","InitBinary":"","ContainerdCommit":{"ID":""},"RuncCommit":{"ID":""},"InitCommit":{"ID":""},"SecurityOptions":null,"CDISpecDirs":null,"Warnings":null})
	NpipeSocketClientProviderStrategy: failed with exception BadRequestException (Status 400: {"ID":"","Containers":0,"ContainersRunning":0,"ContainersPaused":0,"ContainersStopped":0,"Images":0,"Driver":"","DriverStatus":null,"Plugins":{"Volume":null,"Network":null,"Authorization":null,"Log":null},"MemoryLimit":false,"SwapLimit":false,"CpuCfsPeriod":false,"CpuCfsQuota":false,"CPUShares":false,"CPUSet":false,"PidsLimit":false,"IPv4Forwarding":false,"Debug":false,"NFd":0,"OomKillDisable":false,"NGoroutines":0,"SystemTime":"","LoggingDriver":"","CgroupDriver":"","NEventsListener":0,"KernelVersion":"","OperatingSystem":"","OSVersion":"","OSType":"","Architecture":"","IndexServerAddress":"","RegistryConfig":null,"NCPU":0,"MemTotal":0,"GenericResources":null,"DockerRootDir":"","HttpProxy":"","HttpsProxy":"","NoProxy":"","Name":"","Labels":["com.docker.desktop.address=npipe://\\\\.\\pipe\\docker_cli"],"ExperimentalBuild":false,"ServerVersion":"","Runtimes":null,"DefaultRuntime":"","Swarm":{"NodeID":"","NodeAddr":"","LocalNodeState":"","ControlAvailable":false,"Error":"","RemoteManagers":null},"LiveRestoreEnabled":false,"Isolation":"","InitBinary":"","ContainerdCommit":{"ID":""},"RuncCommit":{"ID":""},"InitCommit":{"ID":""},"SecurityOptions":null,"CDISpecDirs":null,"Warnings":null})As no valid configuration was found, execution cannot continue.
See https://java.testcontainers.org/on_failure.html for more details.
2026-09-12 12:15:06 [main] INFO  o.testcontainers.DockerClientFactory - Testcontainers version: 1.21.1
2026-09-12 12:15:06 [main] DEBUG o.t.u.TestcontainersConfiguration - Testcontainers configuration overrides will be loaded from file:/C:/Users/azuureke/.testcontainers.properties
2026-09-12 12:15:06 [main] DEBUG o.t.d.DockerClientProviderStrategy - Trying out strategy: EnvironmentAndSystemPropertyClientProviderStrategy
2026-09-12 12:15:07 [main] DEBUG o.t.s.c.g.d.c.command.AbstrDockerCmd - Cmd: 
2026-09-12 12:15:07 [main] DEBUG c.g.d.z.s.o.a.h.c.h.i.c.InternalHttpClient - ex-00000001: preparing request execution
2026-09-12 12:15:07 [main] DEBUG c.g.d.z.s.o.a.h.c.h.p.RequestAddCookies - Cookie spec selected: strict
2026-09-12 12:15:07 [main] DEBUG c.g.d.z.s.o.a.h.c.h.p.RequestAuthCache - Auth cache not set in the context
2026-09-12 12:15:07 [main] DEBUG c.g.d.z.s.o.a.h.c.h.i.c.ProtocolExec - ex-00000001: target auth state: UNCHALLENGED
2026-09-12 12:15:07 [main] DEBUG c.g.d.z.s.o.a.h.c.h.i.c.ProtocolExec - ex-00000001: proxy auth state: UNCHALLENGED
2026-09-12 12:15:07 [main] DEBUG c.g.d.z.s.o.a.h.c.h.i.c.ConnectExec - ex-00000001: acquiring connection with route {}->http://localhost:2375
2026-09-12 12:15:07 [main] DEBUG c.g.d.z.s.o.a.h.c.h.i.c.InternalHttpClient - ex-00000001: acquiring endpoint (3 MINUTES)
2026-09-12 12:15:07 [main] DEBUG c.g.d.z.s.o.a.h.c.h.i.i.PoolingHttpClientConnectionManager - ex-00000001: endpoint lease request (3 MINUTES) [route: {}->http://localhost:2375][total available: 0; route allocated: 0 of 2147483647; total allocated: 0 of 2147483647]
2026-09-12 12:15:07 [main] DEBUG c.g.d.z.s.o.a.h.c.h.i.i.PoolingHttpClientConnectionManager - ex-00000001: endpoint leased [route: {}->http://localhost:2375][total available: 0; route allocated: 1 of 2147483647; total allocated: 1 of 2147483647]
2026-09-12 12:15:07 [main] DEBUG c.g.d.z.s.o.a.h.c.h.i.i.PoolingHttpClientConnectionManager - ex-00000001: acquired ep-00000000
2026-09-12 12:15:07 [main] DEBUG c.g.d.z.s.o.a.h.c.h.i.c.InternalHttpClient - ex-00000001: acquired endpoint ep-00000000
2026-09-12 12:15:07 [main] DEBUG c.g.d.z.s.o.a.h.c.h.i.c.ConnectExec - ex-00000001: opening connection {}->http://localhost:2375
2026-09-12 12:15:07 [main] DEBUG c.g.d.z.s.o.a.h.c.h.i.c.InternalHttpClient - ep-00000000: connecting endpoint (3 MINUTES)
2026-09-12 12:15:07 [main] DEBUG c.g.d.z.s.o.a.h.c.h.i.i.PoolingHttpClientConnectionManager - ep-00000000: connecting endpoint to http://localhost:2375 (3 MINUTES)
2026-09-12 12:15:07 [main] DEBUG c.g.d.z.s.o.a.h.c.h.i.i.DefaultHttpClientConnectionOperator - http-outgoing-0: connecting to localhost/127.0.0.1:2375
2026-09-12 12:15:07 [main] DEBUG c.g.d.z.s.o.a.h.c.h.i.i.DefaultHttpClientConnectionOperator - http-outgoing-0: connection established 127.0.0.1:62449<->127.0.0.1:2375
2026-09-12 12:15:07 [main] DEBUG c.g.d.z.s.o.a.h.c.h.i.i.PoolingHttpClientConnectionManager - ep-00000000: connected http-outgoing-0
2026-09-12 12:15:07 [main] DEBUG c.g.d.z.s.o.a.h.c.h.i.c.InternalHttpClient - ep-00000000: endpoint connected
2026-09-12 12:15:07 [main] DEBUG c.g.d.z.s.o.a.h.c.h.i.c.MainClientExec - ex-00000001: executing GET /v1.32/info HTTP/1.1
2026-09-12 12:15:07 [main] DEBUG c.g.d.z.s.o.a.h.c.h.i.c.InternalHttpClient - ep-00000000: start execution ex-00000001
2026-09-12 12:15:07 [main] DEBUG c.g.d.z.s.o.a.h.c.h.i.i.PoolingHttpClientConnectionManager - ep-00000000: executing exchange ex-00000001 over http-outgoing-0
2026-09-12 12:15:07 [main] DEBUG c.g.d.z.s.o.a.h.client5.http.headers - http-outgoing-0 >> GET /v1.32/info HTTP/1.1
2026-09-12 12:15:07 [main] DEBUG c.g.d.z.s.o.a.h.client5.http.headers - http-outgoing-0 >> x-tc-sid: 3612757a-9adf-48bb-a765-41fc6cd69aac
2026-09-12 12:15:07 [main] DEBUG c.g.d.z.s.o.a.h.client5.http.headers - http-outgoing-0 >> User-Agent: tc-java/1.21.1
2026-09-12 12:15:07 [main] DEBUG c.g.d.z.s.o.a.h.client5.http.headers - http-outgoing-0 >> Accept-Encoding: gzip, x-gzip, deflate
2026-09-12 12:15:07 [main] DEBUG c.g.d.z.s.o.a.h.client5.http.headers - http-outgoing-0 >> Host: localhost:2375
2026-09-12 12:15:07 [main] DEBUG c.g.d.z.s.o.a.h.client5.http.headers - http-outgoing-0 >> Connection: keep-alive
2026-09-12 12:15:07 [main] DEBUG c.g.d.z.s.o.a.hc.client5.http.wire - http-outgoing-0 >> "GET /v1.32/info HTTP/1.1[\r][\n]"
2026-09-12 12:15:07 [main] DEBUG c.g.d.z.s.o.a.hc.client5.http.wire - http-outgoing-0 >> "x-tc-sid: 3612757a-9adf-48bb-a765-41fc6cd69aac[\r][\n]"
2026-09-12 12:15:07 [main] DEBUG c.g.d.z.s.o.a.hc.client5.http.wire - http-outgoing-0 >> "User-Agent: tc-java/1.21.1[\r][\n]"
2026-09-12 12:15:07 [main] DEBUG c.g.d.z.s.o.a.hc.client5.http.wire - http-outgoing-0 >> "Accept-Encoding: gzip, x-gzip, deflate[\r][\n]"
2026-09-12 12:15:07 [main] DEBUG c.g.d.z.s.o.a.hc.client5.http.wire - http-outgoing-0 >> "Host: localhost:2375[\r][\n]"
2026-09-12 12:15:07 [main] DEBUG c.g.d.z.s.o.a.hc.client5.http.wire - http-outgoing-0 >> "Connection: keep-alive[\r][\n]"
2026-09-12 12:15:07 [main] DEBUG c.g.d.z.s.o.a.hc.client5.http.wire - http-outgoing-0 >> "[\r][\n]"
2026-09-12 12:15:07 [main] DEBUG c.g.d.z.s.o.a.hc.client5.http.wire - http-outgoing-0 << "HTTP/1.1 400 Bad Request[\r][\n]"
2026-09-12 12:15:07 [main] DEBUG c.g.d.z.s.o.a.hc.client5.http.wire - http-outgoing-0 << "Api-Version: 1.55[\r][\n]"
2026-09-12 12:15:07 [main] DEBUG c.g.d.z.s.o.a.hc.client5.http.wire - http-outgoing-0 << "Content-Type: application/json[\r][\n]"
2026-09-12 12:15:07 [main] DEBUG c.g.d.z.s.o.a.hc.client5.http.wire - http-outgoing-0 << "Date: Sat, 12 Sep 2026 10:15:07 GMT[\r][\n]"
2026-09-12 12:15:07 [main] DEBUG c.g.d.z.s.o.a.hc.client5.http.wire - http-outgoing-0 << "Ostype: linux[\r][\n]"
2026-09-12 12:15:07 [main] DEBUG c.g.d.z.s.o.a.hc.client5.http.wire - http-outgoing-0 << "Server: Docker/29.7.2 (linux)[\r][\n]"
2026-09-12 12:15:07 [main] DEBUG c.g.d.z.s.o.a.hc.client5.http.wire - http-outgoing-0 << "Transfer-Encoding: chunked[\r][\n]"
2026-09-12 12:15:07 [main] DEBUG c.g.d.z.s.o.a.hc.client5.http.wire - http-outgoing-0 << "[\r][\n]"
2026-09-12 12:15:07 [main] DEBUG c.g.d.z.s.o.a.hc.client5.http.wire - http-outgoing-0 << "4b0[\r][\n]"
2026-09-12 12:15:07 [main] DEBUG c.g.d.z.s.o.a.hc.client5.http.wire - http-outgoing-0 << "{"ID":"","Containers":0,"ContainersRunning":0,"ContainersPaused":0,"ContainersStopped":0,"Images":0,"Driver":"","DriverStatus":null,"Plugins":{"Volume":null,"Network":null,"Authorization":null,"Log":null},"MemoryLimit":false,"SwapLimit":false,"CpuCfsPeriod":false,"CpuCfsQuota":false,"CPUShares":false,"CPUSet":false,"PidsLimit":false,"IPv4Forwarding":false,"Debug":false,"NFd":0,"OomKillDisable":false,"NGoroutines":0,"SystemTime":"","LoggingDriver":"","CgroupDriver":"","NEventsListener":0,"KernelVersion":"","OperatingSystem":"","OSVersion":"","OSType":"","Architecture":"","IndexServerAddress":"","RegistryConfig":null,"NCPU":0,"MemTotal":0,"GenericResources":null,"DockerRootDir":"","HttpProxy":"","HttpsProxy":"","NoProxy":"","Name":"","Labels":["com.docker.desktop.address=npipe://\\\\.\\pipe\\docker_cli"],"ExperimentalBuild":false,"ServerVersion":"","Runtimes":null,"DefaultRuntime":"","Swarm":{"NodeID":"","NodeAddr":"","LocalNodeState":"","ControlAvailable":false,"Error":"","RemoteManagers":null},"LiveRestoreEnabled":false,"Isolation":"","InitBinary":"","ContainerdCommit":{"ID":""},"RuncCommit":{"ID":""},"InitCommit":{"ID":""},"SecurityOptions":null,"CDISpecDirs":null,"Warnings":null}[\r][\n]"
2026-09-12 12:15:07 [main] DEBUG c.g.d.z.s.o.a.h.client5.http.headers - http-outgoing-0 << HTTP/1.1 400 Bad Request
2026-09-12 12:15:07 [main] DEBUG c.g.d.z.s.o.a.h.client5.http.headers - http-outgoing-0 << Api-Version: 1.55
2026-09-12 12:15:07 [main] DEBUG c.g.d.z.s.o.a.h.client5.http.headers - http-outgoing-0 << Content-Type: application/json
2026-09-12 12:15:07 [main] DEBUG c.g.d.z.s.o.a.h.client5.http.headers - http-outgoing-0 << Date: Sat, 12 Sep 2026 10:15:07 GMT
2026-09-12 12:15:07 [main] DEBUG c.g.d.z.s.o.a.h.client5.http.headers - http-outgoing-0 << Ostype: linux
2026-09-12 12:15:07 [main] DEBUG c.g.d.z.s.o.a.h.client5.http.headers - http-outgoing-0 << Server: Docker/29.7.2 (linux)
2026-09-12 12:15:07 [main] DEBUG c.g.d.z.s.o.a.h.client5.http.headers - http-outgoing-0 << Transfer-Encoding: chunked
2026-09-12 12:15:07 [main] DEBUG c.g.d.z.s.o.a.h.c.h.i.c.MainClientExec - ex-00000001: connection can be kept alive for 3 MINUTES
2026-09-12 12:15:07 [main] DEBUG c.g.d.z.s.o.a.hc.client5.http.wire - http-outgoing-0 << "0[\r][\n]"
2026-09-12 12:15:07 [main] DEBUG c.g.d.z.s.o.a.hc.client5.http.wire - http-outgoing-0 << "[\r][\n]"
2026-09-12 12:15:07 [main] DEBUG c.g.d.z.s.o.a.h.c.h.i.c.InternalHttpClient - ep-00000000: releasing valid endpoint
2026-09-12 12:15:07 [main] DEBUG c.g.d.z.s.o.a.h.c.h.i.i.PoolingHttpClientConnectionManager - ep-00000000: releasing endpoint
2026-09-12 12:15:07 [main] DEBUG c.g.d.z.s.o.a.h.c.h.i.i.PoolingHttpClientConnectionManager - ep-00000000: connection http-outgoing-0 can be kept alive for 3 MINUTES
2026-09-12 12:15:07 [main] DEBUG c.g.d.z.s.o.a.h.c.h.i.i.PoolingHttpClientConnectionManager - ep-00000000: connection released [route: {}->http://localhost:2375][total available: 1; route allocated: 1 of 2147483647; total allocated: 1 of 2147483647]
2026-09-12 12:15:07 [main] DEBUG o.t.d.DockerClientProviderStrategy - EnvironmentAndSystemPropertyClientProviderStrategy: failed with exception BadRequestException (Status 400: {"ID":"","Containers":0,"ContainersRunning":0,"ContainersPaused":0,"ContainersStopped":0,"Images":0,"Driver":"","DriverStatus":null,"Plugins":{"Volume":null,"Network":null,"Authorization":null,"Log":null},"MemoryLimit":false,"SwapLimit":false,"CpuCfsPeriod":false,"CpuCfsQuota":false,"CPUShares":false,"CPUSet":false,"PidsLimit":false,"IPv4Forwarding":false,"Debug":false,"NFd":0,"OomKillDisable":false,"NGoroutines":0,"SystemTime":"","LoggingDriver":"","CgroupDriver":"","NEventsListener":0,"KernelVersion":"","OperatingSystem":"","OSVersion":"","OSType":"","Architecture":"","IndexServerAddress":"","RegistryConfig":null,"NCPU":0,"MemTotal":0,"GenericResources":null,"DockerRootDir":"","HttpProxy":"","HttpsProxy":"","NoProxy":"","Name":"","Labels":["com.docker.desktop.address=npipe://\\\\.\\pipe\\docker_cli"],"ExperimentalBuild":false,"ServerVersion":"","Runtimes":null,"DefaultRuntime":"","Swarm":{"NodeID":"","NodeAddr":"","LocalNodeState":"","ControlAvailable":false,"Error":"","RemoteManagers":null},"LiveRestoreEnabled":false,"Isolation":"","InitBinary":"","ContainerdCommit":{"ID":""},"RuncCommit":{"ID":""},"InitCommit":{"ID":""},"SecurityOptions":null,"CDISpecDirs":null,"Warnings":null})
2026-09-12 12:15:07 [main] DEBUG o.t.d.DockerClientProviderStrategy - Trying out strategy: NpipeSocketClientProviderStrategy
2026-09-12 12:15:07 [main] DEBUG o.t.s.c.g.d.c.command.AbstrDockerCmd - Cmd: 
2026-09-12 12:15:07 [main] DEBUG c.g.d.z.s.o.a.h.c.h.i.c.InternalHttpClient - ex-00000002: preparing request execution
2026-09-12 12:15:07 [main] DEBUG c.g.d.z.s.o.a.h.c.h.p.RequestAddCookies - Cookie spec selected: strict
2026-09-12 12:15:07 [main] DEBUG c.g.d.z.s.o.a.h.c.h.p.RequestAuthCache - Auth cache not set in the context
2026-09-12 12:15:07 [main] DEBUG c.g.d.z.s.o.a.h.c.h.i.c.ProtocolExec - ex-00000002: target auth state: UNCHALLENGED
2026-09-12 12:15:07 [main] DEBUG c.g.d.z.s.o.a.h.c.h.i.c.ProtocolExec - ex-00000002: proxy auth state: UNCHALLENGED
2026-09-12 12:15:07 [main] DEBUG c.g.d.z.s.o.a.h.c.h.i.c.ConnectExec - ex-00000002: acquiring connection with route {}->npipe://localhost:2375
2026-09-12 12:15:07 [main] DEBUG c.g.d.z.s.o.a.h.c.h.i.c.InternalHttpClient - ex-00000002: acquiring endpoint (3 MINUTES)
2026-09-12 12:15:07 [main] DEBUG c.g.d.z.s.o.a.h.c.h.i.i.PoolingHttpClientConnectionManager - ex-00000002: endpoint lease request (3 MINUTES) [route: {}->npipe://localhost:2375][total available: 0; route allocated: 0 of 2147483647; total allocated: 0 of 2147483647]
2026-09-12 12:15:07 [main] DEBUG c.g.d.z.s.o.a.h.c.h.i.i.PoolingHttpClientConnectionManager - ex-00000002: endpoint leased [route: {}->npipe://localhost:2375][total available: 0; route allocated: 1 of 2147483647; total allocated: 1 of 2147483647]
2026-09-12 12:15:07 [main] DEBUG c.g.d.z.s.o.a.h.c.h.i.i.PoolingHttpClientConnectionManager - ex-00000002: acquired ep-00000001
2026-09-12 12:15:07 [main] DEBUG c.g.d.z.s.o.a.h.c.h.i.c.InternalHttpClient - ex-00000002: acquired endpoint ep-00000001
2026-09-12 12:15:07 [main] DEBUG c.g.d.z.s.o.a.h.c.h.i.c.ConnectExec - ex-00000002: opening connection {}->npipe://localhost:2375
2026-09-12 12:15:07 [main] DEBUG c.g.d.z.s.o.a.h.c.h.i.c.InternalHttpClient - ep-00000001: connecting endpoint (3 MINUTES)
2026-09-12 12:15:07 [main] DEBUG c.g.d.z.s.o.a.h.c.h.i.i.PoolingHttpClientConnectionManager - ep-00000001: connecting endpoint to npipe://localhost:2375 (3 MINUTES)
2026-09-12 12:15:07 [main] DEBUG c.g.d.z.s.o.a.h.c.h.i.i.DefaultHttpClientConnectionOperator - http-outgoing-1: connecting to localhost/127.0.0.1:2375
2026-09-12 12:15:07 [main] DEBUG c.g.d.z.s.o.a.h.c.h.i.i.DefaultHttpClientConnectionOperator - http-outgoing-1: connection established 
2026-09-12 12:15:07 [main] DEBUG c.g.d.z.s.o.a.h.c.h.i.i.PoolingHttpClientConnectionManager - ep-00000001: connected http-outgoing-1
2026-09-12 12:15:07 [main] DEBUG c.g.d.z.s.o.a.h.c.h.i.c.InternalHttpClient - ep-00000001: endpoint connected
2026-09-12 12:15:07 [main] DEBUG c.g.d.z.s.o.a.h.c.h.i.c.MainClientExec - ex-00000002: executing GET /v1.32/info HTTP/1.1
2026-09-12 12:15:07 [main] DEBUG c.g.d.z.s.o.a.h.c.h.i.c.InternalHttpClient - ep-00000001: start execution ex-00000002
2026-09-12 12:15:07 [main] DEBUG c.g.d.z.s.o.a.h.c.h.i.i.PoolingHttpClientConnectionManager - ep-00000001: executing exchange ex-00000002 over http-outgoing-1
2026-09-12 12:15:07 [main] DEBUG c.g.d.z.s.o.a.h.client5.http.headers - http-outgoing-1 >> GET /v1.32/info HTTP/1.1
2026-09-12 12:15:07 [main] DEBUG c.g.d.z.s.o.a.h.client5.http.headers - http-outgoing-1 >> x-tc-sid: 3612757a-9adf-48bb-a765-41fc6cd69aac
2026-09-12 12:15:07 [main] DEBUG c.g.d.z.s.o.a.h.client5.http.headers - http-outgoing-1 >> User-Agent: tc-java/1.21.1
2026-09-12 12:15:07 [main] DEBUG c.g.d.z.s.o.a.h.client5.http.headers - http-outgoing-1 >> Accept-Encoding: gzip, x-gzip, deflate
2026-09-12 12:15:07 [main] DEBUG c.g.d.z.s.o.a.h.client5.http.headers - http-outgoing-1 >> Host: localhost:2375
2026-09-12 12:15:07 [main] DEBUG c.g.d.z.s.o.a.h.client5.http.headers - http-outgoing-1 >> Connection: keep-alive
2026-09-12 12:15:07 [main] DEBUG c.g.d.z.s.o.a.hc.client5.http.wire - http-outgoing-1 >> "GET /v1.32/info HTTP/1.1[\r][\n]"
2026-09-12 12:15:07 [main] DEBUG c.g.d.z.s.o.a.hc.client5.http.wire - http-outgoing-1 >> "x-tc-sid: 3612757a-9adf-48bb-a765-41fc6cd69aac[\r][\n]"
2026-09-12 12:15:07 [main] DEBUG c.g.d.z.s.o.a.hc.client5.http.wire - http-outgoing-1 >> "User-Agent: tc-java/1.21.1[\r][\n]"
2026-09-12 12:15:07 [main] DEBUG c.g.d.z.s.o.a.hc.client5.http.wire - http-outgoing-1 >> "Accept-Encoding: gzip, x-gzip, deflate[\r][\n]"
2026-09-12 12:15:07 [main] DEBUG c.g.d.z.s.o.a.hc.client5.http.wire - http-outgoing-1 >> "Host: localhost:2375[\r][\n]"
2026-09-12 12:15:07 [main] DEBUG c.g.d.z.s.o.a.hc.client5.http.wire - http-outgoing-1 >> "Connection: keep-alive[\r][\n]"
2026-09-12 12:15:07 [main] DEBUG c.g.d.z.s.o.a.hc.client5.http.wire - http-outgoing-1 >> "[\r][\n]"
2026-09-12 12:15:07 [main] DEBUG c.g.d.z.s.o.a.hc.client5.http.wire - http-outgoing-1 << "HTTP/1.1 400 Bad Request[\r][\n]"
2026-09-12 12:15:07 [main] DEBUG c.g.d.z.s.o.a.hc.client5.http.wire - http-outgoing-1 << "Api-Version: 1.55[\r][\n]"
2026-09-12 12:15:07 [main] DEBUG c.g.d.z.s.o.a.hc.client5.http.wire - http-outgoing-1 << "Content-Type: application/json[\r][\n]"
2026-09-12 12:15:07 [main] DEBUG c.g.d.z.s.o.a.hc.client5.http.wire - http-outgoing-1 << "Date: Sat, 12 Sep 2026 10:15:07 GMT[\r][\n]"
2026-09-12 12:15:07 [main] DEBUG c.g.d.z.s.o.a.hc.client5.http.wire - http-outgoing-1 << "Ostype: linux[\r][\n]"
2026-09-12 12:15:07 [main] DEBUG c.g.d.z.s.o.a.hc.client5.http.wire - http-outgoing-1 << "Server: Docker/29.7.2 (linux)[\r][\n]"
2026-09-12 12:15:07 [main] DEBUG c.g.d.z.s.o.a.hc.client5.http.wire - http-outgoing-1 << "Transfer-Encoding: chunked[\r][\n]"
2026-09-12 12:15:07 [main] DEBUG c.g.d.z.s.o.a.hc.client5.http.wire - http-outgoing-1 << "[\r][\n]"
2026-09-12 12:15:07 [main] DEBUG c.g.d.z.s.o.a.h.client5.http.headers - http-outgoing-1 << HTTP/1.1 400 Bad Request
2026-09-12 12:15:07 [main] DEBUG c.g.d.z.s.o.a.h.client5.http.headers - http-outgoing-1 << Api-Version: 1.55
2026-09-12 12:15:07 [main] DEBUG c.g.d.z.s.o.a.h.client5.http.headers - http-outgoing-1 << Content-Type: application/json
2026-09-12 12:15:07 [main] DEBUG c.g.d.z.s.o.a.h.client5.http.headers - http-outgoing-1 << Date: Sat, 12 Sep 2026 10:15:07 GMT
2026-09-12 12:15:07 [main] DEBUG c.g.d.z.s.o.a.h.client5.http.headers - http-outgoing-1 << Ostype: linux
2026-09-12 12:15:07 [main] DEBUG c.g.d.z.s.o.a.h.client5.http.headers - http-outgoing-1 << Server: Docker/29.7.2 (linux)
2026-09-12 12:15:07 [main] DEBUG c.g.d.z.s.o.a.h.client5.http.headers - http-outgoing-1 << Transfer-Encoding: chunked
2026-09-12 12:15:07 [main] DEBUG c.g.d.z.s.o.a.h.c.h.i.c.MainClientExec - ex-00000002: connection can be kept alive for 3 MINUTES
2026-09-12 12:15:07 [main] DEBUG c.g.d.z.s.o.a.hc.client5.http.wire - http-outgoing-1 << "4b0[\r][\n]"
2026-09-12 12:15:07 [main] DEBUG c.g.d.z.s.o.a.hc.client5.http.wire - http-outgoing-1 << "{"ID":"","Containers":0,"ContainersRunning":0,"ContainersPaused":0,"ContainersStopped":0,"Images":0,"Driver":"","DriverStatus":null,"Plugins":{"Volume":null,"Network":null,"Authorization":null,"Log":null},"MemoryLimit":false,"SwapLimit":false,"CpuCfsPeriod":false,"CpuCfsQuota":false,"CPUShares":false,"CPUSet":false,"PidsLimit":false,"IPv4Forwarding":false,"Debug":false,"NFd":0,"OomKillDisable":false,"NGoroutines":0,"SystemTime":"","LoggingDriver":"","CgroupDriver":"","NEventsListener":0,"KernelVersion":"","OperatingSystem":"","OSVersion":"","OSType":"","Architecture":"","IndexServerAddress":"","RegistryConfig":null,"NCPU":0,"MemTotal":0,"GenericResources":null,"DockerRootDir":"","HttpProxy":"","HttpsProxy":"","NoProxy":"","Name":"","Labels":["com.docker.desktop.address=npipe://\\\\.\\pipe\\docker_cli"],"ExperimentalBuild":false,"ServerVersion":"","Runtimes":null,"DefaultRuntime":"","Swarm":{"NodeID":"","NodeAddr":"","LocalNodeState":"","ControlAvailable":false,"Error":"","RemoteManagers":null},"LiveRestoreEnabled":false,"Isolation":"","InitBinary":"","ContainerdCommit":{"ID":""},"RuncCommit":{"ID":""},"InitCommit":{"ID":""},"SecurityOptions":null,"CDISpecDirs":null,"Warnings":null}[\r][\n]"
2026-09-12 12:15:07 [main] DEBUG c.g.d.z.s.o.a.hc.client5.http.wire - http-outgoing-1 << "0[\r][\n]"
2026-09-12 12:15:07 [main] DEBUG c.g.d.z.s.o.a.hc.client5.http.wire - http-outgoing-1 << "[\r][\n]"
2026-09-12 12:15:07 [main] DEBUG c.g.d.z.s.o.a.h.c.h.i.c.InternalHttpClient - ep-00000001: releasing valid endpoint
2026-09-12 12:15:07 [main] DEBUG c.g.d.z.s.o.a.h.c.h.i.i.PoolingHttpClientConnectionManager - ep-00000001: releasing endpoint
2026-09-12 12:15:07 [main] DEBUG c.g.d.z.s.o.a.h.c.h.i.i.PoolingHttpClientConnectionManager - ep-00000001: connection http-outgoing-1 can be kept alive for 3 MINUTES
2026-09-12 12:15:07 [main] DEBUG c.g.d.z.s.o.a.h.c.h.i.i.PoolingHttpClientConnectionManager - ep-00000001: connection released [route: {}->npipe://localhost:2375][total available: 1; route allocated: 1 of 2147483647; total allocated: 1 of 2147483647]
2026-09-12 12:15:07 [main] DEBUG o.t.d.DockerClientProviderStrategy - NpipeSocketClientProviderStrategy: failed with exception BadRequestException (Status 400: {"ID":"","Containers":0,"ContainersRunning":0,"ContainersPaused":0,"ContainersStopped":0,"Images":0,"Driver":"","DriverStatus":null,"Plugins":{"Volume":null,"Network":null,"Authorization":null,"Log":null},"MemoryLimit":false,"SwapLimit":false,"CpuCfsPeriod":false,"CpuCfsQuota":false,"CPUShares":false,"CPUSet":false,"PidsLimit":false,"IPv4Forwarding":false,"Debug":false,"NFd":0,"OomKillDisable":false,"NGoroutines":0,"SystemTime":"","LoggingDriver":"","CgroupDriver":"","NEventsListener":0,"KernelVersion":"","OperatingSystem":"","OSVersion":"","OSType":"","Architecture":"","IndexServerAddress":"","RegistryConfig":null,"NCPU":0,"MemTotal":0,"GenericResources":null,"DockerRootDir":"","HttpProxy":"","HttpsProxy":"","NoProxy":"","Name":"","Labels":["com.docker.desktop.address=npipe://\\\\.\\pipe\\docker_cli"],"ExperimentalBuild":false,"ServerVersion":"","Runtimes":null,"DefaultRuntime":"","Swarm":{"NodeID":"","NodeAddr":"","LocalNodeState":"","ControlAvailable":false,"Error":"","RemoteManagers":null},"LiveRestoreEnabled":false,"Isolation":"","InitBinary":"","ContainerdCommit":{"ID":""},"RuncCommit":{"ID":""},"InitCommit":{"ID":""},"SecurityOptions":null,"CDISpecDirs":null,"Warnings":null})
2026-09-12 12:15:07 [main] INFO  o.t.d.DockerMachineClientProviderStrategy - docker-machine executable was not found on PATH ([C:\Windows\system32, C:\Windows, C:\Windows\System32\Wbem, C:\Windows\System32\WindowsPowerShell\v1.0\, C:\Windows\System32\OpenSSH\, C:\Program Files\dotnet\, C:\Program Files (x86)\NVIDIA Corporation\PhysX\Common, C:\Program Files\NVIDIA Corporation\NVIDIA app\NvDLISR, C:\Program Files\Cloudflare\Cloudflare WARP\, C:\Program Files\Git\cmd, C:\Users\azuureke\AppData\Local\Programs\Eclipse Adoptium\jdk-17.0.19.10-hotspot\bin, C:\Users\azuureke\AppData\Local\Microsoft\WindowsApps, , C:\Users\azuureke\AppData\Local\Programs\DockerDesktop\resources\bin])
2026-09-12 12:15:07 [main] ERROR o.t.d.DockerClientProviderStrategy - Could not find a valid Docker environment. Please check configuration. Attempted configurations were:
	EnvironmentAndSystemPropertyClientProviderStrategy: failed with exception BadRequestException (Status 400: {"ID":"","Containers":0,"ContainersRunning":0,"ContainersPaused":0,"ContainersStopped":0,"Images":0,"Driver":"","DriverStatus":null,"Plugins":{"Volume":null,"Network":null,"Authorization":null,"Log":null},"MemoryLimit":false,"SwapLimit":false,"CpuCfsPeriod":false,"CpuCfsQuota":false,"CPUShares":false,"CPUSet":false,"PidsLimit":false,"IPv4Forwarding":false,"Debug":false,"NFd":0,"OomKillDisable":false,"NGoroutines":0,"SystemTime":"","LoggingDriver":"","CgroupDriver":"","NEventsListener":0,"KernelVersion":"","OperatingSystem":"","OSVersion":"","OSType":"","Architecture":"","IndexServerAddress":"","RegistryConfig":null,"NCPU":0,"MemTotal":0,"GenericResources":null,"DockerRootDir":"","HttpProxy":"","HttpsProxy":"","NoProxy":"","Name":"","Labels":["com.docker.desktop.address=npipe://\\\\.\\pipe\\docker_cli"],"ExperimentalBuild":false,"ServerVersion":"","Runtimes":null,"DefaultRuntime":"","Swarm":{"NodeID":"","NodeAddr":"","LocalNodeState":"","ControlAvailable":false,"Error":"","RemoteManagers":null},"LiveRestoreEnabled":false,"Isolation":"","InitBinary":"","ContainerdCommit":{"ID":""},"RuncCommit":{"ID":""},"InitCommit":{"ID":""},"SecurityOptions":null,"CDISpecDirs":null,"Warnings":null})
	NpipeSocketClientProviderStrategy: failed with exception BadRequestException (Status 400: {"ID":"","Containers":0,"ContainersRunning":0,"ContainersPaused":0,"ContainersStopped":0,"Images":0,"Driver":"","DriverStatus":null,"Plugins":{"Volume":null,"Network":null,"Authorization":null,"Log":null},"MemoryLimit":false,"SwapLimit":false,"CpuCfsPeriod":false,"CpuCfsQuota":false,"CPUShares":false,"CPUSet":false,"PidsLimit":false,"IPv4Forwarding":false,"Debug":false,"NFd":0,"OomKillDisable":false,"NGoroutines":0,"SystemTime":"","LoggingDriver":"","CgroupDriver":"","NEventsListener":0,"KernelVersion":"","OperatingSystem":"","OSVersion":"","OSType":"","Architecture":"","IndexServerAddress":"","RegistryConfig":null,"NCPU":0,"MemTotal":0,"GenericResources":null,"DockerRootDir":"","HttpProxy":"","HttpsProxy":"","NoProxy":"","Name":"","Labels":["com.docker.desktop.address=npipe://\\\\.\\pipe\\docker_cli"],"ExperimentalBuild":false,"ServerVersion":"","Runtimes":null,"DefaultRuntime":"","Swarm":{"NodeID":"","NodeAddr":"","LocalNodeState":"","ControlAvailable":false,"Error":"","RemoteManagers":null},"LiveRestoreEnabled":false,"Isolation":"","InitBinary":"","ContainerdCommit":{"ID":""},"RuncCommit":{"ID":""},"InitCommit":{"ID":""},"SecurityOptions":null,"CDISpecDirs":null,"Warnings":null})As no valid configuration was found, execution cannot continue.
See https://java.testcontainers.org/on_failure.html for more details.
2026-09-12 12:15:15 [main] INFO  o.testcontainers.DockerClientFactory - Testcontainers version: 1.21.1
2026-09-12 12:15:15 [main] DEBUG o.t.u.TestcontainersConfiguration - Testcontainers configuration overrides will be loaded from file:/C:/Users/azuureke/.testcontainers.properties
2026-09-12 12:15:16 [main] DEBUG o.t.d.DockerClientProviderStrategy - Trying out strategy: EnvironmentAndSystemPropertyClientProviderStrategy
2026-09-12 12:15:16 [main] DEBUG o.t.s.c.g.d.c.command.AbstrDockerCmd - Cmd: 
2026-09-12 12:15:16 [main] DEBUG c.g.d.z.s.o.a.h.c.h.i.c.InternalHttpClient - ex-00000001: preparing request execution
2026-09-12 12:15:16 [main] DEBUG c.g.d.z.s.o.a.h.c.h.p.RequestAddCookies - Cookie spec selected: strict
2026-09-12 12:15:16 [main] DEBUG c.g.d.z.s.o.a.h.c.h.p.RequestAuthCache - Auth cache not set in the context
2026-09-12 12:15:16 [main] DEBUG c.g.d.z.s.o.a.h.c.h.i.c.ProtocolExec - ex-00000001: target auth state: UNCHALLENGED
2026-09-12 12:15:16 [main] DEBUG c.g.d.z.s.o.a.h.c.h.i.c.ProtocolExec - ex-00000001: proxy auth state: UNCHALLENGED
2026-09-12 12:15:16 [main] DEBUG c.g.d.z.s.o.a.h.c.h.i.c.ConnectExec - ex-00000001: acquiring connection with route {}->http://localhost:2375
2026-09-12 12:15:16 [main] DEBUG c.g.d.z.s.o.a.h.c.h.i.c.InternalHttpClient - ex-00000001: acquiring endpoint (3 MINUTES)
2026-09-12 12:15:16 [main] DEBUG c.g.d.z.s.o.a.h.c.h.i.i.PoolingHttpClientConnectionManager - ex-00000001: endpoint lease request (3 MINUTES) [route: {}->http://localhost:2375][total available: 0; route allocated: 0 of 2147483647; total allocated: 0 of 2147483647]
2026-09-12 12:15:16 [main] DEBUG c.g.d.z.s.o.a.h.c.h.i.i.PoolingHttpClientConnectionManager - ex-00000001: endpoint leased [route: {}->http://localhost:2375][total available: 0; route allocated: 1 of 2147483647; total allocated: 1 of 2147483647]
2026-09-12 12:15:16 [main] DEBUG c.g.d.z.s.o.a.h.c.h.i.i.PoolingHttpClientConnectionManager - ex-00000001: acquired ep-00000000
2026-09-12 12:15:16 [main] DEBUG c.g.d.z.s.o.a.h.c.h.i.c.InternalHttpClient - ex-00000001: acquired endpoint ep-00000000
2026-09-12 12:15:16 [main] DEBUG c.g.d.z.s.o.a.h.c.h.i.c.ConnectExec - ex-00000001: opening connection {}->http://localhost:2375
2026-09-12 12:15:16 [main] DEBUG c.g.d.z.s.o.a.h.c.h.i.c.InternalHttpClient - ep-00000000: connecting endpoint (3 MINUTES)
2026-09-12 12:15:16 [main] DEBUG c.g.d.z.s.o.a.h.c.h.i.i.PoolingHttpClientConnectionManager - ep-00000000: connecting endpoint to http://localhost:2375 (3 MINUTES)
2026-09-12 12:15:16 [main] DEBUG c.g.d.z.s.o.a.h.c.h.i.i.DefaultHttpClientConnectionOperator - http-outgoing-0: connecting to localhost/127.0.0.1:2375
2026-09-12 12:15:16 [main] DEBUG c.g.d.z.s.o.a.h.c.h.i.i.DefaultHttpClientConnectionOperator - http-outgoing-0: connection established 127.0.0.1:62459<->127.0.0.1:2375
2026-09-12 12:15:16 [main] DEBUG c.g.d.z.s.o.a.h.c.h.i.i.PoolingHttpClientConnectionManager - ep-00000000: connected http-outgoing-0
2026-09-12 12:15:16 [main] DEBUG c.g.d.z.s.o.a.h.c.h.i.c.InternalHttpClient - ep-00000000: endpoint connected
2026-09-12 12:15:16 [main] DEBUG c.g.d.z.s.o.a.h.c.h.i.c.MainClientExec - ex-00000001: executing GET /v1.32/info HTTP/1.1
2026-09-12 12:15:16 [main] DEBUG c.g.d.z.s.o.a.h.c.h.i.c.InternalHttpClient - ep-00000000: start execution ex-00000001
2026-09-12 12:15:16 [main] DEBUG c.g.d.z.s.o.a.h.c.h.i.i.PoolingHttpClientConnectionManager - ep-00000000: executing exchange ex-00000001 over http-outgoing-0
2026-09-12 12:15:16 [main] DEBUG c.g.d.z.s.o.a.h.client5.http.headers - http-outgoing-0 >> GET /v1.32/info HTTP/1.1
2026-09-12 12:15:16 [main] DEBUG c.g.d.z.s.o.a.h.client5.http.headers - http-outgoing-0 >> x-tc-sid: 109e1888-d106-4fca-b29c-bf5995dc3605
2026-09-12 12:15:16 [main] DEBUG c.g.d.z.s.o.a.h.client5.http.headers - http-outgoing-0 >> User-Agent: tc-java/1.21.1
2026-09-12 12:15:16 [main] DEBUG c.g.d.z.s.o.a.h.client5.http.headers - http-outgoing-0 >> Accept-Encoding: gzip, x-gzip, deflate
2026-09-12 12:15:16 [main] DEBUG c.g.d.z.s.o.a.h.client5.http.headers - http-outgoing-0 >> Host: localhost:2375
2026-09-12 12:15:16 [main] DEBUG c.g.d.z.s.o.a.h.client5.http.headers - http-outgoing-0 >> Connection: keep-alive
2026-09-12 12:15:16 [main] DEBUG c.g.d.z.s.o.a.hc.client5.http.wire - http-outgoing-0 >> "GET /v1.32/info HTTP/1.1[\r][\n]"
2026-09-12 12:15:16 [main] DEBUG c.g.d.z.s.o.a.hc.client5.http.wire - http-outgoing-0 >> "x-tc-sid: 109e1888-d106-4fca-b29c-bf5995dc3605[\r][\n]"
2026-09-12 12:15:16 [main] DEBUG c.g.d.z.s.o.a.hc.client5.http.wire - http-outgoing-0 >> "User-Agent: tc-java/1.21.1[\r][\n]"
2026-09-12 12:15:16 [main] DEBUG c.g.d.z.s.o.a.hc.client5.http.wire - http-outgoing-0 >> "Accept-Encoding: gzip, x-gzip, deflate[\r][\n]"
2026-09-12 12:15:16 [main] DEBUG c.g.d.z.s.o.a.hc.client5.http.wire - http-outgoing-0 >> "Host: localhost:2375[\r][\n]"
2026-09-12 12:15:16 [main] DEBUG c.g.d.z.s.o.a.hc.client5.http.wire - http-outgoing-0 >> "Connection: keep-alive[\r][\n]"
2026-09-12 12:15:16 [main] DEBUG c.g.d.z.s.o.a.hc.client5.http.wire - http-outgoing-0 >> "[\r][\n]"
2026-09-12 12:15:16 [main] DEBUG c.g.d.z.s.o.a.hc.client5.http.wire - http-outgoing-0 << "HTTP/1.1 400 Bad Request[\r][\n]"
2026-09-12 12:15:16 [main] DEBUG c.g.d.z.s.o.a.hc.client5.http.wire - http-outgoing-0 << "Api-Version: 1.55[\r][\n]"
2026-09-12 12:15:16 [main] DEBUG c.g.d.z.s.o.a.hc.client5.http.wire - http-outgoing-0 << "Content-Type: application/json[\r][\n]"
2026-09-12 12:15:16 [main] DEBUG c.g.d.z.s.o.a.hc.client5.http.wire - http-outgoing-0 << "Date: Sat, 12 Sep 2026 10:15:16 GMT[\r][\n]"
2026-09-12 12:15:16 [main] DEBUG c.g.d.z.s.o.a.hc.client5.http.wire - http-outgoing-0 << "Ostype: linux[\r][\n]"
2026-09-12 12:15:16 [main] DEBUG c.g.d.z.s.o.a.hc.client5.http.wire - http-outgoing-0 << "Server: Docker/29.7.2 (linux)[\r][\n]"
2026-09-12 12:15:16 [main] DEBUG c.g.d.z.s.o.a.hc.client5.http.wire - http-outgoing-0 << "Transfer-Encoding: chunked[\r][\n]"
2026-09-12 12:15:16 [main] DEBUG c.g.d.z.s.o.a.hc.client5.http.wire - http-outgoing-0 << "[\r][\n]"
2026-09-12 12:15:16 [main] DEBUG c.g.d.z.s.o.a.hc.client5.http.wire - http-outgoing-0 << "4b0[\r][\n]"
2026-09-12 12:15:16 [main] DEBUG c.g.d.z.s.o.a.hc.client5.http.wire - http-outgoing-0 << "{"ID":"","Containers":0,"ContainersRunning":0,"ContainersPaused":0,"ContainersStopped":0,"Images":0,"Driver":"","DriverStatus":null,"Plugins":{"Volume":null,"Network":null,"Authorization":null,"Log":null},"MemoryLimit":false,"SwapLimit":false,"CpuCfsPeriod":false,"CpuCfsQuota":false,"CPUShares":false,"CPUSet":false,"PidsLimit":false,"IPv4Forwarding":false,"Debug":false,"NFd":0,"OomKillDisable":false,"NGoroutines":0,"SystemTime":"","LoggingDriver":"","CgroupDriver":"","NEventsListener":0,"KernelVersion":"","OperatingSystem":"","OSVersion":"","OSType":"","Architecture":"","IndexServerAddress":"","RegistryConfig":null,"NCPU":0,"MemTotal":0,"GenericResources":null,"DockerRootDir":"","HttpProxy":"","HttpsProxy":"","NoProxy":"","Name":"","Labels":["com.docker.desktop.address=npipe://\\\\.\\pipe\\docker_cli"],"ExperimentalBuild":false,"ServerVersion":"","Runtimes":null,"DefaultRuntime":"","Swarm":{"NodeID":"","NodeAddr":"","LocalNodeState":"","ControlAvailable":false,"Error":"","RemoteManagers":null},"LiveRestoreEnabled":false,"Isolation":"","InitBinary":"","ContainerdCommit":{"ID":""},"RuncCommit":{"ID":""},"InitCommit":{"ID":""},"SecurityOptions":null,"CDISpecDirs":null,"Warnings":null}[\r][\n]"
2026-09-12 12:15:16 [main] DEBUG c.g.d.z.s.o.a.h.client5.http.headers - http-outgoing-0 << HTTP/1.1 400 Bad Request
2026-09-12 12:15:16 [main] DEBUG c.g.d.z.s.o.a.h.client5.http.headers - http-outgoing-0 << Api-Version: 1.55
2026-09-12 12:15:16 [main] DEBUG c.g.d.z.s.o.a.h.client5.http.headers - http-outgoing-0 << Content-Type: application/json
2026-09-12 12:15:16 [main] DEBUG c.g.d.z.s.o.a.h.client5.http.headers - http-outgoing-0 << Date: Sat, 12 Sep 2026 10:15:16 GMT
2026-09-12 12:15:16 [main] DEBUG c.g.d.z.s.o.a.h.client5.http.headers - http-outgoing-0 << Ostype: linux
2026-09-12 12:15:16 [main] DEBUG c.g.d.z.s.o.a.h.client5.http.headers - http-outgoing-0 << Server: Docker/29.7.2 (linux)
2026-09-12 12:15:16 [main] DEBUG c.g.d.z.s.o.a.h.client5.http.headers - http-outgoing-0 << Transfer-Encoding: chunked
2026-09-12 12:15:16 [main] DEBUG c.g.d.z.s.o.a.h.c.h.i.c.MainClientExec - ex-00000001: connection can be kept alive for 3 MINUTES
2026-09-12 12:15:16 [main] DEBUG c.g.d.z.s.o.a.hc.client5.http.wire - http-outgoing-0 << "0[\r][\n]"
2026-09-12 12:15:16 [main] DEBUG c.g.d.z.s.o.a.hc.client5.http.wire - http-outgoing-0 << "[\r][\n]"
2026-09-12 12:15:16 [main] DEBUG c.g.d.z.s.o.a.h.c.h.i.c.InternalHttpClient - ep-00000000: releasing valid endpoint
2026-09-12 12:15:16 [main] DEBUG c.g.d.z.s.o.a.h.c.h.i.i.PoolingHttpClientConnectionManager - ep-00000000: releasing endpoint
2026-09-12 12:15:16 [main] DEBUG c.g.d.z.s.o.a.h.c.h.i.i.PoolingHttpClientConnectionManager - ep-00000000: connection http-outgoing-0 can be kept alive for 3 MINUTES
2026-09-12 12:15:16 [main] DEBUG c.g.d.z.s.o.a.h.c.h.i.i.PoolingHttpClientConnectionManager - ep-00000000: connection released [route: {}->http://localhost:2375][total available: 1; route allocated: 1 of 2147483647; total allocated: 1 of 2147483647]
2026-09-12 12:15:16 [main] DEBUG o.t.d.DockerClientProviderStrategy - EnvironmentAndSystemPropertyClientProviderStrategy: failed with exception BadRequestException (Status 400: {"ID":"","Containers":0,"ContainersRunning":0,"ContainersPaused":0,"ContainersStopped":0,"Images":0,"Driver":"","DriverStatus":null,"Plugins":{"Volume":null,"Network":null,"Authorization":null,"Log":null},"MemoryLimit":false,"SwapLimit":false,"CpuCfsPeriod":false,"CpuCfsQuota":false,"CPUShares":false,"CPUSet":false,"PidsLimit":false,"IPv4Forwarding":false,"Debug":false,"NFd":0,"OomKillDisable":false,"NGoroutines":0,"SystemTime":"","LoggingDriver":"","CgroupDriver":"","NEventsListener":0,"KernelVersion":"","OperatingSystem":"","OSVersion":"","OSType":"","Architecture":"","IndexServerAddress":"","RegistryConfig":null,"NCPU":0,"MemTotal":0,"GenericResources":null,"DockerRootDir":"","HttpProxy":"","HttpsProxy":"","NoProxy":"","Name":"","Labels":["com.docker.desktop.address=npipe://\\\\.\\pipe\\docker_cli"],"ExperimentalBuild":false,"ServerVersion":"","Runtimes":null,"DefaultRuntime":"","Swarm":{"NodeID":"","NodeAddr":"","LocalNodeState":"","ControlAvailable":false,"Error":"","RemoteManagers":null},"LiveRestoreEnabled":false,"Isolation":"","InitBinary":"","ContainerdCommit":{"ID":""},"RuncCommit":{"ID":""},"InitCommit":{"ID":""},"SecurityOptions":null,"CDISpecDirs":null,"Warnings":null})
2026-09-12 12:15:16 [main] DEBUG o.t.d.DockerClientProviderStrategy - Trying out strategy: NpipeSocketClientProviderStrategy
2026-09-12 12:15:16 [main] DEBUG o.t.s.c.g.d.c.command.AbstrDockerCmd - Cmd: 
2026-09-12 12:15:16 [main] DEBUG c.g.d.z.s.o.a.h.c.h.i.c.InternalHttpClient - ex-00000002: preparing request execution
2026-09-12 12:15:16 [main] DEBUG c.g.d.z.s.o.a.h.c.h.p.RequestAddCookies - Cookie spec selected: strict
2026-09-12 12:15:16 [main] DEBUG c.g.d.z.s.o.a.h.c.h.p.RequestAuthCache - Auth cache not set in the context
2026-09-12 12:15:16 [main] DEBUG c.g.d.z.s.o.a.h.c.h.i.c.ProtocolExec - ex-00000002: target auth state: UNCHALLENGED
2026-09-12 12:15:16 [main] DEBUG c.g.d.z.s.o.a.h.c.h.i.c.ProtocolExec - ex-00000002: proxy auth state: UNCHALLENGED
2026-09-12 12:15:16 [main] DEBUG c.g.d.z.s.o.a.h.c.h.i.c.ConnectExec - ex-00000002: acquiring connection with route {}->npipe://localhost:2375
2026-09-12 12:15:16 [main] DEBUG c.g.d.z.s.o.a.h.c.h.i.c.InternalHttpClient - ex-00000002: acquiring endpoint (3 MINUTES)
2026-09-12 12:15:16 [main] DEBUG c.g.d.z.s.o.a.h.c.h.i.i.PoolingHttpClientConnectionManager - ex-00000002: endpoint lease request (3 MINUTES) [route: {}->npipe://localhost:2375][total available: 0; route allocated: 0 of 2147483647; total allocated: 0 of 2147483647]
2026-09-12 12:15:16 [main] DEBUG c.g.d.z.s.o.a.h.c.h.i.i.PoolingHttpClientConnectionManager - ex-00000002: endpoint leased [route: {}->npipe://localhost:2375][total available: 0; route allocated: 1 of 2147483647; total allocated: 1 of 2147483647]
2026-09-12 12:15:16 [main] DEBUG c.g.d.z.s.o.a.h.c.h.i.i.PoolingHttpClientConnectionManager - ex-00000002: acquired ep-00000001
2026-09-12 12:15:16 [main] DEBUG c.g.d.z.s.o.a.h.c.h.i.c.InternalHttpClient - ex-00000002: acquired endpoint ep-00000001
2026-09-12 12:15:16 [main] DEBUG c.g.d.z.s.o.a.h.c.h.i.c.ConnectExec - ex-00000002: opening connection {}->npipe://localhost:2375
2026-09-12 12:15:16 [main] DEBUG c.g.d.z.s.o.a.h.c.h.i.c.InternalHttpClient - ep-00000001: connecting endpoint (3 MINUTES)
2026-09-12 12:15:16 [main] DEBUG c.g.d.z.s.o.a.h.c.h.i.i.PoolingHttpClientConnectionManager - ep-00000001: connecting endpoint to npipe://localhost:2375 (3 MINUTES)
2026-09-12 12:15:16 [main] DEBUG c.g.d.z.s.o.a.h.c.h.i.i.DefaultHttpClientConnectionOperator - http-outgoing-1: connecting to localhost/127.0.0.1:2375
2026-09-12 12:15:16 [main] DEBUG c.g.d.z.s.o.a.h.c.h.i.i.DefaultHttpClientConnectionOperator - http-outgoing-1: connection established 
2026-09-12 12:15:16 [main] DEBUG c.g.d.z.s.o.a.h.c.h.i.i.PoolingHttpClientConnectionManager - ep-00000001: connected http-outgoing-1
2026-09-12 12:15:16 [main] DEBUG c.g.d.z.s.o.a.h.c.h.i.c.InternalHttpClient - ep-00000001: endpoint connected
2026-09-12 12:15:16 [main] DEBUG c.g.d.z.s.o.a.h.c.h.i.c.MainClientExec - ex-00000002: executing GET /v1.32/info HTTP/1.1
2026-09-12 12:15:16 [main] DEBUG c.g.d.z.s.o.a.h.c.h.i.c.InternalHttpClient - ep-00000001: start execution ex-00000002
2026-09-12 12:15:16 [main] DEBUG c.g.d.z.s.o.a.h.c.h.i.i.PoolingHttpClientConnectionManager - ep-00000001: executing exchange ex-00000002 over http-outgoing-1
2026-09-12 12:15:16 [main] DEBUG c.g.d.z.s.o.a.h.client5.http.headers - http-outgoing-1 >> GET /v1.32/info HTTP/1.1
2026-09-12 12:15:16 [main] DEBUG c.g.d.z.s.o.a.h.client5.http.headers - http-outgoing-1 >> x-tc-sid: 109e1888-d106-4fca-b29c-bf5995dc3605
2026-09-12 12:15:16 [main] DEBUG c.g.d.z.s.o.a.h.client5.http.headers - http-outgoing-1 >> User-Agent: tc-java/1.21.1
2026-09-12 12:15:16 [main] DEBUG c.g.d.z.s.o.a.h.client5.http.headers - http-outgoing-1 >> Accept-Encoding: gzip, x-gzip, deflate
2026-09-12 12:15:16 [main] DEBUG c.g.d.z.s.o.a.h.client5.http.headers - http-outgoing-1 >> Host: localhost:2375
2026-09-12 12:15:16 [main] DEBUG c.g.d.z.s.o.a.h.client5.http.headers - http-outgoing-1 >> Connection: keep-alive
2026-09-12 12:15:16 [main] DEBUG c.g.d.z.s.o.a.hc.client5.http.wire - http-outgoing-1 >> "GET /v1.32/info HTTP/1.1[\r][\n]"
2026-09-12 12:15:16 [main] DEBUG c.g.d.z.s.o.a.hc.client5.http.wire - http-outgoing-1 >> "x-tc-sid: 109e1888-d106-4fca-b29c-bf5995dc3605[\r][\n]"
2026-09-12 12:15:16 [main] DEBUG c.g.d.z.s.o.a.hc.client5.http.wire - http-outgoing-1 >> "User-Agent: tc-java/1.21.1[\r][\n]"
2026-09-12 12:15:16 [main] DEBUG c.g.d.z.s.o.a.hc.client5.http.wire - http-outgoing-1 >> "Accept-Encoding: gzip, x-gzip, deflate[\r][\n]"
2026-09-12 12:15:16 [main] DEBUG c.g.d.z.s.o.a.hc.client5.http.wire - http-outgoing-1 >> "Host: localhost:2375[\r][\n]"
2026-09-12 12:15:16 [main] DEBUG c.g.d.z.s.o.a.hc.client5.http.wire - http-outgoing-1 >> "Connection: keep-alive[\r][\n]"
2026-09-12 12:15:16 [main] DEBUG c.g.d.z.s.o.a.hc.client5.http.wire - http-outgoing-1 >> "[\r][\n]"
2026-09-12 12:15:16 [main] DEBUG c.g.d.z.s.o.a.hc.client5.http.wire - http-outgoing-1 << "HTTP/1.1 400 Bad Request[\r][\n]"
2026-09-12 12:15:16 [main] DEBUG c.g.d.z.s.o.a.hc.client5.http.wire - http-outgoing-1 << "Api-Version: 1.55[\r][\n]"
2026-09-12 12:15:16 [main] DEBUG c.g.d.z.s.o.a.hc.client5.http.wire - http-outgoing-1 << "Content-Type: application/json[\r][\n]"
2026-09-12 12:15:16 [main] DEBUG c.g.d.z.s.o.a.hc.client5.http.wire - http-outgoing-1 << "Date: Sat, 12 Sep 2026 10:15:16 GMT[\r][\n]"
2026-09-12 12:15:16 [main] DEBUG c.g.d.z.s.o.a.hc.client5.http.wire - http-outgoing-1 << "Ostype: linux[\r][\n]"
2026-09-12 12:15:16 [main] DEBUG c.g.d.z.s.o.a.hc.client5.http.wire - http-outgoing-1 << "Server: Docker/29.7.2 (linux)[\r][\n]"
2026-09-12 12:15:16 [main] DEBUG c.g.d.z.s.o.a.hc.client5.http.wire - http-outgoing-1 << "Transfer-Encoding: chunked[\r][\n]"
2026-09-12 12:15:16 [main] DEBUG c.g.d.z.s.o.a.hc.client5.http.wire - http-outgoing-1 << "[\r][\n]"
2026-09-12 12:15:16 [main] DEBUG c.g.d.z.s.o.a.h.client5.http.headers - http-outgoing-1 << HTTP/1.1 400 Bad Request
2026-09-12 12:15:16 [main] DEBUG c.g.d.z.s.o.a.h.client5.http.headers - http-outgoing-1 << Api-Version: 1.55
2026-09-12 12:15:16 [main] DEBUG c.g.d.z.s.o.a.h.client5.http.headers - http-outgoing-1 << Content-Type: application/json
2026-09-12 12:15:16 [main] DEBUG c.g.d.z.s.o.a.h.client5.http.headers - http-outgoing-1 << Date: Sat, 12 Sep 2026 10:15:16 GMT
2026-09-12 12:15:16 [main] DEBUG c.g.d.z.s.o.a.h.client5.http.headers - http-outgoing-1 << Ostype: linux
2026-09-12 12:15:16 [main] DEBUG c.g.d.z.s.o.a.h.client5.http.headers - http-outgoing-1 << Server: Docker/29.7.2 (linux)
2026-09-12 12:15:16 [main] DEBUG c.g.d.z.s.o.a.h.client5.http.headers - http-outgoing-1 << Transfer-Encoding: chunked
2026-09-12 12:15:16 [main] DEBUG c.g.d.z.s.o.a.h.c.h.i.c.MainClientExec - ex-00000002: connection can be kept alive for 3 MINUTES
2026-09-12 12:15:16 [main] DEBUG c.g.d.z.s.o.a.hc.client5.http.wire - http-outgoing-1 << "4b0[\r][\n]"
2026-09-12 12:15:16 [main] DEBUG c.g.d.z.s.o.a.hc.client5.http.wire - http-outgoing-1 << "{"ID":"","Containers":0,"ContainersRunning":0,"ContainersPaused":0,"ContainersStopped":0,"Images":0,"Driver":"","DriverStatus":null,"Plugins":{"Volume":null,"Network":null,"Authorization":null,"Log":null},"MemoryLimit":false,"SwapLimit":false,"CpuCfsPeriod":false,"CpuCfsQuota":false,"CPUShares":false,"CPUSet":false,"PidsLimit":false,"IPv4Forwarding":false,"Debug":false,"NFd":0,"OomKillDisable":false,"NGoroutines":0,"SystemTime":"","LoggingDriver":"","CgroupDriver":"","NEventsListener":0,"KernelVersion":"","OperatingSystem":"","OSVersion":"","OSType":"","Architecture":"","IndexServerAddress":"","RegistryConfig":null,"NCPU":0,"MemTotal":0,"GenericResources":null,"DockerRootDir":"","HttpProxy":"","HttpsProxy":"","NoProxy":"","Name":"","Labels":["com.docker.desktop.address=npipe://\\\\.\\pipe\\docker_cli"],"ExperimentalBuild":false,"ServerVersion":"","Runtimes":null,"DefaultRuntime":"","Swarm":{"NodeID":"","NodeAddr":"","LocalNodeState":"","ControlAvailable":false,"Error":"","RemoteManagers":null},"LiveRestoreEnabled":false,"Isolation":"","InitBinary":"","ContainerdCommit":{"ID":""},"RuncCommit":{"ID":""},"InitCommit":{"ID":""},"SecurityOptions":null,"CDISpecDirs":null,"Warnings":null}[\r][\n]"
2026-09-12 12:15:16 [main] DEBUG c.g.d.z.s.o.a.hc.client5.http.wire - http-outgoing-1 << "0[\r][\n]"
2026-09-12 12:15:16 [main] DEBUG c.g.d.z.s.o.a.hc.client5.http.wire - http-outgoing-1 << "[\r][\n]"
2026-09-12 12:15:16 [main] DEBUG c.g.d.z.s.o.a.h.c.h.i.c.InternalHttpClient - ep-00000001: releasing valid endpoint
2026-09-12 12:15:16 [main] DEBUG c.g.d.z.s.o.a.h.c.h.i.i.PoolingHttpClientConnectionManager - ep-00000001: releasing endpoint
2026-09-12 12:15:16 [main] DEBUG c.g.d.z.s.o.a.h.c.h.i.i.PoolingHttpClientConnectionManager - ep-00000001: connection http-outgoing-1 can be kept alive for 3 MINUTES
2026-09-12 12:15:16 [main] DEBUG c.g.d.z.s.o.a.h.c.h.i.i.PoolingHttpClientConnectionManager - ep-00000001: connection released [route: {}->npipe://localhost:2375][total available: 1; route allocated: 1 of 2147483647; total allocated: 1 of 2147483647]
2026-09-12 12:15:16 [main] DEBUG o.t.d.DockerClientProviderStrategy - NpipeSocketClientProviderStrategy: failed with exception BadRequestException (Status 400: {"ID":"","Containers":0,"ContainersRunning":0,"ContainersPaused":0,"ContainersStopped":0,"Images":0,"Driver":"","DriverStatus":null,"Plugins":{"Volume":null,"Network":null,"Authorization":null,"Log":null},"MemoryLimit":false,"SwapLimit":false,"CpuCfsPeriod":false,"CpuCfsQuota":false,"CPUShares":false,"CPUSet":false,"PidsLimit":false,"IPv4Forwarding":false,"Debug":false,"NFd":0,"OomKillDisable":false,"NGoroutines":0,"SystemTime":"","LoggingDriver":"","CgroupDriver":"","NEventsListener":0,"KernelVersion":"","OperatingSystem":"","OSVersion":"","OSType":"","Architecture":"","IndexServerAddress":"","RegistryConfig":null,"NCPU":0,"MemTotal":0,"GenericResources":null,"DockerRootDir":"","HttpProxy":"","HttpsProxy":"","NoProxy":"","Name":"","Labels":["com.docker.desktop.address=npipe://\\\\.\\pipe\\docker_cli"],"ExperimentalBuild":false,"ServerVersion":"","Runtimes":null,"DefaultRuntime":"","Swarm":{"NodeID":"","NodeAddr":"","LocalNodeState":"","ControlAvailable":false,"Error":"","RemoteManagers":null},"LiveRestoreEnabled":false,"Isolation":"","InitBinary":"","ContainerdCommit":{"ID":""},"RuncCommit":{"ID":""},"InitCommit":{"ID":""},"SecurityOptions":null,"CDISpecDirs":null,"Warnings":null})
2026-09-12 12:15:16 [main] INFO  o.t.d.DockerMachineClientProviderStrategy - docker-machine executable was not found on PATH ([C:\Windows\system32, C:\Windows, C:\Windows\System32\Wbem, C:\Windows\System32\WindowsPowerShell\v1.0\, C:\Windows\System32\OpenSSH\, C:\Program Files\dotnet\, C:\Program Files (x86)\NVIDIA Corporation\PhysX\Common, C:\Program Files\NVIDIA Corporation\NVIDIA app\NvDLISR, C:\Program Files\Cloudflare\Cloudflare WARP\, C:\Program Files\Git\cmd, C:\Users\azuureke\AppData\Local\Programs\Eclipse Adoptium\jdk-17.0.19.10-hotspot\bin, C:\Users\azuureke\AppData\Local\Microsoft\WindowsApps, , C:\Users\azuureke\AppData\Local\Programs\DockerDesktop\resources\bin])
2026-09-12 12:15:16 [main] ERROR o.t.d.DockerClientProviderStrategy - Could not find a valid Docker environment. Please check configuration. Attempted configurations were:
	EnvironmentAndSystemPropertyClientProviderStrategy: failed with exception BadRequestException (Status 400: {"ID":"","Containers":0,"ContainersRunning":0,"ContainersPaused":0,"ContainersStopped":0,"Images":0,"Driver":"","DriverStatus":null,"Plugins":{"Volume":null,"Network":null,"Authorization":null,"Log":null},"MemoryLimit":false,"SwapLimit":false,"CpuCfsPeriod":false,"CpuCfsQuota":false,"CPUShares":false,"CPUSet":false,"PidsLimit":false,"IPv4Forwarding":false,"Debug":false,"NFd":0,"OomKillDisable":false,"NGoroutines":0,"SystemTime":"","LoggingDriver":"","CgroupDriver":"","NEventsListener":0,"KernelVersion":"","OperatingSystem":"","OSVersion":"","OSType":"","Architecture":"","IndexServerAddress":"","RegistryConfig":null,"NCPU":0,"MemTotal":0,"GenericResources":null,"DockerRootDir":"","HttpProxy":"","HttpsProxy":"","NoProxy":"","Name":"","Labels":["com.docker.desktop.address=npipe://\\\\.\\pipe\\docker_cli"],"ExperimentalBuild":false,"ServerVersion":"","Runtimes":null,"DefaultRuntime":"","Swarm":{"NodeID":"","NodeAddr":"","LocalNodeState":"","ControlAvailable":false,"Error":"","RemoteManagers":null},"LiveRestoreEnabled":false,"Isolation":"","InitBinary":"","ContainerdCommit":{"ID":""},"RuncCommit":{"ID":""},"InitCommit":{"ID":""},"SecurityOptions":null,"CDISpecDirs":null,"Warnings":null})
	NpipeSocketClientProviderStrategy: failed with exception BadRequestException (Status 400: {"ID":"","Containers":0,"ContainersRunning":0,"ContainersPaused":0,"ContainersStopped":0,"Images":0,"Driver":"","DriverStatus":null,"Plugins":{"Volume":null,"Network":null,"Authorization":null,"Log":null},"MemoryLimit":false,"SwapLimit":false,"CpuCfsPeriod":false,"CpuCfsQuota":false,"CPUShares":false,"CPUSet":false,"PidsLimit":false,"IPv4Forwarding":false,"Debug":false,"NFd":0,"OomKillDisable":false,"NGoroutines":0,"SystemTime":"","LoggingDriver":"","CgroupDriver":"","NEventsListener":0,"KernelVersion":"","OperatingSystem":"","OSVersion":"","OSType":"","Architecture":"","IndexServerAddress":"","RegistryConfig":null,"NCPU":0,"MemTotal":0,"GenericResources":null,"DockerRootDir":"","HttpProxy":"","HttpsProxy":"","NoProxy":"","Name":"","Labels":["com.docker.desktop.address=npipe://\\\\.\\pipe\\docker_cli"],"ExperimentalBuild":false,"ServerVersion":"","Runtimes":null,"DefaultRuntime":"","Swarm":{"NodeID":"","NodeAddr":"","LocalNodeState":"","ControlAvailable":false,"Error":"","RemoteManagers":null},"LiveRestoreEnabled":false,"Isolation":"","InitBinary":"","ContainerdCommit":{"ID":""},"RuncCommit":{"ID":""},"InitCommit":{"ID":""},"SecurityOptions":null,"CDISpecDirs":null,"Warnings":null})As no valid configuration was found, execution cannot continue.
See https://java.testcontainers.org/on_failure.html for more details.
2026-09-12 12:15:34 [main] INFO  o.testcontainers.DockerClientFactory - Testcontainers version: 1.21.1
2026-09-12 12:15:34 [main] DEBUG o.t.u.TestcontainersConfiguration - Testcontainers configuration overrides will be loaded from file:/C:/Users/azuureke/.testcontainers.properties
2026-09-12 12:15:34 [main] DEBUG o.t.d.DockerClientProviderStrategy - Trying out strategy: EnvironmentAndSystemPropertyClientProviderStrategy
2026-09-12 12:15:34 [main] DEBUG o.t.s.c.g.d.c.command.AbstrDockerCmd - Cmd: 
2026-09-12 12:15:34 [main] DEBUG c.g.d.z.s.o.a.h.c.h.i.c.InternalHttpClient - ex-00000001: preparing request execution
2026-09-12 12:15:34 [main] DEBUG c.g.d.z.s.o.a.h.c.h.p.RequestAddCookies - Cookie spec selected: strict
2026-09-12 12:15:34 [main] DEBUG c.g.d.z.s.o.a.h.c.h.p.RequestAuthCache - Auth cache not set in the context
2026-09-12 12:15:34 [main] DEBUG c.g.d.z.s.o.a.h.c.h.i.c.ProtocolExec - ex-00000001: target auth state: UNCHALLENGED
2026-09-12 12:15:34 [main] DEBUG c.g.d.z.s.o.a.h.c.h.i.c.ProtocolExec - ex-00000001: proxy auth state: UNCHALLENGED
2026-09-12 12:15:34 [main] DEBUG c.g.d.z.s.o.a.h.c.h.i.c.ConnectExec - ex-00000001: acquiring connection with route {}->http://localhost:2375
2026-09-12 12:15:34 [main] DEBUG c.g.d.z.s.o.a.h.c.h.i.c.InternalHttpClient - ex-00000001: acquiring endpoint (3 MINUTES)
2026-09-12 12:15:34 [main] DEBUG c.g.d.z.s.o.a.h.c.h.i.i.PoolingHttpClientConnectionManager - ex-00000001: endpoint lease request (3 MINUTES) [route: {}->http://localhost:2375][total available: 0; route allocated: 0 of 2147483647; total allocated: 0 of 2147483647]
2026-09-12 12:15:34 [main] DEBUG c.g.d.z.s.o.a.h.c.h.i.i.PoolingHttpClientConnectionManager - ex-00000001: endpoint leased [route: {}->http://localhost:2375][total available: 0; route allocated: 1 of 2147483647; total allocated: 1 of 2147483647]
2026-09-12 12:15:34 [main] DEBUG c.g.d.z.s.o.a.h.c.h.i.i.PoolingHttpClientConnectionManager - ex-00000001: acquired ep-00000000
2026-09-12 12:15:34 [main] DEBUG c.g.d.z.s.o.a.h.c.h.i.c.InternalHttpClient - ex-00000001: acquired endpoint ep-00000000
2026-09-12 12:15:34 [main] DEBUG c.g.d.z.s.o.a.h.c.h.i.c.ConnectExec - ex-00000001: opening connection {}->http://localhost:2375
2026-09-12 12:15:34 [main] DEBUG c.g.d.z.s.o.a.h.c.h.i.c.InternalHttpClient - ep-00000000: connecting endpoint (3 MINUTES)
2026-09-12 12:15:34 [main] DEBUG c.g.d.z.s.o.a.h.c.h.i.i.PoolingHttpClientConnectionManager - ep-00000000: connecting endpoint to http://localhost:2375 (3 MINUTES)
2026-09-12 12:15:34 [main] DEBUG c.g.d.z.s.o.a.h.c.h.i.i.DefaultHttpClientConnectionOperator - http-outgoing-0: connecting to localhost/127.0.0.1:2375
2026-09-12 12:15:34 [main] DEBUG c.g.d.z.s.o.a.h.c.h.i.i.DefaultHttpClientConnectionOperator - http-outgoing-0: connection established 127.0.0.1:62471<->127.0.0.1:2375
2026-09-12 12:15:34 [main] DEBUG c.g.d.z.s.o.a.h.c.h.i.i.PoolingHttpClientConnectionManager - ep-00000000: connected http-outgoing-0
2026-09-12 12:15:34 [main] DEBUG c.g.d.z.s.o.a.h.c.h.i.c.InternalHttpClient - ep-00000000: endpoint connected
2026-09-12 12:15:34 [main] DEBUG c.g.d.z.s.o.a.h.c.h.i.c.MainClientExec - ex-00000001: executing GET /v1.32/info HTTP/1.1
2026-09-12 12:15:34 [main] DEBUG c.g.d.z.s.o.a.h.c.h.i.c.InternalHttpClient - ep-00000000: start execution ex-00000001
2026-09-12 12:15:34 [main] DEBUG c.g.d.z.s.o.a.h.c.h.i.i.PoolingHttpClientConnectionManager - ep-00000000: executing exchange ex-00000001 over http-outgoing-0
2026-09-12 12:15:34 [main] DEBUG c.g.d.z.s.o.a.h.client5.http.headers - http-outgoing-0 >> GET /v1.32/info HTTP/1.1
2026-09-12 12:15:34 [main] DEBUG c.g.d.z.s.o.a.h.client5.http.headers - http-outgoing-0 >> x-tc-sid: af5fd30d-e5a0-4f54-97b1-167f1c1f9819
2026-09-12 12:15:34 [main] DEBUG c.g.d.z.s.o.a.h.client5.http.headers - http-outgoing-0 >> User-Agent: tc-java/1.21.1
2026-09-12 12:15:34 [main] DEBUG c.g.d.z.s.o.a.h.client5.http.headers - http-outgoing-0 >> Accept-Encoding: gzip, x-gzip, deflate
2026-09-12 12:15:34 [main] DEBUG c.g.d.z.s.o.a.h.client5.http.headers - http-outgoing-0 >> Host: localhost:2375
2026-09-12 12:15:34 [main] DEBUG c.g.d.z.s.o.a.h.client5.http.headers - http-outgoing-0 >> Connection: keep-alive
2026-09-12 12:15:34 [main] DEBUG c.g.d.z.s.o.a.hc.client5.http.wire - http-outgoing-0 >> "GET /v1.32/info HTTP/1.1[\r][\n]"
2026-09-12 12:15:34 [main] DEBUG c.g.d.z.s.o.a.hc.client5.http.wire - http-outgoing-0 >> "x-tc-sid: af5fd30d-e5a0-4f54-97b1-167f1c1f9819[\r][\n]"
2026-09-12 12:15:34 [main] DEBUG c.g.d.z.s.o.a.hc.client5.http.wire - http-outgoing-0 >> "User-Agent: tc-java/1.21.1[\r][\n]"
2026-09-12 12:15:34 [main] DEBUG c.g.d.z.s.o.a.hc.client5.http.wire - http-outgoing-0 >> "Accept-Encoding: gzip, x-gzip, deflate[\r][\n]"
2026-09-12 12:15:34 [main] DEBUG c.g.d.z.s.o.a.hc.client5.http.wire - http-outgoing-0 >> "Host: localhost:2375[\r][\n]"
2026-09-12 12:15:34 [main] DEBUG c.g.d.z.s.o.a.hc.client5.http.wire - http-outgoing-0 >> "Connection: keep-alive[\r][\n]"
2026-09-12 12:15:34 [main] DEBUG c.g.d.z.s.o.a.hc.client5.http.wire - http-outgoing-0 >> "[\r][\n]"
2026-09-12 12:15:34 [main] DEBUG c.g.d.z.s.o.a.hc.client5.http.wire - http-outgoing-0 << "HTTP/1.1 400 Bad Request[\r][\n]"
2026-09-12 12:15:34 [main] DEBUG c.g.d.z.s.o.a.hc.client5.http.wire - http-outgoing-0 << "Api-Version: 1.55[\r][\n]"
2026-09-12 12:15:34 [main] DEBUG c.g.d.z.s.o.a.hc.client5.http.wire - http-outgoing-0 << "Content-Type: application/json[\r][\n]"
2026-09-12 12:15:34 [main] DEBUG c.g.d.z.s.o.a.hc.client5.http.wire - http-outgoing-0 << "Date: Sat, 12 Sep 2026 10:15:34 GMT[\r][\n]"
2026-09-12 12:15:34 [main] DEBUG c.g.d.z.s.o.a.hc.client5.http.wire - http-outgoing-0 << "Ostype: linux[\r][\n]"
2026-09-12 12:15:34 [main] DEBUG c.g.d.z.s.o.a.hc.client5.http.wire - http-outgoing-0 << "Server: Docker/29.7.2 (linux)[\r][\n]"
2026-09-12 12:15:34 [main] DEBUG c.g.d.z.s.o.a.hc.client5.http.wire - http-outgoing-0 << "Transfer-Encoding: chunked[\r][\n]"
2026-09-12 12:15:34 [main] DEBUG c.g.d.z.s.o.a.hc.client5.http.wire - http-outgoing-0 << "[\r][\n]"
2026-09-12 12:15:34 [main] DEBUG c.g.d.z.s.o.a.hc.client5.http.wire - http-outgoing-0 << "4b0[\r][\n]"
2026-09-12 12:15:34 [main] DEBUG c.g.d.z.s.o.a.hc.client5.http.wire - http-outgoing-0 << "{"ID":"","Containers":0,"ContainersRunning":0,"ContainersPaused":0,"ContainersStopped":0,"Images":0,"Driver":"","DriverStatus":null,"Plugins":{"Volume":null,"Network":null,"Authorization":null,"Log":null},"MemoryLimit":false,"SwapLimit":false,"CpuCfsPeriod":false,"CpuCfsQuota":false,"CPUShares":false,"CPUSet":false,"PidsLimit":false,"IPv4Forwarding":false,"Debug":false,"NFd":0,"OomKillDisable":false,"NGoroutines":0,"SystemTime":"","LoggingDriver":"","CgroupDriver":"","NEventsListener":0,"KernelVersion":"","OperatingSystem":"","OSVersion":"","OSType":"","Architecture":"","IndexServerAddress":"","RegistryConfig":null,"NCPU":0,"MemTotal":0,"GenericResources":null,"DockerRootDir":"","HttpProxy":"","HttpsProxy":"","NoProxy":"","Name":"","Labels":["com.docker.desktop.address=npipe://\\\\.\\pipe\\docker_cli"],"ExperimentalBuild":false,"ServerVersion":"","Runtimes":null,"DefaultRuntime":"","Swarm":{"NodeID":"","NodeAddr":"","LocalNodeState":"","ControlAvailable":false,"Error":"","RemoteManagers":null},"LiveRestoreEnabled":false,"Isolation":"","InitBinary":"","ContainerdCommit":{"ID":""},"RuncCommit":{"ID":""},"InitCommit":{"ID":""},"SecurityOptions":null,"CDISpecDirs":null,"Warnings":null}[\r][\n]"
2026-09-12 12:15:34 [main] DEBUG c.g.d.z.s.o.a.h.client5.http.headers - http-outgoing-0 << HTTP/1.1 400 Bad Request
2026-09-12 12:15:34 [main] DEBUG c.g.d.z.s.o.a.h.client5.http.headers - http-outgoing-0 << Api-Version: 1.55
2026-09-12 12:15:34 [main] DEBUG c.g.d.z.s.o.a.h.client5.http.headers - http-outgoing-0 << Content-Type: application/json
2026-09-12 12:15:34 [main] DEBUG c.g.d.z.s.o.a.h.client5.http.headers - http-outgoing-0 << Date: Sat, 12 Sep 2026 10:15:34 GMT
2026-09-12 12:15:34 [main] DEBUG c.g.d.z.s.o.a.h.client5.http.headers - http-outgoing-0 << Ostype: linux
2026-09-12 12:15:34 [main] DEBUG c.g.d.z.s.o.a.h.client5.http.headers - http-outgoing-0 << Server: Docker/29.7.2 (linux)
2026-09-12 12:15:34 [main] DEBUG c.g.d.z.s.o.a.h.client5.http.headers - http-outgoing-0 << Transfer-Encoding: chunked
2026-09-12 12:15:34 [main] DEBUG c.g.d.z.s.o.a.h.c.h.i.c.MainClientExec - ex-00000001: connection can be kept alive for 3 MINUTES
2026-09-12 12:15:34 [main] DEBUG c.g.d.z.s.o.a.hc.client5.http.wire - http-outgoing-0 << "0[\r][\n]"
2026-09-12 12:15:34 [main] DEBUG c.g.d.z.s.o.a.hc.client5.http.wire - http-outgoing-0 << "[\r][\n]"
2026-09-12 12:15:34 [main] DEBUG c.g.d.z.s.o.a.h.c.h.i.c.InternalHttpClient - ep-00000000: releasing valid endpoint
2026-09-12 12:15:34 [main] DEBUG c.g.d.z.s.o.a.h.c.h.i.i.PoolingHttpClientConnectionManager - ep-00000000: releasing endpoint
2026-09-12 12:15:34 [main] DEBUG c.g.d.z.s.o.a.h.c.h.i.i.PoolingHttpClientConnectionManager - ep-00000000: connection http-outgoing-0 can be kept alive for 3 MINUTES
2026-09-12 12:15:34 [main] DEBUG c.g.d.z.s.o.a.h.c.h.i.i.PoolingHttpClientConnectionManager - ep-00000000: connection released [route: {}->http://localhost:2375][total available: 1; route allocated: 1 of 2147483647; total allocated: 1 of 2147483647]
2026-09-12 12:15:34 [main] DEBUG o.t.d.DockerClientProviderStrategy - EnvironmentAndSystemPropertyClientProviderStrategy: failed with exception BadRequestException (Status 400: {"ID":"","Containers":0,"ContainersRunning":0,"ContainersPaused":0,"ContainersStopped":0,"Images":0,"Driver":"","DriverStatus":null,"Plugins":{"Volume":null,"Network":null,"Authorization":null,"Log":null},"MemoryLimit":false,"SwapLimit":false,"CpuCfsPeriod":false,"CpuCfsQuota":false,"CPUShares":false,"CPUSet":false,"PidsLimit":false,"IPv4Forwarding":false,"Debug":false,"NFd":0,"OomKillDisable":false,"NGoroutines":0,"SystemTime":"","LoggingDriver":"","CgroupDriver":"","NEventsListener":0,"KernelVersion":"","OperatingSystem":"","OSVersion":"","OSType":"","Architecture":"","IndexServerAddress":"","RegistryConfig":null,"NCPU":0,"MemTotal":0,"GenericResources":null,"DockerRootDir":"","HttpProxy":"","HttpsProxy":"","NoProxy":"","Name":"","Labels":["com.docker.desktop.address=npipe://\\\\.\\pipe\\docker_cli"],"ExperimentalBuild":false,"ServerVersion":"","Runtimes":null,"DefaultRuntime":"","Swarm":{"NodeID":"","NodeAddr":"","LocalNodeState":"","ControlAvailable":false,"Error":"","RemoteManagers":null},"LiveRestoreEnabled":false,"Isolation":"","InitBinary":"","ContainerdCommit":{"ID":""},"RuncCommit":{"ID":""},"InitCommit":{"ID":""},"SecurityOptions":null,"CDISpecDirs":null,"Warnings":null})
2026-09-12 12:15:34 [main] DEBUG o.t.d.DockerClientProviderStrategy - Trying out strategy: NpipeSocketClientProviderStrategy
2026-09-12 12:15:34 [main] DEBUG o.t.s.c.g.d.c.command.AbstrDockerCmd - Cmd: 
2026-09-12 12:15:34 [main] DEBUG c.g.d.z.s.o.a.h.c.h.i.c.InternalHttpClient - ex-00000002: preparing request execution
2026-09-12 12:15:34 [main] DEBUG c.g.d.z.s.o.a.h.c.h.p.RequestAddCookies - Cookie spec selected: strict
2026-09-12 12:15:34 [main] DEBUG c.g.d.z.s.o.a.h.c.h.p.RequestAuthCache - Auth cache not set in the context
2026-09-12 12:15:34 [main] DEBUG c.g.d.z.s.o.a.h.c.h.i.c.ProtocolExec - ex-00000002: target auth state: UNCHALLENGED
2026-09-12 12:15:34 [main] DEBUG c.g.d.z.s.o.a.h.c.h.i.c.ProtocolExec - ex-00000002: proxy auth state: UNCHALLENGED
2026-09-12 12:15:34 [main] DEBUG c.g.d.z.s.o.a.h.c.h.i.c.ConnectExec - ex-00000002: acquiring connection with route {}->npipe://localhost:2375
2026-09-12 12:15:34 [main] DEBUG c.g.d.z.s.o.a.h.c.h.i.c.InternalHttpClient - ex-00000002: acquiring endpoint (3 MINUTES)
2026-09-12 12:15:34 [main] DEBUG c.g.d.z.s.o.a.h.c.h.i.i.PoolingHttpClientConnectionManager - ex-00000002: endpoint lease request (3 MINUTES) [route: {}->npipe://localhost:2375][total available: 0; route allocated: 0 of 2147483647; total allocated: 0 of 2147483647]
2026-09-12 12:15:34 [main] DEBUG c.g.d.z.s.o.a.h.c.h.i.i.PoolingHttpClientConnectionManager - ex-00000002: endpoint leased [route: {}->npipe://localhost:2375][total available: 0; route allocated: 1 of 2147483647; total allocated: 1 of 2147483647]
2026-09-12 12:15:34 [main] DEBUG c.g.d.z.s.o.a.h.c.h.i.i.PoolingHttpClientConnectionManager - ex-00000002: acquired ep-00000001
2026-09-12 12:15:34 [main] DEBUG c.g.d.z.s.o.a.h.c.h.i.c.InternalHttpClient - ex-00000002: acquired endpoint ep-00000001
2026-09-12 12:15:34 [main] DEBUG c.g.d.z.s.o.a.h.c.h.i.c.ConnectExec - ex-00000002: opening connection {}->npipe://localhost:2375
2026-09-12 12:15:34 [main] DEBUG c.g.d.z.s.o.a.h.c.h.i.c.InternalHttpClient - ep-00000001: connecting endpoint (3 MINUTES)
2026-09-12 12:15:34 [main] DEBUG c.g.d.z.s.o.a.h.c.h.i.i.PoolingHttpClientConnectionManager - ep-00000001: connecting endpoint to npipe://localhost:2375 (3 MINUTES)
2026-09-12 12:15:34 [main] DEBUG c.g.d.z.s.o.a.h.c.h.i.i.DefaultHttpClientConnectionOperator - http-outgoing-1: connecting to localhost/127.0.0.1:2375
2026-09-12 12:15:34 [main] DEBUG c.g.d.z.s.o.a.h.c.h.i.i.DefaultHttpClientConnectionOperator - http-outgoing-1: connection established 
2026-09-12 12:15:34 [main] DEBUG c.g.d.z.s.o.a.h.c.h.i.i.PoolingHttpClientConnectionManager - ep-00000001: connected http-outgoing-1
2026-09-12 12:15:34 [main] DEBUG c.g.d.z.s.o.a.h.c.h.i.c.InternalHttpClient - ep-00000001: endpoint connected
2026-09-12 12:15:34 [main] DEBUG c.g.d.z.s.o.a.h.c.h.i.c.MainClientExec - ex-00000002: executing GET /v1.32/info HTTP/1.1
2026-09-12 12:15:34 [main] DEBUG c.g.d.z.s.o.a.h.c.h.i.c.InternalHttpClient - ep-00000001: start execution ex-00000002
2026-09-12 12:15:34 [main] DEBUG c.g.d.z.s.o.a.h.c.h.i.i.PoolingHttpClientConnectionManager - ep-00000001: executing exchange ex-00000002 over http-outgoing-1
2026-09-12 12:15:34 [main] DEBUG c.g.d.z.s.o.a.h.client5.http.headers - http-outgoing-1 >> GET /v1.32/info HTTP/1.1
2026-09-12 12:15:34 [main] DEBUG c.g.d.z.s.o.a.h.client5.http.headers - http-outgoing-1 >> x-tc-sid: af5fd30d-e5a0-4f54-97b1-167f1c1f9819
2026-09-12 12:15:34 [main] DEBUG c.g.d.z.s.o.a.h.client5.http.headers - http-outgoing-1 >> User-Agent: tc-java/1.21.1
2026-09-12 12:15:34 [main] DEBUG c.g.d.z.s.o.a.h.client5.http.headers - http-outgoing-1 >> Accept-Encoding: gzip, x-gzip, deflate
2026-09-12 12:15:34 [main] DEBUG c.g.d.z.s.o.a.h.client5.http.headers - http-outgoing-1 >> Host: localhost:2375
2026-09-12 12:15:34 [main] DEBUG c.g.d.z.s.o.a.h.client5.http.headers - http-outgoing-1 >> Connection: keep-alive
2026-09-12 12:15:34 [main] DEBUG c.g.d.z.s.o.a.hc.client5.http.wire - http-outgoing-1 >> "GET /v1.32/info HTTP/1.1[\r][\n]"
2026-09-12 12:15:34 [main] DEBUG c.g.d.z.s.o.a.hc.client5.http.wire - http-outgoing-1 >> "x-tc-sid: af5fd30d-e5a0-4f54-97b1-167f1c1f9819[\r][\n]"
2026-09-12 12:15:34 [main] DEBUG c.g.d.z.s.o.a.hc.client5.http.wire - http-outgoing-1 >> "User-Agent: tc-java/1.21.1[\r][\n]"
2026-09-12 12:15:34 [main] DEBUG c.g.d.z.s.o.a.hc.client5.http.wire - http-outgoing-1 >> "Accept-Encoding: gzip, x-gzip, deflate[\r][\n]"
2026-09-12 12:15:34 [main] DEBUG c.g.d.z.s.o.a.hc.client5.http.wire - http-outgoing-1 >> "Host: localhost:2375[\r][\n]"
2026-09-12 12:15:34 [main] DEBUG c.g.d.z.s.o.a.hc.client5.http.wire - http-outgoing-1 >> "Connection: keep-alive[\r][\n]"
2026-09-12 12:15:34 [main] DEBUG c.g.d.z.s.o.a.hc.client5.http.wire - http-outgoing-1 >> "[\r][\n]"
2026-09-12 12:15:34 [main] DEBUG c.g.d.z.s.o.a.hc.client5.http.wire - http-outgoing-1 << "HTTP/1.1 400 Bad Request[\r][\n]"
2026-09-12 12:15:34 [main] DEBUG c.g.d.z.s.o.a.hc.client5.http.wire - http-outgoing-1 << "Api-Version: 1.55[\r][\n]"
2026-09-12 12:15:34 [main] DEBUG c.g.d.z.s.o.a.hc.client5.http.wire - http-outgoing-1 << "Content-Type: application/json[\r][\n]"
2026-09-12 12:15:34 [main] DEBUG c.g.d.z.s.o.a.hc.client5.http.wire - http-outgoing-1 << "Date: Sat, 12 Sep 2026 10:15:34 GMT[\r][\n]"
2026-09-12 12:15:34 [main] DEBUG c.g.d.z.s.o.a.hc.client5.http.wire - http-outgoing-1 << "Ostype: linux[\r][\n]"
2026-09-12 12:15:34 [main] DEBUG c.g.d.z.s.o.a.hc.client5.http.wire - http-outgoing-1 << "Server: Docker/29.7.2 (linux)[\r][\n]"
2026-09-12 12:15:34 [main] DEBUG c.g.d.z.s.o.a.hc.client5.http.wire - http-outgoing-1 << "Transfer-Encoding: chunked[\r][\n]"
2026-09-12 12:15:34 [main] DEBUG c.g.d.z.s.o.a.hc.client5.http.wire - http-outgoing-1 << "[\r][\n]"
2026-09-12 12:15:34 [main] DEBUG c.g.d.z.s.o.a.h.client5.http.headers - http-outgoing-1 << HTTP/1.1 400 Bad Request
2026-09-12 12:15:34 [main] DEBUG c.g.d.z.s.o.a.h.client5.http.headers - http-outgoing-1 << Api-Version: 1.55
2026-09-12 12:15:34 [main] DEBUG c.g.d.z.s.o.a.h.client5.http.headers - http-outgoing-1 << Content-Type: application/json
2026-09-12 12:15:34 [main] DEBUG c.g.d.z.s.o.a.h.client5.http.headers - http-outgoing-1 << Date: Sat, 12 Sep 2026 10:15:34 GMT
2026-09-12 12:15:34 [main] DEBUG c.g.d.z.s.o.a.h.client5.http.headers - http-outgoing-1 << Ostype: linux
2026-09-12 12:15:34 [main] DEBUG c.g.d.z.s.o.a.h.client5.http.headers - http-outgoing-1 << Server: Docker/29.7.2 (linux)
2026-09-12 12:15:34 [main] DEBUG c.g.d.z.s.o.a.h.client5.http.headers - http-outgoing-1 << Transfer-Encoding: chunked
2026-09-12 12:15:34 [main] DEBUG c.g.d.z.s.o.a.h.c.h.i.c.MainClientExec - ex-00000002: connection can be kept alive for 3 MINUTES
2026-09-12 12:15:34 [main] DEBUG c.g.d.z.s.o.a.hc.client5.http.wire - http-outgoing-1 << "4b0[\r][\n]"
2026-09-12 12:15:34 [main] DEBUG c.g.d.z.s.o.a.hc.client5.http.wire - http-outgoing-1 << "{"ID":"","Containers":0,"ContainersRunning":0,"ContainersPaused":0,"ContainersStopped":0,"Images":0,"Driver":"","DriverStatus":null,"Plugins":{"Volume":null,"Network":null,"Authorization":null,"Log":null},"MemoryLimit":false,"SwapLimit":false,"CpuCfsPeriod":false,"CpuCfsQuota":false,"CPUShares":false,"CPUSet":false,"PidsLimit":false,"IPv4Forwarding":false,"Debug":false,"NFd":0,"OomKillDisable":false,"NGoroutines":0,"SystemTime":"","LoggingDriver":"","CgroupDriver":"","NEventsListener":0,"KernelVersion":"","OperatingSystem":"","OSVersion":"","OSType":"","Architecture":"","IndexServerAddress":"","RegistryConfig":null,"NCPU":0,"MemTotal":0,"GenericResources":null,"DockerRootDir":"","HttpProxy":"","HttpsProxy":"","NoProxy":"","Name":"","Labels":["com.docker.desktop.address=npipe://\\\\.\\pipe\\docker_cli"],"ExperimentalBuild":false,"ServerVersion":"","Runtimes":null,"DefaultRuntime":"","Swarm":{"NodeID":"","NodeAddr":"","LocalNodeState":"","ControlAvailable":false,"Error":"","RemoteManagers":null},"LiveRestoreEnabled":false,"Isolation":"","InitBinary":"","ContainerdCommit":{"ID":""},"RuncCommit":{"ID":""},"InitCommit":{"ID":""},"SecurityOptions":null,"CDISpecDirs":null,"Warnings":null}[\r][\n]"
2026-09-12 12:15:34 [main] DEBUG c.g.d.z.s.o.a.hc.client5.http.wire - http-outgoing-1 << "0[\r][\n]"
2026-09-12 12:15:34 [main] DEBUG c.g.d.z.s.o.a.hc.client5.http.wire - http-outgoing-1 << "[\r][\n]"
2026-09-12 12:15:34 [main] DEBUG c.g.d.z.s.o.a.h.c.h.i.c.InternalHttpClient - ep-00000001: releasing valid endpoint
2026-09-12 12:15:34 [main] DEBUG c.g.d.z.s.o.a.h.c.h.i.i.PoolingHttpClientConnectionManager - ep-00000001: releasing endpoint
2026-09-12 12:15:34 [main] DEBUG c.g.d.z.s.o.a.h.c.h.i.i.PoolingHttpClientConnectionManager - ep-00000001: connection http-outgoing-1 can be kept alive for 3 MINUTES
2026-09-12 12:15:34 [main] DEBUG c.g.d.z.s.o.a.h.c.h.i.i.PoolingHttpClientConnectionManager - ep-00000001: connection released [route: {}->npipe://localhost:2375][total available: 1; route allocated: 1 of 2147483647; total allocated: 1 of 2147483647]
2026-09-12 12:15:34 [main] DEBUG o.t.d.DockerClientProviderStrategy - NpipeSocketClientProviderStrategy: failed with exception BadRequestException (Status 400: {"ID":"","Containers":0,"ContainersRunning":0,"ContainersPaused":0,"ContainersStopped":0,"Images":0,"Driver":"","DriverStatus":null,"Plugins":{"Volume":null,"Network":null,"Authorization":null,"Log":null},"MemoryLimit":false,"SwapLimit":false,"CpuCfsPeriod":false,"CpuCfsQuota":false,"CPUShares":false,"CPUSet":false,"PidsLimit":false,"IPv4Forwarding":false,"Debug":false,"NFd":0,"OomKillDisable":false,"NGoroutines":0,"SystemTime":"","LoggingDriver":"","CgroupDriver":"","NEventsListener":0,"KernelVersion":"","OperatingSystem":"","OSVersion":"","OSType":"","Architecture":"","IndexServerAddress":"","RegistryConfig":null,"NCPU":0,"MemTotal":0,"GenericResources":null,"DockerRootDir":"","HttpProxy":"","HttpsProxy":"","NoProxy":"","Name":"","Labels":["com.docker.desktop.address=npipe://\\\\.\\pipe\\docker_cli"],"ExperimentalBuild":false,"ServerVersion":"","Runtimes":null,"DefaultRuntime":"","Swarm":{"NodeID":"","NodeAddr":"","LocalNodeState":"","ControlAvailable":false,"Error":"","RemoteManagers":null},"LiveRestoreEnabled":false,"Isolation":"","InitBinary":"","ContainerdCommit":{"ID":""},"RuncCommit":{"ID":""},"InitCommit":{"ID":""},"SecurityOptions":null,"CDISpecDirs":null,"Warnings":null})
2026-09-12 12:15:34 [main] INFO  o.t.d.DockerMachineClientProviderStrategy - docker-machine executable was not found on PATH ([C:\Windows\system32, C:\Windows, C:\Windows\System32\Wbem, C:\Windows\System32\WindowsPowerShell\v1.0\, C:\Windows\System32\OpenSSH\, C:\Program Files\dotnet\, C:\Program Files (x86)\NVIDIA Corporation\PhysX\Common, C:\Program Files\NVIDIA Corporation\NVIDIA app\NvDLISR, C:\Program Files\Cloudflare\Cloudflare WARP\, C:\Program Files\Git\cmd, C:\Users\azuureke\AppData\Local\Programs\Eclipse Adoptium\jdk-17.0.19.10-hotspot\bin, C:\Users\azuureke\AppData\Local\Microsoft\WindowsApps, , C:\Users\azuureke\AppData\Local\Programs\DockerDesktop\resources\bin])
2026-09-12 12:15:34 [main] ERROR o.t.d.DockerClientProviderStrategy - Could not find a valid Docker environment. Please check configuration. Attempted configurations were:
	EnvironmentAndSystemPropertyClientProviderStrategy: failed with exception BadRequestException (Status 400: {"ID":"","Containers":0,"ContainersRunning":0,"ContainersPaused":0,"ContainersStopped":0,"Images":0,"Driver":"","DriverStatus":null,"Plugins":{"Volume":null,"Network":null,"Authorization":null,"Log":null},"MemoryLimit":false,"SwapLimit":false,"CpuCfsPeriod":false,"CpuCfsQuota":false,"CPUShares":false,"CPUSet":false,"PidsLimit":false,"IPv4Forwarding":false,"Debug":false,"NFd":0,"OomKillDisable":false,"NGoroutines":0,"SystemTime":"","LoggingDriver":"","CgroupDriver":"","NEventsListener":0,"KernelVersion":"","OperatingSystem":"","OSVersion":"","OSType":"","Architecture":"","IndexServerAddress":"","RegistryConfig":null,"NCPU":0,"MemTotal":0,"GenericResources":null,"DockerRootDir":"","HttpProxy":"","HttpsProxy":"","NoProxy":"","Name":"","Labels":["com.docker.desktop.address=npipe://\\\\.\\pipe\\docker_cli"],"ExperimentalBuild":false,"ServerVersion":"","Runtimes":null,"DefaultRuntime":"","Swarm":{"NodeID":"","NodeAddr":"","LocalNodeState":"","ControlAvailable":false,"Error":"","RemoteManagers":null},"LiveRestoreEnabled":false,"Isolation":"","InitBinary":"","ContainerdCommit":{"ID":""},"RuncCommit":{"ID":""},"InitCommit":{"ID":""},"SecurityOptions":null,"CDISpecDirs":null,"Warnings":null})
	NpipeSocketClientProviderStrategy: failed with exception BadRequestException (Status 400: {"ID":"","Containers":0,"ContainersRunning":0,"ContainersPaused":0,"ContainersStopped":0,"Images":0,"Driver":"","DriverStatus":null,"Plugins":{"Volume":null,"Network":null,"Authorization":null,"Log":null},"MemoryLimit":false,"SwapLimit":false,"CpuCfsPeriod":false,"CpuCfsQuota":false,"CPUShares":false,"CPUSet":false,"PidsLimit":false,"IPv4Forwarding":false,"Debug":false,"NFd":0,"OomKillDisable":false,"NGoroutines":0,"SystemTime":"","LoggingDriver":"","CgroupDriver":"","NEventsListener":0,"KernelVersion":"","OperatingSystem":"","OSVersion":"","OSType":"","Architecture":"","IndexServerAddress":"","RegistryConfig":null,"NCPU":0,"MemTotal":0,"GenericResources":null,"DockerRootDir":"","HttpProxy":"","HttpsProxy":"","NoProxy":"","Name":"","Labels":["com.docker.desktop.address=npipe://\\\\.\\pipe\\docker_cli"],"ExperimentalBuild":false,"ServerVersion":"","Runtimes":null,"DefaultRuntime":"","Swarm":{"NodeID":"","NodeAddr":"","LocalNodeState":"","ControlAvailable":false,"Error":"","RemoteManagers":null},"LiveRestoreEnabled":false,"Isolation":"","InitBinary":"","ContainerdCommit":{"ID":""},"RuncCommit":{"ID":""},"InitCommit":{"ID":""},"SecurityOptions":null,"CDISpecDirs":null,"Warnings":null})As no valid configuration was found, execution cannot continue.
See https://java.testcontainers.org/on_failure.html for more details.
2026-09-12 12:15:49 [main] INFO  o.testcontainers.DockerClientFactory - Testcontainers version: 1.21.1
2026-09-12 12:15:49 [main] DEBUG o.t.u.TestcontainersConfiguration - Testcontainers configuration overrides will be loaded from file:/C:/Users/azuureke/.testcontainers.properties
2026-09-12 12:15:49 [main] DEBUG o.t.d.DockerClientProviderStrategy - Trying out strategy: EnvironmentAndSystemPropertyClientProviderStrategy
2026-09-12 12:15:49 [main] DEBUG o.t.s.c.g.d.c.command.AbstrDockerCmd - Cmd: 
2026-09-12 12:15:49 [main] DEBUG c.g.d.z.s.o.a.h.c.h.i.c.InternalHttpClient - ex-00000001: preparing request execution
2026-09-12 12:15:49 [main] DEBUG c.g.d.z.s.o.a.h.c.h.p.RequestAddCookies - Cookie spec selected: strict
2026-09-12 12:15:49 [main] DEBUG c.g.d.z.s.o.a.h.c.h.p.RequestAuthCache - Auth cache not set in the context
2026-09-12 12:15:49 [main] DEBUG c.g.d.z.s.o.a.h.c.h.i.c.ProtocolExec - ex-00000001: target auth state: UNCHALLENGED
2026-09-12 12:15:49 [main] DEBUG c.g.d.z.s.o.a.h.c.h.i.c.ProtocolExec - ex-00000001: proxy auth state: UNCHALLENGED
2026-09-12 12:15:49 [main] DEBUG c.g.d.z.s.o.a.h.c.h.i.c.ConnectExec - ex-00000001: acquiring connection with route {}->http://localhost:2375
2026-09-12 12:15:49 [main] DEBUG c.g.d.z.s.o.a.h.c.h.i.c.InternalHttpClient - ex-00000001: acquiring endpoint (3 MINUTES)
2026-09-12 12:15:49 [main] DEBUG c.g.d.z.s.o.a.h.c.h.i.i.PoolingHttpClientConnectionManager - ex-00000001: endpoint lease request (3 MINUTES) [route: {}->http://localhost:2375][total available: 0; route allocated: 0 of 2147483647; total allocated: 0 of 2147483647]
2026-09-12 12:15:49 [main] DEBUG c.g.d.z.s.o.a.h.c.h.i.i.PoolingHttpClientConnectionManager - ex-00000001: endpoint leased [route: {}->http://localhost:2375][total available: 0; route allocated: 1 of 2147483647; total allocated: 1 of 2147483647]
2026-09-12 12:15:49 [main] DEBUG c.g.d.z.s.o.a.h.c.h.i.i.PoolingHttpClientConnectionManager - ex-00000001: acquired ep-00000000
2026-09-12 12:15:49 [main] DEBUG c.g.d.z.s.o.a.h.c.h.i.c.InternalHttpClient - ex-00000001: acquired endpoint ep-00000000
2026-09-12 12:15:49 [main] DEBUG c.g.d.z.s.o.a.h.c.h.i.c.ConnectExec - ex-00000001: opening connection {}->http://localhost:2375
2026-09-12 12:15:49 [main] DEBUG c.g.d.z.s.o.a.h.c.h.i.c.InternalHttpClient - ep-00000000: connecting endpoint (3 MINUTES)
2026-09-12 12:15:49 [main] DEBUG c.g.d.z.s.o.a.h.c.h.i.i.PoolingHttpClientConnectionManager - ep-00000000: connecting endpoint to http://localhost:2375 (3 MINUTES)
2026-09-12 12:15:49 [main] DEBUG c.g.d.z.s.o.a.h.c.h.i.i.DefaultHttpClientConnectionOperator - http-outgoing-0: connecting to localhost/127.0.0.1:2375
2026-09-12 12:15:49 [main] DEBUG c.g.d.z.s.o.a.h.c.h.i.i.DefaultHttpClientConnectionOperator - http-outgoing-0: connection established 127.0.0.1:62479<->127.0.0.1:2375
2026-09-12 12:15:49 [main] DEBUG c.g.d.z.s.o.a.h.c.h.i.i.PoolingHttpClientConnectionManager - ep-00000000: connected http-outgoing-0
2026-09-12 12:15:49 [main] DEBUG c.g.d.z.s.o.a.h.c.h.i.c.InternalHttpClient - ep-00000000: endpoint connected
2026-09-12 12:15:49 [main] DEBUG c.g.d.z.s.o.a.h.c.h.i.c.MainClientExec - ex-00000001: executing GET /v1.32/info HTTP/1.1
2026-09-12 12:15:49 [main] DEBUG c.g.d.z.s.o.a.h.c.h.i.c.InternalHttpClient - ep-00000000: start execution ex-00000001
2026-09-12 12:15:49 [main] DEBUG c.g.d.z.s.o.a.h.c.h.i.i.PoolingHttpClientConnectionManager - ep-00000000: executing exchange ex-00000001 over http-outgoing-0
2026-09-12 12:15:49 [main] DEBUG c.g.d.z.s.o.a.h.client5.http.headers - http-outgoing-0 >> GET /v1.32/info HTTP/1.1
2026-09-12 12:15:49 [main] DEBUG c.g.d.z.s.o.a.h.client5.http.headers - http-outgoing-0 >> x-tc-sid: 2a89d5fd-f5b9-4bbc-9c21-16ba8352260f
2026-09-12 12:15:49 [main] DEBUG c.g.d.z.s.o.a.h.client5.http.headers - http-outgoing-0 >> User-Agent: tc-java/1.21.1
2026-09-12 12:15:49 [main] DEBUG c.g.d.z.s.o.a.h.client5.http.headers - http-outgoing-0 >> Accept-Encoding: gzip, x-gzip, deflate
2026-09-12 12:15:49 [main] DEBUG c.g.d.z.s.o.a.h.client5.http.headers - http-outgoing-0 >> Host: localhost:2375
2026-09-12 12:15:49 [main] DEBUG c.g.d.z.s.o.a.h.client5.http.headers - http-outgoing-0 >> Connection: keep-alive
2026-09-12 12:15:49 [main] DEBUG c.g.d.z.s.o.a.hc.client5.http.wire - http-outgoing-0 >> "GET /v1.32/info HTTP/1.1[\r][\n]"
2026-09-12 12:15:49 [main] DEBUG c.g.d.z.s.o.a.hc.client5.http.wire - http-outgoing-0 >> "x-tc-sid: 2a89d5fd-f5b9-4bbc-9c21-16ba8352260f[\r][\n]"
2026-09-12 12:15:49 [main] DEBUG c.g.d.z.s.o.a.hc.client5.http.wire - http-outgoing-0 >> "User-Agent: tc-java/1.21.1[\r][\n]"
2026-09-12 12:15:49 [main] DEBUG c.g.d.z.s.o.a.hc.client5.http.wire - http-outgoing-0 >> "Accept-Encoding: gzip, x-gzip, deflate[\r][\n]"
2026-09-12 12:15:49 [main] DEBUG c.g.d.z.s.o.a.hc.client5.http.wire - http-outgoing-0 >> "Host: localhost:2375[\r][\n]"
2026-09-12 12:15:49 [main] DEBUG c.g.d.z.s.o.a.hc.client5.http.wire - http-outgoing-0 >> "Connection: keep-alive[\r][\n]"
2026-09-12 12:15:49 [main] DEBUG c.g.d.z.s.o.a.hc.client5.http.wire - http-outgoing-0 >> "[\r][\n]"
2026-09-12 12:15:49 [main] DEBUG c.g.d.z.s.o.a.hc.client5.http.wire - http-outgoing-0 << "HTTP/1.1 400 Bad Request[\r][\n]"
2026-09-12 12:15:49 [main] DEBUG c.g.d.z.s.o.a.hc.client5.http.wire - http-outgoing-0 << "Api-Version: 1.55[\r][\n]"
2026-09-12 12:15:49 [main] DEBUG c.g.d.z.s.o.a.hc.client5.http.wire - http-outgoing-0 << "Content-Type: application/json[\r][\n]"
2026-09-12 12:15:49 [main] DEBUG c.g.d.z.s.o.a.hc.client5.http.wire - http-outgoing-0 << "Date: Sat, 12 Sep 2026 10:15:49 GMT[\r][\n]"
2026-09-12 12:15:49 [main] DEBUG c.g.d.z.s.o.a.hc.client5.http.wire - http-outgoing-0 << "Ostype: linux[\r][\n]"
2026-09-12 12:15:49 [main] DEBUG c.g.d.z.s.o.a.hc.client5.http.wire - http-outgoing-0 << "Server: Docker/29.7.2 (linux)[\r][\n]"
2026-09-12 12:15:49 [main] DEBUG c.g.d.z.s.o.a.hc.client5.http.wire - http-outgoing-0 << "Transfer-Encoding: chunked[\r][\n]"
2026-09-12 12:15:49 [main] DEBUG c.g.d.z.s.o.a.hc.client5.http.wire - http-outgoing-0 << "[\r][\n]"
2026-09-12 12:15:49 [main] DEBUG c.g.d.z.s.o.a.hc.client5.http.wire - http-outgoing-0 << "4b0[\r][\n]"
2026-09-12 12:15:49 [main] DEBUG c.g.d.z.s.o.a.hc.client5.http.wire - http-outgoing-0 << "{"ID":"","Containers":0,"ContainersRunning":0,"ContainersPaused":0,"ContainersStopped":0,"Images":0,"Driver":"","DriverStatus":null,"Plugins":{"Volume":null,"Network":null,"Authorization":null,"Log":null},"MemoryLimit":false,"SwapLimit":false,"CpuCfsPeriod":false,"CpuCfsQuota":false,"CPUShares":false,"CPUSet":false,"PidsLimit":false,"IPv4Forwarding":false,"Debug":false,"NFd":0,"OomKillDisable":false,"NGoroutines":0,"SystemTime":"","LoggingDriver":"","CgroupDriver":"","NEventsListener":0,"KernelVersion":"","OperatingSystem":"","OSVersion":"","OSType":"","Architecture":"","IndexServerAddress":"","RegistryConfig":null,"NCPU":0,"MemTotal":0,"GenericResources":null,"DockerRootDir":"","HttpProxy":"","HttpsProxy":"","NoProxy":"","Name":"","Labels":["com.docker.desktop.address=npipe://\\\\.\\pipe\\docker_cli"],"ExperimentalBuild":false,"ServerVersion":"","Runtimes":null,"DefaultRuntime":"","Swarm":{"NodeID":"","NodeAddr":"","LocalNodeState":"","ControlAvailable":false,"Error":"","RemoteManagers":null},"LiveRestoreEnabled":false,"Isolation":"","InitBinary":"","ContainerdCommit":{"ID":""},"RuncCommit":{"ID":""},"InitCommit":{"ID":""},"SecurityOptions":null,"CDISpecDirs":null,"Warnings":null}[\r][\n]"
2026-09-12 12:15:49 [main] DEBUG c.g.d.z.s.o.a.h.client5.http.headers - http-outgoing-0 << HTTP/1.1 400 Bad Request
2026-09-12 12:15:49 [main] DEBUG c.g.d.z.s.o.a.h.client5.http.headers - http-outgoing-0 << Api-Version: 1.55
2026-09-12 12:15:49 [main] DEBUG c.g.d.z.s.o.a.h.client5.http.headers - http-outgoing-0 << Content-Type: application/json
2026-09-12 12:15:49 [main] DEBUG c.g.d.z.s.o.a.h.client5.http.headers - http-outgoing-0 << Date: Sat, 12 Sep 2026 10:15:49 GMT
2026-09-12 12:15:49 [main] DEBUG c.g.d.z.s.o.a.h.client5.http.headers - http-outgoing-0 << Ostype: linux
2026-09-12 12:15:49 [main] DEBUG c.g.d.z.s.o.a.h.client5.http.headers - http-outgoing-0 << Server: Docker/29.7.2 (linux)
2026-09-12 12:15:49 [main] DEBUG c.g.d.z.s.o.a.h.client5.http.headers - http-outgoing-0 << Transfer-Encoding: chunked
2026-09-12 12:15:49 [main] DEBUG c.g.d.z.s.o.a.h.c.h.i.c.MainClientExec - ex-00000001: connection can be kept alive for 3 MINUTES
2026-09-12 12:15:49 [main] DEBUG c.g.d.z.s.o.a.hc.client5.http.wire - http-outgoing-0 << "0[\r][\n]"
2026-09-12 12:15:49 [main] DEBUG c.g.d.z.s.o.a.hc.client5.http.wire - http-outgoing-0 << "[\r][\n]"
2026-09-12 12:15:49 [main] DEBUG c.g.d.z.s.o.a.h.c.h.i.c.InternalHttpClient - ep-00000000: releasing valid endpoint
2026-09-12 12:15:49 [main] DEBUG c.g.d.z.s.o.a.h.c.h.i.i.PoolingHttpClientConnectionManager - ep-00000000: releasing endpoint
2026-09-12 12:15:49 [main] DEBUG c.g.d.z.s.o.a.h.c.h.i.i.PoolingHttpClientConnectionManager - ep-00000000: connection http-outgoing-0 can be kept alive for 3 MINUTES
2026-09-12 12:15:49 [main] DEBUG c.g.d.z.s.o.a.h.c.h.i.i.PoolingHttpClientConnectionManager - ep-00000000: connection released [route: {}->http://localhost:2375][total available: 1; route allocated: 1 of 2147483647; total allocated: 1 of 2147483647]
2026-09-12 12:15:49 [main] DEBUG o.t.d.DockerClientProviderStrategy - EnvironmentAndSystemPropertyClientProviderStrategy: failed with exception BadRequestException (Status 400: {"ID":"","Containers":0,"ContainersRunning":0,"ContainersPaused":0,"ContainersStopped":0,"Images":0,"Driver":"","DriverStatus":null,"Plugins":{"Volume":null,"Network":null,"Authorization":null,"Log":null},"MemoryLimit":false,"SwapLimit":false,"CpuCfsPeriod":false,"CpuCfsQuota":false,"CPUShares":false,"CPUSet":false,"PidsLimit":false,"IPv4Forwarding":false,"Debug":false,"NFd":0,"OomKillDisable":false,"NGoroutines":0,"SystemTime":"","LoggingDriver":"","CgroupDriver":"","NEventsListener":0,"KernelVersion":"","OperatingSystem":"","OSVersion":"","OSType":"","Architecture":"","IndexServerAddress":"","RegistryConfig":null,"NCPU":0,"MemTotal":0,"GenericResources":null,"DockerRootDir":"","HttpProxy":"","HttpsProxy":"","NoProxy":"","Name":"","Labels":["com.docker.desktop.address=npipe://\\\\.\\pipe\\docker_cli"],"ExperimentalBuild":false,"ServerVersion":"","Runtimes":null,"DefaultRuntime":"","Swarm":{"NodeID":"","NodeAddr":"","LocalNodeState":"","ControlAvailable":false,"Error":"","RemoteManagers":null},"LiveRestoreEnabled":false,"Isolation":"","InitBinary":"","ContainerdCommit":{"ID":""},"RuncCommit":{"ID":""},"InitCommit":{"ID":""},"SecurityOptions":null,"CDISpecDirs":null,"Warnings":null})
2026-09-12 12:15:49 [main] DEBUG o.t.d.DockerClientProviderStrategy - Trying out strategy: NpipeSocketClientProviderStrategy
2026-09-12 12:15:49 [main] DEBUG o.t.s.c.g.d.c.command.AbstrDockerCmd - Cmd: 
2026-09-12 12:15:49 [main] DEBUG c.g.d.z.s.o.a.h.c.h.i.c.InternalHttpClient - ex-00000002: preparing request execution
2026-09-12 12:15:49 [main] DEBUG c.g.d.z.s.o.a.h.c.h.p.RequestAddCookies - Cookie spec selected: strict
2026-09-12 12:15:49 [main] DEBUG c.g.d.z.s.o.a.h.c.h.p.RequestAuthCache - Auth cache not set in the context
2026-09-12 12:15:49 [main] DEBUG c.g.d.z.s.o.a.h.c.h.i.c.ProtocolExec - ex-00000002: target auth state: UNCHALLENGED
2026-09-12 12:15:49 [main] DEBUG c.g.d.z.s.o.a.h.c.h.i.c.ProtocolExec - ex-00000002: proxy auth state: UNCHALLENGED
2026-09-12 12:15:49 [main] DEBUG c.g.d.z.s.o.a.h.c.h.i.c.ConnectExec - ex-00000002: acquiring connection with route {}->npipe://localhost:2375
2026-09-12 12:15:49 [main] DEBUG c.g.d.z.s.o.a.h.c.h.i.c.InternalHttpClient - ex-00000002: acquiring endpoint (3 MINUTES)
2026-09-12 12:15:49 [main] DEBUG c.g.d.z.s.o.a.h.c.h.i.i.PoolingHttpClientConnectionManager - ex-00000002: endpoint lease request (3 MINUTES) [route: {}->npipe://localhost:2375][total available: 0; route allocated: 0 of 2147483647; total allocated: 0 of 2147483647]
2026-09-12 12:15:49 [main] DEBUG c.g.d.z.s.o.a.h.c.h.i.i.PoolingHttpClientConnectionManager - ex-00000002: endpoint leased [route: {}->npipe://localhost:2375][total available: 0; route allocated: 1 of 2147483647; total allocated: 1 of 2147483647]
2026-09-12 12:15:49 [main] DEBUG c.g.d.z.s.o.a.h.c.h.i.i.PoolingHttpClientConnectionManager - ex-00000002: acquired ep-00000001
2026-09-12 12:15:49 [main] DEBUG c.g.d.z.s.o.a.h.c.h.i.c.InternalHttpClient - ex-00000002: acquired endpoint ep-00000001
2026-09-12 12:15:49 [main] DEBUG c.g.d.z.s.o.a.h.c.h.i.c.ConnectExec - ex-00000002: opening connection {}->npipe://localhost:2375
2026-09-12 12:15:49 [main] DEBUG c.g.d.z.s.o.a.h.c.h.i.c.InternalHttpClient - ep-00000001: connecting endpoint (3 MINUTES)
2026-09-12 12:15:49 [main] DEBUG c.g.d.z.s.o.a.h.c.h.i.i.PoolingHttpClientConnectionManager - ep-00000001: connecting endpoint to npipe://localhost:2375 (3 MINUTES)
2026-09-12 12:15:49 [main] DEBUG c.g.d.z.s.o.a.h.c.h.i.i.DefaultHttpClientConnectionOperator - http-outgoing-1: connecting to localhost/127.0.0.1:2375
2026-09-12 12:15:49 [main] DEBUG c.g.d.z.s.o.a.h.c.h.i.i.DefaultHttpClientConnectionOperator - http-outgoing-1: connection established 
2026-09-12 12:15:49 [main] DEBUG c.g.d.z.s.o.a.h.c.h.i.i.PoolingHttpClientConnectionManager - ep-00000001: connected http-outgoing-1
2026-09-12 12:15:49 [main] DEBUG c.g.d.z.s.o.a.h.c.h.i.c.InternalHttpClient - ep-00000001: endpoint connected
2026-09-12 12:15:49 [main] DEBUG c.g.d.z.s.o.a.h.c.h.i.c.MainClientExec - ex-00000002: executing GET /v1.32/info HTTP/1.1
2026-09-12 12:15:49 [main] DEBUG c.g.d.z.s.o.a.h.c.h.i.c.InternalHttpClient - ep-00000001: start execution ex-00000002
2026-09-12 12:15:49 [main] DEBUG c.g.d.z.s.o.a.h.c.h.i.i.PoolingHttpClientConnectionManager - ep-00000001: executing exchange ex-00000002 over http-outgoing-1
2026-09-12 12:15:49 [main] DEBUG c.g.d.z.s.o.a.h.client5.http.headers - http-outgoing-1 >> GET /v1.32/info HTTP/1.1
2026-09-12 12:15:49 [main] DEBUG c.g.d.z.s.o.a.h.client5.http.headers - http-outgoing-1 >> x-tc-sid: 2a89d5fd-f5b9-4bbc-9c21-16ba8352260f
2026-09-12 12:15:49 [main] DEBUG c.g.d.z.s.o.a.h.client5.http.headers - http-outgoing-1 >> User-Agent: tc-java/1.21.1
2026-09-12 12:15:49 [main] DEBUG c.g.d.z.s.o.a.h.client5.http.headers - http-outgoing-1 >> Accept-Encoding: gzip, x-gzip, deflate
2026-09-12 12:15:49 [main] DEBUG c.g.d.z.s.o.a.h.client5.http.headers - http-outgoing-1 >> Host: localhost:2375
2026-09-12 12:15:49 [main] DEBUG c.g.d.z.s.o.a.h.client5.http.headers - http-outgoing-1 >> Connection: keep-alive
2026-09-12 12:15:49 [main] DEBUG c.g.d.z.s.o.a.hc.client5.http.wire - http-outgoing-1 >> "GET /v1.32/info HTTP/1.1[\r][\n]"
2026-09-12 12:15:49 [main] DEBUG c.g.d.z.s.o.a.hc.client5.http.wire - http-outgoing-1 >> "x-tc-sid: 2a89d5fd-f5b9-4bbc-9c21-16ba8352260f[\r][\n]"
2026-09-12 12:15:49 [main] DEBUG c.g.d.z.s.o.a.hc.client5.http.wire - http-outgoing-1 >> "User-Agent: tc-java/1.21.1[\r][\n]"
2026-09-12 12:15:49 [main] DEBUG c.g.d.z.s.o.a.hc.client5.http.wire - http-outgoing-1 >> "Accept-Encoding: gzip, x-gzip, deflate[\r][\n]"
2026-09-12 12:15:49 [main] DEBUG c.g.d.z.s.o.a.hc.client5.http.wire - http-outgoing-1 >> "Host: localhost:2375[\r][\n]"
2026-09-12 12:15:49 [main] DEBUG c.g.d.z.s.o.a.hc.client5.http.wire - http-outgoing-1 >> "Connection: keep-alive[\r][\n]"
2026-09-12 12:15:49 [main] DEBUG c.g.d.z.s.o.a.hc.client5.http.wire - http-outgoing-1 >> "[\r][\n]"
2026-09-12 12:15:49 [main] DEBUG c.g.d.z.s.o.a.hc.client5.http.wire - http-outgoing-1 << "HTTP/1.1 400 Bad Request[\r][\n]"
2026-09-12 12:15:49 [main] DEBUG c.g.d.z.s.o.a.hc.client5.http.wire - http-outgoing-1 << "Api-Version: 1.55[\r][\n]"
2026-09-12 12:15:49 [main] DEBUG c.g.d.z.s.o.a.hc.client5.http.wire - http-outgoing-1 << "Content-Type: application/json[\r][\n]"
2026-09-12 12:15:49 [main] DEBUG c.g.d.z.s.o.a.hc.client5.http.wire - http-outgoing-1 << "Date: Sat, 12 Sep 2026 10:15:49 GMT[\r][\n]"
2026-09-12 12:15:49 [main] DEBUG c.g.d.z.s.o.a.hc.client5.http.wire - http-outgoing-1 << "Ostype: linux[\r][\n]"
2026-09-12 12:15:49 [main] DEBUG c.g.d.z.s.o.a.hc.client5.http.wire - http-outgoing-1 << "Server: Docker/29.7.2 (linux)[\r][\n]"
2026-09-12 12:15:49 [main] DEBUG c.g.d.z.s.o.a.hc.client5.http.wire - http-outgoing-1 << "Transfer-Encoding: chunked[\r][\n]"
2026-09-12 12:15:49 [main] DEBUG c.g.d.z.s.o.a.hc.client5.http.wire - http-outgoing-1 << "[\r][\n]"
2026-09-12 12:15:49 [main] DEBUG c.g.d.z.s.o.a.h.client5.http.headers - http-outgoing-1 << HTTP/1.1 400 Bad Request
2026-09-12 12:15:49 [main] DEBUG c.g.d.z.s.o.a.h.client5.http.headers - http-outgoing-1 << Api-Version: 1.55
2026-09-12 12:15:49 [main] DEBUG c.g.d.z.s.o.a.h.client5.http.headers - http-outgoing-1 << Content-Type: application/json
2026-09-12 12:15:49 [main] DEBUG c.g.d.z.s.o.a.h.client5.http.headers - http-outgoing-1 << Date: Sat, 12 Sep 2026 10:15:49 GMT
2026-09-12 12:15:49 [main] DEBUG c.g.d.z.s.o.a.h.client5.http.headers - http-outgoing-1 << Ostype: linux
2026-09-12 12:15:49 [main] DEBUG c.g.d.z.s.o.a.h.client5.http.headers - http-outgoing-1 << Server: Docker/29.7.2 (linux)
2026-09-12 12:15:49 [main] DEBUG c.g.d.z.s.o.a.h.client5.http.headers - http-outgoing-1 << Transfer-Encoding: chunked
2026-09-12 12:15:49 [main] DEBUG c.g.d.z.s.o.a.h.c.h.i.c.MainClientExec - ex-00000002: connection can be kept alive for 3 MINUTES
2026-09-12 12:15:49 [main] DEBUG c.g.d.z.s.o.a.hc.client5.http.wire - http-outgoing-1 << "4b0[\r][\n]"
2026-09-12 12:15:49 [main] DEBUG c.g.d.z.s.o.a.hc.client5.http.wire - http-outgoing-1 << "{"ID":"","Containers":0,"ContainersRunning":0,"ContainersPaused":0,"ContainersStopped":0,"Images":0,"Driver":"","DriverStatus":null,"Plugins":{"Volume":null,"Network":null,"Authorization":null,"Log":null},"MemoryLimit":false,"SwapLimit":false,"CpuCfsPeriod":false,"CpuCfsQuota":false,"CPUShares":false,"CPUSet":false,"PidsLimit":false,"IPv4Forwarding":false,"Debug":false,"NFd":0,"OomKillDisable":false,"NGoroutines":0,"SystemTime":"","LoggingDriver":"","CgroupDriver":"","NEventsListener":0,"KernelVersion":"","OperatingSystem":"","OSVersion":"","OSType":"","Architecture":"","IndexServerAddress":"","RegistryConfig":null,"NCPU":0,"MemTotal":0,"GenericResources":null,"DockerRootDir":"","HttpProxy":"","HttpsProxy":"","NoProxy":"","Name":"","Labels":["com.docker.desktop.address=npipe://\\\\.\\pipe\\docker_cli"],"ExperimentalBuild":false,"ServerVersion":"","Runtimes":null,"DefaultRuntime":"","Swarm":{"NodeID":"","NodeAddr":"","LocalNodeState":"","ControlAvailable":false,"Error":"","RemoteManagers":null},"LiveRestoreEnabled":false,"Isolation":"","InitBinary":"","ContainerdCommit":{"ID":""},"RuncCommit":{"ID":""},"InitCommit":{"ID":""},"SecurityOptions":null,"CDISpecDirs":null,"Warnings":null}[\r][\n]"
2026-09-12 12:15:49 [main] DEBUG c.g.d.z.s.o.a.hc.client5.http.wire - http-outgoing-1 << "0[\r][\n]"
2026-09-12 12:15:49 [main] DEBUG c.g.d.z.s.o.a.hc.client5.http.wire - http-outgoing-1 << "[\r][\n]"
2026-09-12 12:15:49 [main] DEBUG c.g.d.z.s.o.a.h.c.h.i.c.InternalHttpClient - ep-00000001: releasing valid endpoint
2026-09-12 12:15:49 [main] DEBUG c.g.d.z.s.o.a.h.c.h.i.i.PoolingHttpClientConnectionManager - ep-00000001: releasing endpoint
2026-09-12 12:15:49 [main] DEBUG c.g.d.z.s.o.a.h.c.h.i.i.PoolingHttpClientConnectionManager - ep-00000001: connection http-outgoing-1 can be kept alive for 3 MINUTES
2026-09-12 12:15:49 [main] DEBUG c.g.d.z.s.o.a.h.c.h.i.i.PoolingHttpClientConnectionManager - ep-00000001: connection released [route: {}->npipe://localhost:2375][total available: 1; route allocated: 1 of 2147483647; total allocated: 1 of 2147483647]
2026-09-12 12:15:49 [main] DEBUG o.t.d.DockerClientProviderStrategy - NpipeSocketClientProviderStrategy: failed with exception BadRequestException (Status 400: {"ID":"","Containers":0,"ContainersRunning":0,"ContainersPaused":0,"ContainersStopped":0,"Images":0,"Driver":"","DriverStatus":null,"Plugins":{"Volume":null,"Network":null,"Authorization":null,"Log":null},"MemoryLimit":false,"SwapLimit":false,"CpuCfsPeriod":false,"CpuCfsQuota":false,"CPUShares":false,"CPUSet":false,"PidsLimit":false,"IPv4Forwarding":false,"Debug":false,"NFd":0,"OomKillDisable":false,"NGoroutines":0,"SystemTime":"","LoggingDriver":"","CgroupDriver":"","NEventsListener":0,"KernelVersion":"","OperatingSystem":"","OSVersion":"","OSType":"","Architecture":"","IndexServerAddress":"","RegistryConfig":null,"NCPU":0,"MemTotal":0,"GenericResources":null,"DockerRootDir":"","HttpProxy":"","HttpsProxy":"","NoProxy":"","Name":"","Labels":["com.docker.desktop.address=npipe://\\\\.\\pipe\\docker_cli"],"ExperimentalBuild":false,"ServerVersion":"","Runtimes":null,"DefaultRuntime":"","Swarm":{"NodeID":"","NodeAddr":"","LocalNodeState":"","ControlAvailable":false,"Error":"","RemoteManagers":null},"LiveRestoreEnabled":false,"Isolation":"","InitBinary":"","ContainerdCommit":{"ID":""},"RuncCommit":{"ID":""},"InitCommit":{"ID":""},"SecurityOptions":null,"CDISpecDirs":null,"Warnings":null})
2026-09-12 12:15:49 [main] INFO  o.t.d.DockerMachineClientProviderStrategy - docker-machine executable was not found on PATH ([C:\Windows\system32, C:\Windows, C:\Windows\System32\Wbem, C:\Windows\System32\WindowsPowerShell\v1.0\, C:\Windows\System32\OpenSSH\, C:\Program Files\dotnet\, C:\Program Files (x86)\NVIDIA Corporation\PhysX\Common, C:\Program Files\NVIDIA Corporation\NVIDIA app\NvDLISR, C:\Program Files\Cloudflare\Cloudflare WARP\, C:\Program Files\Git\cmd, C:\Users\azuureke\AppData\Local\Programs\Eclipse Adoptium\jdk-17.0.19.10-hotspot\bin, C:\Users\azuureke\AppData\Local\Microsoft\WindowsApps, , C:\Users\azuureke\AppData\Local\Programs\DockerDesktop\resources\bin])
2026-09-12 12:15:49 [main] ERROR o.t.d.DockerClientProviderStrategy - Could not find a valid Docker environment. Please check configuration. Attempted configurations were:
	EnvironmentAndSystemPropertyClientProviderStrategy: failed with exception BadRequestException (Status 400: {"ID":"","Containers":0,"ContainersRunning":0,"ContainersPaused":0,"ContainersStopped":0,"Images":0,"Driver":"","DriverStatus":null,"Plugins":{"Volume":null,"Network":null,"Authorization":null,"Log":null},"MemoryLimit":false,"SwapLimit":false,"CpuCfsPeriod":false,"CpuCfsQuota":false,"CPUShares":false,"CPUSet":false,"PidsLimit":false,"IPv4Forwarding":false,"Debug":false,"NFd":0,"OomKillDisable":false,"NGoroutines":0,"SystemTime":"","LoggingDriver":"","CgroupDriver":"","NEventsListener":0,"KernelVersion":"","OperatingSystem":"","OSVersion":"","OSType":"","Architecture":"","IndexServerAddress":"","RegistryConfig":null,"NCPU":0,"MemTotal":0,"GenericResources":null,"DockerRootDir":"","HttpProxy":"","HttpsProxy":"","NoProxy":"","Name":"","Labels":["com.docker.desktop.address=npipe://\\\\.\\pipe\\docker_cli"],"ExperimentalBuild":false,"ServerVersion":"","Runtimes":null,"DefaultRuntime":"","Swarm":{"NodeID":"","NodeAddr":"","LocalNodeState":"","ControlAvailable":false,"Error":"","RemoteManagers":null},"LiveRestoreEnabled":false,"Isolation":"","InitBinary":"","ContainerdCommit":{"ID":""},"RuncCommit":{"ID":""},"InitCommit":{"ID":""},"SecurityOptions":null,"CDISpecDirs":null,"Warnings":null})
	NpipeSocketClientProviderStrategy: failed with exception BadRequestException (Status 400: {"ID":"","Containers":0,"ContainersRunning":0,"ContainersPaused":0,"ContainersStopped":0,"Images":0,"Driver":"","DriverStatus":null,"Plugins":{"Volume":null,"Network":null,"Authorization":null,"Log":null},"MemoryLimit":false,"SwapLimit":false,"CpuCfsPeriod":false,"CpuCfsQuota":false,"CPUShares":false,"CPUSet":false,"PidsLimit":false,"IPv4Forwarding":false,"Debug":false,"NFd":0,"OomKillDisable":false,"NGoroutines":0,"SystemTime":"","LoggingDriver":"","CgroupDriver":"","NEventsListener":0,"KernelVersion":"","OperatingSystem":"","OSVersion":"","OSType":"","Architecture":"","IndexServerAddress":"","RegistryConfig":null,"NCPU":0,"MemTotal":0,"GenericResources":null,"DockerRootDir":"","HttpProxy":"","HttpsProxy":"","NoProxy":"","Name":"","Labels":["com.docker.desktop.address=npipe://\\\\.\\pipe\\docker_cli"],"ExperimentalBuild":false,"ServerVersion":"","Runtimes":null,"DefaultRuntime":"","Swarm":{"NodeID":"","NodeAddr":"","LocalNodeState":"","ControlAvailable":false,"Error":"","RemoteManagers":null},"LiveRestoreEnabled":false,"Isolation":"","InitBinary":"","ContainerdCommit":{"ID":""},"RuncCommit":{"ID":""},"InitCommit":{"ID":""},"SecurityOptions":null,"CDISpecDirs":null,"Warnings":null})As no valid configuration was found, execution cannot continue.
See https://java.testcontainers.org/on_failure.html for more details.
2026-09-12 12:17:53 [main] INFO  o.testcontainers.DockerClientFactory - Testcontainers version: 1.21.1
2026-09-12 12:17:53 [main] DEBUG o.t.u.TestcontainersConfiguration - Testcontainers configuration overrides will be loaded from file:/C:/Users/azuureke/.testcontainers.properties
2026-09-12 12:17:53 [main] DEBUG o.t.d.DockerClientProviderStrategy - Trying out strategy: EnvironmentAndSystemPropertyClientProviderStrategy
2026-09-12 12:17:53 [main] DEBUG o.t.s.c.g.d.c.command.AbstrDockerCmd - Cmd: 
2026-09-12 12:17:53 [main] DEBUG c.g.d.z.s.o.a.h.c.h.i.c.InternalHttpClient - ex-00000001: preparing request execution
2026-09-12 12:17:53 [main] DEBUG c.g.d.z.s.o.a.h.c.h.p.RequestAddCookies - Cookie spec selected: strict
2026-09-12 12:17:53 [main] DEBUG c.g.d.z.s.o.a.h.c.h.p.RequestAuthCache - Auth cache not set in the context
2026-09-12 12:17:53 [main] DEBUG c.g.d.z.s.o.a.h.c.h.i.c.ProtocolExec - ex-00000001: target auth state: UNCHALLENGED
2026-09-12 12:17:53 [main] DEBUG c.g.d.z.s.o.a.h.c.h.i.c.ProtocolExec - ex-00000001: proxy auth state: UNCHALLENGED
2026-09-12 12:17:53 [main] DEBUG c.g.d.z.s.o.a.h.c.h.i.c.ConnectExec - ex-00000001: acquiring connection with route {}->http://localhost:2375
2026-09-12 12:17:53 [main] DEBUG c.g.d.z.s.o.a.h.c.h.i.c.InternalHttpClient - ex-00000001: acquiring endpoint (3 MINUTES)
2026-09-12 12:17:53 [main] DEBUG c.g.d.z.s.o.a.h.c.h.i.i.PoolingHttpClientConnectionManager - ex-00000001: endpoint lease request (3 MINUTES) [route: {}->http://localhost:2375][total available: 0; route allocated: 0 of 2147483647; total allocated: 0 of 2147483647]
2026-09-12 12:17:53 [main] DEBUG c.g.d.z.s.o.a.h.c.h.i.i.PoolingHttpClientConnectionManager - ex-00000001: endpoint leased [route: {}->http://localhost:2375][total available: 0; route allocated: 1 of 2147483647; total allocated: 1 of 2147483647]
2026-09-12 12:17:53 [main] DEBUG c.g.d.z.s.o.a.h.c.h.i.i.PoolingHttpClientConnectionManager - ex-00000001: acquired ep-00000000
2026-09-12 12:17:53 [main] DEBUG c.g.d.z.s.o.a.h.c.h.i.c.InternalHttpClient - ex-00000001: acquired endpoint ep-00000000
2026-09-12 12:17:53 [main] DEBUG c.g.d.z.s.o.a.h.c.h.i.c.ConnectExec - ex-00000001: opening connection {}->http://localhost:2375
2026-09-12 12:17:53 [main] DEBUG c.g.d.z.s.o.a.h.c.h.i.c.InternalHttpClient - ep-00000000: connecting endpoint (3 MINUTES)
2026-09-12 12:17:53 [main] DEBUG c.g.d.z.s.o.a.h.c.h.i.i.PoolingHttpClientConnectionManager - ep-00000000: connecting endpoint to http://localhost:2375 (3 MINUTES)
2026-09-12 12:17:53 [main] DEBUG c.g.d.z.s.o.a.h.c.h.i.i.DefaultHttpClientConnectionOperator - http-outgoing-0: connecting to localhost/127.0.0.1:2375
2026-09-12 12:17:53 [main] DEBUG c.g.d.z.s.o.a.h.c.h.i.i.DefaultHttpClientConnectionOperator - http-outgoing-0: connection established 127.0.0.1:62531<->127.0.0.1:2375
2026-09-12 12:17:53 [main] DEBUG c.g.d.z.s.o.a.h.c.h.i.i.PoolingHttpClientConnectionManager - ep-00000000: connected http-outgoing-0
2026-09-12 12:17:53 [main] DEBUG c.g.d.z.s.o.a.h.c.h.i.c.InternalHttpClient - ep-00000000: endpoint connected
2026-09-12 12:17:53 [main] DEBUG c.g.d.z.s.o.a.h.c.h.i.c.MainClientExec - ex-00000001: executing GET /v1.32/info HTTP/1.1
2026-09-12 12:17:53 [main] DEBUG c.g.d.z.s.o.a.h.c.h.i.c.InternalHttpClient - ep-00000000: start execution ex-00000001
2026-09-12 12:17:53 [main] DEBUG c.g.d.z.s.o.a.h.c.h.i.i.PoolingHttpClientConnectionManager - ep-00000000: executing exchange ex-00000001 over http-outgoing-0
2026-09-12 12:17:53 [main] DEBUG c.g.d.z.s.o.a.h.client5.http.headers - http-outgoing-0 >> GET /v1.32/info HTTP/1.1
2026-09-12 12:17:53 [main] DEBUG c.g.d.z.s.o.a.h.client5.http.headers - http-outgoing-0 >> x-tc-sid: bbc742f1-c879-4cbc-9f02-b9aaf5b8246a
2026-09-12 12:17:53 [main] DEBUG c.g.d.z.s.o.a.h.client5.http.headers - http-outgoing-0 >> User-Agent: tc-java/1.21.1
2026-09-12 12:17:53 [main] DEBUG c.g.d.z.s.o.a.h.client5.http.headers - http-outgoing-0 >> Accept-Encoding: gzip, x-gzip, deflate
2026-09-12 12:17:53 [main] DEBUG c.g.d.z.s.o.a.h.client5.http.headers - http-outgoing-0 >> Host: localhost:2375
2026-09-12 12:17:53 [main] DEBUG c.g.d.z.s.o.a.h.client5.http.headers - http-outgoing-0 >> Connection: keep-alive
2026-09-12 12:17:53 [main] DEBUG c.g.d.z.s.o.a.hc.client5.http.wire - http-outgoing-0 >> "GET /v1.32/info HTTP/1.1[\r][\n]"
2026-09-12 12:17:53 [main] DEBUG c.g.d.z.s.o.a.hc.client5.http.wire - http-outgoing-0 >> "x-tc-sid: bbc742f1-c879-4cbc-9f02-b9aaf5b8246a[\r][\n]"
2026-09-12 12:17:53 [main] DEBUG c.g.d.z.s.o.a.hc.client5.http.wire - http-outgoing-0 >> "User-Agent: tc-java/1.21.1[\r][\n]"
2026-09-12 12:17:53 [main] DEBUG c.g.d.z.s.o.a.hc.client5.http.wire - http-outgoing-0 >> "Accept-Encoding: gzip, x-gzip, deflate[\r][\n]"
2026-09-12 12:17:53 [main] DEBUG c.g.d.z.s.o.a.hc.client5.http.wire - http-outgoing-0 >> "Host: localhost:2375[\r][\n]"
2026-09-12 12:17:53 [main] DEBUG c.g.d.z.s.o.a.hc.client5.http.wire - http-outgoing-0 >> "Connection: keep-alive[\r][\n]"
2026-09-12 12:17:53 [main] DEBUG c.g.d.z.s.o.a.hc.client5.http.wire - http-outgoing-0 >> "[\r][\n]"
2026-09-12 12:17:53 [main] DEBUG c.g.d.z.s.o.a.hc.client5.http.wire - http-outgoing-0 << "HTTP/1.1 400 Bad Request[\r][\n]"
2026-09-12 12:17:53 [main] DEBUG c.g.d.z.s.o.a.hc.client5.http.wire - http-outgoing-0 << "Api-Version: 1.55[\r][\n]"
2026-09-12 12:17:53 [main] DEBUG c.g.d.z.s.o.a.hc.client5.http.wire - http-outgoing-0 << "Content-Type: application/json[\r][\n]"
2026-09-12 12:17:53 [main] DEBUG c.g.d.z.s.o.a.hc.client5.http.wire - http-outgoing-0 << "Date: Sat, 12 Sep 2026 10:17:53 GMT[\r][\n]"
2026-09-12 12:17:53 [main] DEBUG c.g.d.z.s.o.a.hc.client5.http.wire - http-outgoing-0 << "Ostype: linux[\r][\n]"
2026-09-12 12:17:53 [main] DEBUG c.g.d.z.s.o.a.hc.client5.http.wire - http-outgoing-0 << "Server: Docker/29.7.2 (linux)[\r][\n]"
2026-09-12 12:17:53 [main] DEBUG c.g.d.z.s.o.a.hc.client5.http.wire - http-outgoing-0 << "Transfer-Encoding: chunked[\r][\n]"
2026-09-12 12:17:53 [main] DEBUG c.g.d.z.s.o.a.hc.client5.http.wire - http-outgoing-0 << "[\r][\n]"
2026-09-12 12:17:53 [main] DEBUG c.g.d.z.s.o.a.hc.client5.http.wire - http-outgoing-0 << "4b0[\r][\n]"
2026-09-12 12:17:53 [main] DEBUG c.g.d.z.s.o.a.hc.client5.http.wire - http-outgoing-0 << "{"ID":"","Containers":0,"ContainersRunning":0,"ContainersPaused":0,"ContainersStopped":0,"Images":0,"Driver":"","DriverStatus":null,"Plugins":{"Volume":null,"Network":null,"Authorization":null,"Log":null},"MemoryLimit":false,"SwapLimit":false,"CpuCfsPeriod":false,"CpuCfsQuota":false,"CPUShares":false,"CPUSet":false,"PidsLimit":false,"IPv4Forwarding":false,"Debug":false,"NFd":0,"OomKillDisable":false,"NGoroutines":0,"SystemTime":"","LoggingDriver":"","CgroupDriver":"","NEventsListener":0,"KernelVersion":"","OperatingSystem":"","OSVersion":"","OSType":"","Architecture":"","IndexServerAddress":"","RegistryConfig":null,"NCPU":0,"MemTotal":0,"GenericResources":null,"DockerRootDir":"","HttpProxy":"","HttpsProxy":"","NoProxy":"","Name":"","Labels":["com.docker.desktop.address=npipe://\\\\.\\pipe\\docker_cli"],"ExperimentalBuild":false,"ServerVersion":"","Runtimes":null,"DefaultRuntime":"","Swarm":{"NodeID":"","NodeAddr":"","LocalNodeState":"","ControlAvailable":false,"Error":"","RemoteManagers":null},"LiveRestoreEnabled":false,"Isolation":"","InitBinary":"","ContainerdCommit":{"ID":""},"RuncCommit":{"ID":""},"InitCommit":{"ID":""},"SecurityOptions":null,"CDISpecDirs":null,"Warnings":null}[\r][\n]"
2026-09-12 12:17:53 [main] DEBUG c.g.d.z.s.o.a.h.client5.http.headers - http-outgoing-0 << HTTP/1.1 400 Bad Request
2026-09-12 12:17:53 [main] DEBUG c.g.d.z.s.o.a.h.client5.http.headers - http-outgoing-0 << Api-Version: 1.55
2026-09-12 12:17:53 [main] DEBUG c.g.d.z.s.o.a.h.client5.http.headers - http-outgoing-0 << Content-Type: application/json
2026-09-12 12:17:53 [main] DEBUG c.g.d.z.s.o.a.h.client5.http.headers - http-outgoing-0 << Date: Sat, 12 Sep 2026 10:17:53 GMT
2026-09-12 12:17:53 [main] DEBUG c.g.d.z.s.o.a.h.client5.http.headers - http-outgoing-0 << Ostype: linux
2026-09-12 12:17:53 [main] DEBUG c.g.d.z.s.o.a.h.client5.http.headers - http-outgoing-0 << Server: Docker/29.7.2 (linux)
2026-09-12 12:17:53 [main] DEBUG c.g.d.z.s.o.a.h.client5.http.headers - http-outgoing-0 << Transfer-Encoding: chunked
2026-09-12 12:17:53 [main] DEBUG c.g.d.z.s.o.a.h.c.h.i.c.MainClientExec - ex-00000001: connection can be kept alive for 3 MINUTES
2026-09-12 12:17:53 [main] DEBUG c.g.d.z.s.o.a.hc.client5.http.wire - http-outgoing-0 << "0[\r][\n]"
2026-09-12 12:17:53 [main] DEBUG c.g.d.z.s.o.a.hc.client5.http.wire - http-outgoing-0 << "[\r][\n]"
2026-09-12 12:17:53 [main] DEBUG c.g.d.z.s.o.a.h.c.h.i.c.InternalHttpClient - ep-00000000: releasing valid endpoint
2026-09-12 12:17:53 [main] DEBUG c.g.d.z.s.o.a.h.c.h.i.i.PoolingHttpClientConnectionManager - ep-00000000: releasing endpoint
2026-09-12 12:17:53 [main] DEBUG c.g.d.z.s.o.a.h.c.h.i.i.PoolingHttpClientConnectionManager - ep-00000000: connection http-outgoing-0 can be kept alive for 3 MINUTES
2026-09-12 12:17:53 [main] DEBUG c.g.d.z.s.o.a.h.c.h.i.i.PoolingHttpClientConnectionManager - ep-00000000: connection released [route: {}->http://localhost:2375][total available: 1; route allocated: 1 of 2147483647; total allocated: 1 of 2147483647]
2026-09-12 12:17:53 [main] DEBUG o.t.d.DockerClientProviderStrategy - EnvironmentAndSystemPropertyClientProviderStrategy: failed with exception BadRequestException (Status 400: {"ID":"","Containers":0,"ContainersRunning":0,"ContainersPaused":0,"ContainersStopped":0,"Images":0,"Driver":"","DriverStatus":null,"Plugins":{"Volume":null,"Network":null,"Authorization":null,"Log":null},"MemoryLimit":false,"SwapLimit":false,"CpuCfsPeriod":false,"CpuCfsQuota":false,"CPUShares":false,"CPUSet":false,"PidsLimit":false,"IPv4Forwarding":false,"Debug":false,"NFd":0,"OomKillDisable":false,"NGoroutines":0,"SystemTime":"","LoggingDriver":"","CgroupDriver":"","NEventsListener":0,"KernelVersion":"","OperatingSystem":"","OSVersion":"","OSType":"","Architecture":"","IndexServerAddress":"","RegistryConfig":null,"NCPU":0,"MemTotal":0,"GenericResources":null,"DockerRootDir":"","HttpProxy":"","HttpsProxy":"","NoProxy":"","Name":"","Labels":["com.docker.desktop.address=npipe://\\\\.\\pipe\\docker_cli"],"ExperimentalBuild":false,"ServerVersion":"","Runtimes":null,"DefaultRuntime":"","Swarm":{"NodeID":"","NodeAddr":"","LocalNodeState":"","ControlAvailable":false,"Error":"","RemoteManagers":null},"LiveRestoreEnabled":false,"Isolation":"","InitBinary":"","ContainerdCommit":{"ID":""},"RuncCommit":{"ID":""},"InitCommit":{"ID":""},"SecurityOptions":null,"CDISpecDirs":null,"Warnings":null})
2026-09-12 12:17:53 [main] DEBUG o.t.d.DockerClientProviderStrategy - Trying out strategy: NpipeSocketClientProviderStrategy
2026-09-12 12:17:53 [main] DEBUG o.t.s.c.g.d.c.command.AbstrDockerCmd - Cmd: 
2026-09-12 12:17:53 [main] DEBUG c.g.d.z.s.o.a.h.c.h.i.c.InternalHttpClient - ex-00000002: preparing request execution
2026-09-12 12:17:53 [main] DEBUG c.g.d.z.s.o.a.h.c.h.p.RequestAddCookies - Cookie spec selected: strict
2026-09-12 12:17:53 [main] DEBUG c.g.d.z.s.o.a.h.c.h.p.RequestAuthCache - Auth cache not set in the context
2026-09-12 12:17:53 [main] DEBUG c.g.d.z.s.o.a.h.c.h.i.c.ProtocolExec - ex-00000002: target auth state: UNCHALLENGED
2026-09-12 12:17:53 [main] DEBUG c.g.d.z.s.o.a.h.c.h.i.c.ProtocolExec - ex-00000002: proxy auth state: UNCHALLENGED
2026-09-12 12:17:53 [main] DEBUG c.g.d.z.s.o.a.h.c.h.i.c.ConnectExec - ex-00000002: acquiring connection with route {}->npipe://localhost:2375
2026-09-12 12:17:53 [main] DEBUG c.g.d.z.s.o.a.h.c.h.i.c.InternalHttpClient - ex-00000002: acquiring endpoint (3 MINUTES)
2026-09-12 12:17:53 [main] DEBUG c.g.d.z.s.o.a.h.c.h.i.i.PoolingHttpClientConnectionManager - ex-00000002: endpoint lease request (3 MINUTES) [route: {}->npipe://localhost:2375][total available: 0; route allocated: 0 of 2147483647; total allocated: 0 of 2147483647]
2026-09-12 12:17:53 [main] DEBUG c.g.d.z.s.o.a.h.c.h.i.i.PoolingHttpClientConnectionManager - ex-00000002: endpoint leased [route: {}->npipe://localhost:2375][total available: 0; route allocated: 1 of 2147483647; total allocated: 1 of 2147483647]
2026-09-12 12:17:53 [main] DEBUG c.g.d.z.s.o.a.h.c.h.i.i.PoolingHttpClientConnectionManager - ex-00000002: acquired ep-00000001
2026-09-12 12:17:53 [main] DEBUG c.g.d.z.s.o.a.h.c.h.i.c.InternalHttpClient - ex-00000002: acquired endpoint ep-00000001
2026-09-12 12:17:53 [main] DEBUG c.g.d.z.s.o.a.h.c.h.i.c.ConnectExec - ex-00000002: opening connection {}->npipe://localhost:2375
2026-09-12 12:17:53 [main] DEBUG c.g.d.z.s.o.a.h.c.h.i.c.InternalHttpClient - ep-00000001: connecting endpoint (3 MINUTES)
2026-09-12 12:17:53 [main] DEBUG c.g.d.z.s.o.a.h.c.h.i.i.PoolingHttpClientConnectionManager - ep-00000001: connecting endpoint to npipe://localhost:2375 (3 MINUTES)
2026-09-12 12:17:53 [main] DEBUG c.g.d.z.s.o.a.h.c.h.i.i.DefaultHttpClientConnectionOperator - http-outgoing-1: connecting to localhost/127.0.0.1:2375
2026-09-12 12:17:53 [main] DEBUG c.g.d.z.s.o.a.h.c.h.i.i.DefaultHttpClientConnectionOperator - http-outgoing-1: connection established 
2026-09-12 12:17:53 [main] DEBUG c.g.d.z.s.o.a.h.c.h.i.i.PoolingHttpClientConnectionManager - ep-00000001: connected http-outgoing-1
2026-09-12 12:17:53 [main] DEBUG c.g.d.z.s.o.a.h.c.h.i.c.InternalHttpClient - ep-00000001: endpoint connected
2026-09-12 12:17:53 [main] DEBUG c.g.d.z.s.o.a.h.c.h.i.c.MainClientExec - ex-00000002: executing GET /v1.32/info HTTP/1.1
2026-09-12 12:17:53 [main] DEBUG c.g.d.z.s.o.a.h.c.h.i.c.InternalHttpClient - ep-00000001: start execution ex-00000002
2026-09-12 12:17:53 [main] DEBUG c.g.d.z.s.o.a.h.c.h.i.i.PoolingHttpClientConnectionManager - ep-00000001: executing exchange ex-00000002 over http-outgoing-1
2026-09-12 12:17:53 [main] DEBUG c.g.d.z.s.o.a.h.client5.http.headers - http-outgoing-1 >> GET /v1.32/info HTTP/1.1
2026-09-12 12:17:53 [main] DEBUG c.g.d.z.s.o.a.h.client5.http.headers - http-outgoing-1 >> x-tc-sid: bbc742f1-c879-4cbc-9f02-b9aaf5b8246a
2026-09-12 12:17:53 [main] DEBUG c.g.d.z.s.o.a.h.client5.http.headers - http-outgoing-1 >> User-Agent: tc-java/1.21.1
2026-09-12 12:17:53 [main] DEBUG c.g.d.z.s.o.a.h.client5.http.headers - http-outgoing-1 >> Accept-Encoding: gzip, x-gzip, deflate
2026-09-12 12:17:53 [main] DEBUG c.g.d.z.s.o.a.h.client5.http.headers - http-outgoing-1 >> Host: localhost:2375
2026-09-12 12:17:53 [main] DEBUG c.g.d.z.s.o.a.h.client5.http.headers - http-outgoing-1 >> Connection: keep-alive
2026-09-12 12:17:53 [main] DEBUG c.g.d.z.s.o.a.hc.client5.http.wire - http-outgoing-1 >> "GET /v1.32/info HTTP/1.1[\r][\n]"
2026-09-12 12:17:53 [main] DEBUG c.g.d.z.s.o.a.hc.client5.http.wire - http-outgoing-1 >> "x-tc-sid: bbc742f1-c879-4cbc-9f02-b9aaf5b8246a[\r][\n]"
2026-09-12 12:17:53 [main] DEBUG c.g.d.z.s.o.a.hc.client5.http.wire - http-outgoing-1 >> "User-Agent: tc-java/1.21.1[\r][\n]"
2026-09-12 12:17:53 [main] DEBUG c.g.d.z.s.o.a.hc.client5.http.wire - http-outgoing-1 >> "Accept-Encoding: gzip, x-gzip, deflate[\r][\n]"
2026-09-12 12:17:53 [main] DEBUG c.g.d.z.s.o.a.hc.client5.http.wire - http-outgoing-1 >> "Host: localhost:2375[\r][\n]"
2026-09-12 12:17:53 [main] DEBUG c.g.d.z.s.o.a.hc.client5.http.wire - http-outgoing-1 >> "Connection: keep-alive[\r][\n]"
2026-09-12 12:17:53 [main] DEBUG c.g.d.z.s.o.a.hc.client5.http.wire - http-outgoing-1 >> "[\r][\n]"
2026-09-12 12:17:53 [main] DEBUG c.g.d.z.s.o.a.hc.client5.http.wire - http-outgoing-1 << "HTTP/1.1 400 Bad Request[\r][\n]"
2026-09-12 12:17:53 [main] DEBUG c.g.d.z.s.o.a.hc.client5.http.wire - http-outgoing-1 << "Api-Version: 1.55[\r][\n]"
2026-09-12 12:17:53 [main] DEBUG c.g.d.z.s.o.a.hc.client5.http.wire - http-outgoing-1 << "Content-Type: application/json[\r][\n]"
2026-09-12 12:17:53 [main] DEBUG c.g.d.z.s.o.a.hc.client5.http.wire - http-outgoing-1 << "Date: Sat, 12 Sep 2026 10:17:53 GMT[\r][\n]"
2026-09-12 12:17:53 [main] DEBUG c.g.d.z.s.o.a.hc.client5.http.wire - http-outgoing-1 << "Ostype: linux[\r][\n]"
2026-09-12 12:17:53 [main] DEBUG c.g.d.z.s.o.a.hc.client5.http.wire - http-outgoing-1 << "Server: Docker/29.7.2 (linux)[\r][\n]"
2026-09-12 12:17:53 [main] DEBUG c.g.d.z.s.o.a.hc.client5.http.wire - http-outgoing-1 << "Transfer-Encoding: chunked[\r][\n]"
2026-09-12 12:17:53 [main] DEBUG c.g.d.z.s.o.a.hc.client5.http.wire - http-outgoing-1 << "[\r][\n]"
2026-09-12 12:17:53 [main] DEBUG c.g.d.z.s.o.a.h.client5.http.headers - http-outgoing-1 << HTTP/1.1 400 Bad Request
2026-09-12 12:17:53 [main] DEBUG c.g.d.z.s.o.a.h.client5.http.headers - http-outgoing-1 << Api-Version: 1.55
2026-09-12 12:17:53 [main] DEBUG c.g.d.z.s.o.a.h.client5.http.headers - http-outgoing-1 << Content-Type: application/json
2026-09-12 12:17:53 [main] DEBUG c.g.d.z.s.o.a.h.client5.http.headers - http-outgoing-1 << Date: Sat, 12 Sep 2026 10:17:53 GMT
2026-09-12 12:17:53 [main] DEBUG c.g.d.z.s.o.a.h.client5.http.headers - http-outgoing-1 << Ostype: linux
2026-09-12 12:17:53 [main] DEBUG c.g.d.z.s.o.a.h.client5.http.headers - http-outgoing-1 << Server: Docker/29.7.2 (linux)
2026-09-12 12:17:53 [main] DEBUG c.g.d.z.s.o.a.h.client5.http.headers - http-outgoing-1 << Transfer-Encoding: chunked
2026-09-12 12:17:53 [main] DEBUG c.g.d.z.s.o.a.h.c.h.i.c.MainClientExec - ex-00000002: connection can be kept alive for 3 MINUTES
2026-09-12 12:17:53 [main] DEBUG c.g.d.z.s.o.a.hc.client5.http.wire - http-outgoing-1 << "4b0[\r][\n]"
2026-09-12 12:17:53 [main] DEBUG c.g.d.z.s.o.a.hc.client5.http.wire - http-outgoing-1 << "{"ID":"","Containers":0,"ContainersRunning":0,"ContainersPaused":0,"ContainersStopped":0,"Images":0,"Driver":"","DriverStatus":null,"Plugins":{"Volume":null,"Network":null,"Authorization":null,"Log":null},"MemoryLimit":false,"SwapLimit":false,"CpuCfsPeriod":false,"CpuCfsQuota":false,"CPUShares":false,"CPUSet":false,"PidsLimit":false,"IPv4Forwarding":false,"Debug":false,"NFd":0,"OomKillDisable":false,"NGoroutines":0,"SystemTime":"","LoggingDriver":"","CgroupDriver":"","NEventsListener":0,"KernelVersion":"","OperatingSystem":"","OSVersion":"","OSType":"","Architecture":"","IndexServerAddress":"","RegistryConfig":null,"NCPU":0,"MemTotal":0,"GenericResources":null,"DockerRootDir":"","HttpProxy":"","HttpsProxy":"","NoProxy":"","Name":"","Labels":["com.docker.desktop.address=npipe://\\\\.\\pipe\\docker_cli"],"ExperimentalBuild":false,"ServerVersion":"","Runtimes":null,"DefaultRuntime":"","Swarm":{"NodeID":"","NodeAddr":"","LocalNodeState":"","ControlAvailable":false,"Error":"","RemoteManagers":null},"LiveRestoreEnabled":false,"Isolation":"","InitBinary":"","ContainerdCommit":{"ID":""},"RuncCommit":{"ID":""},"InitCommit":{"ID":""},"SecurityOptions":null,"CDISpecDirs":null,"Warnings":null}[\r][\n]"
2026-09-12 12:17:53 [main] DEBUG c.g.d.z.s.o.a.hc.client5.http.wire - http-outgoing-1 << "0[\r][\n]"
2026-09-12 12:17:53 [main] DEBUG c.g.d.z.s.o.a.hc.client5.http.wire - http-outgoing-1 << "[\r][\n]"
2026-09-12 12:17:53 [main] DEBUG c.g.d.z.s.o.a.h.c.h.i.c.InternalHttpClient - ep-00000001: releasing valid endpoint
2026-09-12 12:17:53 [main] DEBUG c.g.d.z.s.o.a.h.c.h.i.i.PoolingHttpClientConnectionManager - ep-00000001: releasing endpoint
2026-09-12 12:17:53 [main] DEBUG c.g.d.z.s.o.a.h.c.h.i.i.PoolingHttpClientConnectionManager - ep-00000001: connection http-outgoing-1 can be kept alive for 3 MINUTES
2026-09-12 12:17:53 [main] DEBUG c.g.d.z.s.o.a.h.c.h.i.i.PoolingHttpClientConnectionManager - ep-00000001: connection released [route: {}->npipe://localhost:2375][total available: 1; route allocated: 1 of 2147483647; total allocated: 1 of 2147483647]
2026-09-12 12:17:53 [main] DEBUG o.t.d.DockerClientProviderStrategy - NpipeSocketClientProviderStrategy: failed with exception BadRequestException (Status 400: {"ID":"","Containers":0,"ContainersRunning":0,"ContainersPaused":0,"ContainersStopped":0,"Images":0,"Driver":"","DriverStatus":null,"Plugins":{"Volume":null,"Network":null,"Authorization":null,"Log":null},"MemoryLimit":false,"SwapLimit":false,"CpuCfsPeriod":false,"CpuCfsQuota":false,"CPUShares":false,"CPUSet":false,"PidsLimit":false,"IPv4Forwarding":false,"Debug":false,"NFd":0,"OomKillDisable":false,"NGoroutines":0,"SystemTime":"","LoggingDriver":"","CgroupDriver":"","NEventsListener":0,"KernelVersion":"","OperatingSystem":"","OSVersion":"","OSType":"","Architecture":"","IndexServerAddress":"","RegistryConfig":null,"NCPU":0,"MemTotal":0,"GenericResources":null,"DockerRootDir":"","HttpProxy":"","HttpsProxy":"","NoProxy":"","Name":"","Labels":["com.docker.desktop.address=npipe://\\\\.\\pipe\\docker_cli"],"ExperimentalBuild":false,"ServerVersion":"","Runtimes":null,"DefaultRuntime":"","Swarm":{"NodeID":"","NodeAddr":"","LocalNodeState":"","ControlAvailable":false,"Error":"","RemoteManagers":null},"LiveRestoreEnabled":false,"Isolation":"","InitBinary":"","ContainerdCommit":{"ID":""},"RuncCommit":{"ID":""},"InitCommit":{"ID":""},"SecurityOptions":null,"CDISpecDirs":null,"Warnings":null})
2026-09-12 12:17:53 [main] INFO  o.t.d.DockerMachineClientProviderStrategy - docker-machine executable was not found on PATH ([C:\Windows\system32, C:\Windows, C:\Windows\System32\Wbem, C:\Windows\System32\WindowsPowerShell\v1.0\, C:\Windows\System32\OpenSSH\, C:\Program Files\dotnet\, C:\Program Files (x86)\NVIDIA Corporation\PhysX\Common, C:\Program Files\NVIDIA Corporation\NVIDIA app\NvDLISR, C:\Program Files\Cloudflare\Cloudflare WARP\, C:\Program Files\Git\cmd, C:\Users\azuureke\AppData\Local\Programs\Eclipse Adoptium\jdk-17.0.19.10-hotspot\bin, C:\Users\azuureke\AppData\Local\Microsoft\WindowsApps, , C:\Users\azuureke\AppData\Local\Programs\DockerDesktop\resources\bin])
2026-09-12 12:17:53 [main] ERROR o.t.d.DockerClientProviderStrategy - Could not find a valid Docker environment. Please check configuration. Attempted configurations were:
	EnvironmentAndSystemPropertyClientProviderStrategy: failed with exception BadRequestException (Status 400: {"ID":"","Containers":0,"ContainersRunning":0,"ContainersPaused":0,"ContainersStopped":0,"Images":0,"Driver":"","DriverStatus":null,"Plugins":{"Volume":null,"Network":null,"Authorization":null,"Log":null},"MemoryLimit":false,"SwapLimit":false,"CpuCfsPeriod":false,"CpuCfsQuota":false,"CPUShares":false,"CPUSet":false,"PidsLimit":false,"IPv4Forwarding":false,"Debug":false,"NFd":0,"OomKillDisable":false,"NGoroutines":0,"SystemTime":"","LoggingDriver":"","CgroupDriver":"","NEventsListener":0,"KernelVersion":"","OperatingSystem":"","OSVersion":"","OSType":"","Architecture":"","IndexServerAddress":"","RegistryConfig":null,"NCPU":0,"MemTotal":0,"GenericResources":null,"DockerRootDir":"","HttpProxy":"","HttpsProxy":"","NoProxy":"","Name":"","Labels":["com.docker.desktop.address=npipe://\\\\.\\pipe\\docker_cli"],"ExperimentalBuild":false,"ServerVersion":"","Runtimes":null,"DefaultRuntime":"","Swarm":{"NodeID":"","NodeAddr":"","LocalNodeState":"","ControlAvailable":false,"Error":"","RemoteManagers":null},"LiveRestoreEnabled":false,"Isolation":"","InitBinary":"","ContainerdCommit":{"ID":""},"RuncCommit":{"ID":""},"InitCommit":{"ID":""},"SecurityOptions":null,"CDISpecDirs":null,"Warnings":null})
	NpipeSocketClientProviderStrategy: failed with exception BadRequestException (Status 400: {"ID":"","Containers":0,"ContainersRunning":0,"ContainersPaused":0,"ContainersStopped":0,"Images":0,"Driver":"","DriverStatus":null,"Plugins":{"Volume":null,"Network":null,"Authorization":null,"Log":null},"MemoryLimit":false,"SwapLimit":false,"CpuCfsPeriod":false,"CpuCfsQuota":false,"CPUShares":false,"CPUSet":false,"PidsLimit":false,"IPv4Forwarding":false,"Debug":false,"NFd":0,"OomKillDisable":false,"NGoroutines":0,"SystemTime":"","LoggingDriver":"","CgroupDriver":"","NEventsListener":0,"KernelVersion":"","OperatingSystem":"","OSVersion":"","OSType":"","Architecture":"","IndexServerAddress":"","RegistryConfig":null,"NCPU":0,"MemTotal":0,"GenericResources":null,"DockerRootDir":"","HttpProxy":"","HttpsProxy":"","NoProxy":"","Name":"","Labels":["com.docker.desktop.address=npipe://\\\\.\\pipe\\docker_cli"],"ExperimentalBuild":false,"ServerVersion":"","Runtimes":null,"DefaultRuntime":"","Swarm":{"NodeID":"","NodeAddr":"","LocalNodeState":"","ControlAvailable":false,"Error":"","RemoteManagers":null},"LiveRestoreEnabled":false,"Isolation":"","InitBinary":"","ContainerdCommit":{"ID":""},"RuncCommit":{"ID":""},"InitCommit":{"ID":""},"SecurityOptions":null,"CDISpecDirs":null,"Warnings":null})As no valid configuration was found, execution cannot continue.
See https://java.testcontainers.org/on_failure.html for more details.
2026-09-12 12:18:03 [main] INFO  o.testcontainers.DockerClientFactory - Testcontainers version: 1.21.1
2026-09-12 12:18:03 [main] DEBUG o.t.u.TestcontainersConfiguration - Testcontainers configuration overrides will be loaded from file:/C:/Users/azuureke/.testcontainers.properties
2026-09-12 12:18:03 [main] DEBUG o.t.d.DockerClientProviderStrategy - Trying out strategy: EnvironmentAndSystemPropertyClientProviderStrategy
2026-09-12 12:18:03 [main] DEBUG o.t.s.c.g.d.c.command.AbstrDockerCmd - Cmd: 
2026-09-12 12:18:03 [main] DEBUG c.g.d.z.s.o.a.h.c.h.i.c.InternalHttpClient - ex-00000001: preparing request execution
2026-09-12 12:18:03 [main] DEBUG c.g.d.z.s.o.a.h.c.h.p.RequestAddCookies - Cookie spec selected: strict
2026-09-12 12:18:03 [main] DEBUG c.g.d.z.s.o.a.h.c.h.p.RequestAuthCache - Auth cache not set in the context
2026-09-12 12:18:03 [main] DEBUG c.g.d.z.s.o.a.h.c.h.i.c.ProtocolExec - ex-00000001: target auth state: UNCHALLENGED
2026-09-12 12:18:03 [main] DEBUG c.g.d.z.s.o.a.h.c.h.i.c.ProtocolExec - ex-00000001: proxy auth state: UNCHALLENGED
2026-09-12 12:18:03 [main] DEBUG c.g.d.z.s.o.a.h.c.h.i.c.ConnectExec - ex-00000001: acquiring connection with route {}->http://localhost:2375
2026-09-12 12:18:03 [main] DEBUG c.g.d.z.s.o.a.h.c.h.i.c.InternalHttpClient - ex-00000001: acquiring endpoint (3 MINUTES)
2026-09-12 12:18:03 [main] DEBUG c.g.d.z.s.o.a.h.c.h.i.i.PoolingHttpClientConnectionManager - ex-00000001: endpoint lease request (3 MINUTES) [route: {}->http://localhost:2375][total available: 0; route allocated: 0 of 2147483647; total allocated: 0 of 2147483647]
2026-09-12 12:18:03 [main] DEBUG c.g.d.z.s.o.a.h.c.h.i.i.PoolingHttpClientConnectionManager - ex-00000001: endpoint leased [route: {}->http://localhost:2375][total available: 0; route allocated: 1 of 2147483647; total allocated: 1 of 2147483647]
2026-09-12 12:18:03 [main] DEBUG c.g.d.z.s.o.a.h.c.h.i.i.PoolingHttpClientConnectionManager - ex-00000001: acquired ep-00000000
2026-09-12 12:18:03 [main] DEBUG c.g.d.z.s.o.a.h.c.h.i.c.InternalHttpClient - ex-00000001: acquired endpoint ep-00000000
2026-09-12 12:18:03 [main] DEBUG c.g.d.z.s.o.a.h.c.h.i.c.ConnectExec - ex-00000001: opening connection {}->http://localhost:2375
2026-09-12 12:18:03 [main] DEBUG c.g.d.z.s.o.a.h.c.h.i.c.InternalHttpClient - ep-00000000: connecting endpoint (3 MINUTES)
2026-09-12 12:18:03 [main] DEBUG c.g.d.z.s.o.a.h.c.h.i.i.PoolingHttpClientConnectionManager - ep-00000000: connecting endpoint to http://localhost:2375 (3 MINUTES)
2026-09-12 12:18:03 [main] DEBUG c.g.d.z.s.o.a.h.c.h.i.i.DefaultHttpClientConnectionOperator - http-outgoing-0: connecting to localhost/127.0.0.1:2375
2026-09-12 12:18:03 [main] DEBUG c.g.d.z.s.o.a.h.c.h.i.i.DefaultHttpClientConnectionOperator - http-outgoing-0: connection established 127.0.0.1:62537<->127.0.0.1:2375
2026-09-12 12:18:03 [main] DEBUG c.g.d.z.s.o.a.h.c.h.i.i.PoolingHttpClientConnectionManager - ep-00000000: connected http-outgoing-0
2026-09-12 12:18:03 [main] DEBUG c.g.d.z.s.o.a.h.c.h.i.c.InternalHttpClient - ep-00000000: endpoint connected
2026-09-12 12:18:03 [main] DEBUG c.g.d.z.s.o.a.h.c.h.i.c.MainClientExec - ex-00000001: executing GET /v1.32/info HTTP/1.1
2026-09-12 12:18:03 [main] DEBUG c.g.d.z.s.o.a.h.c.h.i.c.InternalHttpClient - ep-00000000: start execution ex-00000001
2026-09-12 12:18:03 [main] DEBUG c.g.d.z.s.o.a.h.c.h.i.i.PoolingHttpClientConnectionManager - ep-00000000: executing exchange ex-00000001 over http-outgoing-0
2026-09-12 12:18:03 [main] DEBUG c.g.d.z.s.o.a.h.client5.http.headers - http-outgoing-0 >> GET /v1.32/info HTTP/1.1
2026-09-12 12:18:03 [main] DEBUG c.g.d.z.s.o.a.h.client5.http.headers - http-outgoing-0 >> x-tc-sid: a1b551a1-d11f-4589-bd5c-229eeb220d92
2026-09-12 12:18:03 [main] DEBUG c.g.d.z.s.o.a.h.client5.http.headers - http-outgoing-0 >> User-Agent: tc-java/1.21.1
2026-09-12 12:18:03 [main] DEBUG c.g.d.z.s.o.a.h.client5.http.headers - http-outgoing-0 >> Accept-Encoding: gzip, x-gzip, deflate
2026-09-12 12:18:03 [main] DEBUG c.g.d.z.s.o.a.h.client5.http.headers - http-outgoing-0 >> Host: localhost:2375
2026-09-12 12:18:03 [main] DEBUG c.g.d.z.s.o.a.h.client5.http.headers - http-outgoing-0 >> Connection: keep-alive
2026-09-12 12:18:03 [main] DEBUG c.g.d.z.s.o.a.hc.client5.http.wire - http-outgoing-0 >> "GET /v1.32/info HTTP/1.1[\r][\n]"
2026-09-12 12:18:03 [main] DEBUG c.g.d.z.s.o.a.hc.client5.http.wire - http-outgoing-0 >> "x-tc-sid: a1b551a1-d11f-4589-bd5c-229eeb220d92[\r][\n]"
2026-09-12 12:18:03 [main] DEBUG c.g.d.z.s.o.a.hc.client5.http.wire - http-outgoing-0 >> "User-Agent: tc-java/1.21.1[\r][\n]"
2026-09-12 12:18:03 [main] DEBUG c.g.d.z.s.o.a.hc.client5.http.wire - http-outgoing-0 >> "Accept-Encoding: gzip, x-gzip, deflate[\r][\n]"
2026-09-12 12:18:03 [main] DEBUG c.g.d.z.s.o.a.hc.client5.http.wire - http-outgoing-0 >> "Host: localhost:2375[\r][\n]"
2026-09-12 12:18:03 [main] DEBUG c.g.d.z.s.o.a.hc.client5.http.wire - http-outgoing-0 >> "Connection: keep-alive[\r][\n]"
2026-09-12 12:18:03 [main] DEBUG c.g.d.z.s.o.a.hc.client5.http.wire - http-outgoing-0 >> "[\r][\n]"
2026-09-12 12:18:03 [main] DEBUG c.g.d.z.s.o.a.hc.client5.http.wire - http-outgoing-0 << "HTTP/1.1 400 Bad Request[\r][\n]"
2026-09-12 12:18:03 [main] DEBUG c.g.d.z.s.o.a.hc.client5.http.wire - http-outgoing-0 << "Api-Version: 1.55[\r][\n]"
2026-09-12 12:18:03 [main] DEBUG c.g.d.z.s.o.a.hc.client5.http.wire - http-outgoing-0 << "Content-Type: application/json[\r][\n]"
2026-09-12 12:18:03 [main] DEBUG c.g.d.z.s.o.a.hc.client5.http.wire - http-outgoing-0 << "Date: Sat, 12 Sep 2026 10:18:03 GMT[\r][\n]"
2026-09-12 12:18:03 [main] DEBUG c.g.d.z.s.o.a.hc.client5.http.wire - http-outgoing-0 << "Ostype: linux[\r][\n]"
2026-09-12 12:18:03 [main] DEBUG c.g.d.z.s.o.a.hc.client5.http.wire - http-outgoing-0 << "Server: Docker/29.7.2 (linux)[\r][\n]"
2026-09-12 12:18:03 [main] DEBUG c.g.d.z.s.o.a.hc.client5.http.wire - http-outgoing-0 << "Transfer-Encoding: chunked[\r][\n]"
2026-09-12 12:18:03 [main] DEBUG c.g.d.z.s.o.a.hc.client5.http.wire - http-outgoing-0 << "[\r][\n]"
2026-09-12 12:18:03 [main] DEBUG c.g.d.z.s.o.a.hc.client5.http.wire - http-outgoing-0 << "4b0[\r][\n]"
2026-09-12 12:18:03 [main] DEBUG c.g.d.z.s.o.a.hc.client5.http.wire - http-outgoing-0 << "{"ID":"","Containers":0,"ContainersRunning":0,"ContainersPaused":0,"ContainersStopped":0,"Images":0,"Driver":"","DriverStatus":null,"Plugins":{"Volume":null,"Network":null,"Authorization":null,"Log":null},"MemoryLimit":false,"SwapLimit":false,"CpuCfsPeriod":false,"CpuCfsQuota":false,"CPUShares":false,"CPUSet":false,"PidsLimit":false,"IPv4Forwarding":false,"Debug":false,"NFd":0,"OomKillDisable":false,"NGoroutines":0,"SystemTime":"","LoggingDriver":"","CgroupDriver":"","NEventsListener":0,"KernelVersion":"","OperatingSystem":"","OSVersion":"","OSType":"","Architecture":"","IndexServerAddress":"","RegistryConfig":null,"NCPU":0,"MemTotal":0,"GenericResources":null,"DockerRootDir":"","HttpProxy":"","HttpsProxy":"","NoProxy":"","Name":"","Labels":["com.docker.desktop.address=npipe://\\\\.\\pipe\\docker_cli"],"ExperimentalBuild":false,"ServerVersion":"","Runtimes":null,"DefaultRuntime":"","Swarm":{"NodeID":"","NodeAddr":"","LocalNodeState":"","ControlAvailable":false,"Error":"","RemoteManagers":null},"LiveRestoreEnabled":false,"Isolation":"","InitBinary":"","ContainerdCommit":{"ID":""},"RuncCommit":{"ID":""},"InitCommit":{"ID":""},"SecurityOptions":null,"CDISpecDirs":null,"Warnings":null}[\r][\n]"
2026-09-12 12:18:03 [main] DEBUG c.g.d.z.s.o.a.h.client5.http.headers - http-outgoing-0 << HTTP/1.1 400 Bad Request
2026-09-12 12:18:03 [main] DEBUG c.g.d.z.s.o.a.h.client5.http.headers - http-outgoing-0 << Api-Version: 1.55
2026-09-12 12:18:03 [main] DEBUG c.g.d.z.s.o.a.h.client5.http.headers - http-outgoing-0 << Content-Type: application/json
2026-09-12 12:18:03 [main] DEBUG c.g.d.z.s.o.a.h.client5.http.headers - http-outgoing-0 << Date: Sat, 12 Sep 2026 10:18:03 GMT
2026-09-12 12:18:03 [main] DEBUG c.g.d.z.s.o.a.h.client5.http.headers - http-outgoing-0 << Ostype: linux
2026-09-12 12:18:03 [main] DEBUG c.g.d.z.s.o.a.h.client5.http.headers - http-outgoing-0 << Server: Docker/29.7.2 (linux)
2026-09-12 12:18:03 [main] DEBUG c.g.d.z.s.o.a.h.client5.http.headers - http-outgoing-0 << Transfer-Encoding: chunked
2026-09-12 12:18:03 [main] DEBUG c.g.d.z.s.o.a.h.c.h.i.c.MainClientExec - ex-00000001: connection can be kept alive for 3 MINUTES
2026-09-12 12:18:03 [main] DEBUG c.g.d.z.s.o.a.hc.client5.http.wire - http-outgoing-0 << "0[\r][\n]"
2026-09-12 12:18:03 [main] DEBUG c.g.d.z.s.o.a.hc.client5.http.wire - http-outgoing-0 << "[\r][\n]"
2026-09-12 12:18:03 [main] DEBUG c.g.d.z.s.o.a.h.c.h.i.c.InternalHttpClient - ep-00000000: releasing valid endpoint
2026-09-12 12:18:03 [main] DEBUG c.g.d.z.s.o.a.h.c.h.i.i.PoolingHttpClientConnectionManager - ep-00000000: releasing endpoint
2026-09-12 12:18:03 [main] DEBUG c.g.d.z.s.o.a.h.c.h.i.i.PoolingHttpClientConnectionManager - ep-00000000: connection http-outgoing-0 can be kept alive for 3 MINUTES
2026-09-12 12:18:03 [main] DEBUG c.g.d.z.s.o.a.h.c.h.i.i.PoolingHttpClientConnectionManager - ep-00000000: connection released [route: {}->http://localhost:2375][total available: 1; route allocated: 1 of 2147483647; total allocated: 1 of 2147483647]
2026-09-12 12:18:03 [main] DEBUG o.t.d.DockerClientProviderStrategy - EnvironmentAndSystemPropertyClientProviderStrategy: failed with exception BadRequestException (Status 400: {"ID":"","Containers":0,"ContainersRunning":0,"ContainersPaused":0,"ContainersStopped":0,"Images":0,"Driver":"","DriverStatus":null,"Plugins":{"Volume":null,"Network":null,"Authorization":null,"Log":null},"MemoryLimit":false,"SwapLimit":false,"CpuCfsPeriod":false,"CpuCfsQuota":false,"CPUShares":false,"CPUSet":false,"PidsLimit":false,"IPv4Forwarding":false,"Debug":false,"NFd":0,"OomKillDisable":false,"NGoroutines":0,"SystemTime":"","LoggingDriver":"","CgroupDriver":"","NEventsListener":0,"KernelVersion":"","OperatingSystem":"","OSVersion":"","OSType":"","Architecture":"","IndexServerAddress":"","RegistryConfig":null,"NCPU":0,"MemTotal":0,"GenericResources":null,"DockerRootDir":"","HttpProxy":"","HttpsProxy":"","NoProxy":"","Name":"","Labels":["com.docker.desktop.address=npipe://\\\\.\\pipe\\docker_cli"],"ExperimentalBuild":false,"ServerVersion":"","Runtimes":null,"DefaultRuntime":"","Swarm":{"NodeID":"","NodeAddr":"","LocalNodeState":"","ControlAvailable":false,"Error":"","RemoteManagers":null},"LiveRestoreEnabled":false,"Isolation":"","InitBinary":"","ContainerdCommit":{"ID":""},"RuncCommit":{"ID":""},"InitCommit":{"ID":""},"SecurityOptions":null,"CDISpecDirs":null,"Warnings":null})
2026-09-12 12:18:03 [main] DEBUG o.t.d.DockerClientProviderStrategy - Trying out strategy: NpipeSocketClientProviderStrategy
2026-09-12 12:18:03 [main] DEBUG o.t.s.c.g.d.c.command.AbstrDockerCmd - Cmd: 
2026-09-12 12:18:03 [main] DEBUG c.g.d.z.s.o.a.h.c.h.i.c.InternalHttpClient - ex-00000002: preparing request execution
2026-09-12 12:18:03 [main] DEBUG c.g.d.z.s.o.a.h.c.h.p.RequestAddCookies - Cookie spec selected: strict
2026-09-12 12:18:03 [main] DEBUG c.g.d.z.s.o.a.h.c.h.p.RequestAuthCache - Auth cache not set in the context
2026-09-12 12:18:03 [main] DEBUG c.g.d.z.s.o.a.h.c.h.i.c.ProtocolExec - ex-00000002: target auth state: UNCHALLENGED
2026-09-12 12:18:03 [main] DEBUG c.g.d.z.s.o.a.h.c.h.i.c.ProtocolExec - ex-00000002: proxy auth state: UNCHALLENGED
2026-09-12 12:18:03 [main] DEBUG c.g.d.z.s.o.a.h.c.h.i.c.ConnectExec - ex-00000002: acquiring connection with route {}->npipe://localhost:2375
2026-09-12 12:18:03 [main] DEBUG c.g.d.z.s.o.a.h.c.h.i.c.InternalHttpClient - ex-00000002: acquiring endpoint (3 MINUTES)
2026-09-12 12:18:03 [main] DEBUG c.g.d.z.s.o.a.h.c.h.i.i.PoolingHttpClientConnectionManager - ex-00000002: endpoint lease request (3 MINUTES) [route: {}->npipe://localhost:2375][total available: 0; route allocated: 0 of 2147483647; total allocated: 0 of 2147483647]
2026-09-12 12:18:03 [main] DEBUG c.g.d.z.s.o.a.h.c.h.i.i.PoolingHttpClientConnectionManager - ex-00000002: endpoint leased [route: {}->npipe://localhost:2375][total available: 0; route allocated: 1 of 2147483647; total allocated: 1 of 2147483647]
2026-09-12 12:18:03 [main] DEBUG c.g.d.z.s.o.a.h.c.h.i.i.PoolingHttpClientConnectionManager - ex-00000002: acquired ep-00000001
2026-09-12 12:18:03 [main] DEBUG c.g.d.z.s.o.a.h.c.h.i.c.InternalHttpClient - ex-00000002: acquired endpoint ep-00000001
2026-09-12 12:18:03 [main] DEBUG c.g.d.z.s.o.a.h.c.h.i.c.ConnectExec - ex-00000002: opening connection {}->npipe://localhost:2375
2026-09-12 12:18:03 [main] DEBUG c.g.d.z.s.o.a.h.c.h.i.c.InternalHttpClient - ep-00000001: connecting endpoint (3 MINUTES)
2026-09-12 12:18:03 [main] DEBUG c.g.d.z.s.o.a.h.c.h.i.i.PoolingHttpClientConnectionManager - ep-00000001: connecting endpoint to npipe://localhost:2375 (3 MINUTES)
2026-09-12 12:18:03 [main] DEBUG c.g.d.z.s.o.a.h.c.h.i.i.DefaultHttpClientConnectionOperator - http-outgoing-1: connecting to localhost/127.0.0.1:2375
2026-09-12 12:18:03 [main] DEBUG c.g.d.z.s.o.a.h.c.h.i.i.DefaultHttpClientConnectionOperator - http-outgoing-1: connection established 
2026-09-12 12:18:03 [main] DEBUG c.g.d.z.s.o.a.h.c.h.i.i.PoolingHttpClientConnectionManager - ep-00000001: connected http-outgoing-1
2026-09-12 12:18:03 [main] DEBUG c.g.d.z.s.o.a.h.c.h.i.c.InternalHttpClient - ep-00000001: endpoint connected
2026-09-12 12:18:03 [main] DEBUG c.g.d.z.s.o.a.h.c.h.i.c.MainClientExec - ex-00000002: executing GET /v1.32/info HTTP/1.1
2026-09-12 12:18:03 [main] DEBUG c.g.d.z.s.o.a.h.c.h.i.c.InternalHttpClient - ep-00000001: start execution ex-00000002
2026-09-12 12:18:03 [main] DEBUG c.g.d.z.s.o.a.h.c.h.i.i.PoolingHttpClientConnectionManager - ep-00000001: executing exchange ex-00000002 over http-outgoing-1
2026-09-12 12:18:03 [main] DEBUG c.g.d.z.s.o.a.h.client5.http.headers - http-outgoing-1 >> GET /v1.32/info HTTP/1.1
2026-09-12 12:18:03 [main] DEBUG c.g.d.z.s.o.a.h.client5.http.headers - http-outgoing-1 >> x-tc-sid: a1b551a1-d11f-4589-bd5c-229eeb220d92
2026-09-12 12:18:03 [main] DEBUG c.g.d.z.s.o.a.h.client5.http.headers - http-outgoing-1 >> User-Agent: tc-java/1.21.1
2026-09-12 12:18:03 [main] DEBUG c.g.d.z.s.o.a.h.client5.http.headers - http-outgoing-1 >> Accept-Encoding: gzip, x-gzip, deflate
2026-09-12 12:18:03 [main] DEBUG c.g.d.z.s.o.a.h.client5.http.headers - http-outgoing-1 >> Host: localhost:2375
2026-09-12 12:18:03 [main] DEBUG c.g.d.z.s.o.a.h.client5.http.headers - http-outgoing-1 >> Connection: keep-alive
2026-09-12 12:18:03 [main] DEBUG c.g.d.z.s.o.a.hc.client5.http.wire - http-outgoing-1 >> "GET /v1.32/info HTTP/1.1[\r][\n]"
2026-09-12 12:18:03 [main] DEBUG c.g.d.z.s.o.a.hc.client5.http.wire - http-outgoing-1 >> "x-tc-sid: a1b551a1-d11f-4589-bd5c-229eeb220d92[\r][\n]"
2026-09-12 12:18:03 [main] DEBUG c.g.d.z.s.o.a.hc.client5.http.wire - http-outgoing-1 >> "User-Agent: tc-java/1.21.1[\r][\n]"
2026-09-12 12:18:03 [main] DEBUG c.g.d.z.s.o.a.hc.client5.http.wire - http-outgoing-1 >> "Accept-Encoding: gzip, x-gzip, deflate[\r][\n]"
2026-09-12 12:18:03 [main] DEBUG c.g.d.z.s.o.a.hc.client5.http.wire - http-outgoing-1 >> "Host: localhost:2375[\r][\n]"
2026-09-12 12:18:03 [main] DEBUG c.g.d.z.s.o.a.hc.client5.http.wire - http-outgoing-1 >> "Connection: keep-alive[\r][\n]"
2026-09-12 12:18:03 [main] DEBUG c.g.d.z.s.o.a.hc.client5.http.wire - http-outgoing-1 >> "[\r][\n]"
2026-09-12 12:18:03 [main] DEBUG c.g.d.z.s.o.a.hc.client5.http.wire - http-outgoing-1 << "HTTP/1.1 400 Bad Request[\r][\n]"
2026-09-12 12:18:03 [main] DEBUG c.g.d.z.s.o.a.hc.client5.http.wire - http-outgoing-1 << "Api-Version: 1.55[\r][\n]"
2026-09-12 12:18:03 [main] DEBUG c.g.d.z.s.o.a.hc.client5.http.wire - http-outgoing-1 << "Content-Type: application/json[\r][\n]"
2026-09-12 12:18:03 [main] DEBUG c.g.d.z.s.o.a.hc.client5.http.wire - http-outgoing-1 << "Date: Sat, 12 Sep 2026 10:18:03 GMT[\r][\n]"
2026-09-12 12:18:03 [main] DEBUG c.g.d.z.s.o.a.hc.client5.http.wire - http-outgoing-1 << "Ostype: linux[\r][\n]"
2026-09-12 12:18:03 [main] DEBUG c.g.d.z.s.o.a.hc.client5.http.wire - http-outgoing-1 << "Server: Docker/29.7.2 (linux)[\r][\n]"
2026-09-12 12:18:03 [main] DEBUG c.g.d.z.s.o.a.hc.client5.http.wire - http-outgoing-1 << "Transfer-Encoding: chunked[\r][\n]"
2026-09-12 12:18:03 [main] DEBUG c.g.d.z.s.o.a.hc.client5.http.wire - http-outgoing-1 << "[\r][\n]"
2026-09-12 12:18:03 [main] DEBUG c.g.d.z.s.o.a.h.client5.http.headers - http-outgoing-1 << HTTP/1.1 400 Bad Request
2026-09-12 12:18:03 [main] DEBUG c.g.d.z.s.o.a.h.client5.http.headers - http-outgoing-1 << Api-Version: 1.55
2026-09-12 12:18:03 [main] DEBUG c.g.d.z.s.o.a.h.client5.http.headers - http-outgoing-1 << Content-Type: application/json
2026-09-12 12:18:03 [main] DEBUG c.g.d.z.s.o.a.h.client5.http.headers - http-outgoing-1 << Date: Sat, 12 Sep 2026 10:18:03 GMT
2026-09-12 12:18:03 [main] DEBUG c.g.d.z.s.o.a.h.client5.http.headers - http-outgoing-1 << Ostype: linux
2026-09-12 12:18:03 [main] DEBUG c.g.d.z.s.o.a.h.client5.http.headers - http-outgoing-1 << Server: Docker/29.7.2 (linux)
2026-09-12 12:18:03 [main] DEBUG c.g.d.z.s.o.a.h.client5.http.headers - http-outgoing-1 << Transfer-Encoding: chunked
2026-09-12 12:18:03 [main] DEBUG c.g.d.z.s.o.a.h.c.h.i.c.MainClientExec - ex-00000002: connection can be kept alive for 3 MINUTES
2026-09-12 12:18:03 [main] DEBUG c.g.d.z.s.o.a.hc.client5.http.wire - http-outgoing-1 << "4b0[\r][\n]"
2026-09-12 12:18:03 [main] DEBUG c.g.d.z.s.o.a.hc.client5.http.wire - http-outgoing-1 << "{"ID":"","Containers":0,"ContainersRunning":0,"ContainersPaused":0,"ContainersStopped":0,"Images":0,"Driver":"","DriverStatus":null,"Plugins":{"Volume":null,"Network":null,"Authorization":null,"Log":null},"MemoryLimit":false,"SwapLimit":false,"CpuCfsPeriod":false,"CpuCfsQuota":false,"CPUShares":false,"CPUSet":false,"PidsLimit":false,"IPv4Forwarding":false,"Debug":false,"NFd":0,"OomKillDisable":false,"NGoroutines":0,"SystemTime":"","LoggingDriver":"","CgroupDriver":"","NEventsListener":0,"KernelVersion":"","OperatingSystem":"","OSVersion":"","OSType":"","Architecture":"","IndexServerAddress":"","RegistryConfig":null,"NCPU":0,"MemTotal":0,"GenericResources":null,"DockerRootDir":"","HttpProxy":"","HttpsProxy":"","NoProxy":"","Name":"","Labels":["com.docker.desktop.address=npipe://\\\\.\\pipe\\docker_cli"],"ExperimentalBuild":false,"ServerVersion":"","Runtimes":null,"DefaultRuntime":"","Swarm":{"NodeID":"","NodeAddr":"","LocalNodeState":"","ControlAvailable":false,"Error":"","RemoteManagers":null},"LiveRestoreEnabled":false,"Isolation":"","InitBinary":"","ContainerdCommit":{"ID":""},"RuncCommit":{"ID":""},"InitCommit":{"ID":""},"SecurityOptions":null,"CDISpecDirs":null,"Warnings":null}[\r][\n]"
2026-09-12 12:18:03 [main] DEBUG c.g.d.z.s.o.a.hc.client5.http.wire - http-outgoing-1 << "0[\r][\n]"
2026-09-12 12:18:03 [main] DEBUG c.g.d.z.s.o.a.hc.client5.http.wire - http-outgoing-1 << "[\r][\n]"
2026-09-12 12:18:03 [main] DEBUG c.g.d.z.s.o.a.h.c.h.i.c.InternalHttpClient - ep-00000001: releasing valid endpoint
2026-09-12 12:18:03 [main] DEBUG c.g.d.z.s.o.a.h.c.h.i.i.PoolingHttpClientConnectionManager - ep-00000001: releasing endpoint
2026-09-12 12:18:03 [main] DEBUG c.g.d.z.s.o.a.h.c.h.i.i.PoolingHttpClientConnectionManager - ep-00000001: connection http-outgoing-1 can be kept alive for 3 MINUTES
2026-09-12 12:18:03 [main] DEBUG c.g.d.z.s.o.a.h.c.h.i.i.PoolingHttpClientConnectionManager - ep-00000001: connection released [route: {}->npipe://localhost:2375][total available: 1; route allocated: 1 of 2147483647; total allocated: 1 of 2147483647]
2026-09-12 12:18:03 [main] DEBUG o.t.d.DockerClientProviderStrategy - NpipeSocketClientProviderStrategy: failed with exception BadRequestException (Status 400: {"ID":"","Containers":0,"ContainersRunning":0,"ContainersPaused":0,"ContainersStopped":0,"Images":0,"Driver":"","DriverStatus":null,"Plugins":{"Volume":null,"Network":null,"Authorization":null,"Log":null},"MemoryLimit":false,"SwapLimit":false,"CpuCfsPeriod":false,"CpuCfsQuota":false,"CPUShares":false,"CPUSet":false,"PidsLimit":false,"IPv4Forwarding":false,"Debug":false,"NFd":0,"OomKillDisable":false,"NGoroutines":0,"SystemTime":"","LoggingDriver":"","CgroupDriver":"","NEventsListener":0,"KernelVersion":"","OperatingSystem":"","OSVersion":"","OSType":"","Architecture":"","IndexServerAddress":"","RegistryConfig":null,"NCPU":0,"MemTotal":0,"GenericResources":null,"DockerRootDir":"","HttpProxy":"","HttpsProxy":"","NoProxy":"","Name":"","Labels":["com.docker.desktop.address=npipe://\\\\.\\pipe\\docker_cli"],"ExperimentalBuild":false,"ServerVersion":"","Runtimes":null,"DefaultRuntime":"","Swarm":{"NodeID":"","NodeAddr":"","LocalNodeState":"","ControlAvailable":false,"Error":"","RemoteManagers":null},"LiveRestoreEnabled":false,"Isolation":"","InitBinary":"","ContainerdCommit":{"ID":""},"RuncCommit":{"ID":""},"InitCommit":{"ID":""},"SecurityOptions":null,"CDISpecDirs":null,"Warnings":null})
2026-09-12 12:18:03 [main] INFO  o.t.d.DockerMachineClientProviderStrategy - docker-machine executable was not found on PATH ([C:\Windows\system32, C:\Windows, C:\Windows\System32\Wbem, C:\Windows\System32\WindowsPowerShell\v1.0\, C:\Windows\System32\OpenSSH\, C:\Program Files\dotnet\, C:\Program Files (x86)\NVIDIA Corporation\PhysX\Common, C:\Program Files\NVIDIA Corporation\NVIDIA app\NvDLISR, C:\Program Files\Cloudflare\Cloudflare WARP\, C:\Program Files\Git\cmd, C:\Users\azuureke\AppData\Local\Programs\Eclipse Adoptium\jdk-17.0.19.10-hotspot\bin, C:\Users\azuureke\AppData\Local\Microsoft\WindowsApps, , C:\Users\azuureke\AppData\Local\Programs\DockerDesktop\resources\bin])
2026-09-12 12:18:03 [main] ERROR o.t.d.DockerClientProviderStrategy - Could not find a valid Docker environment. Please check configuration. Attempted configurations were:
	EnvironmentAndSystemPropertyClientProviderStrategy: failed with exception BadRequestException (Status 400: {"ID":"","Containers":0,"ContainersRunning":0,"ContainersPaused":0,"ContainersStopped":0,"Images":0,"Driver":"","DriverStatus":null,"Plugins":{"Volume":null,"Network":null,"Authorization":null,"Log":null},"MemoryLimit":false,"SwapLimit":false,"CpuCfsPeriod":false,"CpuCfsQuota":false,"CPUShares":false,"CPUSet":false,"PidsLimit":false,"IPv4Forwarding":false,"Debug":false,"NFd":0,"OomKillDisable":false,"NGoroutines":0,"SystemTime":"","LoggingDriver":"","CgroupDriver":"","NEventsListener":0,"KernelVersion":"","OperatingSystem":"","OSVersion":"","OSType":"","Architecture":"","IndexServerAddress":"","RegistryConfig":null,"NCPU":0,"MemTotal":0,"GenericResources":null,"DockerRootDir":"","HttpProxy":"","HttpsProxy":"","NoProxy":"","Name":"","Labels":["com.docker.desktop.address=npipe://\\\\.\\pipe\\docker_cli"],"ExperimentalBuild":false,"ServerVersion":"","Runtimes":null,"DefaultRuntime":"","Swarm":{"NodeID":"","NodeAddr":"","LocalNodeState":"","ControlAvailable":false,"Error":"","RemoteManagers":null},"LiveRestoreEnabled":false,"Isolation":"","InitBinary":"","ContainerdCommit":{"ID":""},"RuncCommit":{"ID":""},"InitCommit":{"ID":""},"SecurityOptions":null,"CDISpecDirs":null,"Warnings":null})
	NpipeSocketClientProviderStrategy: failed with exception BadRequestException (Status 400: {"ID":"","Containers":0,"ContainersRunning":0,"ContainersPaused":0,"ContainersStopped":0,"Images":0,"Driver":"","DriverStatus":null,"Plugins":{"Volume":null,"Network":null,"Authorization":null,"Log":null},"MemoryLimit":false,"SwapLimit":false,"CpuCfsPeriod":false,"CpuCfsQuota":false,"CPUShares":false,"CPUSet":false,"PidsLimit":false,"IPv4Forwarding":false,"Debug":false,"NFd":0,"OomKillDisable":false,"NGoroutines":0,"SystemTime":"","LoggingDriver":"","CgroupDriver":"","NEventsListener":0,"KernelVersion":"","OperatingSystem":"","OSVersion":"","OSType":"","Architecture":"","IndexServerAddress":"","RegistryConfig":null,"NCPU":0,"MemTotal":0,"GenericResources":null,"DockerRootDir":"","HttpProxy":"","HttpsProxy":"","NoProxy":"","Name":"","Labels":["com.docker.desktop.address=npipe://\\\\.\\pipe\\docker_cli"],"ExperimentalBuild":false,"ServerVersion":"","Runtimes":null,"DefaultRuntime":"","Swarm":{"NodeID":"","NodeAddr":"","LocalNodeState":"","ControlAvailable":false,"Error":"","RemoteManagers":null},"LiveRestoreEnabled":false,"Isolation":"","InitBinary":"","ContainerdCommit":{"ID":""},"RuncCommit":{"ID":""},"InitCommit":{"ID":""},"SecurityOptions":null,"CDISpecDirs":null,"Warnings":null})As no valid configuration was found, execution cannot continue.
See https://java.testcontainers.org/on_failure.html for more details.
2026-09-12 12:18:16 [main] INFO  o.testcontainers.DockerClientFactory - Testcontainers version: 1.21.1
2026-09-12 12:18:16 [main] DEBUG o.t.u.TestcontainersConfiguration - Testcontainers configuration overrides will be loaded from file:/C:/Users/azuureke/.testcontainers.properties
2026-09-12 12:18:16 [main] DEBUG o.t.d.DockerClientProviderStrategy - Trying out strategy: EnvironmentAndSystemPropertyClientProviderStrategy
2026-09-12 12:18:16 [main] DEBUG o.t.s.c.g.d.c.command.AbstrDockerCmd - Cmd: 
2026-09-12 12:18:16 [main] DEBUG c.g.d.z.s.o.a.h.c.h.i.c.InternalHttpClient - ex-00000001: preparing request execution
2026-09-12 12:18:16 [main] DEBUG c.g.d.z.s.o.a.h.c.h.p.RequestAddCookies - Cookie spec selected: strict
2026-09-12 12:18:16 [main] DEBUG c.g.d.z.s.o.a.h.c.h.p.RequestAuthCache - Auth cache not set in the context
2026-09-12 12:18:16 [main] DEBUG c.g.d.z.s.o.a.h.c.h.i.c.ProtocolExec - ex-00000001: target auth state: UNCHALLENGED
2026-09-12 12:18:16 [main] DEBUG c.g.d.z.s.o.a.h.c.h.i.c.ProtocolExec - ex-00000001: proxy auth state: UNCHALLENGED
2026-09-12 12:18:16 [main] DEBUG c.g.d.z.s.o.a.h.c.h.i.c.ConnectExec - ex-00000001: acquiring connection with route {}->http://localhost:2375
2026-09-12 12:18:16 [main] DEBUG c.g.d.z.s.o.a.h.c.h.i.c.InternalHttpClient - ex-00000001: acquiring endpoint (3 MINUTES)
2026-09-12 12:18:16 [main] DEBUG c.g.d.z.s.o.a.h.c.h.i.i.PoolingHttpClientConnectionManager - ex-00000001: endpoint lease request (3 MINUTES) [route: {}->http://localhost:2375][total available: 0; route allocated: 0 of 2147483647; total allocated: 0 of 2147483647]
2026-09-12 12:18:16 [main] DEBUG c.g.d.z.s.o.a.h.c.h.i.i.PoolingHttpClientConnectionManager - ex-00000001: endpoint leased [route: {}->http://localhost:2375][total available: 0; route allocated: 1 of 2147483647; total allocated: 1 of 2147483647]
2026-09-12 12:18:16 [main] DEBUG c.g.d.z.s.o.a.h.c.h.i.i.PoolingHttpClientConnectionManager - ex-00000001: acquired ep-00000000
2026-09-12 12:18:16 [main] DEBUG c.g.d.z.s.o.a.h.c.h.i.c.InternalHttpClient - ex-00000001: acquired endpoint ep-00000000
2026-09-12 12:18:16 [main] DEBUG c.g.d.z.s.o.a.h.c.h.i.c.ConnectExec - ex-00000001: opening connection {}->http://localhost:2375
2026-09-12 12:18:16 [main] DEBUG c.g.d.z.s.o.a.h.c.h.i.c.InternalHttpClient - ep-00000000: connecting endpoint (3 MINUTES)
2026-09-12 12:18:16 [main] DEBUG c.g.d.z.s.o.a.h.c.h.i.i.PoolingHttpClientConnectionManager - ep-00000000: connecting endpoint to http://localhost:2375 (3 MINUTES)
2026-09-12 12:18:16 [main] DEBUG c.g.d.z.s.o.a.h.c.h.i.i.DefaultHttpClientConnectionOperator - http-outgoing-0: connecting to localhost/127.0.0.1:2375
2026-09-12 12:18:16 [main] DEBUG c.g.d.z.s.o.a.h.c.h.i.i.DefaultHttpClientConnectionOperator - http-outgoing-0: connection established 127.0.0.1:62544<->127.0.0.1:2375
2026-09-12 12:18:16 [main] DEBUG c.g.d.z.s.o.a.h.c.h.i.i.PoolingHttpClientConnectionManager - ep-00000000: connected http-outgoing-0
2026-09-12 12:18:16 [main] DEBUG c.g.d.z.s.o.a.h.c.h.i.c.InternalHttpClient - ep-00000000: endpoint connected
2026-09-12 12:18:16 [main] DEBUG c.g.d.z.s.o.a.h.c.h.i.c.MainClientExec - ex-00000001: executing GET /v1.32/info HTTP/1.1
2026-09-12 12:18:16 [main] DEBUG c.g.d.z.s.o.a.h.c.h.i.c.InternalHttpClient - ep-00000000: start execution ex-00000001
2026-09-12 12:18:16 [main] DEBUG c.g.d.z.s.o.a.h.c.h.i.i.PoolingHttpClientConnectionManager - ep-00000000: executing exchange ex-00000001 over http-outgoing-0
2026-09-12 12:18:16 [main] DEBUG c.g.d.z.s.o.a.h.client5.http.headers - http-outgoing-0 >> GET /v1.32/info HTTP/1.1
2026-09-12 12:18:16 [main] DEBUG c.g.d.z.s.o.a.h.client5.http.headers - http-outgoing-0 >> x-tc-sid: dee1d567-3f4c-4310-91c3-d01e90c77167
2026-09-12 12:18:16 [main] DEBUG c.g.d.z.s.o.a.h.client5.http.headers - http-outgoing-0 >> User-Agent: tc-java/1.21.1
2026-09-12 12:18:16 [main] DEBUG c.g.d.z.s.o.a.h.client5.http.headers - http-outgoing-0 >> Accept-Encoding: gzip, x-gzip, deflate
2026-09-12 12:18:16 [main] DEBUG c.g.d.z.s.o.a.h.client5.http.headers - http-outgoing-0 >> Host: localhost:2375
2026-09-12 12:18:16 [main] DEBUG c.g.d.z.s.o.a.h.client5.http.headers - http-outgoing-0 >> Connection: keep-alive
2026-09-12 12:18:16 [main] DEBUG c.g.d.z.s.o.a.hc.client5.http.wire - http-outgoing-0 >> "GET /v1.32/info HTTP/1.1[\r][\n]"
2026-09-12 12:18:16 [main] DEBUG c.g.d.z.s.o.a.hc.client5.http.wire - http-outgoing-0 >> "x-tc-sid: dee1d567-3f4c-4310-91c3-d01e90c77167[\r][\n]"
2026-09-12 12:18:16 [main] DEBUG c.g.d.z.s.o.a.hc.client5.http.wire - http-outgoing-0 >> "User-Agent: tc-java/1.21.1[\r][\n]"
2026-09-12 12:18:16 [main] DEBUG c.g.d.z.s.o.a.hc.client5.http.wire - http-outgoing-0 >> "Accept-Encoding: gzip, x-gzip, deflate[\r][\n]"
2026-09-12 12:18:16 [main] DEBUG c.g.d.z.s.o.a.hc.client5.http.wire - http-outgoing-0 >> "Host: localhost:2375[\r][\n]"
2026-09-12 12:18:16 [main] DEBUG c.g.d.z.s.o.a.hc.client5.http.wire - http-outgoing-0 >> "Connection: keep-alive[\r][\n]"
2026-09-12 12:18:16 [main] DEBUG c.g.d.z.s.o.a.hc.client5.http.wire - http-outgoing-0 >> "[\r][\n]"
2026-09-12 12:18:16 [main] DEBUG c.g.d.z.s.o.a.hc.client5.http.wire - http-outgoing-0 << "HTTP/1.1 400 Bad Request[\r][\n]"
2026-09-12 12:18:16 [main] DEBUG c.g.d.z.s.o.a.hc.client5.http.wire - http-outgoing-0 << "Api-Version: 1.55[\r][\n]"
2026-09-12 12:18:16 [main] DEBUG c.g.d.z.s.o.a.hc.client5.http.wire - http-outgoing-0 << "Content-Type: application/json[\r][\n]"
2026-09-12 12:18:16 [main] DEBUG c.g.d.z.s.o.a.hc.client5.http.wire - http-outgoing-0 << "Date: Sat, 12 Sep 2026 10:18:16 GMT[\r][\n]"
2026-09-12 12:18:16 [main] DEBUG c.g.d.z.s.o.a.hc.client5.http.wire - http-outgoing-0 << "Ostype: linux[\r][\n]"
2026-09-12 12:18:16 [main] DEBUG c.g.d.z.s.o.a.hc.client5.http.wire - http-outgoing-0 << "Server: Docker/29.7.2 (linux)[\r][\n]"
2026-09-12 12:18:16 [main] DEBUG c.g.d.z.s.o.a.hc.client5.http.wire - http-outgoing-0 << "Transfer-Encoding: chunked[\r][\n]"
2026-09-12 12:18:16 [main] DEBUG c.g.d.z.s.o.a.hc.client5.http.wire - http-outgoing-0 << "[\r][\n]"
2026-09-12 12:18:16 [main] DEBUG c.g.d.z.s.o.a.hc.client5.http.wire - http-outgoing-0 << "4b0[\r][\n]"
2026-09-12 12:18:16 [main] DEBUG c.g.d.z.s.o.a.hc.client5.http.wire - http-outgoing-0 << "{"ID":"","Containers":0,"ContainersRunning":0,"ContainersPaused":0,"ContainersStopped":0,"Images":0,"Driver":"","DriverStatus":null,"Plugins":{"Volume":null,"Network":null,"Authorization":null,"Log":null},"MemoryLimit":false,"SwapLimit":false,"CpuCfsPeriod":false,"CpuCfsQuota":false,"CPUShares":false,"CPUSet":false,"PidsLimit":false,"IPv4Forwarding":false,"Debug":false,"NFd":0,"OomKillDisable":false,"NGoroutines":0,"SystemTime":"","LoggingDriver":"","CgroupDriver":"","NEventsListener":0,"KernelVersion":"","OperatingSystem":"","OSVersion":"","OSType":"","Architecture":"","IndexServerAddress":"","RegistryConfig":null,"NCPU":0,"MemTotal":0,"GenericResources":null,"DockerRootDir":"","HttpProxy":"","HttpsProxy":"","NoProxy":"","Name":"","Labels":["com.docker.desktop.address=npipe://\\\\.\\pipe\\docker_cli"],"ExperimentalBuild":false,"ServerVersion":"","Runtimes":null,"DefaultRuntime":"","Swarm":{"NodeID":"","NodeAddr":"","LocalNodeState":"","ControlAvailable":false,"Error":"","RemoteManagers":null},"LiveRestoreEnabled":false,"Isolation":"","InitBinary":"","ContainerdCommit":{"ID":""},"RuncCommit":{"ID":""},"InitCommit":{"ID":""},"SecurityOptions":null,"CDISpecDirs":null,"Warnings":null}[\r][\n]"
2026-09-12 12:18:16 [main] DEBUG c.g.d.z.s.o.a.h.client5.http.headers - http-outgoing-0 << HTTP/1.1 400 Bad Request
2026-09-12 12:18:16 [main] DEBUG c.g.d.z.s.o.a.h.client5.http.headers - http-outgoing-0 << Api-Version: 1.55
2026-09-12 12:18:16 [main] DEBUG c.g.d.z.s.o.a.h.client5.http.headers - http-outgoing-0 << Content-Type: application/json
2026-09-12 12:18:16 [main] DEBUG c.g.d.z.s.o.a.h.client5.http.headers - http-outgoing-0 << Date: Sat, 12 Sep 2026 10:18:16 GMT
2026-09-12 12:18:16 [main] DEBUG c.g.d.z.s.o.a.h.client5.http.headers - http-outgoing-0 << Ostype: linux
2026-09-12 12:18:16 [main] DEBUG c.g.d.z.s.o.a.h.client5.http.headers - http-outgoing-0 << Server: Docker/29.7.2 (linux)
2026-09-12 12:18:16 [main] DEBUG c.g.d.z.s.o.a.h.client5.http.headers - http-outgoing-0 << Transfer-Encoding: chunked
2026-09-12 12:18:16 [main] DEBUG c.g.d.z.s.o.a.h.c.h.i.c.MainClientExec - ex-00000001: connection can be kept alive for 3 MINUTES
2026-09-12 12:18:16 [main] DEBUG c.g.d.z.s.o.a.hc.client5.http.wire - http-outgoing-0 << "0[\r][\n]"
2026-09-12 12:18:16 [main] DEBUG c.g.d.z.s.o.a.hc.client5.http.wire - http-outgoing-0 << "[\r][\n]"
2026-09-12 12:18:16 [main] DEBUG c.g.d.z.s.o.a.h.c.h.i.c.InternalHttpClient - ep-00000000: releasing valid endpoint
2026-09-12 12:18:16 [main] DEBUG c.g.d.z.s.o.a.h.c.h.i.i.PoolingHttpClientConnectionManager - ep-00000000: releasing endpoint
2026-09-12 12:18:16 [main] DEBUG c.g.d.z.s.o.a.h.c.h.i.i.PoolingHttpClientConnectionManager - ep-00000000: connection http-outgoing-0 can be kept alive for 3 MINUTES
2026-09-12 12:18:16 [main] DEBUG c.g.d.z.s.o.a.h.c.h.i.i.PoolingHttpClientConnectionManager - ep-00000000: connection released [route: {}->http://localhost:2375][total available: 1; route allocated: 1 of 2147483647; total allocated: 1 of 2147483647]
2026-09-12 12:18:16 [main] DEBUG o.t.d.DockerClientProviderStrategy - EnvironmentAndSystemPropertyClientProviderStrategy: failed with exception BadRequestException (Status 400: {"ID":"","Containers":0,"ContainersRunning":0,"ContainersPaused":0,"ContainersStopped":0,"Images":0,"Driver":"","DriverStatus":null,"Plugins":{"Volume":null,"Network":null,"Authorization":null,"Log":null},"MemoryLimit":false,"SwapLimit":false,"CpuCfsPeriod":false,"CpuCfsQuota":false,"CPUShares":false,"CPUSet":false,"PidsLimit":false,"IPv4Forwarding":false,"Debug":false,"NFd":0,"OomKillDisable":false,"NGoroutines":0,"SystemTime":"","LoggingDriver":"","CgroupDriver":"","NEventsListener":0,"KernelVersion":"","OperatingSystem":"","OSVersion":"","OSType":"","Architecture":"","IndexServerAddress":"","RegistryConfig":null,"NCPU":0,"MemTotal":0,"GenericResources":null,"DockerRootDir":"","HttpProxy":"","HttpsProxy":"","NoProxy":"","Name":"","Labels":["com.docker.desktop.address=npipe://\\\\.\\pipe\\docker_cli"],"ExperimentalBuild":false,"ServerVersion":"","Runtimes":null,"DefaultRuntime":"","Swarm":{"NodeID":"","NodeAddr":"","LocalNodeState":"","ControlAvailable":false,"Error":"","RemoteManagers":null},"LiveRestoreEnabled":false,"Isolation":"","InitBinary":"","ContainerdCommit":{"ID":""},"RuncCommit":{"ID":""},"InitCommit":{"ID":""},"SecurityOptions":null,"CDISpecDirs":null,"Warnings":null})
2026-09-12 12:18:16 [main] DEBUG o.t.d.DockerClientProviderStrategy - Trying out strategy: NpipeSocketClientProviderStrategy
2026-09-12 12:18:16 [main] DEBUG o.t.s.c.g.d.c.command.AbstrDockerCmd - Cmd: 
2026-09-12 12:18:16 [main] DEBUG c.g.d.z.s.o.a.h.c.h.i.c.InternalHttpClient - ex-00000002: preparing request execution
2026-09-12 12:18:16 [main] DEBUG c.g.d.z.s.o.a.h.c.h.p.RequestAddCookies - Cookie spec selected: strict
2026-09-12 12:18:16 [main] DEBUG c.g.d.z.s.o.a.h.c.h.p.RequestAuthCache - Auth cache not set in the context
2026-09-12 12:18:16 [main] DEBUG c.g.d.z.s.o.a.h.c.h.i.c.ProtocolExec - ex-00000002: target auth state: UNCHALLENGED
2026-09-12 12:18:16 [main] DEBUG c.g.d.z.s.o.a.h.c.h.i.c.ProtocolExec - ex-00000002: proxy auth state: UNCHALLENGED
2026-09-12 12:18:16 [main] DEBUG c.g.d.z.s.o.a.h.c.h.i.c.ConnectExec - ex-00000002: acquiring connection with route {}->npipe://localhost:2375
2026-09-12 12:18:16 [main] DEBUG c.g.d.z.s.o.a.h.c.h.i.c.InternalHttpClient - ex-00000002: acquiring endpoint (3 MINUTES)
2026-09-12 12:18:16 [main] DEBUG c.g.d.z.s.o.a.h.c.h.i.i.PoolingHttpClientConnectionManager - ex-00000002: endpoint lease request (3 MINUTES) [route: {}->npipe://localhost:2375][total available: 0; route allocated: 0 of 2147483647; total allocated: 0 of 2147483647]
2026-09-12 12:18:16 [main] DEBUG c.g.d.z.s.o.a.h.c.h.i.i.PoolingHttpClientConnectionManager - ex-00000002: endpoint leased [route: {}->npipe://localhost:2375][total available: 0; route allocated: 1 of 2147483647; total allocated: 1 of 2147483647]
2026-09-12 12:18:16 [main] DEBUG c.g.d.z.s.o.a.h.c.h.i.i.PoolingHttpClientConnectionManager - ex-00000002: acquired ep-00000001
2026-09-12 12:18:16 [main] DEBUG c.g.d.z.s.o.a.h.c.h.i.c.InternalHttpClient - ex-00000002: acquired endpoint ep-00000001
2026-09-12 12:18:16 [main] DEBUG c.g.d.z.s.o.a.h.c.h.i.c.ConnectExec - ex-00000002: opening connection {}->npipe://localhost:2375
2026-09-12 12:18:16 [main] DEBUG c.g.d.z.s.o.a.h.c.h.i.c.InternalHttpClient - ep-00000001: connecting endpoint (3 MINUTES)
2026-09-12 12:18:16 [main] DEBUG c.g.d.z.s.o.a.h.c.h.i.i.PoolingHttpClientConnectionManager - ep-00000001: connecting endpoint to npipe://localhost:2375 (3 MINUTES)
2026-09-12 12:18:16 [main] DEBUG c.g.d.z.s.o.a.h.c.h.i.i.DefaultHttpClientConnectionOperator - http-outgoing-1: connecting to localhost/127.0.0.1:2375
2026-09-12 12:18:16 [main] DEBUG c.g.d.z.s.o.a.h.c.h.i.i.DefaultHttpClientConnectionOperator - http-outgoing-1: connection established 
2026-09-12 12:18:16 [main] DEBUG c.g.d.z.s.o.a.h.c.h.i.i.PoolingHttpClientConnectionManager - ep-00000001: connected http-outgoing-1
2026-09-12 12:18:16 [main] DEBUG c.g.d.z.s.o.a.h.c.h.i.c.InternalHttpClient - ep-00000001: endpoint connected
2026-09-12 12:18:16 [main] DEBUG c.g.d.z.s.o.a.h.c.h.i.c.MainClientExec - ex-00000002: executing GET /v1.32/info HTTP/1.1
2026-09-12 12:18:16 [main] DEBUG c.g.d.z.s.o.a.h.c.h.i.c.InternalHttpClient - ep-00000001: start execution ex-00000002
2026-09-12 12:18:16 [main] DEBUG c.g.d.z.s.o.a.h.c.h.i.i.PoolingHttpClientConnectionManager - ep-00000001: executing exchange ex-00000002 over http-outgoing-1
2026-09-12 12:18:16 [main] DEBUG c.g.d.z.s.o.a.h.client5.http.headers - http-outgoing-1 >> GET /v1.32/info HTTP/1.1
2026-09-12 12:18:16 [main] DEBUG c.g.d.z.s.o.a.h.client5.http.headers - http-outgoing-1 >> x-tc-sid: dee1d567-3f4c-4310-91c3-d01e90c77167
2026-09-12 12:18:16 [main] DEBUG c.g.d.z.s.o.a.h.client5.http.headers - http-outgoing-1 >> User-Agent: tc-java/1.21.1
2026-09-12 12:18:16 [main] DEBUG c.g.d.z.s.o.a.h.client5.http.headers - http-outgoing-1 >> Accept-Encoding: gzip, x-gzip, deflate
2026-09-12 12:18:16 [main] DEBUG c.g.d.z.s.o.a.h.client5.http.headers - http-outgoing-1 >> Host: localhost:2375
2026-09-12 12:18:16 [main] DEBUG c.g.d.z.s.o.a.h.client5.http.headers - http-outgoing-1 >> Connection: keep-alive
2026-09-12 12:18:16 [main] DEBUG c.g.d.z.s.o.a.hc.client5.http.wire - http-outgoing-1 >> "GET /v1.32/info HTTP/1.1[\r][\n]"
2026-09-12 12:18:16 [main] DEBUG c.g.d.z.s.o.a.hc.client5.http.wire - http-outgoing-1 >> "x-tc-sid: dee1d567-3f4c-4310-91c3-d01e90c77167[\r][\n]"
2026-09-12 12:18:16 [main] DEBUG c.g.d.z.s.o.a.hc.client5.http.wire - http-outgoing-1 >> "User-Agent: tc-java/1.21.1[\r][\n]"
2026-09-12 12:18:16 [main] DEBUG c.g.d.z.s.o.a.hc.client5.http.wire - http-outgoing-1 >> "Accept-Encoding: gzip, x-gzip, deflate[\r][\n]"
2026-09-12 12:18:16 [main] DEBUG c.g.d.z.s.o.a.hc.client5.http.wire - http-outgoing-1 >> "Host: localhost:2375[\r][\n]"
2026-09-12 12:18:16 [main] DEBUG c.g.d.z.s.o.a.hc.client5.http.wire - http-outgoing-1 >> "Connection: keep-alive[\r][\n]"
2026-09-12 12:18:16 [main] DEBUG c.g.d.z.s.o.a.hc.client5.http.wire - http-outgoing-1 >> "[\r][\n]"
2026-09-12 12:18:16 [main] DEBUG c.g.d.z.s.o.a.hc.client5.http.wire - http-outgoing-1 << "HTTP/1.1 400 Bad Request[\r][\n]"
2026-09-12 12:18:16 [main] DEBUG c.g.d.z.s.o.a.hc.client5.http.wire - http-outgoing-1 << "Api-Version: 1.55[\r][\n]"
2026-09-12 12:18:16 [main] DEBUG c.g.d.z.s.o.a.hc.client5.http.wire - http-outgoing-1 << "Content-Type: application/json[\r][\n]"
2026-09-12 12:18:16 [main] DEBUG c.g.d.z.s.o.a.hc.client5.http.wire - http-outgoing-1 << "Date: Sat, 12 Sep 2026 10:18:16 GMT[\r][\n]"
2026-09-12 12:18:16 [main] DEBUG c.g.d.z.s.o.a.hc.client5.http.wire - http-outgoing-1 << "Ostype: linux[\r][\n]"
2026-09-12 12:18:16 [main] DEBUG c.g.d.z.s.o.a.hc.client5.http.wire - http-outgoing-1 << "Server: Docker/29.7.2 (linux)[\r][\n]"
2026-09-12 12:18:16 [main] DEBUG c.g.d.z.s.o.a.hc.client5.http.wire - http-outgoing-1 << "Transfer-Encoding: chunked[\r][\n]"
2026-09-12 12:18:16 [main] DEBUG c.g.d.z.s.o.a.hc.client5.http.wire - http-outgoing-1 << "[\r][\n]"
2026-09-12 12:18:16 [main] DEBUG c.g.d.z.s.o.a.h.client5.http.headers - http-outgoing-1 << HTTP/1.1 400 Bad Request
2026-09-12 12:18:16 [main] DEBUG c.g.d.z.s.o.a.h.client5.http.headers - http-outgoing-1 << Api-Version: 1.55
2026-09-12 12:18:16 [main] DEBUG c.g.d.z.s.o.a.h.client5.http.headers - http-outgoing-1 << Content-Type: application/json
2026-09-12 12:18:16 [main] DEBUG c.g.d.z.s.o.a.h.client5.http.headers - http-outgoing-1 << Date: Sat, 12 Sep 2026 10:18:16 GMT
2026-09-12 12:18:16 [main] DEBUG c.g.d.z.s.o.a.h.client5.http.headers - http-outgoing-1 << Ostype: linux
2026-09-12 12:18:16 [main] DEBUG c.g.d.z.s.o.a.h.client5.http.headers - http-outgoing-1 << Server: Docker/29.7.2 (linux)
2026-09-12 12:18:16 [main] DEBUG c.g.d.z.s.o.a.h.client5.http.headers - http-outgoing-1 << Transfer-Encoding: chunked
2026-09-12 12:18:16 [main] DEBUG c.g.d.z.s.o.a.h.c.h.i.c.MainClientExec - ex-00000002: connection can be kept alive for 3 MINUTES
2026-09-12 12:18:16 [main] DEBUG c.g.d.z.s.o.a.hc.client5.http.wire - http-outgoing-1 << "4b0[\r][\n]"
2026-09-12 12:18:16 [main] DEBUG c.g.d.z.s.o.a.hc.client5.http.wire - http-outgoing-1 << "{"ID":"","Containers":0,"ContainersRunning":0,"ContainersPaused":0,"ContainersStopped":0,"Images":0,"Driver":"","DriverStatus":null,"Plugins":{"Volume":null,"Network":null,"Authorization":null,"Log":null},"MemoryLimit":false,"SwapLimit":false,"CpuCfsPeriod":false,"CpuCfsQuota":false,"CPUShares":false,"CPUSet":false,"PidsLimit":false,"IPv4Forwarding":false,"Debug":false,"NFd":0,"OomKillDisable":false,"NGoroutines":0,"SystemTime":"","LoggingDriver":"","CgroupDriver":"","NEventsListener":0,"KernelVersion":"","OperatingSystem":"","OSVersion":"","OSType":"","Architecture":"","IndexServerAddress":"","RegistryConfig":null,"NCPU":0,"MemTotal":0,"GenericResources":null,"DockerRootDir":"","HttpProxy":"","HttpsProxy":"","NoProxy":"","Name":"","Labels":["com.docker.desktop.address=npipe://\\\\.\\pipe\\docker_cli"],"ExperimentalBuild":false,"ServerVersion":"","Runtimes":null,"DefaultRuntime":"","Swarm":{"NodeID":"","NodeAddr":"","LocalNodeState":"","ControlAvailable":false,"Error":"","RemoteManagers":null},"LiveRestoreEnabled":false,"Isolation":"","InitBinary":"","ContainerdCommit":{"ID":""},"RuncCommit":{"ID":""},"InitCommit":{"ID":""},"SecurityOptions":null,"CDISpecDirs":null,"Warnings":null}[\r][\n]"
2026-09-12 12:18:16 [main] DEBUG c.g.d.z.s.o.a.hc.client5.http.wire - http-outgoing-1 << "0[\r][\n]"
2026-09-12 12:18:16 [main] DEBUG c.g.d.z.s.o.a.hc.client5.http.wire - http-outgoing-1 << "[\r][\n]"
2026-09-12 12:18:16 [main] DEBUG c.g.d.z.s.o.a.h.c.h.i.c.InternalHttpClient - ep-00000001: releasing valid endpoint
2026-09-12 12:18:16 [main] DEBUG c.g.d.z.s.o.a.h.c.h.i.i.PoolingHttpClientConnectionManager - ep-00000001: releasing endpoint
2026-09-12 12:18:16 [main] DEBUG c.g.d.z.s.o.a.h.c.h.i.i.PoolingHttpClientConnectionManager - ep-00000001: connection http-outgoing-1 can be kept alive for 3 MINUTES
2026-09-12 12:18:16 [main] DEBUG c.g.d.z.s.o.a.h.c.h.i.i.PoolingHttpClientConnectionManager - ep-00000001: connection released [route: {}->npipe://localhost:2375][total available: 1; route allocated: 1 of 2147483647; total allocated: 1 of 2147483647]
2026-09-12 12:18:16 [main] DEBUG o.t.d.DockerClientProviderStrategy - NpipeSocketClientProviderStrategy: failed with exception BadRequestException (Status 400: {"ID":"","Containers":0,"ContainersRunning":0,"ContainersPaused":0,"ContainersStopped":0,"Images":0,"Driver":"","DriverStatus":null,"Plugins":{"Volume":null,"Network":null,"Authorization":null,"Log":null},"MemoryLimit":false,"SwapLimit":false,"CpuCfsPeriod":false,"CpuCfsQuota":false,"CPUShares":false,"CPUSet":false,"PidsLimit":false,"IPv4Forwarding":false,"Debug":false,"NFd":0,"OomKillDisable":false,"NGoroutines":0,"SystemTime":"","LoggingDriver":"","CgroupDriver":"","NEventsListener":0,"KernelVersion":"","OperatingSystem":"","OSVersion":"","OSType":"","Architecture":"","IndexServerAddress":"","RegistryConfig":null,"NCPU":0,"MemTotal":0,"GenericResources":null,"DockerRootDir":"","HttpProxy":"","HttpsProxy":"","NoProxy":"","Name":"","Labels":["com.docker.desktop.address=npipe://\\\\.\\pipe\\docker_cli"],"ExperimentalBuild":false,"ServerVersion":"","Runtimes":null,"DefaultRuntime":"","Swarm":{"NodeID":"","NodeAddr":"","LocalNodeState":"","ControlAvailable":false,"Error":"","RemoteManagers":null},"LiveRestoreEnabled":false,"Isolation":"","InitBinary":"","ContainerdCommit":{"ID":""},"RuncCommit":{"ID":""},"InitCommit":{"ID":""},"SecurityOptions":null,"CDISpecDirs":null,"Warnings":null})
2026-09-12 12:18:16 [main] INFO  o.t.d.DockerMachineClientProviderStrategy - docker-machine executable was not found on PATH ([C:\Windows\system32, C:\Windows, C:\Windows\System32\Wbem, C:\Windows\System32\WindowsPowerShell\v1.0\, C:\Windows\System32\OpenSSH\, C:\Program Files\dotnet\, C:\Program Files (x86)\NVIDIA Corporation\PhysX\Common, C:\Program Files\NVIDIA Corporation\NVIDIA app\NvDLISR, C:\Program Files\Cloudflare\Cloudflare WARP\, C:\Program Files\Git\cmd, C:\Users\azuureke\AppData\Local\Programs\Eclipse Adoptium\jdk-17.0.19.10-hotspot\bin, C:\Users\azuureke\AppData\Local\Microsoft\WindowsApps, , C:\Users\azuureke\AppData\Local\Programs\DockerDesktop\resources\bin])
2026-09-12 12:18:16 [main] ERROR o.t.d.DockerClientProviderStrategy - Could not find a valid Docker environment. Please check configuration. Attempted configurations were:
	EnvironmentAndSystemPropertyClientProviderStrategy: failed with exception BadRequestException (Status 400: {"ID":"","Containers":0,"ContainersRunning":0,"ContainersPaused":0,"ContainersStopped":0,"Images":0,"Driver":"","DriverStatus":null,"Plugins":{"Volume":null,"Network":null,"Authorization":null,"Log":null},"MemoryLimit":false,"SwapLimit":false,"CpuCfsPeriod":false,"CpuCfsQuota":false,"CPUShares":false,"CPUSet":false,"PidsLimit":false,"IPv4Forwarding":false,"Debug":false,"NFd":0,"OomKillDisable":false,"NGoroutines":0,"SystemTime":"","LoggingDriver":"","CgroupDriver":"","NEventsListener":0,"KernelVersion":"","OperatingSystem":"","OSVersion":"","OSType":"","Architecture":"","IndexServerAddress":"","RegistryConfig":null,"NCPU":0,"MemTotal":0,"GenericResources":null,"DockerRootDir":"","HttpProxy":"","HttpsProxy":"","NoProxy":"","Name":"","Labels":["com.docker.desktop.address=npipe://\\\\.\\pipe\\docker_cli"],"ExperimentalBuild":false,"ServerVersion":"","Runtimes":null,"DefaultRuntime":"","Swarm":{"NodeID":"","NodeAddr":"","LocalNodeState":"","ControlAvailable":false,"Error":"","RemoteManagers":null},"LiveRestoreEnabled":false,"Isolation":"","InitBinary":"","ContainerdCommit":{"ID":""},"RuncCommit":{"ID":""},"InitCommit":{"ID":""},"SecurityOptions":null,"CDISpecDirs":null,"Warnings":null})
	NpipeSocketClientProviderStrategy: failed with exception BadRequestException (Status 400: {"ID":"","Containers":0,"ContainersRunning":0,"ContainersPaused":0,"ContainersStopped":0,"Images":0,"Driver":"","DriverStatus":null,"Plugins":{"Volume":null,"Network":null,"Authorization":null,"Log":null},"MemoryLimit":false,"SwapLimit":false,"CpuCfsPeriod":false,"CpuCfsQuota":false,"CPUShares":false,"CPUSet":false,"PidsLimit":false,"IPv4Forwarding":false,"Debug":false,"NFd":0,"OomKillDisable":false,"NGoroutines":0,"SystemTime":"","LoggingDriver":"","CgroupDriver":"","NEventsListener":0,"KernelVersion":"","OperatingSystem":"","OSVersion":"","OSType":"","Architecture":"","IndexServerAddress":"","RegistryConfig":null,"NCPU":0,"MemTotal":0,"GenericResources":null,"DockerRootDir":"","HttpProxy":"","HttpsProxy":"","NoProxy":"","Name":"","Labels":["com.docker.desktop.address=npipe://\\\\.\\pipe\\docker_cli"],"ExperimentalBuild":false,"ServerVersion":"","Runtimes":null,"DefaultRuntime":"","Swarm":{"NodeID":"","NodeAddr":"","LocalNodeState":"","ControlAvailable":false,"Error":"","RemoteManagers":null},"LiveRestoreEnabled":false,"Isolation":"","InitBinary":"","ContainerdCommit":{"ID":""},"RuncCommit":{"ID":""},"InitCommit":{"ID":""},"SecurityOptions":null,"CDISpecDirs":null,"Warnings":null})As no valid configuration was found, execution cannot continue.
See https://java.testcontainers.org/on_failure.html for more details.
2026-09-12 12:19:21 [main] DEBUG o.t.u.TestcontainersConfiguration - Testcontainers configuration overrides will be loaded from file:/C:/Users/azuureke/.testcontainers.properties
2026-09-12 12:19:21 [main] INFO  o.testcontainers.images.PullPolicy - Image pull policy will be performed by: DefaultPullPolicy()
2026-09-12 12:19:21 [main] INFO  o.t.utility.ImageNameSubstitutor - Image name substitution will be performed by: DefaultImageNameSubstitutor (composite of 'ConfigurationFileImageNameSubstitutor' and 'PrefixingImageNameSubstitutor')
2026-09-12 12:19:21 [main] INFO  o.testcontainers.DockerClientFactory - Testcontainers version: 1.21.1
2026-09-12 12:19:21 [main] DEBUG o.t.d.DockerClientProviderStrategy - Trying out strategy: EnvironmentAndSystemPropertyClientProviderStrategy
2026-09-12 12:19:21 [main] DEBUG o.t.s.c.g.d.c.command.AbstrDockerCmd - Cmd: 
2026-09-12 12:19:21 [main] DEBUG c.g.d.z.s.o.a.h.c.h.i.c.InternalHttpClient - ex-00000001: preparing request execution
2026-09-12 12:19:21 [main] DEBUG c.g.d.z.s.o.a.h.c.h.p.RequestAddCookies - Cookie spec selected: strict
2026-09-12 12:19:21 [main] DEBUG c.g.d.z.s.o.a.h.c.h.p.RequestAuthCache - Auth cache not set in the context
2026-09-12 12:19:21 [main] DEBUG c.g.d.z.s.o.a.h.c.h.i.c.ProtocolExec - ex-00000001: target auth state: UNCHALLENGED
2026-09-12 12:19:21 [main] DEBUG c.g.d.z.s.o.a.h.c.h.i.c.ProtocolExec - ex-00000001: proxy auth state: UNCHALLENGED
2026-09-12 12:19:21 [main] DEBUG c.g.d.z.s.o.a.h.c.h.i.c.ConnectExec - ex-00000001: acquiring connection with route {}->http://localhost:2375
2026-09-12 12:19:21 [main] DEBUG c.g.d.z.s.o.a.h.c.h.i.c.InternalHttpClient - ex-00000001: acquiring endpoint (3 MINUTES)
2026-09-12 12:19:21 [main] DEBUG c.g.d.z.s.o.a.h.c.h.i.i.PoolingHttpClientConnectionManager - ex-00000001: endpoint lease request (3 MINUTES) [route: {}->http://localhost:2375][total available: 0; route allocated: 0 of 2147483647; total allocated: 0 of 2147483647]
2026-09-12 12:19:21 [main] DEBUG c.g.d.z.s.o.a.h.c.h.i.i.PoolingHttpClientConnectionManager - ex-00000001: endpoint leased [route: {}->http://localhost:2375][total available: 0; route allocated: 1 of 2147483647; total allocated: 1 of 2147483647]
2026-09-12 12:19:21 [main] DEBUG c.g.d.z.s.o.a.h.c.h.i.i.PoolingHttpClientConnectionManager - ex-00000001: acquired ep-00000000
2026-09-12 12:19:21 [main] DEBUG c.g.d.z.s.o.a.h.c.h.i.c.InternalHttpClient - ex-00000001: acquired endpoint ep-00000000
2026-09-12 12:19:21 [main] DEBUG c.g.d.z.s.o.a.h.c.h.i.c.ConnectExec - ex-00000001: opening connection {}->http://localhost:2375
2026-09-12 12:19:21 [main] DEBUG c.g.d.z.s.o.a.h.c.h.i.c.InternalHttpClient - ep-00000000: connecting endpoint (3 MINUTES)
2026-09-12 12:19:21 [main] DEBUG c.g.d.z.s.o.a.h.c.h.i.i.PoolingHttpClientConnectionManager - ep-00000000: connecting endpoint to http://localhost:2375 (3 MINUTES)
2026-09-12 12:19:21 [main] DEBUG c.g.d.z.s.o.a.h.c.h.i.i.DefaultHttpClientConnectionOperator - http-outgoing-0: connecting to localhost/127.0.0.1:2375
2026-09-12 12:19:21 [main] DEBUG c.g.d.z.s.o.a.h.c.h.i.i.DefaultHttpClientConnectionOperator - http-outgoing-0: connection established 127.0.0.1:62566<->127.0.0.1:2375
2026-09-12 12:19:21 [main] DEBUG c.g.d.z.s.o.a.h.c.h.i.i.PoolingHttpClientConnectionManager - ep-00000000: connected http-outgoing-0
2026-09-12 12:19:21 [main] DEBUG c.g.d.z.s.o.a.h.c.h.i.c.InternalHttpClient - ep-00000000: endpoint connected
2026-09-12 12:19:21 [main] DEBUG c.g.d.z.s.o.a.h.c.h.i.c.MainClientExec - ex-00000001: executing GET /v1.32/info HTTP/1.1
2026-09-12 12:19:21 [main] DEBUG c.g.d.z.s.o.a.h.c.h.i.c.InternalHttpClient - ep-00000000: start execution ex-00000001
2026-09-12 12:19:21 [main] DEBUG c.g.d.z.s.o.a.h.c.h.i.i.PoolingHttpClientConnectionManager - ep-00000000: executing exchange ex-00000001 over http-outgoing-0
2026-09-12 12:19:21 [main] DEBUG c.g.d.z.s.o.a.h.client5.http.headers - http-outgoing-0 >> GET /v1.32/info HTTP/1.1
2026-09-12 12:19:21 [main] DEBUG c.g.d.z.s.o.a.h.client5.http.headers - http-outgoing-0 >> x-tc-sid: 839248ef-3328-4c0e-b2e3-559100c43890
2026-09-12 12:19:21 [main] DEBUG c.g.d.z.s.o.a.h.client5.http.headers - http-outgoing-0 >> User-Agent: tc-java/1.21.1
2026-09-12 12:19:21 [main] DEBUG c.g.d.z.s.o.a.h.client5.http.headers - http-outgoing-0 >> Accept-Encoding: gzip, x-gzip, deflate
2026-09-12 12:19:21 [main] DEBUG c.g.d.z.s.o.a.h.client5.http.headers - http-outgoing-0 >> Host: localhost:2375
2026-09-12 12:19:21 [main] DEBUG c.g.d.z.s.o.a.h.client5.http.headers - http-outgoing-0 >> Connection: keep-alive
2026-09-12 12:19:21 [main] DEBUG c.g.d.z.s.o.a.hc.client5.http.wire - http-outgoing-0 >> "GET /v1.32/info HTTP/1.1[\r][\n]"
2026-09-12 12:19:21 [main] DEBUG c.g.d.z.s.o.a.hc.client5.http.wire - http-outgoing-0 >> "x-tc-sid: 839248ef-3328-4c0e-b2e3-559100c43890[\r][\n]"
2026-09-12 12:19:21 [main] DEBUG c.g.d.z.s.o.a.hc.client5.http.wire - http-outgoing-0 >> "User-Agent: tc-java/1.21.1[\r][\n]"
2026-09-12 12:19:21 [main] DEBUG c.g.d.z.s.o.a.hc.client5.http.wire - http-outgoing-0 >> "Accept-Encoding: gzip, x-gzip, deflate[\r][\n]"
2026-09-12 12:19:21 [main] DEBUG c.g.d.z.s.o.a.hc.client5.http.wire - http-outgoing-0 >> "Host: localhost:2375[\r][\n]"
2026-09-12 12:19:21 [main] DEBUG c.g.d.z.s.o.a.hc.client5.http.wire - http-outgoing-0 >> "Connection: keep-alive[\r][\n]"
2026-09-12 12:19:21 [main] DEBUG c.g.d.z.s.o.a.hc.client5.http.wire - http-outgoing-0 >> "[\r][\n]"
2026-09-12 12:19:21 [main] DEBUG c.g.d.z.s.o.a.hc.client5.http.wire - http-outgoing-0 << "HTTP/1.1 400 Bad Request[\r][\n]"
2026-09-12 12:19:21 [main] DEBUG c.g.d.z.s.o.a.hc.client5.http.wire - http-outgoing-0 << "Api-Version: 1.55[\r][\n]"
2026-09-12 12:19:21 [main] DEBUG c.g.d.z.s.o.a.hc.client5.http.wire - http-outgoing-0 << "Content-Type: application/json[\r][\n]"
2026-09-12 12:19:21 [main] DEBUG c.g.d.z.s.o.a.hc.client5.http.wire - http-outgoing-0 << "Date: Sat, 12 Sep 2026 10:19:21 GMT[\r][\n]"
2026-09-12 12:19:21 [main] DEBUG c.g.d.z.s.o.a.hc.client5.http.wire - http-outgoing-0 << "Ostype: linux[\r][\n]"
2026-09-12 12:19:21 [main] DEBUG c.g.d.z.s.o.a.hc.client5.http.wire - http-outgoing-0 << "Server: Docker/29.7.2 (linux)[\r][\n]"
2026-09-12 12:19:21 [main] DEBUG c.g.d.z.s.o.a.hc.client5.http.wire - http-outgoing-0 << "Transfer-Encoding: chunked[\r][\n]"
2026-09-12 12:19:21 [main] DEBUG c.g.d.z.s.o.a.hc.client5.http.wire - http-outgoing-0 << "[\r][\n]"
2026-09-12 12:19:21 [main] DEBUG c.g.d.z.s.o.a.hc.client5.http.wire - http-outgoing-0 << "4b0[\r][\n]"
2026-09-12 12:19:21 [main] DEBUG c.g.d.z.s.o.a.hc.client5.http.wire - http-outgoing-0 << "{"ID":"","Containers":0,"ContainersRunning":0,"ContainersPaused":0,"ContainersStopped":0,"Images":0,"Driver":"","DriverStatus":null,"Plugins":{"Volume":null,"Network":null,"Authorization":null,"Log":null},"MemoryLimit":false,"SwapLimit":false,"CpuCfsPeriod":false,"CpuCfsQuota":false,"CPUShares":false,"CPUSet":false,"PidsLimit":false,"IPv4Forwarding":false,"Debug":false,"NFd":0,"OomKillDisable":false,"NGoroutines":0,"SystemTime":"","LoggingDriver":"","CgroupDriver":"","NEventsListener":0,"KernelVersion":"","OperatingSystem":"","OSVersion":"","OSType":"","Architecture":"","IndexServerAddress":"","RegistryConfig":null,"NCPU":0,"MemTotal":0,"GenericResources":null,"DockerRootDir":"","HttpProxy":"","HttpsProxy":"","NoProxy":"","Name":"","Labels":["com.docker.desktop.address=npipe://\\\\.\\pipe\\docker_cli"],"ExperimentalBuild":false,"ServerVersion":"","Runtimes":null,"DefaultRuntime":"","Swarm":{"NodeID":"","NodeAddr":"","LocalNodeState":"","ControlAvailable":false,"Error":"","RemoteManagers":null},"LiveRestoreEnabled":false,"Isolation":"","InitBinary":"","ContainerdCommit":{"ID":""},"RuncCommit":{"ID":""},"InitCommit":{"ID":""},"SecurityOptions":null,"CDISpecDirs":null,"Warnings":null}[\r][\n]"
2026-09-12 12:19:21 [main] DEBUG c.g.d.z.s.o.a.h.client5.http.headers - http-outgoing-0 << HTTP/1.1 400 Bad Request
2026-09-12 12:19:21 [main] DEBUG c.g.d.z.s.o.a.h.client5.http.headers - http-outgoing-0 << Api-Version: 1.55
2026-09-12 12:19:21 [main] DEBUG c.g.d.z.s.o.a.h.client5.http.headers - http-outgoing-0 << Content-Type: application/json
2026-09-12 12:19:21 [main] DEBUG c.g.d.z.s.o.a.h.client5.http.headers - http-outgoing-0 << Date: Sat, 12 Sep 2026 10:19:21 GMT
2026-09-12 12:19:21 [main] DEBUG c.g.d.z.s.o.a.h.client5.http.headers - http-outgoing-0 << Ostype: linux
2026-09-12 12:19:21 [main] DEBUG c.g.d.z.s.o.a.h.client5.http.headers - http-outgoing-0 << Server: Docker/29.7.2 (linux)
2026-09-12 12:19:21 [main] DEBUG c.g.d.z.s.o.a.h.client5.http.headers - http-outgoing-0 << Transfer-Encoding: chunked
2026-09-12 12:19:21 [main] DEBUG c.g.d.z.s.o.a.h.c.h.i.c.MainClientExec - ex-00000001: connection can be kept alive for 3 MINUTES
2026-09-12 12:19:21 [main] DEBUG c.g.d.z.s.o.a.hc.client5.http.wire - http-outgoing-0 << "0[\r][\n]"
2026-09-12 12:19:21 [main] DEBUG c.g.d.z.s.o.a.hc.client5.http.wire - http-outgoing-0 << "[\r][\n]"
2026-09-12 12:19:21 [main] DEBUG c.g.d.z.s.o.a.h.c.h.i.c.InternalHttpClient - ep-00000000: releasing valid endpoint
2026-09-12 12:19:21 [main] DEBUG c.g.d.z.s.o.a.h.c.h.i.i.PoolingHttpClientConnectionManager - ep-00000000: releasing endpoint
2026-09-12 12:19:21 [main] DEBUG c.g.d.z.s.o.a.h.c.h.i.i.PoolingHttpClientConnectionManager - ep-00000000: connection http-outgoing-0 can be kept alive for 3 MINUTES
2026-09-12 12:19:21 [main] DEBUG c.g.d.z.s.o.a.h.c.h.i.i.PoolingHttpClientConnectionManager - ep-00000000: connection released [route: {}->http://localhost:2375][total available: 1; route allocated: 1 of 2147483647; total allocated: 1 of 2147483647]
2026-09-12 12:19:21 [main] DEBUG o.t.d.DockerClientProviderStrategy - EnvironmentAndSystemPropertyClientProviderStrategy: failed with exception BadRequestException (Status 400: {"ID":"","Containers":0,"ContainersRunning":0,"ContainersPaused":0,"ContainersStopped":0,"Images":0,"Driver":"","DriverStatus":null,"Plugins":{"Volume":null,"Network":null,"Authorization":null,"Log":null},"MemoryLimit":false,"SwapLimit":false,"CpuCfsPeriod":false,"CpuCfsQuota":false,"CPUShares":false,"CPUSet":false,"PidsLimit":false,"IPv4Forwarding":false,"Debug":false,"NFd":0,"OomKillDisable":false,"NGoroutines":0,"SystemTime":"","LoggingDriver":"","CgroupDriver":"","NEventsListener":0,"KernelVersion":"","OperatingSystem":"","OSVersion":"","OSType":"","Architecture":"","IndexServerAddress":"","RegistryConfig":null,"NCPU":0,"MemTotal":0,"GenericResources":null,"DockerRootDir":"","HttpProxy":"","HttpsProxy":"","NoProxy":"","Name":"","Labels":["com.docker.desktop.address=npipe://\\\\.\\pipe\\docker_cli"],"ExperimentalBuild":false,"ServerVersion":"","Runtimes":null,"DefaultRuntime":"","Swarm":{"NodeID":"","NodeAddr":"","LocalNodeState":"","ControlAvailable":false,"Error":"","RemoteManagers":null},"LiveRestoreEnabled":false,"Isolation":"","InitBinary":"","ContainerdCommit":{"ID":""},"RuncCommit":{"ID":""},"InitCommit":{"ID":""},"SecurityOptions":null,"CDISpecDirs":null,"Warnings":null})
2026-09-12 12:19:21 [main] DEBUG o.t.d.DockerClientProviderStrategy - Trying out strategy: NpipeSocketClientProviderStrategy
2026-09-12 12:19:21 [main] DEBUG o.t.s.c.g.d.c.command.AbstrDockerCmd - Cmd: 
2026-09-12 12:19:21 [main] DEBUG c.g.d.z.s.o.a.h.c.h.i.c.InternalHttpClient - ex-00000002: preparing request execution
2026-09-12 12:19:21 [main] DEBUG c.g.d.z.s.o.a.h.c.h.p.RequestAddCookies - Cookie spec selected: strict
2026-09-12 12:19:21 [main] DEBUG c.g.d.z.s.o.a.h.c.h.p.RequestAuthCache - Auth cache not set in the context
2026-09-12 12:19:21 [main] DEBUG c.g.d.z.s.o.a.h.c.h.i.c.ProtocolExec - ex-00000002: target auth state: UNCHALLENGED
2026-09-12 12:19:21 [main] DEBUG c.g.d.z.s.o.a.h.c.h.i.c.ProtocolExec - ex-00000002: proxy auth state: UNCHALLENGED
2026-09-12 12:19:21 [main] DEBUG c.g.d.z.s.o.a.h.c.h.i.c.ConnectExec - ex-00000002: acquiring connection with route {}->npipe://localhost:2375
2026-09-12 12:19:21 [main] DEBUG c.g.d.z.s.o.a.h.c.h.i.c.InternalHttpClient - ex-00000002: acquiring endpoint (3 MINUTES)
2026-09-12 12:19:21 [main] DEBUG c.g.d.z.s.o.a.h.c.h.i.i.PoolingHttpClientConnectionManager - ex-00000002: endpoint lease request (3 MINUTES) [route: {}->npipe://localhost:2375][total available: 0; route allocated: 0 of 2147483647; total allocated: 0 of 2147483647]
2026-09-12 12:19:21 [main] DEBUG c.g.d.z.s.o.a.h.c.h.i.i.PoolingHttpClientConnectionManager - ex-00000002: endpoint leased [route: {}->npipe://localhost:2375][total available: 0; route allocated: 1 of 2147483647; total allocated: 1 of 2147483647]
2026-09-12 12:19:21 [main] DEBUG c.g.d.z.s.o.a.h.c.h.i.i.PoolingHttpClientConnectionManager - ex-00000002: acquired ep-00000001
2026-09-12 12:19:21 [main] DEBUG c.g.d.z.s.o.a.h.c.h.i.c.InternalHttpClient - ex-00000002: acquired endpoint ep-00000001
2026-09-12 12:19:21 [main] DEBUG c.g.d.z.s.o.a.h.c.h.i.c.ConnectExec - ex-00000002: opening connection {}->npipe://localhost:2375
2026-09-12 12:19:21 [main] DEBUG c.g.d.z.s.o.a.h.c.h.i.c.InternalHttpClient - ep-00000001: connecting endpoint (3 MINUTES)
2026-09-12 12:19:21 [main] DEBUG c.g.d.z.s.o.a.h.c.h.i.i.PoolingHttpClientConnectionManager - ep-00000001: connecting endpoint to npipe://localhost:2375 (3 MINUTES)
2026-09-12 12:19:21 [main] DEBUG c.g.d.z.s.o.a.h.c.h.i.i.DefaultHttpClientConnectionOperator - http-outgoing-1: connecting to localhost/127.0.0.1:2375
2026-09-12 12:19:21 [main] DEBUG c.g.d.z.s.o.a.h.c.h.i.i.DefaultHttpClientConnectionOperator - http-outgoing-1: connection established 
2026-09-12 12:19:21 [main] DEBUG c.g.d.z.s.o.a.h.c.h.i.i.PoolingHttpClientConnectionManager - ep-00000001: connected http-outgoing-1
2026-09-12 12:19:21 [main] DEBUG c.g.d.z.s.o.a.h.c.h.i.c.InternalHttpClient - ep-00000001: endpoint connected
2026-09-12 12:19:21 [main] DEBUG c.g.d.z.s.o.a.h.c.h.i.c.MainClientExec - ex-00000002: executing GET /v1.32/info HTTP/1.1
2026-09-12 12:19:21 [main] DEBUG c.g.d.z.s.o.a.h.c.h.i.c.InternalHttpClient - ep-00000001: start execution ex-00000002
2026-09-12 12:19:21 [main] DEBUG c.g.d.z.s.o.a.h.c.h.i.i.PoolingHttpClientConnectionManager - ep-00000001: executing exchange ex-00000002 over http-outgoing-1
2026-09-12 12:19:21 [main] DEBUG c.g.d.z.s.o.a.h.client5.http.headers - http-outgoing-1 >> GET /v1.32/info HTTP/1.1
2026-09-12 12:19:21 [main] DEBUG c.g.d.z.s.o.a.h.client5.http.headers - http-outgoing-1 >> x-tc-sid: 839248ef-3328-4c0e-b2e3-559100c43890
2026-09-12 12:19:21 [main] DEBUG c.g.d.z.s.o.a.h.client5.http.headers - http-outgoing-1 >> User-Agent: tc-java/1.21.1
2026-09-12 12:19:21 [main] DEBUG c.g.d.z.s.o.a.h.client5.http.headers - http-outgoing-1 >> Accept-Encoding: gzip, x-gzip, deflate
2026-09-12 12:19:21 [main] DEBUG c.g.d.z.s.o.a.h.client5.http.headers - http-outgoing-1 >> Host: localhost:2375
2026-09-12 12:19:21 [main] DEBUG c.g.d.z.s.o.a.h.client5.http.headers - http-outgoing-1 >> Connection: keep-alive
2026-09-12 12:19:21 [main] DEBUG c.g.d.z.s.o.a.hc.client5.http.wire - http-outgoing-1 >> "GET /v1.32/info HTTP/1.1[\r][\n]"
2026-09-12 12:19:21 [main] DEBUG c.g.d.z.s.o.a.hc.client5.http.wire - http-outgoing-1 >> "x-tc-sid: 839248ef-3328-4c0e-b2e3-559100c43890[\r][\n]"
2026-09-12 12:19:21 [main] DEBUG c.g.d.z.s.o.a.hc.client5.http.wire - http-outgoing-1 >> "User-Agent: tc-java/1.21.1[\r][\n]"
2026-09-12 12:19:21 [main] DEBUG c.g.d.z.s.o.a.hc.client5.http.wire - http-outgoing-1 >> "Accept-Encoding: gzip, x-gzip, deflate[\r][\n]"
2026-09-12 12:19:21 [main] DEBUG c.g.d.z.s.o.a.hc.client5.http.wire - http-outgoing-1 >> "Host: localhost:2375[\r][\n]"
2026-09-12 12:19:21 [main] DEBUG c.g.d.z.s.o.a.hc.client5.http.wire - http-outgoing-1 >> "Connection: keep-alive[\r][\n]"
2026-09-12 12:19:21 [main] DEBUG c.g.d.z.s.o.a.hc.client5.http.wire - http-outgoing-1 >> "[\r][\n]"
2026-09-12 12:19:21 [main] DEBUG c.g.d.z.s.o.a.hc.client5.http.wire - http-outgoing-1 << "HTTP/1.1 400 Bad Request[\r][\n]"
2026-09-12 12:19:21 [main] DEBUG c.g.d.z.s.o.a.hc.client5.http.wire - http-outgoing-1 << "Api-Version: 1.55[\r][\n]"
2026-09-12 12:19:21 [main] DEBUG c.g.d.z.s.o.a.hc.client5.http.wire - http-outgoing-1 << "Content-Type: application/json[\r][\n]"
2026-09-12 12:19:21 [main] DEBUG c.g.d.z.s.o.a.hc.client5.http.wire - http-outgoing-1 << "Date: Sat, 12 Sep 2026 10:19:21 GMT[\r][\n]"
2026-09-12 12:19:21 [main] DEBUG c.g.d.z.s.o.a.hc.client5.http.wire - http-outgoing-1 << "Ostype: linux[\r][\n]"
2026-09-12 12:19:21 [main] DEBUG c.g.d.z.s.o.a.hc.client5.http.wire - http-outgoing-1 << "Server: Docker/29.7.2 (linux)[\r][\n]"
2026-09-12 12:19:21 [main] DEBUG c.g.d.z.s.o.a.hc.client5.http.wire - http-outgoing-1 << "Transfer-Encoding: chunked[\r][\n]"
2026-09-12 12:19:21 [main] DEBUG c.g.d.z.s.o.a.hc.client5.http.wire - http-outgoing-1 << "[\r][\n]"
2026-09-12 12:19:21 [main] DEBUG c.g.d.z.s.o.a.h.client5.http.headers - http-outgoing-1 << HTTP/1.1 400 Bad Request
2026-09-12 12:19:21 [main] DEBUG c.g.d.z.s.o.a.h.client5.http.headers - http-outgoing-1 << Api-Version: 1.55
2026-09-12 12:19:21 [main] DEBUG c.g.d.z.s.o.a.h.client5.http.headers - http-outgoing-1 << Content-Type: application/json
2026-09-12 12:19:21 [main] DEBUG c.g.d.z.s.o.a.h.client5.http.headers - http-outgoing-1 << Date: Sat, 12 Sep 2026 10:19:21 GMT
2026-09-12 12:19:21 [main] DEBUG c.g.d.z.s.o.a.h.client5.http.headers - http-outgoing-1 << Ostype: linux
2026-09-12 12:19:21 [main] DEBUG c.g.d.z.s.o.a.h.client5.http.headers - http-outgoing-1 << Server: Docker/29.7.2 (linux)
2026-09-12 12:19:21 [main] DEBUG c.g.d.z.s.o.a.h.client5.http.headers - http-outgoing-1 << Transfer-Encoding: chunked
2026-09-12 12:19:21 [main] DEBUG c.g.d.z.s.o.a.h.c.h.i.c.MainClientExec - ex-00000002: connection can be kept alive for 3 MINUTES
2026-09-12 12:19:21 [main] DEBUG c.g.d.z.s.o.a.hc.client5.http.wire - http-outgoing-1 << "4b0[\r][\n]"
2026-09-12 12:19:21 [main] DEBUG c.g.d.z.s.o.a.hc.client5.http.wire - http-outgoing-1 << "{"ID":"","Containers":0,"ContainersRunning":0,"ContainersPaused":0,"ContainersStopped":0,"Images":0,"Driver":"","DriverStatus":null,"Plugins":{"Volume":null,"Network":null,"Authorization":null,"Log":null},"MemoryLimit":false,"SwapLimit":false,"CpuCfsPeriod":false,"CpuCfsQuota":false,"CPUShares":false,"CPUSet":false,"PidsLimit":false,"IPv4Forwarding":false,"Debug":false,"NFd":0,"OomKillDisable":false,"NGoroutines":0,"SystemTime":"","LoggingDriver":"","CgroupDriver":"","NEventsListener":0,"KernelVersion":"","OperatingSystem":"","OSVersion":"","OSType":"","Architecture":"","IndexServerAddress":"","RegistryConfig":null,"NCPU":0,"MemTotal":0,"GenericResources":null,"DockerRootDir":"","HttpProxy":"","HttpsProxy":"","NoProxy":"","Name":"","Labels":["com.docker.desktop.address=npipe://\\\\.\\pipe\\docker_cli"],"ExperimentalBuild":false,"ServerVersion":"","Runtimes":null,"DefaultRuntime":"","Swarm":{"NodeID":"","NodeAddr":"","LocalNodeState":"","ControlAvailable":false,"Error":"","RemoteManagers":null},"LiveRestoreEnabled":false,"Isolation":"","InitBinary":"","ContainerdCommit":{"ID":""},"RuncCommit":{"ID":""},"InitCommit":{"ID":""},"SecurityOptions":null,"CDISpecDirs":null,"Warnings":null}[\r][\n]"
2026-09-12 12:19:21 [main] DEBUG c.g.d.z.s.o.a.hc.client5.http.wire - http-outgoing-1 << "0[\r][\n]"
2026-09-12 12:19:21 [main] DEBUG c.g.d.z.s.o.a.hc.client5.http.wire - http-outgoing-1 << "[\r][\n]"
2026-09-12 12:19:21 [main] DEBUG c.g.d.z.s.o.a.h.c.h.i.c.InternalHttpClient - ep-00000001: releasing valid endpoint
2026-09-12 12:19:21 [main] DEBUG c.g.d.z.s.o.a.h.c.h.i.i.PoolingHttpClientConnectionManager - ep-00000001: releasing endpoint
2026-09-12 12:19:21 [main] DEBUG c.g.d.z.s.o.a.h.c.h.i.i.PoolingHttpClientConnectionManager - ep-00000001: connection http-outgoing-1 can be kept alive for 3 MINUTES
2026-09-12 12:19:21 [main] DEBUG c.g.d.z.s.o.a.h.c.h.i.i.PoolingHttpClientConnectionManager - ep-00000001: connection released [route: {}->npipe://localhost:2375][total available: 1; route allocated: 1 of 2147483647; total allocated: 1 of 2147483647]
2026-09-12 12:19:21 [main] DEBUG o.t.d.DockerClientProviderStrategy - NpipeSocketClientProviderStrategy: failed with exception BadRequestException (Status 400: {"ID":"","Containers":0,"ContainersRunning":0,"ContainersPaused":0,"ContainersStopped":0,"Images":0,"Driver":"","DriverStatus":null,"Plugins":{"Volume":null,"Network":null,"Authorization":null,"Log":null},"MemoryLimit":false,"SwapLimit":false,"CpuCfsPeriod":false,"CpuCfsQuota":false,"CPUShares":false,"CPUSet":false,"PidsLimit":false,"IPv4Forwarding":false,"Debug":false,"NFd":0,"OomKillDisable":false,"NGoroutines":0,"SystemTime":"","LoggingDriver":"","CgroupDriver":"","NEventsListener":0,"KernelVersion":"","OperatingSystem":"","OSVersion":"","OSType":"","Architecture":"","IndexServerAddress":"","RegistryConfig":null,"NCPU":0,"MemTotal":0,"GenericResources":null,"DockerRootDir":"","HttpProxy":"","HttpsProxy":"","NoProxy":"","Name":"","Labels":["com.docker.desktop.address=npipe://\\\\.\\pipe\\docker_cli"],"ExperimentalBuild":false,"ServerVersion":"","Runtimes":null,"DefaultRuntime":"","Swarm":{"NodeID":"","NodeAddr":"","LocalNodeState":"","ControlAvailable":false,"Error":"","RemoteManagers":null},"LiveRestoreEnabled":false,"Isolation":"","InitBinary":"","ContainerdCommit":{"ID":""},"RuncCommit":{"ID":""},"InitCommit":{"ID":""},"SecurityOptions":null,"CDISpecDirs":null,"Warnings":null})
2026-09-12 12:19:21 [main] INFO  o.t.d.DockerMachineClientProviderStrategy - docker-machine executable was not found on PATH ([C:\Windows\system32, C:\Windows, C:\Windows\System32\Wbem, C:\Windows\System32\WindowsPowerShell\v1.0\, C:\Windows\System32\OpenSSH\, C:\Program Files\dotnet\, C:\Program Files (x86)\NVIDIA Corporation\PhysX\Common, C:\Program Files\NVIDIA Corporation\NVIDIA app\NvDLISR, C:\Program Files\Cloudflare\Cloudflare WARP\, C:\Program Files\Git\cmd, C:\Users\azuureke\AppData\Local\Programs\Eclipse Adoptium\jdk-17.0.19.10-hotspot\bin, C:\Users\azuureke\AppData\Local\Microsoft\WindowsApps, , C:\Users\azuureke\AppData\Local\Programs\DockerDesktop\resources\bin])
2026-09-12 12:19:21 [main] ERROR o.t.d.DockerClientProviderStrategy - Could not find a valid Docker environment. Please check configuration. Attempted configurations were:
	EnvironmentAndSystemPropertyClientProviderStrategy: failed with exception BadRequestException (Status 400: {"ID":"","Containers":0,"ContainersRunning":0,"ContainersPaused":0,"ContainersStopped":0,"Images":0,"Driver":"","DriverStatus":null,"Plugins":{"Volume":null,"Network":null,"Authorization":null,"Log":null},"MemoryLimit":false,"SwapLimit":false,"CpuCfsPeriod":false,"CpuCfsQuota":false,"CPUShares":false,"CPUSet":false,"PidsLimit":false,"IPv4Forwarding":false,"Debug":false,"NFd":0,"OomKillDisable":false,"NGoroutines":0,"SystemTime":"","LoggingDriver":"","CgroupDriver":"","NEventsListener":0,"KernelVersion":"","OperatingSystem":"","OSVersion":"","OSType":"","Architecture":"","IndexServerAddress":"","RegistryConfig":null,"NCPU":0,"MemTotal":0,"GenericResources":null,"DockerRootDir":"","HttpProxy":"","HttpsProxy":"","NoProxy":"","Name":"","Labels":["com.docker.desktop.address=npipe://\\\\.\\pipe\\docker_cli"],"ExperimentalBuild":false,"ServerVersion":"","Runtimes":null,"DefaultRuntime":"","Swarm":{"NodeID":"","NodeAddr":"","LocalNodeState":"","ControlAvailable":false,"Error":"","RemoteManagers":null},"LiveRestoreEnabled":false,"Isolation":"","InitBinary":"","ContainerdCommit":{"ID":""},"RuncCommit":{"ID":""},"InitCommit":{"ID":""},"SecurityOptions":null,"CDISpecDirs":null,"Warnings":null})
	NpipeSocketClientProviderStrategy: failed with exception BadRequestException (Status 400: {"ID":"","Containers":0,"ContainersRunning":0,"ContainersPaused":0,"ContainersStopped":0,"Images":0,"Driver":"","DriverStatus":null,"Plugins":{"Volume":null,"Network":null,"Authorization":null,"Log":null},"MemoryLimit":false,"SwapLimit":false,"CpuCfsPeriod":false,"CpuCfsQuota":false,"CPUShares":false,"CPUSet":false,"PidsLimit":false,"IPv4Forwarding":false,"Debug":false,"NFd":0,"OomKillDisable":false,"NGoroutines":0,"SystemTime":"","LoggingDriver":"","CgroupDriver":"","NEventsListener":0,"KernelVersion":"","OperatingSystem":"","OSVersion":"","OSType":"","Architecture":"","IndexServerAddress":"","RegistryConfig":null,"NCPU":0,"MemTotal":0,"GenericResources":null,"DockerRootDir":"","HttpProxy":"","HttpsProxy":"","NoProxy":"","Name":"","Labels":["com.docker.desktop.address=npipe://\\\\.\\pipe\\docker_cli"],"ExperimentalBuild":false,"ServerVersion":"","Runtimes":null,"DefaultRuntime":"","Swarm":{"NodeID":"","NodeAddr":"","LocalNodeState":"","ControlAvailable":false,"Error":"","RemoteManagers":null},"LiveRestoreEnabled":false,"Isolation":"","InitBinary":"","ContainerdCommit":{"ID":""},"RuncCommit":{"ID":""},"InitCommit":{"ID":""},"SecurityOptions":null,"CDISpecDirs":null,"Warnings":null})As no valid configuration was found, execution cannot continue.
See https://java.testcontainers.org/on_failure.html for more details.
2026-09-12 12:21:17 [main] DEBUG o.t.u.TestcontainersConfiguration - Testcontainers configuration overrides will be loaded from file:/C:/Users/azuureke/.testcontainers.properties
2026-09-12 12:21:17 [main] INFO  o.testcontainers.images.PullPolicy - Image pull policy will be performed by: DefaultPullPolicy()
2026-09-12 12:21:17 [main] INFO  o.t.utility.ImageNameSubstitutor - Image name substitution will be performed by: DefaultImageNameSubstitutor (composite of 'ConfigurationFileImageNameSubstitutor' and 'PrefixingImageNameSubstitutor')
2026-09-12 12:21:17 [main] INFO  o.testcontainers.DockerClientFactory - Testcontainers version: 1.21.1
2026-09-12 12:21:17 [main] DEBUG o.t.d.DockerClientProviderStrategy - Trying out strategy: EnvironmentAndSystemPropertyClientProviderStrategy
2026-09-12 12:21:17 [main] DEBUG o.t.s.c.g.d.c.command.AbstrDockerCmd - Cmd: 
2026-09-12 12:21:17 [main] DEBUG c.g.d.z.s.o.a.h.c.h.i.c.InternalHttpClient - ex-00000001: preparing request execution
2026-09-12 12:21:17 [main] DEBUG c.g.d.z.s.o.a.h.c.h.p.RequestAddCookies - Cookie spec selected: strict
2026-09-12 12:21:17 [main] DEBUG c.g.d.z.s.o.a.h.c.h.p.RequestAuthCache - Auth cache not set in the context
2026-09-12 12:21:17 [main] DEBUG c.g.d.z.s.o.a.h.c.h.i.c.ProtocolExec - ex-00000001: target auth state: UNCHALLENGED
2026-09-12 12:21:17 [main] DEBUG c.g.d.z.s.o.a.h.c.h.i.c.ProtocolExec - ex-00000001: proxy auth state: UNCHALLENGED
2026-09-12 12:21:17 [main] DEBUG c.g.d.z.s.o.a.h.c.h.i.c.ConnectExec - ex-00000001: acquiring connection with route {}->http://localhost:2375
2026-09-12 12:21:17 [main] DEBUG c.g.d.z.s.o.a.h.c.h.i.c.InternalHttpClient - ex-00000001: acquiring endpoint (3 MINUTES)
2026-09-12 12:21:17 [main] DEBUG c.g.d.z.s.o.a.h.c.h.i.i.PoolingHttpClientConnectionManager - ex-00000001: endpoint lease request (3 MINUTES) [route: {}->http://localhost:2375][total available: 0; route allocated: 0 of 2147483647; total allocated: 0 of 2147483647]
2026-09-12 12:21:17 [main] DEBUG c.g.d.z.s.o.a.h.c.h.i.i.PoolingHttpClientConnectionManager - ex-00000001: endpoint leased [route: {}->http://localhost:2375][total available: 0; route allocated: 1 of 2147483647; total allocated: 1 of 2147483647]
2026-09-12 12:21:17 [main] DEBUG c.g.d.z.s.o.a.h.c.h.i.i.PoolingHttpClientConnectionManager - ex-00000001: acquired ep-00000000
2026-09-12 12:21:17 [main] DEBUG c.g.d.z.s.o.a.h.c.h.i.c.InternalHttpClient - ex-00000001: acquired endpoint ep-00000000
2026-09-12 12:21:17 [main] DEBUG c.g.d.z.s.o.a.h.c.h.i.c.ConnectExec - ex-00000001: opening connection {}->http://localhost:2375
2026-09-12 12:21:17 [main] DEBUG c.g.d.z.s.o.a.h.c.h.i.c.InternalHttpClient - ep-00000000: connecting endpoint (3 MINUTES)
2026-09-12 12:21:17 [main] DEBUG c.g.d.z.s.o.a.h.c.h.i.i.PoolingHttpClientConnectionManager - ep-00000000: connecting endpoint to http://localhost:2375 (3 MINUTES)
2026-09-12 12:21:17 [main] DEBUG c.g.d.z.s.o.a.h.c.h.i.i.DefaultHttpClientConnectionOperator - http-outgoing-0: connecting to localhost/127.0.0.1:2375
2026-09-12 12:21:17 [main] DEBUG c.g.d.z.s.o.a.h.c.h.i.i.DefaultHttpClientConnectionOperator - http-outgoing-0: connection established 127.0.0.1:62598<->127.0.0.1:2375
2026-09-12 12:21:17 [main] DEBUG c.g.d.z.s.o.a.h.c.h.i.i.PoolingHttpClientConnectionManager - ep-00000000: connected http-outgoing-0
2026-09-12 12:21:17 [main] DEBUG c.g.d.z.s.o.a.h.c.h.i.c.InternalHttpClient - ep-00000000: endpoint connected
2026-09-12 12:21:17 [main] DEBUG c.g.d.z.s.o.a.h.c.h.i.c.MainClientExec - ex-00000001: executing GET /v1.32/info HTTP/1.1
2026-09-12 12:21:17 [main] DEBUG c.g.d.z.s.o.a.h.c.h.i.c.InternalHttpClient - ep-00000000: start execution ex-00000001
2026-09-12 12:21:17 [main] DEBUG c.g.d.z.s.o.a.h.c.h.i.i.PoolingHttpClientConnectionManager - ep-00000000: executing exchange ex-00000001 over http-outgoing-0
2026-09-12 12:21:17 [main] DEBUG c.g.d.z.s.o.a.h.client5.http.headers - http-outgoing-0 >> GET /v1.32/info HTTP/1.1
2026-09-12 12:21:17 [main] DEBUG c.g.d.z.s.o.a.h.client5.http.headers - http-outgoing-0 >> x-tc-sid: 59c08139-400c-4f24-b271-af5ba4445191
2026-09-12 12:21:17 [main] DEBUG c.g.d.z.s.o.a.h.client5.http.headers - http-outgoing-0 >> User-Agent: tc-java/1.21.1
2026-09-12 12:21:17 [main] DEBUG c.g.d.z.s.o.a.h.client5.http.headers - http-outgoing-0 >> Accept-Encoding: gzip, x-gzip, deflate
2026-09-12 12:21:17 [main] DEBUG c.g.d.z.s.o.a.h.client5.http.headers - http-outgoing-0 >> Host: localhost:2375
2026-09-12 12:21:17 [main] DEBUG c.g.d.z.s.o.a.h.client5.http.headers - http-outgoing-0 >> Connection: keep-alive
2026-09-12 12:21:17 [main] DEBUG c.g.d.z.s.o.a.hc.client5.http.wire - http-outgoing-0 >> "GET /v1.32/info HTTP/1.1[\r][\n]"
2026-09-12 12:21:17 [main] DEBUG c.g.d.z.s.o.a.hc.client5.http.wire - http-outgoing-0 >> "x-tc-sid: 59c08139-400c-4f24-b271-af5ba4445191[\r][\n]"
2026-09-12 12:21:17 [main] DEBUG c.g.d.z.s.o.a.hc.client5.http.wire - http-outgoing-0 >> "User-Agent: tc-java/1.21.1[\r][\n]"
2026-09-12 12:21:17 [main] DEBUG c.g.d.z.s.o.a.hc.client5.http.wire - http-outgoing-0 >> "Accept-Encoding: gzip, x-gzip, deflate[\r][\n]"
2026-09-12 12:21:17 [main] DEBUG c.g.d.z.s.o.a.hc.client5.http.wire - http-outgoing-0 >> "Host: localhost:2375[\r][\n]"
2026-09-12 12:21:17 [main] DEBUG c.g.d.z.s.o.a.hc.client5.http.wire - http-outgoing-0 >> "Connection: keep-alive[\r][\n]"
2026-09-12 12:21:17 [main] DEBUG c.g.d.z.s.o.a.hc.client5.http.wire - http-outgoing-0 >> "[\r][\n]"
2026-09-12 12:21:17 [main] DEBUG c.g.d.z.s.o.a.hc.client5.http.wire - http-outgoing-0 << "HTTP/1.1 400 Bad Request[\r][\n]"
2026-09-12 12:21:17 [main] DEBUG c.g.d.z.s.o.a.hc.client5.http.wire - http-outgoing-0 << "Api-Version: 1.55[\r][\n]"
2026-09-12 12:21:17 [main] DEBUG c.g.d.z.s.o.a.hc.client5.http.wire - http-outgoing-0 << "Content-Type: application/json[\r][\n]"
2026-09-12 12:21:17 [main] DEBUG c.g.d.z.s.o.a.hc.client5.http.wire - http-outgoing-0 << "Date: Sat, 12 Sep 2026 10:21:17 GMT[\r][\n]"
2026-09-12 12:21:17 [main] DEBUG c.g.d.z.s.o.a.hc.client5.http.wire - http-outgoing-0 << "Ostype: linux[\r][\n]"
2026-09-12 12:21:17 [main] DEBUG c.g.d.z.s.o.a.hc.client5.http.wire - http-outgoing-0 << "Server: Docker/29.7.2 (linux)[\r][\n]"
2026-09-12 12:21:17 [main] DEBUG c.g.d.z.s.o.a.hc.client5.http.wire - http-outgoing-0 << "Transfer-Encoding: chunked[\r][\n]"
2026-09-12 12:21:17 [main] DEBUG c.g.d.z.s.o.a.hc.client5.http.wire - http-outgoing-0 << "[\r][\n]"
2026-09-12 12:21:17 [main] DEBUG c.g.d.z.s.o.a.hc.client5.http.wire - http-outgoing-0 << "4b0[\r][\n]"
2026-09-12 12:21:17 [main] DEBUG c.g.d.z.s.o.a.hc.client5.http.wire - http-outgoing-0 << "{"ID":"","Containers":0,"ContainersRunning":0,"ContainersPaused":0,"ContainersStopped":0,"Images":0,"Driver":"","DriverStatus":null,"Plugins":{"Volume":null,"Network":null,"Authorization":null,"Log":null},"MemoryLimit":false,"SwapLimit":false,"CpuCfsPeriod":false,"CpuCfsQuota":false,"CPUShares":false,"CPUSet":false,"PidsLimit":false,"IPv4Forwarding":false,"Debug":false,"NFd":0,"OomKillDisable":false,"NGoroutines":0,"SystemTime":"","LoggingDriver":"","CgroupDriver":"","NEventsListener":0,"KernelVersion":"","OperatingSystem":"","OSVersion":"","OSType":"","Architecture":"","IndexServerAddress":"","RegistryConfig":null,"NCPU":0,"MemTotal":0,"GenericResources":null,"DockerRootDir":"","HttpProxy":"","HttpsProxy":"","NoProxy":"","Name":"","Labels":["com.docker.desktop.address=npipe://\\\\.\\pipe\\docker_cli"],"ExperimentalBuild":false,"ServerVersion":"","Runtimes":null,"DefaultRuntime":"","Swarm":{"NodeID":"","NodeAddr":"","LocalNodeState":"","ControlAvailable":false,"Error":"","RemoteManagers":null},"LiveRestoreEnabled":false,"Isolation":"","InitBinary":"","ContainerdCommit":{"ID":""},"RuncCommit":{"ID":""},"InitCommit":{"ID":""},"SecurityOptions":null,"CDISpecDirs":null,"Warnings":null}[\r][\n]"
2026-09-12 12:21:17 [main] DEBUG c.g.d.z.s.o.a.h.client5.http.headers - http-outgoing-0 << HTTP/1.1 400 Bad Request
2026-09-12 12:21:17 [main] DEBUG c.g.d.z.s.o.a.h.client5.http.headers - http-outgoing-0 << Api-Version: 1.55
2026-09-12 12:21:17 [main] DEBUG c.g.d.z.s.o.a.h.client5.http.headers - http-outgoing-0 << Content-Type: application/json
2026-09-12 12:21:17 [main] DEBUG c.g.d.z.s.o.a.h.client5.http.headers - http-outgoing-0 << Date: Sat, 12 Sep 2026 10:21:17 GMT
2026-09-12 12:21:17 [main] DEBUG c.g.d.z.s.o.a.h.client5.http.headers - http-outgoing-0 << Ostype: linux
2026-09-12 12:21:17 [main] DEBUG c.g.d.z.s.o.a.h.client5.http.headers - http-outgoing-0 << Server: Docker/29.7.2 (linux)
2026-09-12 12:21:17 [main] DEBUG c.g.d.z.s.o.a.h.client5.http.headers - http-outgoing-0 << Transfer-Encoding: chunked
2026-09-12 12:21:17 [main] DEBUG c.g.d.z.s.o.a.h.c.h.i.c.MainClientExec - ex-00000001: connection can be kept alive for 3 MINUTES
2026-09-12 12:21:17 [main] DEBUG c.g.d.z.s.o.a.hc.client5.http.wire - http-outgoing-0 << "0[\r][\n]"
2026-09-12 12:21:17 [main] DEBUG c.g.d.z.s.o.a.hc.client5.http.wire - http-outgoing-0 << "[\r][\n]"
2026-09-12 12:21:17 [main] DEBUG c.g.d.z.s.o.a.h.c.h.i.c.InternalHttpClient - ep-00000000: releasing valid endpoint
2026-09-12 12:21:17 [main] DEBUG c.g.d.z.s.o.a.h.c.h.i.i.PoolingHttpClientConnectionManager - ep-00000000: releasing endpoint
2026-09-12 12:21:17 [main] DEBUG c.g.d.z.s.o.a.h.c.h.i.i.PoolingHttpClientConnectionManager - ep-00000000: connection http-outgoing-0 can be kept alive for 3 MINUTES
2026-09-12 12:21:17 [main] DEBUG c.g.d.z.s.o.a.h.c.h.i.i.PoolingHttpClientConnectionManager - ep-00000000: connection released [route: {}->http://localhost:2375][total available: 1; route allocated: 1 of 2147483647; total allocated: 1 of 2147483647]
2026-09-12 12:21:17 [main] DEBUG o.t.d.DockerClientProviderStrategy - EnvironmentAndSystemPropertyClientProviderStrategy: failed with exception BadRequestException (Status 400: {"ID":"","Containers":0,"ContainersRunning":0,"ContainersPaused":0,"ContainersStopped":0,"Images":0,"Driver":"","DriverStatus":null,"Plugins":{"Volume":null,"Network":null,"Authorization":null,"Log":null},"MemoryLimit":false,"SwapLimit":false,"CpuCfsPeriod":false,"CpuCfsQuota":false,"CPUShares":false,"CPUSet":false,"PidsLimit":false,"IPv4Forwarding":false,"Debug":false,"NFd":0,"OomKillDisable":false,"NGoroutines":0,"SystemTime":"","LoggingDriver":"","CgroupDriver":"","NEventsListener":0,"KernelVersion":"","OperatingSystem":"","OSVersion":"","OSType":"","Architecture":"","IndexServerAddress":"","RegistryConfig":null,"NCPU":0,"MemTotal":0,"GenericResources":null,"DockerRootDir":"","HttpProxy":"","HttpsProxy":"","NoProxy":"","Name":"","Labels":["com.docker.desktop.address=npipe://\\\\.\\pipe\\docker_cli"],"ExperimentalBuild":false,"ServerVersion":"","Runtimes":null,"DefaultRuntime":"","Swarm":{"NodeID":"","NodeAddr":"","LocalNodeState":"","ControlAvailable":false,"Error":"","RemoteManagers":null},"LiveRestoreEnabled":false,"Isolation":"","InitBinary":"","ContainerdCommit":{"ID":""},"RuncCommit":{"ID":""},"InitCommit":{"ID":""},"SecurityOptions":null,"CDISpecDirs":null,"Warnings":null})
2026-09-12 12:21:17 [main] DEBUG o.t.d.DockerClientProviderStrategy - Trying out strategy: NpipeSocketClientProviderStrategy
2026-09-12 12:21:17 [main] DEBUG o.t.s.c.g.d.c.command.AbstrDockerCmd - Cmd: 
2026-09-12 12:21:17 [main] DEBUG c.g.d.z.s.o.a.h.c.h.i.c.InternalHttpClient - ex-00000002: preparing request execution
2026-09-12 12:21:17 [main] DEBUG c.g.d.z.s.o.a.h.c.h.p.RequestAddCookies - Cookie spec selected: strict
2026-09-12 12:21:17 [main] DEBUG c.g.d.z.s.o.a.h.c.h.p.RequestAuthCache - Auth cache not set in the context
2026-09-12 12:21:17 [main] DEBUG c.g.d.z.s.o.a.h.c.h.i.c.ProtocolExec - ex-00000002: target auth state: UNCHALLENGED
2026-09-12 12:21:17 [main] DEBUG c.g.d.z.s.o.a.h.c.h.i.c.ProtocolExec - ex-00000002: proxy auth state: UNCHALLENGED
2026-09-12 12:21:17 [main] DEBUG c.g.d.z.s.o.a.h.c.h.i.c.ConnectExec - ex-00000002: acquiring connection with route {}->npipe://localhost:2375
2026-09-12 12:21:17 [main] DEBUG c.g.d.z.s.o.a.h.c.h.i.c.InternalHttpClient - ex-00000002: acquiring endpoint (3 MINUTES)
2026-09-12 12:21:17 [main] DEBUG c.g.d.z.s.o.a.h.c.h.i.i.PoolingHttpClientConnectionManager - ex-00000002: endpoint lease request (3 MINUTES) [route: {}->npipe://localhost:2375][total available: 0; route allocated: 0 of 2147483647; total allocated: 0 of 2147483647]
2026-09-12 12:21:17 [main] DEBUG c.g.d.z.s.o.a.h.c.h.i.i.PoolingHttpClientConnectionManager - ex-00000002: endpoint leased [route: {}->npipe://localhost:2375][total available: 0; route allocated: 1 of 2147483647; total allocated: 1 of 2147483647]
2026-09-12 12:21:17 [main] DEBUG c.g.d.z.s.o.a.h.c.h.i.i.PoolingHttpClientConnectionManager - ex-00000002: acquired ep-00000001
2026-09-12 12:21:17 [main] DEBUG c.g.d.z.s.o.a.h.c.h.i.c.InternalHttpClient - ex-00000002: acquired endpoint ep-00000001
2026-09-12 12:21:17 [main] DEBUG c.g.d.z.s.o.a.h.c.h.i.c.ConnectExec - ex-00000002: opening connection {}->npipe://localhost:2375
2026-09-12 12:21:17 [main] DEBUG c.g.d.z.s.o.a.h.c.h.i.c.InternalHttpClient - ep-00000001: connecting endpoint (3 MINUTES)
2026-09-12 12:21:17 [main] DEBUG c.g.d.z.s.o.a.h.c.h.i.i.PoolingHttpClientConnectionManager - ep-00000001: connecting endpoint to npipe://localhost:2375 (3 MINUTES)
2026-09-12 12:21:17 [main] DEBUG c.g.d.z.s.o.a.h.c.h.i.i.DefaultHttpClientConnectionOperator - http-outgoing-1: connecting to localhost/127.0.0.1:2375
2026-09-12 12:21:17 [main] DEBUG c.g.d.z.s.o.a.h.c.h.i.i.DefaultHttpClientConnectionOperator - http-outgoing-1: connection established 
2026-09-12 12:21:17 [main] DEBUG c.g.d.z.s.o.a.h.c.h.i.i.PoolingHttpClientConnectionManager - ep-00000001: connected http-outgoing-1
2026-09-12 12:21:17 [main] DEBUG c.g.d.z.s.o.a.h.c.h.i.c.InternalHttpClient - ep-00000001: endpoint connected
2026-09-12 12:21:17 [main] DEBUG c.g.d.z.s.o.a.h.c.h.i.c.MainClientExec - ex-00000002: executing GET /v1.32/info HTTP/1.1
2026-09-12 12:21:17 [main] DEBUG c.g.d.z.s.o.a.h.c.h.i.c.InternalHttpClient - ep-00000001: start execution ex-00000002
2026-09-12 12:21:17 [main] DEBUG c.g.d.z.s.o.a.h.c.h.i.i.PoolingHttpClientConnectionManager - ep-00000001: executing exchange ex-00000002 over http-outgoing-1
2026-09-12 12:21:17 [main] DEBUG c.g.d.z.s.o.a.h.client5.http.headers - http-outgoing-1 >> GET /v1.32/info HTTP/1.1
2026-09-12 12:21:17 [main] DEBUG c.g.d.z.s.o.a.h.client5.http.headers - http-outgoing-1 >> x-tc-sid: 59c08139-400c-4f24-b271-af5ba4445191
2026-09-12 12:21:17 [main] DEBUG c.g.d.z.s.o.a.h.client5.http.headers - http-outgoing-1 >> User-Agent: tc-java/1.21.1
2026-09-12 12:21:17 [main] DEBUG c.g.d.z.s.o.a.h.client5.http.headers - http-outgoing-1 >> Accept-Encoding: gzip, x-gzip, deflate
2026-09-12 12:21:17 [main] DEBUG c.g.d.z.s.o.a.h.client5.http.headers - http-outgoing-1 >> Host: localhost:2375
2026-09-12 12:21:17 [main] DEBUG c.g.d.z.s.o.a.h.client5.http.headers - http-outgoing-1 >> Connection: keep-alive
2026-09-12 12:21:17 [main] DEBUG c.g.d.z.s.o.a.hc.client5.http.wire - http-outgoing-1 >> "GET /v1.32/info HTTP/1.1[\r][\n]"
2026-09-12 12:21:17 [main] DEBUG c.g.d.z.s.o.a.hc.client5.http.wire - http-outgoing-1 >> "x-tc-sid: 59c08139-400c-4f24-b271-af5ba4445191[\r][\n]"
2026-09-12 12:21:17 [main] DEBUG c.g.d.z.s.o.a.hc.client5.http.wire - http-outgoing-1 >> "User-Agent: tc-java/1.21.1[\r][\n]"
2026-09-12 12:21:17 [main] DEBUG c.g.d.z.s.o.a.hc.client5.http.wire - http-outgoing-1 >> "Accept-Encoding: gzip, x-gzip, deflate[\r][\n]"
2026-09-12 12:21:17 [main] DEBUG c.g.d.z.s.o.a.hc.client5.http.wire - http-outgoing-1 >> "Host: localhost:2375[\r][\n]"
2026-09-12 12:21:17 [main] DEBUG c.g.d.z.s.o.a.hc.client5.http.wire - http-outgoing-1 >> "Connection: keep-alive[\r][\n]"
2026-09-12 12:21:17 [main] DEBUG c.g.d.z.s.o.a.hc.client5.http.wire - http-outgoing-1 >> "[\r][\n]"
2026-09-12 12:21:17 [main] DEBUG c.g.d.z.s.o.a.hc.client5.http.wire - http-outgoing-1 << "HTTP/1.1 400 Bad Request[\r][\n]"
2026-09-12 12:21:17 [main] DEBUG c.g.d.z.s.o.a.hc.client5.http.wire - http-outgoing-1 << "Api-Version: 1.55[\r][\n]"
2026-09-12 12:21:17 [main] DEBUG c.g.d.z.s.o.a.hc.client5.http.wire - http-outgoing-1 << "Content-Type: application/json[\r][\n]"
2026-09-12 12:21:17 [main] DEBUG c.g.d.z.s.o.a.hc.client5.http.wire - http-outgoing-1 << "Date: Sat, 12 Sep 2026 10:21:17 GMT[\r][\n]"
2026-09-12 12:21:17 [main] DEBUG c.g.d.z.s.o.a.hc.client5.http.wire - http-outgoing-1 << "Ostype: linux[\r][\n]"
2026-09-12 12:21:17 [main] DEBUG c.g.d.z.s.o.a.hc.client5.http.wire - http-outgoing-1 << "Server: Docker/29.7.2 (linux)[\r][\n]"
2026-09-12 12:21:17 [main] DEBUG c.g.d.z.s.o.a.hc.client5.http.wire - http-outgoing-1 << "Transfer-Encoding: chunked[\r][\n]"
2026-09-12 12:21:17 [main] DEBUG c.g.d.z.s.o.a.hc.client5.http.wire - http-outgoing-1 << "[\r][\n]"
2026-09-12 12:21:17 [main] DEBUG c.g.d.z.s.o.a.h.client5.http.headers - http-outgoing-1 << HTTP/1.1 400 Bad Request
2026-09-12 12:21:17 [main] DEBUG c.g.d.z.s.o.a.h.client5.http.headers - http-outgoing-1 << Api-Version: 1.55
2026-09-12 12:21:17 [main] DEBUG c.g.d.z.s.o.a.h.client5.http.headers - http-outgoing-1 << Content-Type: application/json
2026-09-12 12:21:17 [main] DEBUG c.g.d.z.s.o.a.h.client5.http.headers - http-outgoing-1 << Date: Sat, 12 Sep 2026 10:21:17 GMT
2026-09-12 12:21:17 [main] DEBUG c.g.d.z.s.o.a.h.client5.http.headers - http-outgoing-1 << Ostype: linux
2026-09-12 12:21:17 [main] DEBUG c.g.d.z.s.o.a.h.client5.http.headers - http-outgoing-1 << Server: Docker/29.7.2 (linux)
2026-09-12 12:21:17 [main] DEBUG c.g.d.z.s.o.a.h.client5.http.headers - http-outgoing-1 << Transfer-Encoding: chunked
2026-09-12 12:21:17 [main] DEBUG c.g.d.z.s.o.a.h.c.h.i.c.MainClientExec - ex-00000002: connection can be kept alive for 3 MINUTES
2026-09-12 12:21:17 [main] DEBUG c.g.d.z.s.o.a.hc.client5.http.wire - http-outgoing-1 << "4b0[\r][\n]"
2026-09-12 12:21:17 [main] DEBUG c.g.d.z.s.o.a.hc.client5.http.wire - http-outgoing-1 << "{"ID":"","Containers":0,"ContainersRunning":0,"ContainersPaused":0,"ContainersStopped":0,"Images":0,"Driver":"","DriverStatus":null,"Plugins":{"Volume":null,"Network":null,"Authorization":null,"Log":null},"MemoryLimit":false,"SwapLimit":false,"CpuCfsPeriod":false,"CpuCfsQuota":false,"CPUShares":false,"CPUSet":false,"PidsLimit":false,"IPv4Forwarding":false,"Debug":false,"NFd":0,"OomKillDisable":false,"NGoroutines":0,"SystemTime":"","LoggingDriver":"","CgroupDriver":"","NEventsListener":0,"KernelVersion":"","OperatingSystem":"","OSVersion":"","OSType":"","Architecture":"","IndexServerAddress":"","RegistryConfig":null,"NCPU":0,"MemTotal":0,"GenericResources":null,"DockerRootDir":"","HttpProxy":"","HttpsProxy":"","NoProxy":"","Name":"","Labels":["com.docker.desktop.address=npipe://\\\\.\\pipe\\docker_cli"],"ExperimentalBuild":false,"ServerVersion":"","Runtimes":null,"DefaultRuntime":"","Swarm":{"NodeID":"","NodeAddr":"","LocalNodeState":"","ControlAvailable":false,"Error":"","RemoteManagers":null},"LiveRestoreEnabled":false,"Isolation":"","InitBinary":"","ContainerdCommit":{"ID":""},"RuncCommit":{"ID":""},"InitCommit":{"ID":""},"SecurityOptions":null,"CDISpecDirs":null,"Warnings":null}[\r][\n]"
2026-09-12 12:21:17 [main] DEBUG c.g.d.z.s.o.a.hc.client5.http.wire - http-outgoing-1 << "0[\r][\n]"
2026-09-12 12:21:17 [main] DEBUG c.g.d.z.s.o.a.hc.client5.http.wire - http-outgoing-1 << "[\r][\n]"
2026-09-12 12:21:17 [main] DEBUG c.g.d.z.s.o.a.h.c.h.i.c.InternalHttpClient - ep-00000001: releasing valid endpoint
2026-09-12 12:21:17 [main] DEBUG c.g.d.z.s.o.a.h.c.h.i.i.PoolingHttpClientConnectionManager - ep-00000001: releasing endpoint
2026-09-12 12:21:17 [main] DEBUG c.g.d.z.s.o.a.h.c.h.i.i.PoolingHttpClientConnectionManager - ep-00000001: connection http-outgoing-1 can be kept alive for 3 MINUTES
2026-09-12 12:21:17 [main] DEBUG c.g.d.z.s.o.a.h.c.h.i.i.PoolingHttpClientConnectionManager - ep-00000001: connection released [route: {}->npipe://localhost:2375][total available: 1; route allocated: 1 of 2147483647; total allocated: 1 of 2147483647]
2026-09-12 12:21:17 [main] DEBUG o.t.d.DockerClientProviderStrategy - NpipeSocketClientProviderStrategy: failed with exception BadRequestException (Status 400: {"ID":"","Containers":0,"ContainersRunning":0,"ContainersPaused":0,"ContainersStopped":0,"Images":0,"Driver":"","DriverStatus":null,"Plugins":{"Volume":null,"Network":null,"Authorization":null,"Log":null},"MemoryLimit":false,"SwapLimit":false,"CpuCfsPeriod":false,"CpuCfsQuota":false,"CPUShares":false,"CPUSet":false,"PidsLimit":false,"IPv4Forwarding":false,"Debug":false,"NFd":0,"OomKillDisable":false,"NGoroutines":0,"SystemTime":"","LoggingDriver":"","CgroupDriver":"","NEventsListener":0,"KernelVersion":"","OperatingSystem":"","OSVersion":"","OSType":"","Architecture":"","IndexServerAddress":"","RegistryConfig":null,"NCPU":0,"MemTotal":0,"GenericResources":null,"DockerRootDir":"","HttpProxy":"","HttpsProxy":"","NoProxy":"","Name":"","Labels":["com.docker.desktop.address=npipe://\\\\.\\pipe\\docker_cli"],"ExperimentalBuild":false,"ServerVersion":"","Runtimes":null,"DefaultRuntime":"","Swarm":{"NodeID":"","NodeAddr":"","LocalNodeState":"","ControlAvailable":false,"Error":"","RemoteManagers":null},"LiveRestoreEnabled":false,"Isolation":"","InitBinary":"","ContainerdCommit":{"ID":""},"RuncCommit":{"ID":""},"InitCommit":{"ID":""},"SecurityOptions":null,"CDISpecDirs":null,"Warnings":null})
2026-09-12 12:21:17 [main] INFO  o.t.d.DockerMachineClientProviderStrategy - docker-machine executable was not found on PATH ([C:\Windows\system32, C:\Windows, C:\Windows\System32\Wbem, C:\Windows\System32\WindowsPowerShell\v1.0\, C:\Windows\System32\OpenSSH\, C:\Program Files\dotnet\, C:\Program Files (x86)\NVIDIA Corporation\PhysX\Common, C:\Program Files\NVIDIA Corporation\NVIDIA app\NvDLISR, C:\Program Files\Cloudflare\Cloudflare WARP\, C:\Program Files\Git\cmd, C:\Users\azuureke\AppData\Local\Programs\Eclipse Adoptium\jdk-17.0.19.10-hotspot\bin, C:\Users\azuureke\AppData\Local\Microsoft\WindowsApps, , C:\Users\azuureke\AppData\Local\Programs\DockerDesktop\resources\bin])
2026-09-12 12:21:17 [main] ERROR o.t.d.DockerClientProviderStrategy - Could not find a valid Docker environment. Please check configuration. Attempted configurations were:
	EnvironmentAndSystemPropertyClientProviderStrategy: failed with exception BadRequestException (Status 400: {"ID":"","Containers":0,"ContainersRunning":0,"ContainersPaused":0,"ContainersStopped":0,"Images":0,"Driver":"","DriverStatus":null,"Plugins":{"Volume":null,"Network":null,"Authorization":null,"Log":null},"MemoryLimit":false,"SwapLimit":false,"CpuCfsPeriod":false,"CpuCfsQuota":false,"CPUShares":false,"CPUSet":false,"PidsLimit":false,"IPv4Forwarding":false,"Debug":false,"NFd":0,"OomKillDisable":false,"NGoroutines":0,"SystemTime":"","LoggingDriver":"","CgroupDriver":"","NEventsListener":0,"KernelVersion":"","OperatingSystem":"","OSVersion":"","OSType":"","Architecture":"","IndexServerAddress":"","RegistryConfig":null,"NCPU":0,"MemTotal":0,"GenericResources":null,"DockerRootDir":"","HttpProxy":"","HttpsProxy":"","NoProxy":"","Name":"","Labels":["com.docker.desktop.address=npipe://\\\\.\\pipe\\docker_cli"],"ExperimentalBuild":false,"ServerVersion":"","Runtimes":null,"DefaultRuntime":"","Swarm":{"NodeID":"","NodeAddr":"","LocalNodeState":"","ControlAvailable":false,"Error":"","RemoteManagers":null},"LiveRestoreEnabled":false,"Isolation":"","InitBinary":"","ContainerdCommit":{"ID":""},"RuncCommit":{"ID":""},"InitCommit":{"ID":""},"SecurityOptions":null,"CDISpecDirs":null,"Warnings":null})
	NpipeSocketClientProviderStrategy: failed with exception BadRequestException (Status 400: {"ID":"","Containers":0,"ContainersRunning":0,"ContainersPaused":0,"ContainersStopped":0,"Images":0,"Driver":"","DriverStatus":null,"Plugins":{"Volume":null,"Network":null,"Authorization":null,"Log":null},"MemoryLimit":false,"SwapLimit":false,"CpuCfsPeriod":false,"CpuCfsQuota":false,"CPUShares":false,"CPUSet":false,"PidsLimit":false,"IPv4Forwarding":false,"Debug":false,"NFd":0,"OomKillDisable":false,"NGoroutines":0,"SystemTime":"","LoggingDriver":"","CgroupDriver":"","NEventsListener":0,"KernelVersion":"","OperatingSystem":"","OSVersion":"","OSType":"","Architecture":"","IndexServerAddress":"","RegistryConfig":null,"NCPU":0,"MemTotal":0,"GenericResources":null,"DockerRootDir":"","HttpProxy":"","HttpsProxy":"","NoProxy":"","Name":"","Labels":["com.docker.desktop.address=npipe://\\\\.\\pipe\\docker_cli"],"ExperimentalBuild":false,"ServerVersion":"","Runtimes":null,"DefaultRuntime":"","Swarm":{"NodeID":"","NodeAddr":"","LocalNodeState":"","ControlAvailable":false,"Error":"","RemoteManagers":null},"LiveRestoreEnabled":false,"Isolation":"","InitBinary":"","ContainerdCommit":{"ID":""},"RuncCommit":{"ID":""},"InitCommit":{"ID":""},"SecurityOptions":null,"CDISpecDirs":null,"Warnings":null})As no valid configuration was found, execution cannot continue.
See https://java.testcontainers.org/on_failure.html for more details.
2026-09-12 12:21:28 [main] DEBUG o.t.u.TestcontainersConfiguration - Testcontainers configuration overrides will be loaded from file:/C:/Users/azuureke/.testcontainers.properties
2026-09-12 12:21:28 [main] INFO  o.testcontainers.images.PullPolicy - Image pull policy will be performed by: DefaultPullPolicy()
2026-09-12 12:21:28 [main] INFO  o.t.utility.ImageNameSubstitutor - Image name substitution will be performed by: DefaultImageNameSubstitutor (composite of 'ConfigurationFileImageNameSubstitutor' and 'PrefixingImageNameSubstitutor')
2026-09-12 12:21:28 [main] INFO  o.testcontainers.DockerClientFactory - Testcontainers version: 1.21.1
2026-09-12 12:21:28 [main] DEBUG o.t.d.DockerClientProviderStrategy - Trying out strategy: EnvironmentAndSystemPropertyClientProviderStrategy
2026-09-12 12:21:28 [main] DEBUG o.t.s.c.g.d.c.command.AbstrDockerCmd - Cmd: 
2026-09-12 12:21:28 [main] DEBUG c.g.d.z.s.o.a.h.c.h.i.c.InternalHttpClient - ex-00000001: preparing request execution
2026-09-12 12:21:28 [main] DEBUG c.g.d.z.s.o.a.h.c.h.p.RequestAddCookies - Cookie spec selected: strict
2026-09-12 12:21:28 [main] DEBUG c.g.d.z.s.o.a.h.c.h.p.RequestAuthCache - Auth cache not set in the context
2026-09-12 12:21:28 [main] DEBUG c.g.d.z.s.o.a.h.c.h.i.c.ProtocolExec - ex-00000001: target auth state: UNCHALLENGED
2026-09-12 12:21:28 [main] DEBUG c.g.d.z.s.o.a.h.c.h.i.c.ProtocolExec - ex-00000001: proxy auth state: UNCHALLENGED
2026-09-12 12:21:28 [main] DEBUG c.g.d.z.s.o.a.h.c.h.i.c.ConnectExec - ex-00000001: acquiring connection with route {}->http://localhost:2375
2026-09-12 12:21:28 [main] DEBUG c.g.d.z.s.o.a.h.c.h.i.c.InternalHttpClient - ex-00000001: acquiring endpoint (3 MINUTES)
2026-09-12 12:21:28 [main] DEBUG c.g.d.z.s.o.a.h.c.h.i.i.PoolingHttpClientConnectionManager - ex-00000001: endpoint lease request (3 MINUTES) [route: {}->http://localhost:2375][total available: 0; route allocated: 0 of 2147483647; total allocated: 0 of 2147483647]
2026-09-12 12:21:28 [main] DEBUG c.g.d.z.s.o.a.h.c.h.i.i.PoolingHttpClientConnectionManager - ex-00000001: endpoint leased [route: {}->http://localhost:2375][total available: 0; route allocated: 1 of 2147483647; total allocated: 1 of 2147483647]
2026-09-12 12:21:28 [main] DEBUG c.g.d.z.s.o.a.h.c.h.i.i.PoolingHttpClientConnectionManager - ex-00000001: acquired ep-00000000
2026-09-12 12:21:28 [main] DEBUG c.g.d.z.s.o.a.h.c.h.i.c.InternalHttpClient - ex-00000001: acquired endpoint ep-00000000
2026-09-12 12:21:28 [main] DEBUG c.g.d.z.s.o.a.h.c.h.i.c.ConnectExec - ex-00000001: opening connection {}->http://localhost:2375
2026-09-12 12:21:28 [main] DEBUG c.g.d.z.s.o.a.h.c.h.i.c.InternalHttpClient - ep-00000000: connecting endpoint (3 MINUTES)
2026-09-12 12:21:28 [main] DEBUG c.g.d.z.s.o.a.h.c.h.i.i.PoolingHttpClientConnectionManager - ep-00000000: connecting endpoint to http://localhost:2375 (3 MINUTES)
2026-09-12 12:21:28 [main] DEBUG c.g.d.z.s.o.a.h.c.h.i.i.DefaultHttpClientConnectionOperator - http-outgoing-0: connecting to localhost/127.0.0.1:2375
2026-09-12 12:21:28 [main] DEBUG c.g.d.z.s.o.a.h.c.h.i.i.DefaultHttpClientConnectionOperator - http-outgoing-0: connection established 127.0.0.1:62603<->127.0.0.1:2375
2026-09-12 12:21:28 [main] DEBUG c.g.d.z.s.o.a.h.c.h.i.i.PoolingHttpClientConnectionManager - ep-00000000: connected http-outgoing-0
2026-09-12 12:21:28 [main] DEBUG c.g.d.z.s.o.a.h.c.h.i.c.InternalHttpClient - ep-00000000: endpoint connected
2026-09-12 12:21:28 [main] DEBUG c.g.d.z.s.o.a.h.c.h.i.c.MainClientExec - ex-00000001: executing GET /v1.32/info HTTP/1.1
2026-09-12 12:21:28 [main] DEBUG c.g.d.z.s.o.a.h.c.h.i.c.InternalHttpClient - ep-00000000: start execution ex-00000001
2026-09-12 12:21:28 [main] DEBUG c.g.d.z.s.o.a.h.c.h.i.i.PoolingHttpClientConnectionManager - ep-00000000: executing exchange ex-00000001 over http-outgoing-0
2026-09-12 12:21:28 [main] DEBUG c.g.d.z.s.o.a.h.client5.http.headers - http-outgoing-0 >> GET /v1.32/info HTTP/1.1
2026-09-12 12:21:28 [main] DEBUG c.g.d.z.s.o.a.h.client5.http.headers - http-outgoing-0 >> x-tc-sid: c0b3f072-d97e-4401-a730-0eb965f73297
2026-09-12 12:21:28 [main] DEBUG c.g.d.z.s.o.a.h.client5.http.headers - http-outgoing-0 >> User-Agent: tc-java/1.21.1
2026-09-12 12:21:28 [main] DEBUG c.g.d.z.s.o.a.h.client5.http.headers - http-outgoing-0 >> Accept-Encoding: gzip, x-gzip, deflate
2026-09-12 12:21:28 [main] DEBUG c.g.d.z.s.o.a.h.client5.http.headers - http-outgoing-0 >> Host: localhost:2375
2026-09-12 12:21:28 [main] DEBUG c.g.d.z.s.o.a.h.client5.http.headers - http-outgoing-0 >> Connection: keep-alive
2026-09-12 12:21:28 [main] DEBUG c.g.d.z.s.o.a.hc.client5.http.wire - http-outgoing-0 >> "GET /v1.32/info HTTP/1.1[\r][\n]"
2026-09-12 12:21:28 [main] DEBUG c.g.d.z.s.o.a.hc.client5.http.wire - http-outgoing-0 >> "x-tc-sid: c0b3f072-d97e-4401-a730-0eb965f73297[\r][\n]"
2026-09-12 12:21:28 [main] DEBUG c.g.d.z.s.o.a.hc.client5.http.wire - http-outgoing-0 >> "User-Agent: tc-java/1.21.1[\r][\n]"
2026-09-12 12:21:28 [main] DEBUG c.g.d.z.s.o.a.hc.client5.http.wire - http-outgoing-0 >> "Accept-Encoding: gzip, x-gzip, deflate[\r][\n]"
2026-09-12 12:21:28 [main] DEBUG c.g.d.z.s.o.a.hc.client5.http.wire - http-outgoing-0 >> "Host: localhost:2375[\r][\n]"
2026-09-12 12:21:28 [main] DEBUG c.g.d.z.s.o.a.hc.client5.http.wire - http-outgoing-0 >> "Connection: keep-alive[\r][\n]"
2026-09-12 12:21:28 [main] DEBUG c.g.d.z.s.o.a.hc.client5.http.wire - http-outgoing-0 >> "[\r][\n]"
2026-09-12 12:21:28 [main] DEBUG c.g.d.z.s.o.a.hc.client5.http.wire - http-outgoing-0 << "HTTP/1.1 400 Bad Request[\r][\n]"
2026-09-12 12:21:28 [main] DEBUG c.g.d.z.s.o.a.hc.client5.http.wire - http-outgoing-0 << "Api-Version: 1.55[\r][\n]"
2026-09-12 12:21:28 [main] DEBUG c.g.d.z.s.o.a.hc.client5.http.wire - http-outgoing-0 << "Content-Type: application/json[\r][\n]"
2026-09-12 12:21:28 [main] DEBUG c.g.d.z.s.o.a.hc.client5.http.wire - http-outgoing-0 << "Date: Sat, 12 Sep 2026 10:21:28 GMT[\r][\n]"
2026-09-12 12:21:28 [main] DEBUG c.g.d.z.s.o.a.hc.client5.http.wire - http-outgoing-0 << "Ostype: linux[\r][\n]"
2026-09-12 12:21:28 [main] DEBUG c.g.d.z.s.o.a.hc.client5.http.wire - http-outgoing-0 << "Server: Docker/29.7.2 (linux)[\r][\n]"
2026-09-12 12:21:28 [main] DEBUG c.g.d.z.s.o.a.hc.client5.http.wire - http-outgoing-0 << "Transfer-Encoding: chunked[\r][\n]"
2026-09-12 12:21:28 [main] DEBUG c.g.d.z.s.o.a.hc.client5.http.wire - http-outgoing-0 << "[\r][\n]"
2026-09-12 12:21:28 [main] DEBUG c.g.d.z.s.o.a.hc.client5.http.wire - http-outgoing-0 << "4b0[\r][\n]"
2026-09-12 12:21:28 [main] DEBUG c.g.d.z.s.o.a.hc.client5.http.wire - http-outgoing-0 << "{"ID":"","Containers":0,"ContainersRunning":0,"ContainersPaused":0,"ContainersStopped":0,"Images":0,"Driver":"","DriverStatus":null,"Plugins":{"Volume":null,"Network":null,"Authorization":null,"Log":null},"MemoryLimit":false,"SwapLimit":false,"CpuCfsPeriod":false,"CpuCfsQuota":false,"CPUShares":false,"CPUSet":false,"PidsLimit":false,"IPv4Forwarding":false,"Debug":false,"NFd":0,"OomKillDisable":false,"NGoroutines":0,"SystemTime":"","LoggingDriver":"","CgroupDriver":"","NEventsListener":0,"KernelVersion":"","OperatingSystem":"","OSVersion":"","OSType":"","Architecture":"","IndexServerAddress":"","RegistryConfig":null,"NCPU":0,"MemTotal":0,"GenericResources":null,"DockerRootDir":"","HttpProxy":"","HttpsProxy":"","NoProxy":"","Name":"","Labels":["com.docker.desktop.address=npipe://\\\\.\\pipe\\docker_cli"],"ExperimentalBuild":false,"ServerVersion":"","Runtimes":null,"DefaultRuntime":"","Swarm":{"NodeID":"","NodeAddr":"","LocalNodeState":"","ControlAvailable":false,"Error":"","RemoteManagers":null},"LiveRestoreEnabled":false,"Isolation":"","InitBinary":"","ContainerdCommit":{"ID":""},"RuncCommit":{"ID":""},"InitCommit":{"ID":""},"SecurityOptions":null,"CDISpecDirs":null,"Warnings":null}[\r][\n]"
2026-09-12 12:21:28 [main] DEBUG c.g.d.z.s.o.a.h.client5.http.headers - http-outgoing-0 << HTTP/1.1 400 Bad Request
2026-09-12 12:21:28 [main] DEBUG c.g.d.z.s.o.a.h.client5.http.headers - http-outgoing-0 << Api-Version: 1.55
2026-09-12 12:21:28 [main] DEBUG c.g.d.z.s.o.a.h.client5.http.headers - http-outgoing-0 << Content-Type: application/json
2026-09-12 12:21:28 [main] DEBUG c.g.d.z.s.o.a.h.client5.http.headers - http-outgoing-0 << Date: Sat, 12 Sep 2026 10:21:28 GMT
2026-09-12 12:21:28 [main] DEBUG c.g.d.z.s.o.a.h.client5.http.headers - http-outgoing-0 << Ostype: linux
2026-09-12 12:21:28 [main] DEBUG c.g.d.z.s.o.a.h.client5.http.headers - http-outgoing-0 << Server: Docker/29.7.2 (linux)
2026-09-12 12:21:28 [main] DEBUG c.g.d.z.s.o.a.h.client5.http.headers - http-outgoing-0 << Transfer-Encoding: chunked
2026-09-12 12:21:28 [main] DEBUG c.g.d.z.s.o.a.h.c.h.i.c.MainClientExec - ex-00000001: connection can be kept alive for 3 MINUTES
2026-09-12 12:21:28 [main] DEBUG c.g.d.z.s.o.a.hc.client5.http.wire - http-outgoing-0 << "0[\r][\n]"
2026-09-12 12:21:28 [main] DEBUG c.g.d.z.s.o.a.hc.client5.http.wire - http-outgoing-0 << "[\r][\n]"
2026-09-12 12:21:28 [main] DEBUG c.g.d.z.s.o.a.h.c.h.i.c.InternalHttpClient - ep-00000000: releasing valid endpoint
2026-09-12 12:21:28 [main] DEBUG c.g.d.z.s.o.a.h.c.h.i.i.PoolingHttpClientConnectionManager - ep-00000000: releasing endpoint
2026-09-12 12:21:28 [main] DEBUG c.g.d.z.s.o.a.h.c.h.i.i.PoolingHttpClientConnectionManager - ep-00000000: connection http-outgoing-0 can be kept alive for 3 MINUTES
2026-09-12 12:21:28 [main] DEBUG c.g.d.z.s.o.a.h.c.h.i.i.PoolingHttpClientConnectionManager - ep-00000000: connection released [route: {}->http://localhost:2375][total available: 1; route allocated: 1 of 2147483647; total allocated: 1 of 2147483647]
2026-09-12 12:21:28 [main] DEBUG o.t.d.DockerClientProviderStrategy - EnvironmentAndSystemPropertyClientProviderStrategy: failed with exception BadRequestException (Status 400: {"ID":"","Containers":0,"ContainersRunning":0,"ContainersPaused":0,"ContainersStopped":0,"Images":0,"Driver":"","DriverStatus":null,"Plugins":{"Volume":null,"Network":null,"Authorization":null,"Log":null},"MemoryLimit":false,"SwapLimit":false,"CpuCfsPeriod":false,"CpuCfsQuota":false,"CPUShares":false,"CPUSet":false,"PidsLimit":false,"IPv4Forwarding":false,"Debug":false,"NFd":0,"OomKillDisable":false,"NGoroutines":0,"SystemTime":"","LoggingDriver":"","CgroupDriver":"","NEventsListener":0,"KernelVersion":"","OperatingSystem":"","OSVersion":"","OSType":"","Architecture":"","IndexServerAddress":"","RegistryConfig":null,"NCPU":0,"MemTotal":0,"GenericResources":null,"DockerRootDir":"","HttpProxy":"","HttpsProxy":"","NoProxy":"","Name":"","Labels":["com.docker.desktop.address=npipe://\\\\.\\pipe\\docker_cli"],"ExperimentalBuild":false,"ServerVersion":"","Runtimes":null,"DefaultRuntime":"","Swarm":{"NodeID":"","NodeAddr":"","LocalNodeState":"","ControlAvailable":false,"Error":"","RemoteManagers":null},"LiveRestoreEnabled":false,"Isolation":"","InitBinary":"","ContainerdCommit":{"ID":""},"RuncCommit":{"ID":""},"InitCommit":{"ID":""},"SecurityOptions":null,"CDISpecDirs":null,"Warnings":null})
2026-09-12 12:21:28 [main] DEBUG o.t.d.DockerClientProviderStrategy - Trying out strategy: NpipeSocketClientProviderStrategy
2026-09-12 12:21:28 [main] DEBUG o.t.s.c.g.d.c.command.AbstrDockerCmd - Cmd: 
2026-09-12 12:21:28 [main] DEBUG c.g.d.z.s.o.a.h.c.h.i.c.InternalHttpClient - ex-00000002: preparing request execution
2026-09-12 12:21:28 [main] DEBUG c.g.d.z.s.o.a.h.c.h.p.RequestAddCookies - Cookie spec selected: strict
2026-09-12 12:21:28 [main] DEBUG c.g.d.z.s.o.a.h.c.h.p.RequestAuthCache - Auth cache not set in the context
2026-09-12 12:21:28 [main] DEBUG c.g.d.z.s.o.a.h.c.h.i.c.ProtocolExec - ex-00000002: target auth state: UNCHALLENGED
2026-09-12 12:21:28 [main] DEBUG c.g.d.z.s.o.a.h.c.h.i.c.ProtocolExec - ex-00000002: proxy auth state: UNCHALLENGED
2026-09-12 12:21:28 [main] DEBUG c.g.d.z.s.o.a.h.c.h.i.c.ConnectExec - ex-00000002: acquiring connection with route {}->npipe://localhost:2375
2026-09-12 12:21:28 [main] DEBUG c.g.d.z.s.o.a.h.c.h.i.c.InternalHttpClient - ex-00000002: acquiring endpoint (3 MINUTES)
2026-09-12 12:21:28 [main] DEBUG c.g.d.z.s.o.a.h.c.h.i.i.PoolingHttpClientConnectionManager - ex-00000002: endpoint lease request (3 MINUTES) [route: {}->npipe://localhost:2375][total available: 0; route allocated: 0 of 2147483647; total allocated: 0 of 2147483647]
2026-09-12 12:21:28 [main] DEBUG c.g.d.z.s.o.a.h.c.h.i.i.PoolingHttpClientConnectionManager - ex-00000002: endpoint leased [route: {}->npipe://localhost:2375][total available: 0; route allocated: 1 of 2147483647; total allocated: 1 of 2147483647]
2026-09-12 12:21:28 [main] DEBUG c.g.d.z.s.o.a.h.c.h.i.i.PoolingHttpClientConnectionManager - ex-00000002: acquired ep-00000001
2026-09-12 12:21:28 [main] DEBUG c.g.d.z.s.o.a.h.c.h.i.c.InternalHttpClient - ex-00000002: acquired endpoint ep-00000001
2026-09-12 12:21:28 [main] DEBUG c.g.d.z.s.o.a.h.c.h.i.c.ConnectExec - ex-00000002: opening connection {}->npipe://localhost:2375
2026-09-12 12:21:28 [main] DEBUG c.g.d.z.s.o.a.h.c.h.i.c.InternalHttpClient - ep-00000001: connecting endpoint (3 MINUTES)
2026-09-12 12:21:28 [main] DEBUG c.g.d.z.s.o.a.h.c.h.i.i.PoolingHttpClientConnectionManager - ep-00000001: connecting endpoint to npipe://localhost:2375 (3 MINUTES)
2026-09-12 12:21:28 [main] DEBUG c.g.d.z.s.o.a.h.c.h.i.i.DefaultHttpClientConnectionOperator - http-outgoing-1: connecting to localhost/127.0.0.1:2375
2026-09-12 12:21:28 [main] DEBUG c.g.d.z.s.o.a.h.c.h.i.i.DefaultHttpClientConnectionOperator - http-outgoing-1: connection established 
2026-09-12 12:21:28 [main] DEBUG c.g.d.z.s.o.a.h.c.h.i.i.PoolingHttpClientConnectionManager - ep-00000001: connected http-outgoing-1
2026-09-12 12:21:28 [main] DEBUG c.g.d.z.s.o.a.h.c.h.i.c.InternalHttpClient - ep-00000001: endpoint connected
2026-09-12 12:21:28 [main] DEBUG c.g.d.z.s.o.a.h.c.h.i.c.MainClientExec - ex-00000002: executing GET /v1.32/info HTTP/1.1
2026-09-12 12:21:28 [main] DEBUG c.g.d.z.s.o.a.h.c.h.i.c.InternalHttpClient - ep-00000001: start execution ex-00000002
2026-09-12 12:21:28 [main] DEBUG c.g.d.z.s.o.a.h.c.h.i.i.PoolingHttpClientConnectionManager - ep-00000001: executing exchange ex-00000002 over http-outgoing-1
2026-09-12 12:21:28 [main] DEBUG c.g.d.z.s.o.a.h.client5.http.headers - http-outgoing-1 >> GET /v1.32/info HTTP/1.1
2026-09-12 12:21:28 [main] DEBUG c.g.d.z.s.o.a.h.client5.http.headers - http-outgoing-1 >> x-tc-sid: c0b3f072-d97e-4401-a730-0eb965f73297
2026-09-12 12:21:28 [main] DEBUG c.g.d.z.s.o.a.h.client5.http.headers - http-outgoing-1 >> User-Agent: tc-java/1.21.1
2026-09-12 12:21:28 [main] DEBUG c.g.d.z.s.o.a.h.client5.http.headers - http-outgoing-1 >> Accept-Encoding: gzip, x-gzip, deflate
2026-09-12 12:21:28 [main] DEBUG c.g.d.z.s.o.a.h.client5.http.headers - http-outgoing-1 >> Host: localhost:2375
2026-09-12 12:21:28 [main] DEBUG c.g.d.z.s.o.a.h.client5.http.headers - http-outgoing-1 >> Connection: keep-alive
2026-09-12 12:21:28 [main] DEBUG c.g.d.z.s.o.a.hc.client5.http.wire - http-outgoing-1 >> "GET /v1.32/info HTTP/1.1[\r][\n]"
2026-09-12 12:21:28 [main] DEBUG c.g.d.z.s.o.a.hc.client5.http.wire - http-outgoing-1 >> "x-tc-sid: c0b3f072-d97e-4401-a730-0eb965f73297[\r][\n]"
2026-09-12 12:21:28 [main] DEBUG c.g.d.z.s.o.a.hc.client5.http.wire - http-outgoing-1 >> "User-Agent: tc-java/1.21.1[\r][\n]"
2026-09-12 12:21:28 [main] DEBUG c.g.d.z.s.o.a.hc.client5.http.wire - http-outgoing-1 >> "Accept-Encoding: gzip, x-gzip, deflate[\r][\n]"
2026-09-12 12:21:28 [main] DEBUG c.g.d.z.s.o.a.hc.client5.http.wire - http-outgoing-1 >> "Host: localhost:2375[\r][\n]"
2026-09-12 12:21:28 [main] DEBUG c.g.d.z.s.o.a.hc.client5.http.wire - http-outgoing-1 >> "Connection: keep-alive[\r][\n]"
2026-09-12 12:21:28 [main] DEBUG c.g.d.z.s.o.a.hc.client5.http.wire - http-outgoing-1 >> "[\r][\n]"
2026-09-12 12:21:28 [main] DEBUG c.g.d.z.s.o.a.hc.client5.http.wire - http-outgoing-1 << "HTTP/1.1 400 Bad Request[\r][\n]"
2026-09-12 12:21:28 [main] DEBUG c.g.d.z.s.o.a.hc.client5.http.wire - http-outgoing-1 << "Api-Version: 1.55[\r][\n]"
2026-09-12 12:21:28 [main] DEBUG c.g.d.z.s.o.a.hc.client5.http.wire - http-outgoing-1 << "Content-Type: application/json[\r][\n]"
2026-09-12 12:21:28 [main] DEBUG c.g.d.z.s.o.a.hc.client5.http.wire - http-outgoing-1 << "Date: Sat, 12 Sep 2026 10:21:28 GMT[\r][\n]"
2026-09-12 12:21:28 [main] DEBUG c.g.d.z.s.o.a.hc.client5.http.wire - http-outgoing-1 << "Ostype: linux[\r][\n]"
2026-09-12 12:21:28 [main] DEBUG c.g.d.z.s.o.a.hc.client5.http.wire - http-outgoing-1 << "Server: Docker/29.7.2 (linux)[\r][\n]"
2026-09-12 12:21:28 [main] DEBUG c.g.d.z.s.o.a.hc.client5.http.wire - http-outgoing-1 << "Transfer-Encoding: chunked[\r][\n]"
2026-09-12 12:21:28 [main] DEBUG c.g.d.z.s.o.a.hc.client5.http.wire - http-outgoing-1 << "[\r][\n]"
2026-09-12 12:21:28 [main] DEBUG c.g.d.z.s.o.a.h.client5.http.headers - http-outgoing-1 << HTTP/1.1 400 Bad Request
2026-09-12 12:21:28 [main] DEBUG c.g.d.z.s.o.a.h.client5.http.headers - http-outgoing-1 << Api-Version: 1.55
2026-09-12 12:21:28 [main] DEBUG c.g.d.z.s.o.a.h.client5.http.headers - http-outgoing-1 << Content-Type: application/json
2026-09-12 12:21:28 [main] DEBUG c.g.d.z.s.o.a.h.client5.http.headers - http-outgoing-1 << Date: Sat, 12 Sep 2026 10:21:28 GMT
2026-09-12 12:21:28 [main] DEBUG c.g.d.z.s.o.a.h.client5.http.headers - http-outgoing-1 << Ostype: linux
2026-09-12 12:21:28 [main] DEBUG c.g.d.z.s.o.a.h.client5.http.headers - http-outgoing-1 << Server: Docker/29.7.2 (linux)
2026-09-12 12:21:28 [main] DEBUG c.g.d.z.s.o.a.h.client5.http.headers - http-outgoing-1 << Transfer-Encoding: chunked
2026-09-12 12:21:28 [main] DEBUG c.g.d.z.s.o.a.h.c.h.i.c.MainClientExec - ex-00000002: connection can be kept alive for 3 MINUTES
2026-09-12 12:21:28 [main] DEBUG c.g.d.z.s.o.a.hc.client5.http.wire - http-outgoing-1 << "4b0[\r][\n]"
2026-09-12 12:21:28 [main] DEBUG c.g.d.z.s.o.a.hc.client5.http.wire - http-outgoing-1 << "{"ID":"","Containers":0,"ContainersRunning":0,"ContainersPaused":0,"ContainersStopped":0,"Images":0,"Driver":"","DriverStatus":null,"Plugins":{"Volume":null,"Network":null,"Authorization":null,"Log":null},"MemoryLimit":false,"SwapLimit":false,"CpuCfsPeriod":false,"CpuCfsQuota":false,"CPUShares":false,"CPUSet":false,"PidsLimit":false,"IPv4Forwarding":false,"Debug":false,"NFd":0,"OomKillDisable":false,"NGoroutines":0,"SystemTime":"","LoggingDriver":"","CgroupDriver":"","NEventsListener":0,"KernelVersion":"","OperatingSystem":"","OSVersion":"","OSType":"","Architecture":"","IndexServerAddress":"","RegistryConfig":null,"NCPU":0,"MemTotal":0,"GenericResources":null,"DockerRootDir":"","HttpProxy":"","HttpsProxy":"","NoProxy":"","Name":"","Labels":["com.docker.desktop.address=npipe://\\\\.\\pipe\\docker_cli"],"ExperimentalBuild":false,"ServerVersion":"","Runtimes":null,"DefaultRuntime":"","Swarm":{"NodeID":"","NodeAddr":"","LocalNodeState":"","ControlAvailable":false,"Error":"","RemoteManagers":null},"LiveRestoreEnabled":false,"Isolation":"","InitBinary":"","ContainerdCommit":{"ID":""},"RuncCommit":{"ID":""},"InitCommit":{"ID":""},"SecurityOptions":null,"CDISpecDirs":null,"Warnings":null}[\r][\n]"
2026-09-12 12:21:28 [main] DEBUG c.g.d.z.s.o.a.hc.client5.http.wire - http-outgoing-1 << "0[\r][\n]"
2026-09-12 12:21:28 [main] DEBUG c.g.d.z.s.o.a.hc.client5.http.wire - http-outgoing-1 << "[\r][\n]"
2026-09-12 12:21:28 [main] DEBUG c.g.d.z.s.o.a.h.c.h.i.c.InternalHttpClient - ep-00000001: releasing valid endpoint
2026-09-12 12:21:28 [main] DEBUG c.g.d.z.s.o.a.h.c.h.i.i.PoolingHttpClientConnectionManager - ep-00000001: releasing endpoint
2026-09-12 12:21:28 [main] DEBUG c.g.d.z.s.o.a.h.c.h.i.i.PoolingHttpClientConnectionManager - ep-00000001: connection http-outgoing-1 can be kept alive for 3 MINUTES
2026-09-12 12:21:28 [main] DEBUG c.g.d.z.s.o.a.h.c.h.i.i.PoolingHttpClientConnectionManager - ep-00000001: connection released [route: {}->npipe://localhost:2375][total available: 1; route allocated: 1 of 2147483647; total allocated: 1 of 2147483647]
2026-09-12 12:21:28 [main] DEBUG o.t.d.DockerClientProviderStrategy - NpipeSocketClientProviderStrategy: failed with exception BadRequestException (Status 400: {"ID":"","Containers":0,"ContainersRunning":0,"ContainersPaused":0,"ContainersStopped":0,"Images":0,"Driver":"","DriverStatus":null,"Plugins":{"Volume":null,"Network":null,"Authorization":null,"Log":null},"MemoryLimit":false,"SwapLimit":false,"CpuCfsPeriod":false,"CpuCfsQuota":false,"CPUShares":false,"CPUSet":false,"PidsLimit":false,"IPv4Forwarding":false,"Debug":false,"NFd":0,"OomKillDisable":false,"NGoroutines":0,"SystemTime":"","LoggingDriver":"","CgroupDriver":"","NEventsListener":0,"KernelVersion":"","OperatingSystem":"","OSVersion":"","OSType":"","Architecture":"","IndexServerAddress":"","RegistryConfig":null,"NCPU":0,"MemTotal":0,"GenericResources":null,"DockerRootDir":"","HttpProxy":"","HttpsProxy":"","NoProxy":"","Name":"","Labels":["com.docker.desktop.address=npipe://\\\\.\\pipe\\docker_cli"],"ExperimentalBuild":false,"ServerVersion":"","Runtimes":null,"DefaultRuntime":"","Swarm":{"NodeID":"","NodeAddr":"","LocalNodeState":"","ControlAvailable":false,"Error":"","RemoteManagers":null},"LiveRestoreEnabled":false,"Isolation":"","InitBinary":"","ContainerdCommit":{"ID":""},"RuncCommit":{"ID":""},"InitCommit":{"ID":""},"SecurityOptions":null,"CDISpecDirs":null,"Warnings":null})
2026-09-12 12:21:28 [main] INFO  o.t.d.DockerMachineClientProviderStrategy - docker-machine executable was not found on PATH ([C:\Windows\system32, C:\Windows, C:\Windows\System32\Wbem, C:\Windows\System32\WindowsPowerShell\v1.0\, C:\Windows\System32\OpenSSH\, C:\Program Files\dotnet\, C:\Program Files (x86)\NVIDIA Corporation\PhysX\Common, C:\Program Files\NVIDIA Corporation\NVIDIA app\NvDLISR, C:\Program Files\Cloudflare\Cloudflare WARP\, C:\Program Files\Git\cmd, C:\Users\azuureke\AppData\Local\Programs\Eclipse Adoptium\jdk-17.0.19.10-hotspot\bin, C:\Users\azuureke\AppData\Local\Microsoft\WindowsApps, , C:\Users\azuureke\AppData\Local\Programs\DockerDesktop\resources\bin])
2026-09-12 12:21:28 [main] ERROR o.t.d.DockerClientProviderStrategy - Could not find a valid Docker environment. Please check configuration. Attempted configurations were:
	EnvironmentAndSystemPropertyClientProviderStrategy: failed with exception BadRequestException (Status 400: {"ID":"","Containers":0,"ContainersRunning":0,"ContainersPaused":0,"ContainersStopped":0,"Images":0,"Driver":"","DriverStatus":null,"Plugins":{"Volume":null,"Network":null,"Authorization":null,"Log":null},"MemoryLimit":false,"SwapLimit":false,"CpuCfsPeriod":false,"CpuCfsQuota":false,"CPUShares":false,"CPUSet":false,"PidsLimit":false,"IPv4Forwarding":false,"Debug":false,"NFd":0,"OomKillDisable":false,"NGoroutines":0,"SystemTime":"","LoggingDriver":"","CgroupDriver":"","NEventsListener":0,"KernelVersion":"","OperatingSystem":"","OSVersion":"","OSType":"","Architecture":"","IndexServerAddress":"","RegistryConfig":null,"NCPU":0,"MemTotal":0,"GenericResources":null,"DockerRootDir":"","HttpProxy":"","HttpsProxy":"","NoProxy":"","Name":"","Labels":["com.docker.desktop.address=npipe://\\\\.\\pipe\\docker_cli"],"ExperimentalBuild":false,"ServerVersion":"","Runtimes":null,"DefaultRuntime":"","Swarm":{"NodeID":"","NodeAddr":"","LocalNodeState":"","ControlAvailable":false,"Error":"","RemoteManagers":null},"LiveRestoreEnabled":false,"Isolation":"","InitBinary":"","ContainerdCommit":{"ID":""},"RuncCommit":{"ID":""},"InitCommit":{"ID":""},"SecurityOptions":null,"CDISpecDirs":null,"Warnings":null})
	NpipeSocketClientProviderStrategy: failed with exception BadRequestException (Status 400: {"ID":"","Containers":0,"ContainersRunning":0,"ContainersPaused":0,"ContainersStopped":0,"Images":0,"Driver":"","DriverStatus":null,"Plugins":{"Volume":null,"Network":null,"Authorization":null,"Log":null},"MemoryLimit":false,"SwapLimit":false,"CpuCfsPeriod":false,"CpuCfsQuota":false,"CPUShares":false,"CPUSet":false,"PidsLimit":false,"IPv4Forwarding":false,"Debug":false,"NFd":0,"OomKillDisable":false,"NGoroutines":0,"SystemTime":"","LoggingDriver":"","CgroupDriver":"","NEventsListener":0,"KernelVersion":"","OperatingSystem":"","OSVersion":"","OSType":"","Architecture":"","IndexServerAddress":"","RegistryConfig":null,"NCPU":0,"MemTotal":0,"GenericResources":null,"DockerRootDir":"","HttpProxy":"","HttpsProxy":"","NoProxy":"","Name":"","Labels":["com.docker.desktop.address=npipe://\\\\.\\pipe\\docker_cli"],"ExperimentalBuild":false,"ServerVersion":"","Runtimes":null,"DefaultRuntime":"","Swarm":{"NodeID":"","NodeAddr":"","LocalNodeState":"","ControlAvailable":false,"Error":"","RemoteManagers":null},"LiveRestoreEnabled":false,"Isolation":"","InitBinary":"","ContainerdCommit":{"ID":""},"RuncCommit":{"ID":""},"InitCommit":{"ID":""},"SecurityOptions":null,"CDISpecDirs":null,"Warnings":null})As no valid configuration was found, execution cannot continue.
See https://java.testcontainers.org/on_failure.html for more details.
2026-09-12 12:21:41 [main] DEBUG o.t.u.TestcontainersConfiguration - Testcontainers configuration overrides will be loaded from file:/C:/Users/azuureke/.testcontainers.properties
2026-09-12 12:21:41 [main] INFO  o.testcontainers.images.PullPolicy - Image pull policy will be performed by: DefaultPullPolicy()
2026-09-12 12:21:41 [main] INFO  o.t.utility.ImageNameSubstitutor - Image name substitution will be performed by: DefaultImageNameSubstitutor (composite of 'ConfigurationFileImageNameSubstitutor' and 'PrefixingImageNameSubstitutor')
2026-09-12 12:21:41 [main] INFO  o.testcontainers.DockerClientFactory - Testcontainers version: 1.21.1
2026-09-12 12:21:41 [main] DEBUG o.t.d.DockerClientProviderStrategy - Trying out strategy: EnvironmentAndSystemPropertyClientProviderStrategy
2026-09-12 12:21:41 [main] DEBUG o.t.s.c.g.d.c.command.AbstrDockerCmd - Cmd: 
2026-09-12 12:21:41 [main] DEBUG c.g.d.z.s.o.a.h.c.h.i.c.InternalHttpClient - ex-00000001: preparing request execution
2026-09-12 12:21:41 [main] DEBUG c.g.d.z.s.o.a.h.c.h.p.RequestAddCookies - Cookie spec selected: strict
2026-09-12 12:21:41 [main] DEBUG c.g.d.z.s.o.a.h.c.h.p.RequestAuthCache - Auth cache not set in the context
2026-09-12 12:21:41 [main] DEBUG c.g.d.z.s.o.a.h.c.h.i.c.ProtocolExec - ex-00000001: target auth state: UNCHALLENGED
2026-09-12 12:21:41 [main] DEBUG c.g.d.z.s.o.a.h.c.h.i.c.ProtocolExec - ex-00000001: proxy auth state: UNCHALLENGED
2026-09-12 12:21:41 [main] DEBUG c.g.d.z.s.o.a.h.c.h.i.c.ConnectExec - ex-00000001: acquiring connection with route {}->http://localhost:2375
2026-09-12 12:21:41 [main] DEBUG c.g.d.z.s.o.a.h.c.h.i.c.InternalHttpClient - ex-00000001: acquiring endpoint (3 MINUTES)
2026-09-12 12:21:41 [main] DEBUG c.g.d.z.s.o.a.h.c.h.i.i.PoolingHttpClientConnectionManager - ex-00000001: endpoint lease request (3 MINUTES) [route: {}->http://localhost:2375][total available: 0; route allocated: 0 of 2147483647; total allocated: 0 of 2147483647]
2026-09-12 12:21:41 [main] DEBUG c.g.d.z.s.o.a.h.c.h.i.i.PoolingHttpClientConnectionManager - ex-00000001: endpoint leased [route: {}->http://localhost:2375][total available: 0; route allocated: 1 of 2147483647; total allocated: 1 of 2147483647]
2026-09-12 12:21:41 [main] DEBUG c.g.d.z.s.o.a.h.c.h.i.i.PoolingHttpClientConnectionManager - ex-00000001: acquired ep-00000000
2026-09-12 12:21:41 [main] DEBUG c.g.d.z.s.o.a.h.c.h.i.c.InternalHttpClient - ex-00000001: acquired endpoint ep-00000000
2026-09-12 12:21:41 [main] DEBUG c.g.d.z.s.o.a.h.c.h.i.c.ConnectExec - ex-00000001: opening connection {}->http://localhost:2375
2026-09-12 12:21:41 [main] DEBUG c.g.d.z.s.o.a.h.c.h.i.c.InternalHttpClient - ep-00000000: connecting endpoint (3 MINUTES)
2026-09-12 12:21:41 [main] DEBUG c.g.d.z.s.o.a.h.c.h.i.i.PoolingHttpClientConnectionManager - ep-00000000: connecting endpoint to http://localhost:2375 (3 MINUTES)
2026-09-12 12:21:41 [main] DEBUG c.g.d.z.s.o.a.h.c.h.i.i.DefaultHttpClientConnectionOperator - http-outgoing-0: connecting to localhost/127.0.0.1:2375
2026-09-12 12:21:41 [main] DEBUG c.g.d.z.s.o.a.h.c.h.i.i.DefaultHttpClientConnectionOperator - http-outgoing-0: connection established 127.0.0.1:62616<->127.0.0.1:2375
2026-09-12 12:21:41 [main] DEBUG c.g.d.z.s.o.a.h.c.h.i.i.PoolingHttpClientConnectionManager - ep-00000000: connected http-outgoing-0
2026-09-12 12:21:41 [main] DEBUG c.g.d.z.s.o.a.h.c.h.i.c.InternalHttpClient - ep-00000000: endpoint connected
2026-09-12 12:21:41 [main] DEBUG c.g.d.z.s.o.a.h.c.h.i.c.MainClientExec - ex-00000001: executing GET /v1.32/info HTTP/1.1
2026-09-12 12:21:41 [main] DEBUG c.g.d.z.s.o.a.h.c.h.i.c.InternalHttpClient - ep-00000000: start execution ex-00000001
2026-09-12 12:21:41 [main] DEBUG c.g.d.z.s.o.a.h.c.h.i.i.PoolingHttpClientConnectionManager - ep-00000000: executing exchange ex-00000001 over http-outgoing-0
2026-09-12 12:21:41 [main] DEBUG c.g.d.z.s.o.a.h.client5.http.headers - http-outgoing-0 >> GET /v1.32/info HTTP/1.1
2026-09-12 12:21:41 [main] DEBUG c.g.d.z.s.o.a.h.client5.http.headers - http-outgoing-0 >> x-tc-sid: f2daeb2a-a5aa-4fd7-85bc-58717dcd2bd1
2026-09-12 12:21:41 [main] DEBUG c.g.d.z.s.o.a.h.client5.http.headers - http-outgoing-0 >> User-Agent: tc-java/1.21.1
2026-09-12 12:21:41 [main] DEBUG c.g.d.z.s.o.a.h.client5.http.headers - http-outgoing-0 >> Accept-Encoding: gzip, x-gzip, deflate
2026-09-12 12:21:41 [main] DEBUG c.g.d.z.s.o.a.h.client5.http.headers - http-outgoing-0 >> Host: localhost:2375
2026-09-12 12:21:41 [main] DEBUG c.g.d.z.s.o.a.h.client5.http.headers - http-outgoing-0 >> Connection: keep-alive
2026-09-12 12:21:41 [main] DEBUG c.g.d.z.s.o.a.hc.client5.http.wire - http-outgoing-0 >> "GET /v1.32/info HTTP/1.1[\r][\n]"
2026-09-12 12:21:41 [main] DEBUG c.g.d.z.s.o.a.hc.client5.http.wire - http-outgoing-0 >> "x-tc-sid: f2daeb2a-a5aa-4fd7-85bc-58717dcd2bd1[\r][\n]"
2026-09-12 12:21:41 [main] DEBUG c.g.d.z.s.o.a.hc.client5.http.wire - http-outgoing-0 >> "User-Agent: tc-java/1.21.1[\r][\n]"
2026-09-12 12:21:41 [main] DEBUG c.g.d.z.s.o.a.hc.client5.http.wire - http-outgoing-0 >> "Accept-Encoding: gzip, x-gzip, deflate[\r][\n]"
2026-09-12 12:21:41 [main] DEBUG c.g.d.z.s.o.a.hc.client5.http.wire - http-outgoing-0 >> "Host: localhost:2375[\r][\n]"
2026-09-12 12:21:41 [main] DEBUG c.g.d.z.s.o.a.hc.client5.http.wire - http-outgoing-0 >> "Connection: keep-alive[\r][\n]"
2026-09-12 12:21:41 [main] DEBUG c.g.d.z.s.o.a.hc.client5.http.wire - http-outgoing-0 >> "[\r][\n]"
2026-09-12 12:21:41 [main] DEBUG c.g.d.z.s.o.a.hc.client5.http.wire - http-outgoing-0 << "HTTP/1.1 400 Bad Request[\r][\n]"
2026-09-12 12:21:41 [main] DEBUG c.g.d.z.s.o.a.hc.client5.http.wire - http-outgoing-0 << "Api-Version: 1.55[\r][\n]"
2026-09-12 12:21:41 [main] DEBUG c.g.d.z.s.o.a.hc.client5.http.wire - http-outgoing-0 << "Content-Type: application/json[\r][\n]"
2026-09-12 12:21:41 [main] DEBUG c.g.d.z.s.o.a.hc.client5.http.wire - http-outgoing-0 << "Date: Sat, 12 Sep 2026 10:21:41 GMT[\r][\n]"
2026-09-12 12:21:41 [main] DEBUG c.g.d.z.s.o.a.hc.client5.http.wire - http-outgoing-0 << "Ostype: linux[\r][\n]"
2026-09-12 12:21:41 [main] DEBUG c.g.d.z.s.o.a.hc.client5.http.wire - http-outgoing-0 << "Server: Docker/29.7.2 (linux)[\r][\n]"
2026-09-12 12:21:41 [main] DEBUG c.g.d.z.s.o.a.hc.client5.http.wire - http-outgoing-0 << "Transfer-Encoding: chunked[\r][\n]"
2026-09-12 12:21:41 [main] DEBUG c.g.d.z.s.o.a.hc.client5.http.wire - http-outgoing-0 << "[\r][\n]"
2026-09-12 12:21:41 [main] DEBUG c.g.d.z.s.o.a.h.client5.http.headers - http-outgoing-0 << HTTP/1.1 400 Bad Request
2026-09-12 12:21:41 [main] DEBUG c.g.d.z.s.o.a.h.client5.http.headers - http-outgoing-0 << Api-Version: 1.55
2026-09-12 12:21:41 [main] DEBUG c.g.d.z.s.o.a.h.client5.http.headers - http-outgoing-0 << Content-Type: application/json
2026-09-12 12:21:41 [main] DEBUG c.g.d.z.s.o.a.h.client5.http.headers - http-outgoing-0 << Date: Sat, 12 Sep 2026 10:21:41 GMT
2026-09-12 12:21:41 [main] DEBUG c.g.d.z.s.o.a.h.client5.http.headers - http-outgoing-0 << Ostype: linux
2026-09-12 12:21:41 [main] DEBUG c.g.d.z.s.o.a.h.client5.http.headers - http-outgoing-0 << Server: Docker/29.7.2 (linux)
2026-09-12 12:21:41 [main] DEBUG c.g.d.z.s.o.a.h.client5.http.headers - http-outgoing-0 << Transfer-Encoding: chunked
2026-09-12 12:21:41 [main] DEBUG c.g.d.z.s.o.a.h.c.h.i.c.MainClientExec - ex-00000001: connection can be kept alive for 3 MINUTES
2026-09-12 12:21:41 [main] DEBUG c.g.d.z.s.o.a.hc.client5.http.wire - http-outgoing-0 << "4b0[\r][\n]"
2026-09-12 12:21:41 [main] DEBUG c.g.d.z.s.o.a.hc.client5.http.wire - http-outgoing-0 << "{"ID":"","Containers":0,"ContainersRunning":0,"ContainersPaused":0,"ContainersStopped":0,"Images":0,"Driver":"","DriverStatus":null,"Plugins":{"Volume":null,"Network":null,"Authorization":null,"Log":null},"MemoryLimit":false,"SwapLimit":false,"CpuCfsPeriod":false,"CpuCfsQuota":false,"CPUShares":false,"CPUSet":false,"PidsLimit":false,"IPv4Forwarding":false,"Debug":false,"NFd":0,"OomKillDisable":false,"NGoroutines":0,"SystemTime":"","LoggingDriver":"","CgroupDriver":"","NEventsListener":0,"KernelVersion":"","OperatingSystem":"","OSVersion":"","OSType":"","Architecture":"","IndexServerAddress":"","RegistryConfig":null,"NCPU":0,"MemTotal":0,"GenericResources":null,"DockerRootDir":"","HttpProxy":"","HttpsProxy":"","NoProxy":"","Name":"","Labels":["com.docker.desktop.address=npipe://\\\\.\\pipe\\docker_cli"],"ExperimentalBuild":false,"ServerVersion":"","Runtimes":null,"DefaultRuntime":"","Swarm":{"NodeID":"","NodeAddr":"","LocalNodeState":"","ControlAvailable":false,"Error":"","RemoteManagers":null},"LiveRestoreEnabled":false,"Isolation":"","InitBinary":"","ContainerdCommit":{"ID":""},"RuncCommit":{"ID":""},"InitCommit":{"ID":""},"SecurityOptions":null,"CDISpecDirs":null,"Warnings":null}[\r][\n]"
2026-09-12 12:21:41 [main] DEBUG c.g.d.z.s.o.a.hc.client5.http.wire - http-outgoing-0 << "0[\r][\n]"
2026-09-12 12:21:41 [main] DEBUG c.g.d.z.s.o.a.hc.client5.http.wire - http-outgoing-0 << "[\r][\n]"
2026-09-12 12:21:41 [main] DEBUG c.g.d.z.s.o.a.h.c.h.i.c.InternalHttpClient - ep-00000000: releasing valid endpoint
2026-09-12 12:21:41 [main] DEBUG c.g.d.z.s.o.a.h.c.h.i.i.PoolingHttpClientConnectionManager - ep-00000000: releasing endpoint
2026-09-12 12:21:41 [main] DEBUG c.g.d.z.s.o.a.h.c.h.i.i.PoolingHttpClientConnectionManager - ep-00000000: connection http-outgoing-0 can be kept alive for 3 MINUTES
2026-09-12 12:21:41 [main] DEBUG c.g.d.z.s.o.a.h.c.h.i.i.PoolingHttpClientConnectionManager - ep-00000000: connection released [route: {}->http://localhost:2375][total available: 1; route allocated: 1 of 2147483647; total allocated: 1 of 2147483647]
2026-09-12 12:21:41 [main] DEBUG o.t.d.DockerClientProviderStrategy - EnvironmentAndSystemPropertyClientProviderStrategy: failed with exception BadRequestException (Status 400: {"ID":"","Containers":0,"ContainersRunning":0,"ContainersPaused":0,"ContainersStopped":0,"Images":0,"Driver":"","DriverStatus":null,"Plugins":{"Volume":null,"Network":null,"Authorization":null,"Log":null},"MemoryLimit":false,"SwapLimit":false,"CpuCfsPeriod":false,"CpuCfsQuota":false,"CPUShares":false,"CPUSet":false,"PidsLimit":false,"IPv4Forwarding":false,"Debug":false,"NFd":0,"OomKillDisable":false,"NGoroutines":0,"SystemTime":"","LoggingDriver":"","CgroupDriver":"","NEventsListener":0,"KernelVersion":"","OperatingSystem":"","OSVersion":"","OSType":"","Architecture":"","IndexServerAddress":"","RegistryConfig":null,"NCPU":0,"MemTotal":0,"GenericResources":null,"DockerRootDir":"","HttpProxy":"","HttpsProxy":"","NoProxy":"","Name":"","Labels":["com.docker.desktop.address=npipe://\\\\.\\pipe\\docker_cli"],"ExperimentalBuild":false,"ServerVersion":"","Runtimes":null,"DefaultRuntime":"","Swarm":{"NodeID":"","NodeAddr":"","LocalNodeState":"","ControlAvailable":false,"Error":"","RemoteManagers":null},"LiveRestoreEnabled":false,"Isolation":"","InitBinary":"","ContainerdCommit":{"ID":""},"RuncCommit":{"ID":""},"InitCommit":{"ID":""},"SecurityOptions":null,"CDISpecDirs":null,"Warnings":null})
2026-09-12 12:21:41 [main] DEBUG o.t.d.DockerClientProviderStrategy - Trying out strategy: NpipeSocketClientProviderStrategy
2026-09-12 12:21:41 [main] DEBUG o.t.s.c.g.d.c.command.AbstrDockerCmd - Cmd: 
2026-09-12 12:21:41 [main] DEBUG c.g.d.z.s.o.a.h.c.h.i.c.InternalHttpClient - ex-00000002: preparing request execution
2026-09-12 12:21:41 [main] DEBUG c.g.d.z.s.o.a.h.c.h.p.RequestAddCookies - Cookie spec selected: strict
2026-09-12 12:21:41 [main] DEBUG c.g.d.z.s.o.a.h.c.h.p.RequestAuthCache - Auth cache not set in the context
2026-09-12 12:21:41 [main] DEBUG c.g.d.z.s.o.a.h.c.h.i.c.ProtocolExec - ex-00000002: target auth state: UNCHALLENGED
2026-09-12 12:21:41 [main] DEBUG c.g.d.z.s.o.a.h.c.h.i.c.ProtocolExec - ex-00000002: proxy auth state: UNCHALLENGED
2026-09-12 12:21:41 [main] DEBUG c.g.d.z.s.o.a.h.c.h.i.c.ConnectExec - ex-00000002: acquiring connection with route {}->npipe://localhost:2375
2026-09-12 12:21:41 [main] DEBUG c.g.d.z.s.o.a.h.c.h.i.c.InternalHttpClient - ex-00000002: acquiring endpoint (3 MINUTES)
2026-09-12 12:21:41 [main] DEBUG c.g.d.z.s.o.a.h.c.h.i.i.PoolingHttpClientConnectionManager - ex-00000002: endpoint lease request (3 MINUTES) [route: {}->npipe://localhost:2375][total available: 0; route allocated: 0 of 2147483647; total allocated: 0 of 2147483647]
2026-09-12 12:21:41 [main] DEBUG c.g.d.z.s.o.a.h.c.h.i.i.PoolingHttpClientConnectionManager - ex-00000002: endpoint leased [route: {}->npipe://localhost:2375][total available: 0; route allocated: 1 of 2147483647; total allocated: 1 of 2147483647]
2026-09-12 12:21:41 [main] DEBUG c.g.d.z.s.o.a.h.c.h.i.i.PoolingHttpClientConnectionManager - ex-00000002: acquired ep-00000001
2026-09-12 12:21:41 [main] DEBUG c.g.d.z.s.o.a.h.c.h.i.c.InternalHttpClient - ex-00000002: acquired endpoint ep-00000001
2026-09-12 12:21:41 [main] DEBUG c.g.d.z.s.o.a.h.c.h.i.c.ConnectExec - ex-00000002: opening connection {}->npipe://localhost:2375
2026-09-12 12:21:41 [main] DEBUG c.g.d.z.s.o.a.h.c.h.i.c.InternalHttpClient - ep-00000001: connecting endpoint (3 MINUTES)
2026-09-12 12:21:41 [main] DEBUG c.g.d.z.s.o.a.h.c.h.i.i.PoolingHttpClientConnectionManager - ep-00000001: connecting endpoint to npipe://localhost:2375 (3 MINUTES)
2026-09-12 12:21:41 [main] DEBUG c.g.d.z.s.o.a.h.c.h.i.i.DefaultHttpClientConnectionOperator - http-outgoing-1: connecting to localhost/127.0.0.1:2375
2026-09-12 12:21:41 [main] DEBUG c.g.d.z.s.o.a.h.c.h.i.i.DefaultHttpClientConnectionOperator - http-outgoing-1: connection established 
2026-09-12 12:21:41 [main] DEBUG c.g.d.z.s.o.a.h.c.h.i.i.PoolingHttpClientConnectionManager - ep-00000001: connected http-outgoing-1
2026-09-12 12:21:41 [main] DEBUG c.g.d.z.s.o.a.h.c.h.i.c.InternalHttpClient - ep-00000001: endpoint connected
2026-09-12 12:21:41 [main] DEBUG c.g.d.z.s.o.a.h.c.h.i.c.MainClientExec - ex-00000002: executing GET /v1.32/info HTTP/1.1
2026-09-12 12:21:41 [main] DEBUG c.g.d.z.s.o.a.h.c.h.i.c.InternalHttpClient - ep-00000001: start execution ex-00000002
2026-09-12 12:21:41 [main] DEBUG c.g.d.z.s.o.a.h.c.h.i.i.PoolingHttpClientConnectionManager - ep-00000001: executing exchange ex-00000002 over http-outgoing-1
2026-09-12 12:21:41 [main] DEBUG c.g.d.z.s.o.a.h.client5.http.headers - http-outgoing-1 >> GET /v1.32/info HTTP/1.1
2026-09-12 12:21:41 [main] DEBUG c.g.d.z.s.o.a.h.client5.http.headers - http-outgoing-1 >> x-tc-sid: f2daeb2a-a5aa-4fd7-85bc-58717dcd2bd1
2026-09-12 12:21:41 [main] DEBUG c.g.d.z.s.o.a.h.client5.http.headers - http-outgoing-1 >> User-Agent: tc-java/1.21.1
2026-09-12 12:21:41 [main] DEBUG c.g.d.z.s.o.a.h.client5.http.headers - http-outgoing-1 >> Accept-Encoding: gzip, x-gzip, deflate
2026-09-12 12:21:41 [main] DEBUG c.g.d.z.s.o.a.h.client5.http.headers - http-outgoing-1 >> Host: localhost:2375
2026-09-12 12:21:41 [main] DEBUG c.g.d.z.s.o.a.h.client5.http.headers - http-outgoing-1 >> Connection: keep-alive
2026-09-12 12:21:41 [main] DEBUG c.g.d.z.s.o.a.hc.client5.http.wire - http-outgoing-1 >> "GET /v1.32/info HTTP/1.1[\r][\n]"
2026-09-12 12:21:41 [main] DEBUG c.g.d.z.s.o.a.hc.client5.http.wire - http-outgoing-1 >> "x-tc-sid: f2daeb2a-a5aa-4fd7-85bc-58717dcd2bd1[\r][\n]"
2026-09-12 12:21:41 [main] DEBUG c.g.d.z.s.o.a.hc.client5.http.wire - http-outgoing-1 >> "User-Agent: tc-java/1.21.1[\r][\n]"
2026-09-12 12:21:41 [main] DEBUG c.g.d.z.s.o.a.hc.client5.http.wire - http-outgoing-1 >> "Accept-Encoding: gzip, x-gzip, deflate[\r][\n]"
2026-09-12 12:21:41 [main] DEBUG c.g.d.z.s.o.a.hc.client5.http.wire - http-outgoing-1 >> "Host: localhost:2375[\r][\n]"
2026-09-12 12:21:41 [main] DEBUG c.g.d.z.s.o.a.hc.client5.http.wire - http-outgoing-1 >> "Connection: keep-alive[\r][\n]"
2026-09-12 12:21:41 [main] DEBUG c.g.d.z.s.o.a.hc.client5.http.wire - http-outgoing-1 >> "[\r][\n]"
2026-09-12 12:21:41 [main] DEBUG c.g.d.z.s.o.a.hc.client5.http.wire - http-outgoing-1 << "HTTP/1.1 400 Bad Request[\r][\n]"
2026-09-12 12:21:41 [main] DEBUG c.g.d.z.s.o.a.hc.client5.http.wire - http-outgoing-1 << "Api-Version: 1.55[\r][\n]"
2026-09-12 12:21:41 [main] DEBUG c.g.d.z.s.o.a.hc.client5.http.wire - http-outgoing-1 << "Content-Type: application/json[\r][\n]"
2026-09-12 12:21:41 [main] DEBUG c.g.d.z.s.o.a.hc.client5.http.wire - http-outgoing-1 << "Date: Sat, 12 Sep 2026 10:21:41 GMT[\r][\n]"
2026-09-12 12:21:41 [main] DEBUG c.g.d.z.s.o.a.hc.client5.http.wire - http-outgoing-1 << "Ostype: linux[\r][\n]"
2026-09-12 12:21:41 [main] DEBUG c.g.d.z.s.o.a.hc.client5.http.wire - http-outgoing-1 << "Server: Docker/29.7.2 (linux)[\r][\n]"
2026-09-12 12:21:41 [main] DEBUG c.g.d.z.s.o.a.hc.client5.http.wire - http-outgoing-1 << "Transfer-Encoding: chunked[\r][\n]"
2026-09-12 12:21:41 [main] DEBUG c.g.d.z.s.o.a.hc.client5.http.wire - http-outgoing-1 << "[\r][\n]"
2026-09-12 12:21:41 [main] DEBUG c.g.d.z.s.o.a.h.client5.http.headers - http-outgoing-1 << HTTP/1.1 400 Bad Request
2026-09-12 12:21:41 [main] DEBUG c.g.d.z.s.o.a.h.client5.http.headers - http-outgoing-1 << Api-Version: 1.55
2026-09-12 12:21:41 [main] DEBUG c.g.d.z.s.o.a.h.client5.http.headers - http-outgoing-1 << Content-Type: application/json
2026-09-12 12:21:41 [main] DEBUG c.g.d.z.s.o.a.h.client5.http.headers - http-outgoing-1 << Date: Sat, 12 Sep 2026 10:21:41 GMT
2026-09-12 12:21:41 [main] DEBUG c.g.d.z.s.o.a.h.client5.http.headers - http-outgoing-1 << Ostype: linux
2026-09-12 12:21:41 [main] DEBUG c.g.d.z.s.o.a.h.client5.http.headers - http-outgoing-1 << Server: Docker/29.7.2 (linux)
2026-09-12 12:21:41 [main] DEBUG c.g.d.z.s.o.a.h.client5.http.headers - http-outgoing-1 << Transfer-Encoding: chunked
2026-09-12 12:21:41 [main] DEBUG c.g.d.z.s.o.a.h.c.h.i.c.MainClientExec - ex-00000002: connection can be kept alive for 3 MINUTES
2026-09-12 12:21:41 [main] DEBUG c.g.d.z.s.o.a.hc.client5.http.wire - http-outgoing-1 << "4b0[\r][\n]"
2026-09-12 12:21:41 [main] DEBUG c.g.d.z.s.o.a.hc.client5.http.wire - http-outgoing-1 << "{"ID":"","Containers":0,"ContainersRunning":0,"ContainersPaused":0,"ContainersStopped":0,"Images":0,"Driver":"","DriverStatus":null,"Plugins":{"Volume":null,"Network":null,"Authorization":null,"Log":null},"MemoryLimit":false,"SwapLimit":false,"CpuCfsPeriod":false,"CpuCfsQuota":false,"CPUShares":false,"CPUSet":false,"PidsLimit":false,"IPv4Forwarding":false,"Debug":false,"NFd":0,"OomKillDisable":false,"NGoroutines":0,"SystemTime":"","LoggingDriver":"","CgroupDriver":"","NEventsListener":0,"KernelVersion":"","OperatingSystem":"","OSVersion":"","OSType":"","Architecture":"","IndexServerAddress":"","RegistryConfig":null,"NCPU":0,"MemTotal":0,"GenericResources":null,"DockerRootDir":"","HttpProxy":"","HttpsProxy":"","NoProxy":"","Name":"","Labels":["com.docker.desktop.address=npipe://\\\\.\\pipe\\docker_cli"],"ExperimentalBuild":false,"ServerVersion":"","Runtimes":null,"DefaultRuntime":"","Swarm":{"NodeID":"","NodeAddr":"","LocalNodeState":"","ControlAvailable":false,"Error":"","RemoteManagers":null},"LiveRestoreEnabled":false,"Isolation":"","InitBinary":"","ContainerdCommit":{"ID":""},"RuncCommit":{"ID":""},"InitCommit":{"ID":""},"SecurityOptions":null,"CDISpecDirs":null,"Warnings":null}[\r][\n]"
2026-09-12 12:21:41 [main] DEBUG c.g.d.z.s.o.a.hc.client5.http.wire - http-outgoing-1 << "0[\r][\n]"
2026-09-12 12:21:41 [main] DEBUG c.g.d.z.s.o.a.hc.client5.http.wire - http-outgoing-1 << "[\r][\n]"
2026-09-12 12:21:41 [main] DEBUG c.g.d.z.s.o.a.h.c.h.i.c.InternalHttpClient - ep-00000001: releasing valid endpoint
2026-09-12 12:21:41 [main] DEBUG c.g.d.z.s.o.a.h.c.h.i.i.PoolingHttpClientConnectionManager - ep-00000001: releasing endpoint
2026-09-12 12:21:41 [main] DEBUG c.g.d.z.s.o.a.h.c.h.i.i.PoolingHttpClientConnectionManager - ep-00000001: connection http-outgoing-1 can be kept alive for 3 MINUTES
2026-09-12 12:21:41 [main] DEBUG c.g.d.z.s.o.a.h.c.h.i.i.PoolingHttpClientConnectionManager - ep-00000001: connection released [route: {}->npipe://localhost:2375][total available: 1; route allocated: 1 of 2147483647; total allocated: 1 of 2147483647]
2026-09-12 12:21:41 [main] DEBUG o.t.d.DockerClientProviderStrategy - NpipeSocketClientProviderStrategy: failed with exception BadRequestException (Status 400: {"ID":"","Containers":0,"ContainersRunning":0,"ContainersPaused":0,"ContainersStopped":0,"Images":0,"Driver":"","DriverStatus":null,"Plugins":{"Volume":null,"Network":null,"Authorization":null,"Log":null},"MemoryLimit":false,"SwapLimit":false,"CpuCfsPeriod":false,"CpuCfsQuota":false,"CPUShares":false,"CPUSet":false,"PidsLimit":false,"IPv4Forwarding":false,"Debug":false,"NFd":0,"OomKillDisable":false,"NGoroutines":0,"SystemTime":"","LoggingDriver":"","CgroupDriver":"","NEventsListener":0,"KernelVersion":"","OperatingSystem":"","OSVersion":"","OSType":"","Architecture":"","IndexServerAddress":"","RegistryConfig":null,"NCPU":0,"MemTotal":0,"GenericResources":null,"DockerRootDir":"","HttpProxy":"","HttpsProxy":"","NoProxy":"","Name":"","Labels":["com.docker.desktop.address=npipe://\\\\.\\pipe\\docker_cli"],"ExperimentalBuild":false,"ServerVersion":"","Runtimes":null,"DefaultRuntime":"","Swarm":{"NodeID":"","NodeAddr":"","LocalNodeState":"","ControlAvailable":false,"Error":"","RemoteManagers":null},"LiveRestoreEnabled":false,"Isolation":"","InitBinary":"","ContainerdCommit":{"ID":""},"RuncCommit":{"ID":""},"InitCommit":{"ID":""},"SecurityOptions":null,"CDISpecDirs":null,"Warnings":null})
2026-09-12 12:21:41 [main] INFO  o.t.d.DockerMachineClientProviderStrategy - docker-machine executable was not found on PATH ([C:\Windows\system32, C:\Windows, C:\Windows\System32\Wbem, C:\Windows\System32\WindowsPowerShell\v1.0\, C:\Windows\System32\OpenSSH\, C:\Program Files\dotnet\, C:\Program Files (x86)\NVIDIA Corporation\PhysX\Common, C:\Program Files\NVIDIA Corporation\NVIDIA app\NvDLISR, C:\Program Files\Cloudflare\Cloudflare WARP\, C:\Program Files\Git\cmd, C:\Users\azuureke\AppData\Local\Programs\Eclipse Adoptium\jdk-17.0.19.10-hotspot\bin, C:\Users\azuureke\AppData\Local\Microsoft\WindowsApps, , C:\Users\azuureke\AppData\Local\Programs\DockerDesktop\resources\bin])
2026-09-12 12:21:41 [main] ERROR o.t.d.DockerClientProviderStrategy - Could not find a valid Docker environment. Please check configuration. Attempted configurations were:
	EnvironmentAndSystemPropertyClientProviderStrategy: failed with exception BadRequestException (Status 400: {"ID":"","Containers":0,"ContainersRunning":0,"ContainersPaused":0,"ContainersStopped":0,"Images":0,"Driver":"","DriverStatus":null,"Plugins":{"Volume":null,"Network":null,"Authorization":null,"Log":null},"MemoryLimit":false,"SwapLimit":false,"CpuCfsPeriod":false,"CpuCfsQuota":false,"CPUShares":false,"CPUSet":false,"PidsLimit":false,"IPv4Forwarding":false,"Debug":false,"NFd":0,"OomKillDisable":false,"NGoroutines":0,"SystemTime":"","LoggingDriver":"","CgroupDriver":"","NEventsListener":0,"KernelVersion":"","OperatingSystem":"","OSVersion":"","OSType":"","Architecture":"","IndexServerAddress":"","RegistryConfig":null,"NCPU":0,"MemTotal":0,"GenericResources":null,"DockerRootDir":"","HttpProxy":"","HttpsProxy":"","NoProxy":"","Name":"","Labels":["com.docker.desktop.address=npipe://\\\\.\\pipe\\docker_cli"],"ExperimentalBuild":false,"ServerVersion":"","Runtimes":null,"DefaultRuntime":"","Swarm":{"NodeID":"","NodeAddr":"","LocalNodeState":"","ControlAvailable":false,"Error":"","RemoteManagers":null},"LiveRestoreEnabled":false,"Isolation":"","InitBinary":"","ContainerdCommit":{"ID":""},"RuncCommit":{"ID":""},"InitCommit":{"ID":""},"SecurityOptions":null,"CDISpecDirs":null,"Warnings":null})
	NpipeSocketClientProviderStrategy: failed with exception BadRequestException (Status 400: {"ID":"","Containers":0,"ContainersRunning":0,"ContainersPaused":0,"ContainersStopped":0,"Images":0,"Driver":"","DriverStatus":null,"Plugins":{"Volume":null,"Network":null,"Authorization":null,"Log":null},"MemoryLimit":false,"SwapLimit":false,"CpuCfsPeriod":false,"CpuCfsQuota":false,"CPUShares":false,"CPUSet":false,"PidsLimit":false,"IPv4Forwarding":false,"Debug":false,"NFd":0,"OomKillDisable":false,"NGoroutines":0,"SystemTime":"","LoggingDriver":"","CgroupDriver":"","NEventsListener":0,"KernelVersion":"","OperatingSystem":"","OSVersion":"","OSType":"","Architecture":"","IndexServerAddress":"","RegistryConfig":null,"NCPU":0,"MemTotal":0,"GenericResources":null,"DockerRootDir":"","HttpProxy":"","HttpsProxy":"","NoProxy":"","Name":"","Labels":["com.docker.desktop.address=npipe://\\\\.\\pipe\\docker_cli"],"ExperimentalBuild":false,"ServerVersion":"","Runtimes":null,"DefaultRuntime":"","Swarm":{"NodeID":"","NodeAddr":"","LocalNodeState":"","ControlAvailable":false,"Error":"","RemoteManagers":null},"LiveRestoreEnabled":false,"Isolation":"","InitBinary":"","ContainerdCommit":{"ID":""},"RuncCommit":{"ID":""},"InitCommit":{"ID":""},"SecurityOptions":null,"CDISpecDirs":null,"Warnings":null})As no valid configuration was found, execution cannot continue.
See https://java.testcontainers.org/on_failure.html for more details.
2026-09-12 12:22:09 [main] INFO  o.testcontainers.DockerClientFactory - Testcontainers version: 1.21.1
2026-09-12 12:22:09 [main] DEBUG o.t.u.TestcontainersConfiguration - Testcontainers configuration overrides will be loaded from file:/C:/Users/azuureke/.testcontainers.properties
2026-09-12 12:22:09 [main] DEBUG o.t.d.DockerClientProviderStrategy - Trying out strategy: EnvironmentAndSystemPropertyClientProviderStrategy
2026-09-12 12:22:09 [main] DEBUG o.t.s.c.g.d.c.command.AbstrDockerCmd - Cmd: 
2026-09-12 12:22:09 [main] DEBUG c.g.d.z.s.o.a.h.c.h.i.c.InternalHttpClient - ex-00000001: preparing request execution
2026-09-12 12:22:09 [main] DEBUG c.g.d.z.s.o.a.h.c.h.p.RequestAddCookies - Cookie spec selected: strict
2026-09-12 12:22:09 [main] DEBUG c.g.d.z.s.o.a.h.c.h.p.RequestAuthCache - Auth cache not set in the context
2026-09-12 12:22:09 [main] DEBUG c.g.d.z.s.o.a.h.c.h.i.c.ProtocolExec - ex-00000001: target auth state: UNCHALLENGED
2026-09-12 12:22:09 [main] DEBUG c.g.d.z.s.o.a.h.c.h.i.c.ProtocolExec - ex-00000001: proxy auth state: UNCHALLENGED
2026-09-12 12:22:09 [main] DEBUG c.g.d.z.s.o.a.h.c.h.i.c.ConnectExec - ex-00000001: acquiring connection with route {}->http://localhost:2375
2026-09-12 12:22:09 [main] DEBUG c.g.d.z.s.o.a.h.c.h.i.c.InternalHttpClient - ex-00000001: acquiring endpoint (3 MINUTES)
2026-09-12 12:22:09 [main] DEBUG c.g.d.z.s.o.a.h.c.h.i.i.PoolingHttpClientConnectionManager - ex-00000001: endpoint lease request (3 MINUTES) [route: {}->http://localhost:2375][total available: 0; route allocated: 0 of 2147483647; total allocated: 0 of 2147483647]
2026-09-12 12:22:09 [main] DEBUG c.g.d.z.s.o.a.h.c.h.i.i.PoolingHttpClientConnectionManager - ex-00000001: endpoint leased [route: {}->http://localhost:2375][total available: 0; route allocated: 1 of 2147483647; total allocated: 1 of 2147483647]
2026-09-12 12:22:09 [main] DEBUG c.g.d.z.s.o.a.h.c.h.i.i.PoolingHttpClientConnectionManager - ex-00000001: acquired ep-00000000
2026-09-12 12:22:09 [main] DEBUG c.g.d.z.s.o.a.h.c.h.i.c.InternalHttpClient - ex-00000001: acquired endpoint ep-00000000
2026-09-12 12:22:09 [main] DEBUG c.g.d.z.s.o.a.h.c.h.i.c.ConnectExec - ex-00000001: opening connection {}->http://localhost:2375
2026-09-12 12:22:09 [main] DEBUG c.g.d.z.s.o.a.h.c.h.i.c.InternalHttpClient - ep-00000000: connecting endpoint (3 MINUTES)
2026-09-12 12:22:09 [main] DEBUG c.g.d.z.s.o.a.h.c.h.i.i.PoolingHttpClientConnectionManager - ep-00000000: connecting endpoint to http://localhost:2375 (3 MINUTES)
2026-09-12 12:22:09 [main] DEBUG c.g.d.z.s.o.a.h.c.h.i.i.DefaultHttpClientConnectionOperator - http-outgoing-0: connecting to localhost/127.0.0.1:2375
2026-09-12 12:22:09 [main] DEBUG c.g.d.z.s.o.a.h.c.h.i.i.DefaultHttpClientConnectionOperator - http-outgoing-0: connection established 127.0.0.1:62626<->127.0.0.1:2375
2026-09-12 12:22:09 [main] DEBUG c.g.d.z.s.o.a.h.c.h.i.i.PoolingHttpClientConnectionManager - ep-00000000: connected http-outgoing-0
2026-09-12 12:22:09 [main] DEBUG c.g.d.z.s.o.a.h.c.h.i.c.InternalHttpClient - ep-00000000: endpoint connected
2026-09-12 12:22:09 [main] DEBUG c.g.d.z.s.o.a.h.c.h.i.c.MainClientExec - ex-00000001: executing GET /v1.32/info HTTP/1.1
2026-09-12 12:22:09 [main] DEBUG c.g.d.z.s.o.a.h.c.h.i.c.InternalHttpClient - ep-00000000: start execution ex-00000001
2026-09-12 12:22:09 [main] DEBUG c.g.d.z.s.o.a.h.c.h.i.i.PoolingHttpClientConnectionManager - ep-00000000: executing exchange ex-00000001 over http-outgoing-0
2026-09-12 12:22:09 [main] DEBUG c.g.d.z.s.o.a.h.client5.http.headers - http-outgoing-0 >> GET /v1.32/info HTTP/1.1
2026-09-12 12:22:09 [main] DEBUG c.g.d.z.s.o.a.h.client5.http.headers - http-outgoing-0 >> x-tc-sid: afd59984-e5aa-4df5-99d5-f3ca497b39e4
2026-09-12 12:22:09 [main] DEBUG c.g.d.z.s.o.a.h.client5.http.headers - http-outgoing-0 >> User-Agent: tc-java/1.21.1
2026-09-12 12:22:09 [main] DEBUG c.g.d.z.s.o.a.h.client5.http.headers - http-outgoing-0 >> Accept-Encoding: gzip, x-gzip, deflate
2026-09-12 12:22:09 [main] DEBUG c.g.d.z.s.o.a.h.client5.http.headers - http-outgoing-0 >> Host: localhost:2375
2026-09-12 12:22:09 [main] DEBUG c.g.d.z.s.o.a.h.client5.http.headers - http-outgoing-0 >> Connection: keep-alive
2026-09-12 12:22:09 [main] DEBUG c.g.d.z.s.o.a.hc.client5.http.wire - http-outgoing-0 >> "GET /v1.32/info HTTP/1.1[\r][\n]"
2026-09-12 12:22:09 [main] DEBUG c.g.d.z.s.o.a.hc.client5.http.wire - http-outgoing-0 >> "x-tc-sid: afd59984-e5aa-4df5-99d5-f3ca497b39e4[\r][\n]"
2026-09-12 12:22:09 [main] DEBUG c.g.d.z.s.o.a.hc.client5.http.wire - http-outgoing-0 >> "User-Agent: tc-java/1.21.1[\r][\n]"
2026-09-12 12:22:09 [main] DEBUG c.g.d.z.s.o.a.hc.client5.http.wire - http-outgoing-0 >> "Accept-Encoding: gzip, x-gzip, deflate[\r][\n]"
2026-09-12 12:22:09 [main] DEBUG c.g.d.z.s.o.a.hc.client5.http.wire - http-outgoing-0 >> "Host: localhost:2375[\r][\n]"
2026-09-12 12:22:09 [main] DEBUG c.g.d.z.s.o.a.hc.client5.http.wire - http-outgoing-0 >> "Connection: keep-alive[\r][\n]"
2026-09-12 12:22:09 [main] DEBUG c.g.d.z.s.o.a.hc.client5.http.wire - http-outgoing-0 >> "[\r][\n]"
2026-09-12 12:22:09 [main] DEBUG c.g.d.z.s.o.a.hc.client5.http.wire - http-outgoing-0 << "HTTP/1.1 400 Bad Request[\r][\n]"
2026-09-12 12:22:09 [main] DEBUG c.g.d.z.s.o.a.hc.client5.http.wire - http-outgoing-0 << "Api-Version: 1.55[\r][\n]"
2026-09-12 12:22:09 [main] DEBUG c.g.d.z.s.o.a.hc.client5.http.wire - http-outgoing-0 << "Content-Type: application/json[\r][\n]"
2026-09-12 12:22:09 [main] DEBUG c.g.d.z.s.o.a.hc.client5.http.wire - http-outgoing-0 << "Date: Sat, 12 Sep 2026 10:22:09 GMT[\r][\n]"
2026-09-12 12:22:09 [main] DEBUG c.g.d.z.s.o.a.hc.client5.http.wire - http-outgoing-0 << "Ostype: linux[\r][\n]"
2026-09-12 12:22:09 [main] DEBUG c.g.d.z.s.o.a.hc.client5.http.wire - http-outgoing-0 << "Server: Docker/29.7.2 (linux)[\r][\n]"
2026-09-12 12:22:09 [main] DEBUG c.g.d.z.s.o.a.hc.client5.http.wire - http-outgoing-0 << "Transfer-Encoding: chunked[\r][\n]"
2026-09-12 12:22:09 [main] DEBUG c.g.d.z.s.o.a.hc.client5.http.wire - http-outgoing-0 << "[\r][\n]"
2026-09-12 12:22:09 [main] DEBUG c.g.d.z.s.o.a.hc.client5.http.wire - http-outgoing-0 << "4b0[\r][\n]"
2026-09-12 12:22:09 [main] DEBUG c.g.d.z.s.o.a.hc.client5.http.wire - http-outgoing-0 << "{"ID":"","Containers":0,"ContainersRunning":0,"ContainersPaused":0,"ContainersStopped":0,"Images":0,"Driver":"","DriverStatus":null,"Plugins":{"Volume":null,"Network":null,"Authorization":null,"Log":null},"MemoryLimit":false,"SwapLimit":false,"CpuCfsPeriod":false,"CpuCfsQuota":false,"CPUShares":false,"CPUSet":false,"PidsLimit":false,"IPv4Forwarding":false,"Debug":false,"NFd":0,"OomKillDisable":false,"NGoroutines":0,"SystemTime":"","LoggingDriver":"","CgroupDriver":"","NEventsListener":0,"KernelVersion":"","OperatingSystem":"","OSVersion":"","OSType":"","Architecture":"","IndexServerAddress":"","RegistryConfig":null,"NCPU":0,"MemTotal":0,"GenericResources":null,"DockerRootDir":"","HttpProxy":"","HttpsProxy":"","NoProxy":"","Name":"","Labels":["com.docker.desktop.address=npipe://\\\\.\\pipe\\docker_cli"],"ExperimentalBuild":false,"ServerVersion":"","Runtimes":null,"DefaultRuntime":"","Swarm":{"NodeID":"","NodeAddr":"","LocalNodeState":"","ControlAvailable":false,"Error":"","RemoteManagers":null},"LiveRestoreEnabled":false,"Isolation":"","InitBinary":"","ContainerdCommit":{"ID":""},"RuncCommit":{"ID":""},"InitCommit":{"ID":""},"SecurityOptions":null,"CDISpecDirs":null,"Warnings":null}[\r][\n]"
2026-09-12 12:22:09 [main] DEBUG c.g.d.z.s.o.a.h.client5.http.headers - http-outgoing-0 << HTTP/1.1 400 Bad Request
2026-09-12 12:22:09 [main] DEBUG c.g.d.z.s.o.a.h.client5.http.headers - http-outgoing-0 << Api-Version: 1.55
2026-09-12 12:22:09 [main] DEBUG c.g.d.z.s.o.a.h.client5.http.headers - http-outgoing-0 << Content-Type: application/json
2026-09-12 12:22:09 [main] DEBUG c.g.d.z.s.o.a.h.client5.http.headers - http-outgoing-0 << Date: Sat, 12 Sep 2026 10:22:09 GMT
2026-09-12 12:22:09 [main] DEBUG c.g.d.z.s.o.a.h.client5.http.headers - http-outgoing-0 << Ostype: linux
2026-09-12 12:22:09 [main] DEBUG c.g.d.z.s.o.a.h.client5.http.headers - http-outgoing-0 << Server: Docker/29.7.2 (linux)
2026-09-12 12:22:09 [main] DEBUG c.g.d.z.s.o.a.h.client5.http.headers - http-outgoing-0 << Transfer-Encoding: chunked
2026-09-12 12:22:09 [main] DEBUG c.g.d.z.s.o.a.h.c.h.i.c.MainClientExec - ex-00000001: connection can be kept alive for 3 MINUTES
2026-09-12 12:22:09 [main] DEBUG c.g.d.z.s.o.a.hc.client5.http.wire - http-outgoing-0 << "0[\r][\n]"
2026-09-12 12:22:09 [main] DEBUG c.g.d.z.s.o.a.hc.client5.http.wire - http-outgoing-0 << "[\r][\n]"
2026-09-12 12:22:09 [main] DEBUG c.g.d.z.s.o.a.h.c.h.i.c.InternalHttpClient - ep-00000000: releasing valid endpoint
2026-09-12 12:22:09 [main] DEBUG c.g.d.z.s.o.a.h.c.h.i.i.PoolingHttpClientConnectionManager - ep-00000000: releasing endpoint
2026-09-12 12:22:09 [main] DEBUG c.g.d.z.s.o.a.h.c.h.i.i.PoolingHttpClientConnectionManager - ep-00000000: connection http-outgoing-0 can be kept alive for 3 MINUTES
2026-09-12 12:22:09 [main] DEBUG c.g.d.z.s.o.a.h.c.h.i.i.PoolingHttpClientConnectionManager - ep-00000000: connection released [route: {}->http://localhost:2375][total available: 1; route allocated: 1 of 2147483647; total allocated: 1 of 2147483647]
2026-09-12 12:22:09 [main] DEBUG o.t.d.DockerClientProviderStrategy - EnvironmentAndSystemPropertyClientProviderStrategy: failed with exception BadRequestException (Status 400: {"ID":"","Containers":0,"ContainersRunning":0,"ContainersPaused":0,"ContainersStopped":0,"Images":0,"Driver":"","DriverStatus":null,"Plugins":{"Volume":null,"Network":null,"Authorization":null,"Log":null},"MemoryLimit":false,"SwapLimit":false,"CpuCfsPeriod":false,"CpuCfsQuota":false,"CPUShares":false,"CPUSet":false,"PidsLimit":false,"IPv4Forwarding":false,"Debug":false,"NFd":0,"OomKillDisable":false,"NGoroutines":0,"SystemTime":"","LoggingDriver":"","CgroupDriver":"","NEventsListener":0,"KernelVersion":"","OperatingSystem":"","OSVersion":"","OSType":"","Architecture":"","IndexServerAddress":"","RegistryConfig":null,"NCPU":0,"MemTotal":0,"GenericResources":null,"DockerRootDir":"","HttpProxy":"","HttpsProxy":"","NoProxy":"","Name":"","Labels":["com.docker.desktop.address=npipe://\\\\.\\pipe\\docker_cli"],"ExperimentalBuild":false,"ServerVersion":"","Runtimes":null,"DefaultRuntime":"","Swarm":{"NodeID":"","NodeAddr":"","LocalNodeState":"","ControlAvailable":false,"Error":"","RemoteManagers":null},"LiveRestoreEnabled":false,"Isolation":"","InitBinary":"","ContainerdCommit":{"ID":""},"RuncCommit":{"ID":""},"InitCommit":{"ID":""},"SecurityOptions":null,"CDISpecDirs":null,"Warnings":null})
2026-09-12 12:22:09 [main] DEBUG o.t.d.DockerClientProviderStrategy - Trying out strategy: NpipeSocketClientProviderStrategy
2026-09-12 12:22:09 [main] DEBUG o.t.s.c.g.d.c.command.AbstrDockerCmd - Cmd: 
2026-09-12 12:22:09 [main] DEBUG c.g.d.z.s.o.a.h.c.h.i.c.InternalHttpClient - ex-00000002: preparing request execution
2026-09-12 12:22:09 [main] DEBUG c.g.d.z.s.o.a.h.c.h.p.RequestAddCookies - Cookie spec selected: strict
2026-09-12 12:22:09 [main] DEBUG c.g.d.z.s.o.a.h.c.h.p.RequestAuthCache - Auth cache not set in the context
2026-09-12 12:22:09 [main] DEBUG c.g.d.z.s.o.a.h.c.h.i.c.ProtocolExec - ex-00000002: target auth state: UNCHALLENGED
2026-09-12 12:22:09 [main] DEBUG c.g.d.z.s.o.a.h.c.h.i.c.ProtocolExec - ex-00000002: proxy auth state: UNCHALLENGED
2026-09-12 12:22:09 [main] DEBUG c.g.d.z.s.o.a.h.c.h.i.c.ConnectExec - ex-00000002: acquiring connection with route {}->npipe://localhost:2375
2026-09-12 12:22:09 [main] DEBUG c.g.d.z.s.o.a.h.c.h.i.c.InternalHttpClient - ex-00000002: acquiring endpoint (3 MINUTES)
2026-09-12 12:22:09 [main] DEBUG c.g.d.z.s.o.a.h.c.h.i.i.PoolingHttpClientConnectionManager - ex-00000002: endpoint lease request (3 MINUTES) [route: {}->npipe://localhost:2375][total available: 0; route allocated: 0 of 2147483647; total allocated: 0 of 2147483647]
2026-09-12 12:22:09 [main] DEBUG c.g.d.z.s.o.a.h.c.h.i.i.PoolingHttpClientConnectionManager - ex-00000002: endpoint leased [route: {}->npipe://localhost:2375][total available: 0; route allocated: 1 of 2147483647; total allocated: 1 of 2147483647]
2026-09-12 12:22:09 [main] DEBUG c.g.d.z.s.o.a.h.c.h.i.i.PoolingHttpClientConnectionManager - ex-00000002: acquired ep-00000001
2026-09-12 12:22:09 [main] DEBUG c.g.d.z.s.o.a.h.c.h.i.c.InternalHttpClient - ex-00000002: acquired endpoint ep-00000001
2026-09-12 12:22:09 [main] DEBUG c.g.d.z.s.o.a.h.c.h.i.c.ConnectExec - ex-00000002: opening connection {}->npipe://localhost:2375
2026-09-12 12:22:09 [main] DEBUG c.g.d.z.s.o.a.h.c.h.i.c.InternalHttpClient - ep-00000001: connecting endpoint (3 MINUTES)
2026-09-12 12:22:09 [main] DEBUG c.g.d.z.s.o.a.h.c.h.i.i.PoolingHttpClientConnectionManager - ep-00000001: connecting endpoint to npipe://localhost:2375 (3 MINUTES)
2026-09-12 12:22:09 [main] DEBUG c.g.d.z.s.o.a.h.c.h.i.i.DefaultHttpClientConnectionOperator - http-outgoing-1: connecting to localhost/127.0.0.1:2375
2026-09-12 12:22:09 [main] DEBUG c.g.d.z.s.o.a.h.c.h.i.i.DefaultHttpClientConnectionOperator - http-outgoing-1: connection established 
2026-09-12 12:22:09 [main] DEBUG c.g.d.z.s.o.a.h.c.h.i.i.PoolingHttpClientConnectionManager - ep-00000001: connected http-outgoing-1
2026-09-12 12:22:09 [main] DEBUG c.g.d.z.s.o.a.h.c.h.i.c.InternalHttpClient - ep-00000001: endpoint connected
2026-09-12 12:22:09 [main] DEBUG c.g.d.z.s.o.a.h.c.h.i.c.MainClientExec - ex-00000002: executing GET /v1.32/info HTTP/1.1
2026-09-12 12:22:09 [main] DEBUG c.g.d.z.s.o.a.h.c.h.i.c.InternalHttpClient - ep-00000001: start execution ex-00000002
2026-09-12 12:22:09 [main] DEBUG c.g.d.z.s.o.a.h.c.h.i.i.PoolingHttpClientConnectionManager - ep-00000001: executing exchange ex-00000002 over http-outgoing-1
2026-09-12 12:22:09 [main] DEBUG c.g.d.z.s.o.a.h.client5.http.headers - http-outgoing-1 >> GET /v1.32/info HTTP/1.1
2026-09-12 12:22:09 [main] DEBUG c.g.d.z.s.o.a.h.client5.http.headers - http-outgoing-1 >> x-tc-sid: afd59984-e5aa-4df5-99d5-f3ca497b39e4
2026-09-12 12:22:09 [main] DEBUG c.g.d.z.s.o.a.h.client5.http.headers - http-outgoing-1 >> User-Agent: tc-java/1.21.1
2026-09-12 12:22:09 [main] DEBUG c.g.d.z.s.o.a.h.client5.http.headers - http-outgoing-1 >> Accept-Encoding: gzip, x-gzip, deflate
2026-09-12 12:22:09 [main] DEBUG c.g.d.z.s.o.a.h.client5.http.headers - http-outgoing-1 >> Host: localhost:2375
2026-09-12 12:22:09 [main] DEBUG c.g.d.z.s.o.a.h.client5.http.headers - http-outgoing-1 >> Connection: keep-alive
2026-09-12 12:22:09 [main] DEBUG c.g.d.z.s.o.a.hc.client5.http.wire - http-outgoing-1 >> "GET /v1.32/info HTTP/1.1[\r][\n]"
2026-09-12 12:22:09 [main] DEBUG c.g.d.z.s.o.a.hc.client5.http.wire - http-outgoing-1 >> "x-tc-sid: afd59984-e5aa-4df5-99d5-f3ca497b39e4[\r][\n]"
2026-09-12 12:22:09 [main] DEBUG c.g.d.z.s.o.a.hc.client5.http.wire - http-outgoing-1 >> "User-Agent: tc-java/1.21.1[\r][\n]"
2026-09-12 12:22:09 [main] DEBUG c.g.d.z.s.o.a.hc.client5.http.wire - http-outgoing-1 >> "Accept-Encoding: gzip, x-gzip, deflate[\r][\n]"
2026-09-12 12:22:09 [main] DEBUG c.g.d.z.s.o.a.hc.client5.http.wire - http-outgoing-1 >> "Host: localhost:2375[\r][\n]"
2026-09-12 12:22:09 [main] DEBUG c.g.d.z.s.o.a.hc.client5.http.wire - http-outgoing-1 >> "Connection: keep-alive[\r][\n]"
2026-09-12 12:22:09 [main] DEBUG c.g.d.z.s.o.a.hc.client5.http.wire - http-outgoing-1 >> "[\r][\n]"
2026-09-12 12:22:09 [main] DEBUG c.g.d.z.s.o.a.hc.client5.http.wire - http-outgoing-1 << "HTTP/1.1 400 Bad Request[\r][\n]"
2026-09-12 12:22:09 [main] DEBUG c.g.d.z.s.o.a.hc.client5.http.wire - http-outgoing-1 << "Api-Version: 1.55[\r][\n]"
2026-09-12 12:22:09 [main] DEBUG c.g.d.z.s.o.a.hc.client5.http.wire - http-outgoing-1 << "Content-Type: application/json[\r][\n]"
2026-09-12 12:22:09 [main] DEBUG c.g.d.z.s.o.a.hc.client5.http.wire - http-outgoing-1 << "Date: Sat, 12 Sep 2026 10:22:09 GMT[\r][\n]"
2026-09-12 12:22:09 [main] DEBUG c.g.d.z.s.o.a.hc.client5.http.wire - http-outgoing-1 << "Ostype: linux[\r][\n]"
2026-09-12 12:22:09 [main] DEBUG c.g.d.z.s.o.a.hc.client5.http.wire - http-outgoing-1 << "Server: Docker/29.7.2 (linux)[\r][\n]"
2026-09-12 12:22:09 [main] DEBUG c.g.d.z.s.o.a.hc.client5.http.wire - http-outgoing-1 << "Transfer-Encoding: chunked[\r][\n]"
2026-09-12 12:22:09 [main] DEBUG c.g.d.z.s.o.a.hc.client5.http.wire - http-outgoing-1 << "[\r][\n]"
2026-09-12 12:22:09 [main] DEBUG c.g.d.z.s.o.a.h.client5.http.headers - http-outgoing-1 << HTTP/1.1 400 Bad Request
2026-09-12 12:22:09 [main] DEBUG c.g.d.z.s.o.a.h.client5.http.headers - http-outgoing-1 << Api-Version: 1.55
2026-09-12 12:22:09 [main] DEBUG c.g.d.z.s.o.a.h.client5.http.headers - http-outgoing-1 << Content-Type: application/json
2026-09-12 12:22:09 [main] DEBUG c.g.d.z.s.o.a.h.client5.http.headers - http-outgoing-1 << Date: Sat, 12 Sep 2026 10:22:09 GMT
2026-09-12 12:22:09 [main] DEBUG c.g.d.z.s.o.a.h.client5.http.headers - http-outgoing-1 << Ostype: linux
2026-09-12 12:22:09 [main] DEBUG c.g.d.z.s.o.a.h.client5.http.headers - http-outgoing-1 << Server: Docker/29.7.2 (linux)
2026-09-12 12:22:09 [main] DEBUG c.g.d.z.s.o.a.h.client5.http.headers - http-outgoing-1 << Transfer-Encoding: chunked
2026-09-12 12:22:09 [main] DEBUG c.g.d.z.s.o.a.h.c.h.i.c.MainClientExec - ex-00000002: connection can be kept alive for 3 MINUTES
2026-09-12 12:22:09 [main] DEBUG c.g.d.z.s.o.a.hc.client5.http.wire - http-outgoing-1 << "4b0[\r][\n]"
2026-09-12 12:22:09 [main] DEBUG c.g.d.z.s.o.a.hc.client5.http.wire - http-outgoing-1 << "{"ID":"","Containers":0,"ContainersRunning":0,"ContainersPaused":0,"ContainersStopped":0,"Images":0,"Driver":"","DriverStatus":null,"Plugins":{"Volume":null,"Network":null,"Authorization":null,"Log":null},"MemoryLimit":false,"SwapLimit":false,"CpuCfsPeriod":false,"CpuCfsQuota":false,"CPUShares":false,"CPUSet":false,"PidsLimit":false,"IPv4Forwarding":false,"Debug":false,"NFd":0,"OomKillDisable":false,"NGoroutines":0,"SystemTime":"","LoggingDriver":"","CgroupDriver":"","NEventsListener":0,"KernelVersion":"","OperatingSystem":"","OSVersion":"","OSType":"","Architecture":"","IndexServerAddress":"","RegistryConfig":null,"NCPU":0,"MemTotal":0,"GenericResources":null,"DockerRootDir":"","HttpProxy":"","HttpsProxy":"","NoProxy":"","Name":"","Labels":["com.docker.desktop.address=npipe://\\\\.\\pipe\\docker_cli"],"ExperimentalBuild":false,"ServerVersion":"","Runtimes":null,"DefaultRuntime":"","Swarm":{"NodeID":"","NodeAddr":"","LocalNodeState":"","ControlAvailable":false,"Error":"","RemoteManagers":null},"LiveRestoreEnabled":false,"Isolation":"","InitBinary":"","ContainerdCommit":{"ID":""},"RuncCommit":{"ID":""},"InitCommit":{"ID":""},"SecurityOptions":null,"CDISpecDirs":null,"Warnings":null}[\r][\n]"
2026-09-12 12:22:09 [main] DEBUG c.g.d.z.s.o.a.hc.client5.http.wire - http-outgoing-1 << "0[\r][\n]"
2026-09-12 12:22:09 [main] DEBUG c.g.d.z.s.o.a.hc.client5.http.wire - http-outgoing-1 << "[\r][\n]"
2026-09-12 12:22:09 [main] DEBUG c.g.d.z.s.o.a.h.c.h.i.c.InternalHttpClient - ep-00000001: releasing valid endpoint
2026-09-12 12:22:09 [main] DEBUG c.g.d.z.s.o.a.h.c.h.i.i.PoolingHttpClientConnectionManager - ep-00000001: releasing endpoint
2026-09-12 12:22:09 [main] DEBUG c.g.d.z.s.o.a.h.c.h.i.i.PoolingHttpClientConnectionManager - ep-00000001: connection http-outgoing-1 can be kept alive for 3 MINUTES
2026-09-12 12:22:09 [main] DEBUG c.g.d.z.s.o.a.h.c.h.i.i.PoolingHttpClientConnectionManager - ep-00000001: connection released [route: {}->npipe://localhost:2375][total available: 1; route allocated: 1 of 2147483647; total allocated: 1 of 2147483647]
2026-09-12 12:22:09 [main] DEBUG o.t.d.DockerClientProviderStrategy - NpipeSocketClientProviderStrategy: failed with exception BadRequestException (Status 400: {"ID":"","Containers":0,"ContainersRunning":0,"ContainersPaused":0,"ContainersStopped":0,"Images":0,"Driver":"","DriverStatus":null,"Plugins":{"Volume":null,"Network":null,"Authorization":null,"Log":null},"MemoryLimit":false,"SwapLimit":false,"CpuCfsPeriod":false,"CpuCfsQuota":false,"CPUShares":false,"CPUSet":false,"PidsLimit":false,"IPv4Forwarding":false,"Debug":false,"NFd":0,"OomKillDisable":false,"NGoroutines":0,"SystemTime":"","LoggingDriver":"","CgroupDriver":"","NEventsListener":0,"KernelVersion":"","OperatingSystem":"","OSVersion":"","OSType":"","Architecture":"","IndexServerAddress":"","RegistryConfig":null,"NCPU":0,"MemTotal":0,"GenericResources":null,"DockerRootDir":"","HttpProxy":"","HttpsProxy":"","NoProxy":"","Name":"","Labels":["com.docker.desktop.address=npipe://\\\\.\\pipe\\docker_cli"],"ExperimentalBuild":false,"ServerVersion":"","Runtimes":null,"DefaultRuntime":"","Swarm":{"NodeID":"","NodeAddr":"","LocalNodeState":"","ControlAvailable":false,"Error":"","RemoteManagers":null},"LiveRestoreEnabled":false,"Isolation":"","InitBinary":"","ContainerdCommit":{"ID":""},"RuncCommit":{"ID":""},"InitCommit":{"ID":""},"SecurityOptions":null,"CDISpecDirs":null,"Warnings":null})
2026-09-12 12:22:09 [main] INFO  o.t.d.DockerMachineClientProviderStrategy - docker-machine executable was not found on PATH ([C:\Windows\system32, C:\Windows, C:\Windows\System32\Wbem, C:\Windows\System32\WindowsPowerShell\v1.0\, C:\Windows\System32\OpenSSH\, C:\Program Files\dotnet\, C:\Program Files (x86)\NVIDIA Corporation\PhysX\Common, C:\Program Files\NVIDIA Corporation\NVIDIA app\NvDLISR, C:\Program Files\Cloudflare\Cloudflare WARP\, C:\Program Files\Git\cmd, C:\Users\azuureke\AppData\Local\Programs\Eclipse Adoptium\jdk-17.0.19.10-hotspot\bin, C:\Users\azuureke\AppData\Local\Microsoft\WindowsApps, , C:\Users\azuureke\AppData\Local\Programs\DockerDesktop\resources\bin])
2026-09-12 12:22:09 [main] ERROR o.t.d.DockerClientProviderStrategy - Could not find a valid Docker environment. Please check configuration. Attempted configurations were:
	EnvironmentAndSystemPropertyClientProviderStrategy: failed with exception BadRequestException (Status 400: {"ID":"","Containers":0,"ContainersRunning":0,"ContainersPaused":0,"ContainersStopped":0,"Images":0,"Driver":"","DriverStatus":null,"Plugins":{"Volume":null,"Network":null,"Authorization":null,"Log":null},"MemoryLimit":false,"SwapLimit":false,"CpuCfsPeriod":false,"CpuCfsQuota":false,"CPUShares":false,"CPUSet":false,"PidsLimit":false,"IPv4Forwarding":false,"Debug":false,"NFd":0,"OomKillDisable":false,"NGoroutines":0,"SystemTime":"","LoggingDriver":"","CgroupDriver":"","NEventsListener":0,"KernelVersion":"","OperatingSystem":"","OSVersion":"","OSType":"","Architecture":"","IndexServerAddress":"","RegistryConfig":null,"NCPU":0,"MemTotal":0,"GenericResources":null,"DockerRootDir":"","HttpProxy":"","HttpsProxy":"","NoProxy":"","Name":"","Labels":["com.docker.desktop.address=npipe://\\\\.\\pipe\\docker_cli"],"ExperimentalBuild":false,"ServerVersion":"","Runtimes":null,"DefaultRuntime":"","Swarm":{"NodeID":"","NodeAddr":"","LocalNodeState":"","ControlAvailable":false,"Error":"","RemoteManagers":null},"LiveRestoreEnabled":false,"Isolation":"","InitBinary":"","ContainerdCommit":{"ID":""},"RuncCommit":{"ID":""},"InitCommit":{"ID":""},"SecurityOptions":null,"CDISpecDirs":null,"Warnings":null})
	NpipeSocketClientProviderStrategy: failed with exception BadRequestException (Status 400: {"ID":"","Containers":0,"ContainersRunning":0,"ContainersPaused":0,"ContainersStopped":0,"Images":0,"Driver":"","DriverStatus":null,"Plugins":{"Volume":null,"Network":null,"Authorization":null,"Log":null},"MemoryLimit":false,"SwapLimit":false,"CpuCfsPeriod":false,"CpuCfsQuota":false,"CPUShares":false,"CPUSet":false,"PidsLimit":false,"IPv4Forwarding":false,"Debug":false,"NFd":0,"OomKillDisable":false,"NGoroutines":0,"SystemTime":"","LoggingDriver":"","CgroupDriver":"","NEventsListener":0,"KernelVersion":"","OperatingSystem":"","OSVersion":"","OSType":"","Architecture":"","IndexServerAddress":"","RegistryConfig":null,"NCPU":0,"MemTotal":0,"GenericResources":null,"DockerRootDir":"","HttpProxy":"","HttpsProxy":"","NoProxy":"","Name":"","Labels":["com.docker.desktop.address=npipe://\\\\.\\pipe\\docker_cli"],"ExperimentalBuild":false,"ServerVersion":"","Runtimes":null,"DefaultRuntime":"","Swarm":{"NodeID":"","NodeAddr":"","LocalNodeState":"","ControlAvailable":false,"Error":"","RemoteManagers":null},"LiveRestoreEnabled":false,"Isolation":"","InitBinary":"","ContainerdCommit":{"ID":""},"RuncCommit":{"ID":""},"InitCommit":{"ID":""},"SecurityOptions":null,"CDISpecDirs":null,"Warnings":null})As no valid configuration was found, execution cannot continue.
See https://java.testcontainers.org/on_failure.html for more details.
