2026-09-24 11:03:54 [main] DEBUG o.s.t.c.s.AbstractContextLoader - Could not detect default resource locations for test class [ru.aston.user.service.kafka.UserEventProducerTest]: no resource found for suffixes {-context.xml, Context.groovy}.
2026-09-24 11:03:54 [main] INFO  o.s.t.c.s.AnnotationConfigContextLoaderUtils - Could not detect default configuration classes for test class [ru.aston.user.service.kafka.UserEventProducerTest]: UserEventProducerTest does not declare any static, non-private, non-final, nested classes annotated with @Configuration.
2026-09-24 11:03:54 [main] DEBUG o.s.b.t.c.SpringBootTestContextBootstrapper - Using ContextCustomizerFactory implementations for test class [UserEventProducerTest]: [EmbeddedKafkaContextCustomizerFactory, BeanOverrideContextCustomizerFactory, MockServerContainerContextCustomizerFactory, DynamicPropertiesContextCustomizerFactory, ImportsContextCustomizerFactory, PropertyMappingContextCustomizerFactory, ExcludeFilterContextCustomizerFactory, TypeExcludeFiltersContextCustomizerFactory, DisableReactorResourceFactoryGlobalResourcesContextCustomizerFactory, DuplicateJsonObjectContextCustomizerFactory, OnFailureConditionReportContextCustomizerFactory, OverrideAutoConfigurationContextCustomizerFactory, WebDriverContextCustomizerFactory, SpringBootTestRandomPortContextCustomizerFactory]
2026-09-24 11:03:54 [main] DEBUG o.s.b.t.c.SpringBootTestContextBootstrapper - Using ContextCustomizers for test class [UserEventProducerTest]: [DynamicPropertiesContextCustomizer, PropertyMappingContextCustomizer, ExcludeFilterContextCustomizer, DuplicateJsonObjectContextCustomizer, OnFailureConditionReportContextCustomizer, WebDriverContextCustomizer, SpringBootTestRandomPortContextCustomizer]
2026-09-24 11:03:54 [main] DEBUG o.s.c.a.ClassPathScanningCandidateComponentProvider - Identified candidate component class: file [C:\Users\fursova.v\OpenideProjects\Intensive\target\classes\ru\aston\user\service\UserServiceApplication.class]
2026-09-24 11:03:54 [main] INFO  o.s.b.t.c.SpringBootTestContextBootstrapper - Found @SpringBootConfiguration ru.aston.user.service.UserServiceApplication for test class ru.aston.user.service.kafka.UserEventProducerTest
2026-09-24 11:03:54 [main] DEBUG o.s.t.c.s.AbstractContextLoader - Could not detect default resource locations for test class [ru.aston.user.service.kafka.UserEventProducerTest]: no resource found for suffixes {-context.xml, Context.groovy}.
2026-09-24 11:03:54 [main] INFO  o.s.t.c.s.AnnotationConfigContextLoaderUtils - Could not detect default configuration classes for test class [ru.aston.user.service.kafka.UserEventProducerTest]: UserEventProducerTest does not declare any static, non-private, non-final, nested classes annotated with @Configuration.
2026-09-24 11:03:54 [main] DEBUG o.s.b.t.c.SpringBootTestContextBootstrapper - Using ContextCustomizerFactory implementations for test class [UserEventProducerTest]: [EmbeddedKafkaContextCustomizerFactory, BeanOverrideContextCustomizerFactory, MockServerContainerContextCustomizerFactory, DynamicPropertiesContextCustomizerFactory, ImportsContextCustomizerFactory, PropertyMappingContextCustomizerFactory, ExcludeFilterContextCustomizerFactory, TypeExcludeFiltersContextCustomizerFactory, DisableReactorResourceFactoryGlobalResourcesContextCustomizerFactory, DuplicateJsonObjectContextCustomizerFactory, OnFailureConditionReportContextCustomizerFactory, OverrideAutoConfigurationContextCustomizerFactory, WebDriverContextCustomizerFactory, SpringBootTestRandomPortContextCustomizerFactory]
2026-09-24 11:03:54 [main] DEBUG o.s.b.t.c.SpringBootTestContextBootstrapper - Using ContextCustomizers for test class [UserEventProducerTest]: [DynamicPropertiesContextCustomizer, PropertyMappingContextCustomizer, ExcludeFilterContextCustomizer, DuplicateJsonObjectContextCustomizer, OnFailureConditionReportContextCustomizer, WebDriverContextCustomizer, SpringBootTestRandomPortContextCustomizer]
2026-09-24 11:03:54 [main] INFO  o.s.b.t.c.SpringBootTestContextBootstrapper - Found @SpringBootConfiguration ru.aston.user.service.UserServiceApplication for test class ru.aston.user.service.kafka.UserEventProducerTest
2026-09-24 11:03:54 [main] DEBUG o.s.b.t.c.SpringBootTestContextBootstrapper - Neither @ContextConfiguration nor @ContextHierarchy found for test class [UserEventProducerTest]: using SpringBootContextLoader
2026-09-24 11:03:54 [main] DEBUG o.s.t.c.u.TestContextSpringFactoriesUtils - Skipping candidate TestExecutionListener [org.springframework.test.context.observation.MicrometerObservationRegistryTestExecutionListener] due to a missing dependency. Specify custom TestExecutionListener classes or make the default TestExecutionListener classes and their required dependencies available. Offending class: io.micrometer.context.ThreadLocalAccessor. MicrometerObservationRegistryTestExecutionListener requires io.micrometer:micrometer-observation:1.10.8 or higher and io.micrometer:context-propagation:1.0.3 or higher.
2026-09-24 11:03:54 [main] DEBUG o.s.b.t.c.SpringBootTestContextBootstrapper - Using TestExecutionListeners for test class [UserEventProducerTest]: [ServletTestExecutionListener, DirtiesContextBeforeModesTestExecutionListener, ApplicationEventsTestExecutionListener, BeanOverrideTestExecutionListener, DependencyInjectionTestExecutionListener, DirtiesContextTestExecutionListener, CommonCachesTestExecutionListener, TransactionalTestExecutionListener, SqlScriptsTestExecutionListener, EventPublishingTestExecutionListener, MockitoResetTestExecutionListener, MockMvcPrintOnlyOnFailureTestExecutionListener, WebDriverTestExecutionListener]
2026-09-24 11:03:54 [main] DEBUG o.s.t.c.s.DirtiesContextBeforeModesTestExecutionListener - Before test class: class [UserEventProducerTest], class annotated with @DirtiesContext [false] with mode [null]
2026-09-24 11:03:55 [main] INFO  r.a.u.s.kafka.UserEventProducerTest - Starting UserEventProducerTest using Java 17.0.19 with PID 2696 (started by fursova.v in C:\Users\fursova.v\OpenideProjects\Intensive)
2026-09-24 11:03:55 [main] DEBUG r.a.u.s.kafka.UserEventProducerTest - Running with Spring Boot v4.1.1, Spring v7.0.9
2026-09-24 11:03:55 [main] INFO  r.a.u.s.kafka.UserEventProducerTest - No active profile set, falling back to 1 default profile: "default"
2026-09-24 11:03:55 [main] DEBUG o.s.boot.SpringApplication - Loading source class ru.aston.user.service.UserServiceApplication
2026-09-24 11:03:55 [main] DEBUG o.s.w.c.s.GenericWebApplicationContext - Refreshing org.springframework.web.context.support.GenericWebApplicationContext@753aca85
2026-09-24 11:03:55 [main] DEBUG o.s.b.f.s.DefaultListableBeanFactory - Creating shared instance of singleton bean 'org.springframework.context.annotation.internalConfigurationAnnotationProcessor'
2026-09-24 11:03:55 [main] DEBUG o.s.b.f.s.DefaultListableBeanFactory - Creating shared instance of singleton bean 'org.springframework.boot.autoconfigure.internalCachingMetadataReaderFactory'
2026-09-24 11:03:55 [main] DEBUG o.s.c.a.ClassPathBeanDefinitionScanner - Identified candidate component class: file [C:\Users\fursova.v\OpenideProjects\Intensive\target\classes\ru\aston\user\service\controller\GlobalExceptionHandler.class]
2026-09-24 11:03:55 [main] DEBUG o.s.c.a.ClassPathBeanDefinitionScanner - Identified candidate component class: file [C:\Users\fursova.v\OpenideProjects\Intensive\target\classes\ru\aston\user\service\controller\UserController.class]
2026-09-24 11:03:55 [main] DEBUG o.s.c.a.ClassPathBeanDefinitionScanner - Identified candidate component class: file [C:\Users\fursova.v\OpenideProjects\Intensive\target\classes\ru\aston\user\service\kafka\UserEventProducer.class]
2026-09-24 11:03:55 [main] DEBUG o.s.c.a.ClassPathBeanDefinitionScanner - Identified candidate component class: file [C:\Users\fursova.v\OpenideProjects\Intensive\target\classes\ru\aston\user\service\mapper\UserMapper.class]
2026-09-24 11:03:55 [main] DEBUG o.s.c.a.ClassPathBeanDefinitionScanner - Identified candidate component class: file [C:\Users\fursova.v\OpenideProjects\Intensive\target\classes\ru\aston\user\service\service\UserServiceImpl.class]
2026-09-24 11:03:56 [background-preinit] DEBUG org.jboss.logging - Logging Provider: org.jboss.logging.Slf4jLoggerProvider found via system property
2026-09-24 11:03:56 [background-preinit] INFO  o.h.validator.internal.util.Version - HV000001: Hibernate Validator 9.1.3.Final
2026-09-24 11:03:56 [background-preinit] DEBUG o.h.v.i.x.config.ValidationXmlParser - Trying to load META-INF/validation.xml for XML based Validator configuration.
2026-09-24 11:03:56 [background-preinit] DEBUG o.h.v.i.x.c.ResourceLoaderHelper - Trying to load META-INF/validation.xml via TCCL
2026-09-24 11:03:56 [background-preinit] DEBUG o.h.v.i.x.c.ResourceLoaderHelper - Trying to load META-INF/validation.xml via Hibernate Validator's class loader
2026-09-24 11:03:56 [background-preinit] DEBUG o.h.v.i.x.config.ValidationXmlParser - No META-INF/validation.xml found. Using annotation based configuration only.
2026-09-24 11:03:56 [background-preinit] DEBUG o.h.v.i.e.r.TraversableResolvers - Found jakarta.persistence.Persistence on classpath containing 'getPersistenceUtil'. Assuming Jakarta Persistence environment. Trying to instantiate Jakarta Persistence aware TraversableResolver
2026-09-24 11:03:56 [background-preinit] DEBUG o.h.v.i.e.r.TraversableResolvers - Instantiated Jakarta Persistence aware TraversableResolver of type org.hibernate.validator.internal.engine.resolver.JPATraversableResolver.
2026-09-24 11:03:56 [background-preinit] DEBUG o.h.v.m.ResourceBundleMessageInterpolator - Loaded expression factory via original TCCL
2026-09-24 11:03:56 [background-preinit] DEBUG o.h.v.i.e.ValidatorFactoryConfigurationHelper - HV000252: Using org.hibernate.validator.internal.engine.DefaultPropertyNodeNameProvider as property node name provider.
2026-09-24 11:03:56 [background-preinit] DEBUG o.h.v.i.e.ValidatorFactoryConfigurationHelper - HV000234: Using org.hibernate.validator.messageinterpolation.ResourceBundleMessageInterpolator as ValidatorFactory-scoped message interpolator.
2026-09-24 11:03:56 [background-preinit] DEBUG o.h.v.i.e.ValidatorFactoryConfigurationHelper - HV000234: Using org.hibernate.validator.internal.engine.resolver.JPATraversableResolver as ValidatorFactory-scoped traversable resolver.
2026-09-24 11:03:56 [background-preinit] DEBUG o.h.v.i.e.ValidatorFactoryConfigurationHelper - HV000234: Using org.hibernate.validator.internal.util.ExecutableParameterNameProvider as ValidatorFactory-scoped parameter name provider.
2026-09-24 11:03:56 [background-preinit] DEBUG o.h.v.i.e.ValidatorFactoryConfigurationHelper - HV000234: Using org.hibernate.validator.internal.engine.DefaultClockProvider as ValidatorFactory-scoped clock provider.
2026-09-24 11:03:56 [background-preinit] DEBUG o.h.v.i.e.ValidatorFactoryConfigurationHelper - HV000234: Using org.hibernate.validator.internal.engine.scripting.DefaultScriptEvaluatorFactory as ValidatorFactory-scoped script evaluator factory.
2026-09-24 11:03:56 [main] INFO  o.s.d.r.c.RepositoryConfigurationDelegate - Bootstrapping Spring Data JPA repositories in DEFAULT mode.
2026-09-24 11:03:56 [main] DEBUG o.s.b.f.s.DefaultListableBeanFactory - Creating shared instance of singleton bean 'org.springframework.boot.autoconfigure.AutoConfigurationPackages'
2026-09-24 11:03:56 [main] DEBUG o.s.b.a.AutoConfigurationPackages - @EnableAutoConfiguration was declared on a class in the package 'ru.aston.user.service'. Automatic @Repository and @Entity scanning is enabled.
2026-09-24 11:03:56 [main] DEBUG o.s.d.r.c.RepositoryConfigurationDelegate - Scanning for JPA repositories in packages ru.aston.user.service.
2026-09-24 11:03:56 [main] DEBUG o.s.d.r.c.RepositoryComponentProvider - Identified candidate component class: file [C:\Users\fursova.v\OpenideProjects\Intensive\target\classes\ru\aston\user\service\repository\UserRepository.class]
2026-09-24 11:03:56 [main] DEBUG o.s.c.a.ClassPathScanningCandidateComponentProvider - Identified candidate component class: file [C:\Users\fursova.v\OpenideProjects\Intensive\target\classes\ru\aston\user\service\service\UserServiceImpl.class]
2026-09-24 11:03:56 [main] INFO  o.s.d.r.c.RepositoryConfigurationDelegate - Finished Spring Data repository scanning in 148 ms. Found 1 JPA repository interface.
2026-09-24 11:03:57 [main] DEBUG o.s.b.f.s.DefaultListableBeanFactory - Creating shared instance of singleton bean 'propertySourcesPlaceholderConfigurer'
2026-09-24 11:03:57 [main] DEBUG o.s.b.f.s.DefaultListableBeanFactory - Creating shared instance of singleton bean 'org.springframework.boot.sql.init.dependency.DatabaseInitializationDependencyConfigurer$DependsOnDatabaseInitializationPostProcessor'
2026-09-24 11:03:57 [main] DEBUG o.s.b.f.s.DefaultListableBeanFactory - Creating shared instance of singleton bean 'org.springframework.context.event.internalEventListenerProcessor'
2026-09-24 11:03:57 [main] DEBUG o.s.b.f.s.DefaultListableBeanFactory - Creating shared instance of singleton bean 'bootstrapExecutorAliasPostProcessor'
2026-09-24 11:03:57 [main] DEBUG o.s.b.f.s.DefaultListableBeanFactory - Creating shared instance of singleton bean 'preserveErrorControllerTargetClassPostProcessor'
2026-09-24 11:03:57 [main] DEBUG o.s.b.f.s.DefaultListableBeanFactory - Creating shared instance of singleton bean 'org.springframework.context.event.internalEventListenerFactory'
2026-09-24 11:03:57 [main] DEBUG o.s.b.f.s.DefaultListableBeanFactory - Creating shared instance of singleton bean 'org.springframework.transaction.config.internalTransactionalEventListenerFactory'
2026-09-24 11:03:57 [main] DEBUG o.s.b.f.s.DefaultListableBeanFactory - Creating shared instance of singleton bean 'org.springframework.context.annotation.internalAutowiredAnnotationProcessor'
2026-09-24 11:03:57 [main] DEBUG o.s.b.f.s.DefaultListableBeanFactory - Creating shared instance of singleton bean 'org.springframework.context.annotation.internalCommonAnnotationProcessor'
2026-09-24 11:03:57 [main] DEBUG o.s.b.f.s.DefaultListableBeanFactory - Creating shared instance of singleton bean 'org.springframework.context.annotation.internalPersistenceAnnotationProcessor'
2026-09-24 11:03:57 [main] DEBUG o.s.b.f.s.DefaultListableBeanFactory - Creating shared instance of singleton bean 'org.springframework.boot.context.properties.ConfigurationPropertiesBindingPostProcessor'
2026-09-24 11:03:57 [main] DEBUG o.s.b.f.s.DefaultListableBeanFactory - Creating shared instance of singleton bean 'org.springframework.boot.context.internalConfigurationPropertiesBinder'
2026-09-24 11:03:57 [main] DEBUG o.s.b.f.s.DefaultListableBeanFactory - Creating shared instance of singleton bean 'jdbcConnectionDetailsHikariBeanPostProcessor'
2026-09-24 11:03:57 [main] DEBUG o.s.b.f.s.DefaultListableBeanFactory - Creating shared instance of singleton bean 'methodValidationPostProcessor'
2026-09-24 11:03:57 [main] DEBUG o.s.b.f.s.DefaultListableBeanFactory - Autowiring by type from bean name 'methodValidationPostProcessor' via factory method to bean named 'environment'
2026-09-24 11:03:57 [main] DEBUG o.s.b.f.s.DefaultListableBeanFactory - Creating shared instance of singleton bean 'org.springframework.boot.context.properties.EnableConfigurationPropertiesRegistrar.methodValidationExcludeFilter'
2026-09-24 11:03:57 [main] DEBUG o.s.b.f.s.DefaultListableBeanFactory - Creating shared instance of singleton bean 'org.springframework.aop.framework.autoproxy.defaultProxyConfig'
2026-09-24 11:03:57 [main] DEBUG o.s.b.f.s.DefaultListableBeanFactory - Creating shared instance of singleton bean 'org.springframework.aop.config.internalAutoProxyCreator'
2026-09-24 11:03:57 [main] DEBUG o.s.b.f.s.DefaultListableBeanFactory - Creating shared instance of singleton bean 'org.springframework.kafka.config.internalKafkaListenerAnnotationProcessor'
2026-09-24 11:03:57 [main] DEBUG o.s.b.f.s.DefaultListableBeanFactory - Creating shared instance of singleton bean 'persistenceExceptionTranslationPostProcessor'
2026-09-24 11:03:57 [main] DEBUG o.s.b.f.s.DefaultListableBeanFactory - Autowiring by type from bean name 'persistenceExceptionTranslationPostProcessor' via factory method to bean named 'environment'
2026-09-24 11:03:57 [main] DEBUG o.s.b.f.s.DefaultListableBeanFactory - Creating shared instance of singleton bean 'projectingArgumentResolverBeanPostProcessor'
2026-09-24 11:03:57 [main] DEBUG o.s.b.f.s.DefaultListableBeanFactory - Creating shared instance of singleton bean 'org.springframework.transaction.config.internalTransactionAdvisor'
2026-09-24 11:03:57 [main] DEBUG o.s.b.f.s.DefaultListableBeanFactory - Creating shared instance of singleton bean 'org.springframework.transaction.annotation.ProxyTransactionManagementConfiguration'
2026-09-24 11:03:57 [main] DEBUG o.s.b.f.s.DefaultListableBeanFactory - Creating shared instance of singleton bean 'transactionAttributeSource'
2026-09-24 11:03:57 [main] DEBUG o.s.b.f.s.DefaultListableBeanFactory - Creating shared instance of singleton bean 'transactionInterceptor'
2026-09-24 11:03:57 [main] DEBUG o.s.b.f.s.DefaultListableBeanFactory - Autowiring by type from bean name 'transactionInterceptor' via factory method to bean named 'transactionAttributeSource'
2026-09-24 11:03:57 [main] DEBUG o.s.b.f.s.DefaultListableBeanFactory - Autowiring by type from bean name 'org.springframework.transaction.config.internalTransactionAdvisor' via factory method to bean named 'transactionAttributeSource'
2026-09-24 11:03:57 [main] DEBUG o.s.b.f.s.DefaultListableBeanFactory - Autowiring by type from bean name 'org.springframework.transaction.config.internalTransactionAdvisor' via factory method to bean named 'transactionInterceptor'
2026-09-24 11:03:57 [main] DEBUG o.s.b.f.s.DefaultListableBeanFactory - Creating shared instance of singleton bean 'webServerFactoryCustomizerBeanPostProcessor'
2026-09-24 11:03:57 [main] DEBUG o.s.b.f.s.DefaultListableBeanFactory - Creating shared instance of singleton bean 'errorPageRegistrarBeanPostProcessor'
2026-09-24 11:03:57 [main] DEBUG o.s.b.f.s.DefaultListableBeanFactory - Creating shared instance of singleton bean 'applicationTaskExecutor'
2026-09-24 11:03:57 [main] DEBUG o.s.b.f.s.DefaultListableBeanFactory - Creating shared instance of singleton bean 'org.springframework.boot.autoconfigure.task.TaskExecutorConfigurations$TaskExecutorConfiguration'
2026-09-24 11:03:57 [main] DEBUG o.s.b.f.s.DefaultListableBeanFactory - Creating shared instance of singleton bean 'threadPoolTaskExecutorBuilder'
2026-09-24 11:03:57 [main] DEBUG o.s.b.f.s.DefaultListableBeanFactory - Creating shared instance of singleton bean 'org.springframework.boot.autoconfigure.task.TaskExecutorConfigurations$ThreadPoolTaskExecutorBuilderConfiguration'
2026-09-24 11:03:57 [main] DEBUG o.s.b.f.s.DefaultListableBeanFactory - Creating shared instance of singleton bean 'spring.task.execution-org.springframework.boot.autoconfigure.task.TaskExecutionProperties'
2026-09-24 11:03:57 [main] DEBUG o.s.b.f.s.DefaultListableBeanFactory - Creating shared instance of singleton bean 'org.springframework.boot.context.properties.BoundConfigurationProperties'
2026-09-24 11:03:57 [main] DEBUG o.s.b.f.s.DefaultListableBeanFactory - Autowiring by type from bean name 'threadPoolTaskExecutorBuilder' via factory method to bean named 'spring.task.execution-org.springframework.boot.autoconfigure.task.TaskExecutionProperties'
2026-09-24 11:03:57 [main] DEBUG o.s.b.f.s.DefaultListableBeanFactory - Autowiring by type from bean name 'applicationTaskExecutor' via factory method to bean named 'threadPoolTaskExecutorBuilder'
2026-09-24 11:03:57 [main] DEBUG o.s.s.c.ThreadPoolTaskExecutor - Initializing ExecutorService 'applicationTaskExecutor'
2026-09-24 11:03:57 [main] DEBUG o.s.b.f.s.DefaultListableBeanFactory - Creating shared instance of singleton bean 'org.springframework.test.context.support.internalDynamicPropertyRegistrarBeanInitializer'
2026-09-24 11:03:57 [main] DEBUG o.s.b.f.s.DefaultListableBeanFactory - Creating shared instance of singleton bean 'liquibase'
2026-09-24 11:03:57 [main] DEBUG o.s.b.f.s.DefaultListableBeanFactory - Creating shared instance of singleton bean 'org.springframework.boot.liquibase.autoconfigure.LiquibaseAutoConfiguration$LiquibaseConfiguration'
2026-09-24 11:03:57 [main] DEBUG o.s.b.f.s.DefaultListableBeanFactory - Creating shared instance of singleton bean 'spring.liquibase-org.springframework.boot.liquibase.autoconfigure.LiquibaseProperties'
2026-09-24 11:03:57 [main] DEBUG o.s.b.f.s.DefaultListableBeanFactory - Creating shared instance of singleton bean 'liquibaseConnectionDetails'
2026-09-24 11:03:57 [main] DEBUG o.s.b.f.s.DefaultListableBeanFactory - Autowiring by type from bean name 'liquibaseConnectionDetails' via factory method to bean named 'spring.liquibase-org.springframework.boot.liquibase.autoconfigure.LiquibaseProperties'
2026-09-24 11:03:57 [main] DEBUG o.s.b.f.s.DefaultListableBeanFactory - Autowiring by type from bean name 'liquibase' via factory method to bean named 'spring.liquibase-org.springframework.boot.liquibase.autoconfigure.LiquibaseProperties'
2026-09-24 11:03:57 [main] DEBUG o.s.b.f.s.DefaultListableBeanFactory - Autowiring by type from bean name 'liquibase' via factory method to bean named 'liquibaseConnectionDetails'
2026-09-24 11:03:57 [main] DEBUG o.s.b.f.s.DefaultListableBeanFactory - Creating shared instance of singleton bean 'dataSource'
2026-09-24 11:03:57 [main] DEBUG o.s.b.f.s.DefaultListableBeanFactory - Creating shared instance of singleton bean 'org.springframework.boot.jdbc.autoconfigure.DataSourceConfiguration$Hikari'
2026-09-24 11:03:57 [main] DEBUG o.s.b.f.s.DefaultListableBeanFactory - Creating shared instance of singleton bean 'spring.datasource-org.springframework.boot.jdbc.autoconfigure.DataSourceProperties'
2026-09-24 11:03:57 [main] DEBUG o.s.b.f.s.DefaultListableBeanFactory - Creating shared instance of singleton bean 'jdbcConnectionDetails'
2026-09-24 11:03:57 [main] DEBUG o.s.b.f.s.DefaultListableBeanFactory - Creating shared instance of singleton bean 'org.springframework.boot.jdbc.autoconfigure.DataSourceAutoConfiguration$PooledDataSourceConfiguration'
2026-09-24 11:03:57 [main] DEBUG o.s.b.f.s.DefaultListableBeanFactory - Autowiring by type from bean name 'jdbcConnectionDetails' via factory method to bean named 'spring.datasource-org.springframework.boot.jdbc.autoconfigure.DataSourceProperties'
2026-09-24 11:03:57 [main] DEBUG o.s.b.f.s.DefaultListableBeanFactory - Autowiring by type from bean name 'dataSource' via factory method to bean named 'spring.datasource-org.springframework.boot.jdbc.autoconfigure.DataSourceProperties'
2026-09-24 11:03:57 [main] DEBUG o.s.b.f.s.DefaultListableBeanFactory - Autowiring by type from bean name 'dataSource' via factory method to bean named 'jdbcConnectionDetails'
2026-09-24 11:03:57 [main] DEBUG o.s.b.f.s.DefaultListableBeanFactory - Autowiring by type from bean name 'dataSource' via factory method to bean named 'environment'
2026-09-24 11:03:57 [main] DEBUG com.zaxxer.hikari.util.UtilityElf - Class org.postgresql.Driver found in Thread context class loader jdk.internal.loader.ClassLoaders$AppClassLoader@1d44bcfa
2026-09-24 11:03:57 [main] DEBUG liquibase.servicelocator - Loaded liquibase.logging.LogService instance liquibase.logging.core.BufferedLogService
2026-09-24 11:03:57 [main] DEBUG liquibase.servicelocator - Loaded liquibase.logging.LogService instance liquibase.logging.core.CompositeLogService
2026-09-24 11:03:57 [main] DEBUG liquibase.servicelocator - Loaded liquibase.logging.LogService instance liquibase.logging.core.JavaLogService
2026-09-24 11:03:57 [main] DEBUG liquibase.servicelocator - Loaded liquibase.configuration.AutoloadedConfigurations instance liquibase.GlobalConfiguration
2026-09-24 11:03:57 [main] DEBUG liquibase.servicelocator - Loaded liquibase.configuration.AutoloadedConfigurations instance liquibase.integration.commandline.LiquibaseCommandLineConfiguration
2026-09-24 11:03:57 [main] DEBUG liquibase.servicelocator - Loaded liquibase.configuration.AutoloadedConfigurations instance liquibase.logging.core.DefaultLoggerConfiguration
2026-09-24 11:03:57 [main] DEBUG liquibase.servicelocator - Loaded liquibase.configuration.AutoloadedConfigurations instance liquibase.sql.SqlConfiguration
2026-09-24 11:03:57 [main] DEBUG liquibase.servicelocator - Loaded liquibase.configuration.AutoloadedConfigurations instance liquibase.parser.ChangeLogParserConfiguration
2026-09-24 11:03:57 [main] DEBUG liquibase.servicelocator - Loaded liquibase.configuration.AutoloadedConfigurations instance liquibase.analytics.configuration.AnalyticsArgs
2026-09-24 11:03:57 [main] DEBUG liquibase.servicelocator - Loaded liquibase.configuration.AutoloadedConfigurations instance liquibase.license.LicenseTrackingArgs
2026-09-24 11:03:57 [main] DEBUG liquibase.servicelocator - Loaded liquibase.configuration.AutoloadedConfigurations instance liquibase.database.core.MSSQLDatabase$SpecificConfiguration
2026-09-24 11:03:57 [main] DEBUG liquibase.configuration - Found ConfigurationDefinitions in liquibase.GlobalConfiguration
2026-09-24 11:03:57 [main] DEBUG liquibase.configuration - Found ConfigurationDefinitions in liquibase.integration.commandline.LiquibaseCommandLineConfiguration
2026-09-24 11:03:57 [main] DEBUG liquibase.configuration - Found ConfigurationDefinitions in liquibase.logging.core.DefaultLoggerConfiguration
2026-09-24 11:03:57 [main] DEBUG liquibase.configuration - Found ConfigurationDefinitions in liquibase.sql.SqlConfiguration
2026-09-24 11:03:57 [main] DEBUG liquibase.configuration - Found ConfigurationDefinitions in liquibase.parser.ChangeLogParserConfiguration
2026-09-24 11:03:57 [main] DEBUG liquibase.configuration - Found ConfigurationDefinitions in liquibase.analytics.configuration.AnalyticsArgs
2026-09-24 11:03:57 [main] DEBUG liquibase.configuration - Found ConfigurationDefinitions in liquibase.license.LicenseTrackingArgs
2026-09-24 11:03:57 [main] DEBUG liquibase.configuration - Found ConfigurationDefinitions in liquibase.database.core.MSSQLDatabase$SpecificConfiguration
2026-09-24 11:03:57 [main] DEBUG liquibase.servicelocator - Loaded liquibase.configuration.ConfigurationValueProvider instance liquibase.configuration.core.DeprecatedConfigurationValueProvider
2026-09-24 11:03:57 [main] DEBUG liquibase.servicelocator - Loaded liquibase.configuration.ConfigurationValueProvider instance liquibase.configuration.core.SystemPropertyValueProvider
2026-09-24 11:03:57 [main] DEBUG liquibase.servicelocator - Loaded liquibase.configuration.ConfigurationValueProvider instance liquibase.configuration.core.ScopeValueProvider
2026-09-24 11:03:57 [main] DEBUG liquibase.servicelocator - Loaded liquibase.configuration.ConfigurationValueProvider instance liquibase.configuration.core.EnvironmentValueProvider
2026-09-24 11:03:57 [main] DEBUG liquibase.servicelocator - Loaded liquibase.servicelocator.ServiceLocator instance liquibase.servicelocator.StandardServiceLocator
2026-09-24 11:03:57 [main] DEBUG liquibase.configuration - No configuration value for liquibase.shouldRun aka should.run found
2026-09-24 11:03:57 [main] DEBUG liquibase.configuration - Configuration liquibase.shouldRun is using the default value of true
2026-09-24 11:03:57 [main] DEBUG com.zaxxer.hikari.HikariConfig - HikariPool-1 - configuration:
2026-09-24 11:03:57 [main] DEBUG com.zaxxer.hikari.HikariConfig - allowPoolSuspension.............false
2026-09-24 11:03:57 [main] DEBUG com.zaxxer.hikari.HikariConfig - autoCommit......................true
2026-09-24 11:03:57 [main] DEBUG com.zaxxer.hikari.HikariConfig - catalog.........................none
2026-09-24 11:03:57 [main] DEBUG com.zaxxer.hikari.HikariConfig - connectionInitSql...............none
2026-09-24 11:03:57 [main] DEBUG com.zaxxer.hikari.HikariConfig - connectionTestQuery.............none
2026-09-24 11:03:57 [main] DEBUG com.zaxxer.hikari.HikariConfig - connectionTimeout...............30000
2026-09-24 11:03:57 [main] DEBUG com.zaxxer.hikari.HikariConfig - credentials.....................com.zaxxer.hikari.util.Credentials@21c75084
2026-09-24 11:03:57 [main] DEBUG com.zaxxer.hikari.HikariConfig - credentialsProvider.............none
2026-09-24 11:03:57 [main] DEBUG com.zaxxer.hikari.HikariConfig - credentialsProviderClassName....none
2026-09-24 11:03:57 [main] DEBUG com.zaxxer.hikari.HikariConfig - dataSource......................none
2026-09-24 11:03:57 [main] DEBUG com.zaxxer.hikari.HikariConfig - dataSourceClassName.............none
2026-09-24 11:03:57 [main] DEBUG com.zaxxer.hikari.HikariConfig - dataSourceJNDI..................none
2026-09-24 11:03:57 [main] DEBUG com.zaxxer.hikari.HikariConfig - dataSourceProperties............{password=<masked>}
2026-09-24 11:03:57 [main] DEBUG com.zaxxer.hikari.HikariConfig - driverClassName................."org.postgresql.Driver"
2026-09-24 11:03:57 [main] DEBUG com.zaxxer.hikari.HikariConfig - exceptionOverride...............none
2026-09-24 11:03:57 [main] DEBUG com.zaxxer.hikari.HikariConfig - exceptionOverrideClassName......none
2026-09-24 11:03:57 [main] DEBUG com.zaxxer.hikari.HikariConfig - healthCheckProperties...........{}
2026-09-24 11:03:57 [main] DEBUG com.zaxxer.hikari.HikariConfig - healthCheckRegistry.............none
2026-09-24 11:03:57 [main] DEBUG com.zaxxer.hikari.HikariConfig - idleTimeout.....................600000
2026-09-24 11:03:57 [main] DEBUG com.zaxxer.hikari.HikariConfig - initializationFailTimeout.......1
2026-09-24 11:03:57 [main] DEBUG com.zaxxer.hikari.HikariConfig - isolateInternalQueries..........false
2026-09-24 11:03:57 [main] DEBUG com.zaxxer.hikari.HikariConfig - jdbcUrl.........................jdbc:postgresql://localhost:5432/user_service
2026-09-24 11:03:57 [main] DEBUG com.zaxxer.hikari.HikariConfig - keepaliveTime...................120000
2026-09-24 11:03:57 [main] DEBUG com.zaxxer.hikari.HikariConfig - leakDetectionThreshold..........0
2026-09-24 11:03:57 [main] DEBUG com.zaxxer.hikari.HikariConfig - maxLifetime.....................1800000
2026-09-24 11:03:57 [main] DEBUG com.zaxxer.hikari.HikariConfig - maximumPoolSize.................10
2026-09-24 11:03:57 [main] DEBUG com.zaxxer.hikari.HikariConfig - metricRegistry..................none
2026-09-24 11:03:57 [main] DEBUG com.zaxxer.hikari.HikariConfig - metricsTrackerFactory...........none
2026-09-24 11:03:57 [main] DEBUG com.zaxxer.hikari.HikariConfig - minimumIdle.....................10
2026-09-24 11:03:57 [main] DEBUG com.zaxxer.hikari.HikariConfig - password........................<masked>
2026-09-24 11:03:57 [main] DEBUG com.zaxxer.hikari.HikariConfig - poolName........................"HikariPool-1"
2026-09-24 11:03:57 [main] DEBUG com.zaxxer.hikari.HikariConfig - readOnly........................false
2026-09-24 11:03:57 [main] DEBUG com.zaxxer.hikari.HikariConfig - registerMbeans..................false
2026-09-24 11:03:57 [main] DEBUG com.zaxxer.hikari.HikariConfig - scheduledExecutor...............none
2026-09-24 11:03:57 [main] DEBUG com.zaxxer.hikari.HikariConfig - schema..........................none
2026-09-24 11:03:57 [main] DEBUG com.zaxxer.hikari.HikariConfig - threadFactory...................internal
2026-09-24 11:03:57 [main] DEBUG com.zaxxer.hikari.HikariConfig - transactionIsolation............default
2026-09-24 11:03:57 [main] DEBUG com.zaxxer.hikari.HikariConfig - username........................"postgres"
2026-09-24 11:03:57 [main] DEBUG com.zaxxer.hikari.HikariConfig - validationTimeout...............5000
2026-09-24 11:03:57 [main] INFO  com.zaxxer.hikari.HikariDataSource - HikariPool-1 - Starting...
2026-09-24 11:03:57 [main] DEBUG com.zaxxer.hikari.pool.PoolBase - HikariPool-1 - Attempting to create/setup new connection (caaba5d7-849c-44bc-b009-962a350713f2)
2026-09-24 11:04:00 [main] DEBUG com.zaxxer.hikari.pool.PoolBase - HikariPool-1 - Failed to create/setup connection (caaba5d7-849c-44bc-b009-962a350713f2): Драйвер столкнулся с непредвиденной ошибкой. Сообщите об этом исключении.
2026-09-24 11:04:00 [main] DEBUG com.zaxxer.hikari.pool.HikariPool - HikariPool-1 - Cannot acquire connection from data source
org.postgresql.util.PSQLException: Драйвер столкнулся с непредвиденной ошибкой. Сообщите об этом исключении.
	at org.postgresql.Driver.connect(Driver.java:327)
	at com.zaxxer.hikari.util.DriverDataSource.getConnection(DriverDataSource.java:144)
	at com.zaxxer.hikari.pool.PoolBase.newConnection(PoolBase.java:373)
	at com.zaxxer.hikari.pool.PoolBase.newPoolEntry(PoolBase.java:210)
	at com.zaxxer.hikari.pool.HikariPool.createPoolEntry(HikariPool.java:488)
	at com.zaxxer.hikari.pool.HikariPool.checkFailFast(HikariPool.java:576)
	at com.zaxxer.hikari.pool.HikariPool.<init>(HikariPool.java:97)
	at com.zaxxer.hikari.HikariDataSource.getConnection(HikariDataSource.java:111)
	at liquibase.integration.spring.SpringLiquibase.lambda$afterPropertiesSet$0(SpringLiquibase.java:276)
	at liquibase.Scope.lambda$child$0(Scope.java:243)
	at liquibase.Scope.child(Scope.java:252)
	at liquibase.Scope.child(Scope.java:242)
	at liquibase.Scope.child(Scope.java:221)
	at liquibase.integration.spring.SpringLiquibase.afterPropertiesSet(SpringLiquibase.java:272)
	at org.springframework.beans.factory.support.AbstractAutowireCapableBeanFactory.invokeInitMethods(AbstractAutowireCapableBeanFactory.java:1862)
	at org.springframework.beans.factory.support.AbstractAutowireCapableBeanFactory.initializeBean(AbstractAutowireCapableBeanFactory.java:1811)
	at org.springframework.beans.factory.support.AbstractAutowireCapableBeanFactory.doCreateBean(AbstractAutowireCapableBeanFactory.java:603)
	at org.springframework.beans.factory.support.AbstractAutowireCapableBeanFactory.createBean(AbstractAutowireCapableBeanFactory.java:525)
	at org.springframework.beans.factory.support.AbstractBeanFactory.lambda$doGetBean$0(AbstractBeanFactory.java:333)
	at org.springframework.beans.factory.support.DefaultSingletonBeanRegistry.getSingleton(DefaultSingletonBeanRegistry.java:371)
	at org.springframework.beans.factory.support.AbstractBeanFactory.doGetBean(AbstractBeanFactory.java:331)
	at org.springframework.beans.factory.support.AbstractBeanFactory.getBean(AbstractBeanFactory.java:196)
	at org.springframework.beans.factory.support.AbstractBeanFactory.doGetBean(AbstractBeanFactory.java:309)
	at org.springframework.beans.factory.support.AbstractBeanFactory.getBean(AbstractBeanFactory.java:201)
	at org.springframework.context.support.AbstractApplicationContext.finishBeanFactoryInitialization(AbstractApplicationContext.java:977)
	at org.springframework.context.support.AbstractApplicationContext.refresh(AbstractApplicationContext.java:621)
	at org.springframework.boot.SpringApplication.refresh(SpringApplication.java:756)
	at org.springframework.boot.SpringApplication.refreshContext(SpringApplication.java:445)
	at org.springframework.boot.SpringApplication.run(SpringApplication.java:321)
	at org.springframework.boot.test.context.SpringBootContextLoader.lambda$loadContext$2(SpringBootContextLoader.java:155)
	at org.springframework.util.function.ThrowingSupplier.get(ThrowingSupplier.java:58)
	at org.springframework.util.function.ThrowingSupplier.get(ThrowingSupplier.java:46)
	at org.springframework.boot.SpringApplication.withHook(SpringApplication.java:1465)
	at org.springframework.boot.test.context.SpringBootContextLoader$ContextLoaderHook.run(SpringBootContextLoader.java:600)
	at org.springframework.boot.test.context.SpringBootContextLoader.loadContext(SpringBootContextLoader.java:155)
	at org.springframework.boot.test.context.SpringBootContextLoader.loadContext(SpringBootContextLoader.java:114)
	at org.springframework.test.context.cache.DefaultCacheAwareContextLoaderDelegate.loadContextInternal(DefaultCacheAwareContextLoaderDelegate.java:247)
	at org.springframework.test.context.cache.DefaultCacheAwareContextLoaderDelegate.lambda$loadContext$0(DefaultCacheAwareContextLoaderDelegate.java:167)
	at org.springframework.test.context.cache.DefaultContextCache.put(DefaultContextCache.java:214)
	at org.springframework.test.context.cache.DefaultCacheAwareContextLoaderDelegate.loadContext(DefaultCacheAwareContextLoaderDelegate.java:160)
	at org.springframework.test.context.support.DefaultTestContext.getApplicationContext(DefaultTestContext.java:128)
	at org.springframework.test.context.web.ServletTestExecutionListener.setUpRequestContextIfNecessary(ServletTestExecutionListener.java:200)
	at org.springframework.test.context.web.ServletTestExecutionListener.prepareTestInstance(ServletTestExecutionListener.java:139)
	at org.springframework.test.context.TestContextManager.prepareTestInstance(TestContextManager.java:260)
	at org.springframework.test.context.junit.jupiter.SpringExtension.postProcessTestInstance(SpringExtension.java:242)
	at org.junit.jupiter.engine.descriptor.ClassBasedTestDescriptor.lambda$invokeTestInstancePostProcessors$1(ClassBasedTestDescriptor.java:423)
	at org.junit.jupiter.engine.descriptor.ClassBasedTestDescriptor.executeAndMaskThrowable(ClassBasedTestDescriptor.java:428)
	at org.junit.jupiter.engine.descriptor.ClassBasedTestDescriptor.lambda$invokeTestInstancePostProcessors$0(ClassBasedTestDescriptor.java:422)
	at java.base/java.util.stream.ForEachOps$ForEachOp$OfRef.accept(ForEachOps.java:183)
	at java.base/java.util.stream.ReferencePipeline$3$1.accept(ReferencePipeline.java:197)
	at java.base/java.util.stream.ReferencePipeline$2$1.accept(ReferencePipeline.java:179)
	at java.base/java.util.stream.ReferencePipeline$3$1.accept(ReferencePipeline.java:197)
	at java.base/java.util.ArrayList$ArrayListSpliterator.forEachRemaining(ArrayList.java:1625)
	at java.base/java.util.stream.AbstractPipeline.copyInto(AbstractPipeline.java:509)
	at java.base/java.util.stream.AbstractPipeline.wrapAndCopyInto(AbstractPipeline.java:499)
	at java.base/java.util.stream.ForEachOps$ForEachOp.evaluateSequential(ForEachOps.java:150)
	at java.base/java.util.stream.ForEachOps$ForEachOp$OfRef.evaluateSequential(ForEachOps.java:173)
	at java.base/java.util.stream.AbstractPipeline.evaluate(AbstractPipeline.java:234)
	at java.base/java.util.stream.ReferencePipeline.forEach(ReferencePipeline.java:596)
	at org.junit.jupiter.engine.descriptor.ClassBasedTestDescriptor.invokeTestInstancePostProcessors(ClassBasedTestDescriptor.java:422)
	at org.junit.jupiter.engine.descriptor.ClassBasedTestDescriptor.lambda$instantiateAndPostProcessTestInstance$0(ClassBasedTestDescriptor.java:334)
	at org.junit.platform.engine.support.hierarchical.ThrowableCollector.execute(ThrowableCollector.java:74)
	at org.junit.jupiter.engine.descriptor.ClassBasedTestDescriptor.instantiateAndPostProcessTestInstance(ClassBasedTestDescriptor.java:333)
	at org.junit.jupiter.engine.descriptor.ClassBasedTestDescriptor.lambda$testInstancesProvider$1(ClassBasedTestDescriptor.java:322)
	at java.base/java.util.Optional.orElseGet(Optional.java:364)
	at org.junit.jupiter.engine.descriptor.ClassBasedTestDescriptor.lambda$testInstancesProvider$0(ClassBasedTestDescriptor.java:321)
	at org.junit.jupiter.engine.execution.TestInstancesProvider.getTestInstances(TestInstancesProvider.java:27)
	at org.junit.jupiter.engine.descriptor.TestMethodTestDescriptor.lambda$prepare$0(TestMethodTestDescriptor.java:127)
	at org.junit.platform.engine.support.hierarchical.ThrowableCollector.execute(ThrowableCollector.java:74)
	at org.junit.jupiter.engine.descriptor.TestMethodTestDescriptor.prepare(TestMethodTestDescriptor.java:126)
	at org.junit.jupiter.engine.descriptor.TestMethodTestDescriptor.prepare(TestMethodTestDescriptor.java:70)
	at org.junit.platform.engine.support.hierarchical.NodeTestTask.lambda$prepare$0(NodeTestTask.java:144)
	at org.junit.platform.engine.support.hierarchical.ThrowableCollector.execute(ThrowableCollector.java:74)
	at org.junit.platform.engine.support.hierarchical.NodeTestTask.prepare(NodeTestTask.java:144)
	at org.junit.platform.engine.support.hierarchical.NodeTestTask.execute(NodeTestTask.java:110)
	at java.base/java.util.ArrayList.forEach(ArrayList.java:1511)
	at org.junit.platform.engine.support.hierarchical.SameThreadHierarchicalTestExecutorService.invokeAll(SameThreadHierarchicalTestExecutorService.java:42)
	at org.junit.platform.engine.support.hierarchical.NodeTestTask.lambda$executeRecursively$2(NodeTestTask.java:180)
	at org.junit.platform.engine.support.hierarchical.ThrowableCollector.execute(ThrowableCollector.java:74)
	at org.junit.platform.engine.support.hierarchical.NodeTestTask.lambda$executeRecursively$1(NodeTestTask.java:166)
	at org.junit.platform.engine.support.hierarchical.Node.around(Node.java:138)
	at org.junit.platform.engine.support.hierarchical.NodeTestTask.lambda$executeRecursively$0(NodeTestTask.java:164)
	at org.junit.platform.engine.support.hierarchical.ThrowableCollector.execute(ThrowableCollector.java:74)
	at org.junit.platform.engine.support.hierarchical.NodeTestTask.executeRecursively(NodeTestTask.java:163)
	at org.junit.platform.engine.support.hierarchical.NodeTestTask.execute(NodeTestTask.java:116)
	at java.base/java.util.ArrayList.forEach(ArrayList.java:1511)
	at org.junit.platform.engine.support.hierarchical.SameThreadHierarchicalTestExecutorService.invokeAll(SameThreadHierarchicalTestExecutorService.java:42)
	at org.junit.platform.engine.support.hierarchical.NodeTestTask.lambda$executeRecursively$2(NodeTestTask.java:180)
	at org.junit.platform.engine.support.hierarchical.ThrowableCollector.execute(ThrowableCollector.java:74)
	at org.junit.platform.engine.support.hierarchical.NodeTestTask.lambda$executeRecursively$1(NodeTestTask.java:166)
	at org.junit.platform.engine.support.hierarchical.Node.around(Node.java:138)
	at org.junit.platform.engine.support.hierarchical.NodeTestTask.lambda$executeRecursively$0(NodeTestTask.java:164)
	at org.junit.platform.engine.support.hierarchical.ThrowableCollector.execute(ThrowableCollector.java:74)
	at org.junit.platform.engine.support.hierarchical.NodeTestTask.executeRecursively(NodeTestTask.java:163)
	at org.junit.platform.engine.support.hierarchical.NodeTestTask.execute(NodeTestTask.java:116)
	at org.junit.platform.engine.support.hierarchical.SameThreadHierarchicalTestExecutorService.submit(SameThreadHierarchicalTestExecutorService.java:36)
	at org.junit.platform.engine.support.hierarchical.HierarchicalTestExecutor.execute(HierarchicalTestExecutor.java:52)
	at org.junit.platform.engine.support.hierarchical.HierarchicalTestEngine.execute(HierarchicalTestEngine.java:58)
	at org.junit.platform.launcher.core.EngineExecutionOrchestrator.executeEngine(EngineExecutionOrchestrator.java:246)
	at org.junit.platform.launcher.core.EngineExecutionOrchestrator.failOrExecuteEngine(EngineExecutionOrchestrator.java:218)
	at org.junit.platform.launcher.core.EngineExecutionOrchestrator.execute(EngineExecutionOrchestrator.java:179)
	at org.junit.platform.launcher.core.EngineExecutionOrchestrator.execute(EngineExecutionOrchestrator.java:108)
	at org.junit.platform.launcher.core.EngineExecutionOrchestrator.lambda$execute$0(EngineExecutionOrchestrator.java:66)
	at org.junit.platform.launcher.core.EngineExecutionOrchestrator.withInterceptedStreams(EngineExecutionOrchestrator.java:157)
	at org.junit.platform.launcher.core.EngineExecutionOrchestrator.execute(EngineExecutionOrchestrator.java:65)
	at org.junit.platform.launcher.core.DefaultLauncher.execute(DefaultLauncher.java:125)
	at org.junit.platform.launcher.core.DefaultLauncher.execute(DefaultLauncher.java:114)
	at org.junit.platform.launcher.core.DefaultLauncher.execute(DefaultLauncher.java:93)
	at org.junit.platform.launcher.core.DelegatingLauncher.execute(DelegatingLauncher.java:48)
	at org.junit.platform.launcher.core.InterceptingLauncher.lambda$execute$0(InterceptingLauncher.java:41)
	at org.junit.platform.launcher.core.ClasspathAlignmentCheckingLauncherInterceptor.intercept(ClasspathAlignmentCheckingLauncherInterceptor.java:25)
	at org.junit.platform.launcher.core.InterceptingLauncher.execute(InterceptingLauncher.java:40)
	at org.junit.platform.launcher.core.DelegatingLauncher.execute(DelegatingLauncher.java:48)
	at org.junit.platform.launcher.core.SessionPerRequestLauncher.execute(SessionPerRequestLauncher.java:67)
	at com.intellij.junit6.JUnit6IdeaTestRunner.startRunnerWithArgs(JUnit6IdeaTestRunner.java:67)
	at com.intellij.rt.junit.IdeaTestRunner$Repeater$1.execute(IdeaTestRunner.java:38)
	at com.intellij.rt.execution.junit.TestsRepeater.repeat(TestsRepeater.java:11)
	at com.intellij.rt.junit.IdeaTestRunner$Repeater.startRunnerWithArgs(IdeaTestRunner.java:35)
	at com.intellij.rt.junit.JUnitStarter.prepareStreamsAndStart(JUnitStarter.java:237)
	at com.intellij.rt.junit.JUnitStarter.main(JUnitStarter.java:58)
Caused by: java.lang.StringIndexOutOfBoundsException: offset 5, count -269553430, length 8192
	at java.base/java.lang.String.checkBoundsOffCount(String.java:4591)
	at java.base/java.lang.String.<init>(String.java:523)
	at org.postgresql.core.Encoding.decode(Encoding.java:284)
	at org.postgresql.core.PGStream.receiveErrorString(PGStream.java:539)
	at org.postgresql.core.v3.ConnectionFactoryImpl.doAuthentication(ConnectionFactoryImpl.java:835)
	at org.postgresql.core.v3.ConnectionFactoryImpl.tryConnect(ConnectionFactoryImpl.java:309)
	at org.postgresql.core.v3.ConnectionFactoryImpl.openConnectionImpl(ConnectionFactoryImpl.java:367)
	at org.postgresql.core.ConnectionFactory.openConnection(ConnectionFactory.java:52)
	at org.postgresql.jdbc.PgConnection.<init>(PgConnection.java:295)
	at org.postgresql.Driver.makeConnection(Driver.java:437)
	at org.postgresql.Driver.connect(Driver.java:305)
	... 119 common frames omitted
2026-09-24 11:04:01 [main] WARN  o.s.w.c.s.GenericWebApplicationContext - Exception encountered during context initialization - cancelling refresh attempt: org.springframework.beans.factory.BeanCreationException: Error creating bean with name 'entityManagerFactory' defined in class path resource [org/springframework/boot/hibernate/autoconfigure/HibernateJpaConfiguration.class]: Failed to initialize dependency 'liquibase' of LoadTimeWeaverAware bean 'entityManagerFactory': Error creating bean with name 'liquibase' defined in class path resource [org/springframework/boot/liquibase/autoconfigure/LiquibaseAutoConfiguration$LiquibaseConfiguration.class]: liquibase.exception.DatabaseException: org.postgresql.util.PSQLException: Драйвер столкнулся с непредвиденной ошибкой. Сообщите об этом исключении.
2026-09-24 11:04:01 [main] DEBUG o.s.s.c.ThreadPoolTaskExecutor - Shutting down ExecutorService 'applicationTaskExecutor'
2026-09-24 11:04:01 [main] DEBUG o.s.b.a.l.ConditionEvaluationReportLogger - 


============================
CONDITIONS EVALUATION REPORT
============================


Positive matches:
-----------------

   AopAutoConfiguration matched:
      - @ConditionalOnBooleanProperty (spring.aop.auto=true) matched (OnPropertyCondition)

   AopAutoConfiguration.AspectJAutoProxyingConfiguration matched:
      - @ConditionalOnClass found required class 'org.aspectj.weaver.Advice' (OnClassCondition)

   AopAutoConfiguration.AspectJAutoProxyingConfiguration.CglibAutoProxyConfiguration matched:
      - @ConditionalOnBooleanProperty (spring.aop.proxy-target-class=true) matched (OnPropertyCondition)

   ApplicationAvailabilityAutoConfiguration#applicationAvailability matched:
      - @ConditionalOnMissingBean (types: org.springframework.boot.availability.ApplicationAvailability; SearchStrategy: all) did not find any beans (OnBeanCondition)

   DataJpaRepositoriesAutoConfiguration matched:
      - @ConditionalOnClass found required class 'org.springframework.data.jpa.repository.JpaRepository' (OnClassCondition)
      - @ConditionalOnBooleanProperty (spring.data.jpa.repositories.enabled=true) matched (OnPropertyCondition)
      - @ConditionalOnBean (types: javax.sql.DataSource; SearchStrategy: all) found bean 'dataSource'; @ConditionalOnMissingBean (types: org.springframework.data.jpa.repository.support.JpaRepositoryFactoryBean,org.springframework.data.jpa.repository.config.JpaRepositoryConfigExtension; SearchStrategy: all) did not find any beans (OnBeanCondition)

   DataSourceAutoConfiguration matched:
      - @ConditionalOnClass found required classes 'javax.sql.DataSource', 'org.springframework.jdbc.datasource.embedded.EmbeddedDatabaseType' (OnClassCondition)
      - @ConditionalOnMissingBean (types: io.r2dbc.spi.ConnectionFactory; SearchStrategy: all) did not find any beans (OnBeanCondition)

   DataSourceAutoConfiguration.PooledDataSourceConfiguration matched:
      - AnyNestedCondition 1 matched 1 did not; NestedCondition on DataSourceAutoConfiguration.PooledDataSourceCondition.PooledDataSourceAvailable PooledDataSource found supported DataSource; NestedCondition on DataSourceAutoConfiguration.PooledDataSourceCondition.ExplicitType @ConditionalOnProperty (spring.datasource.type) did not find property 'spring.datasource.type' (DataSourceAutoConfiguration.PooledDataSourceCondition)
      - @ConditionalOnMissingBean (types: javax.sql.DataSource,javax.sql.XADataSource; SearchStrategy: all) did not find any beans (OnBeanCondition)

   DataSourceAutoConfiguration.PooledDataSourceConfiguration#jdbcConnectionDetails matched:
      - @ConditionalOnMissingBean (types: org.springframework.boot.jdbc.autoconfigure.JdbcConnectionDetails; SearchStrategy: all) did not find any beans (OnBeanCondition)

   DataSourceConfiguration.Hikari matched:
      - @ConditionalOnClass found required class 'com.zaxxer.hikari.HikariDataSource' (OnClassCondition)
      - @ConditionalOnProperty (spring.datasource.type=com.zaxxer.hikari.HikariDataSource) matched (OnPropertyCondition)
      - @ConditionalOnMissingBean (types: javax.sql.DataSource; SearchStrategy: all) did not find any beans (OnBeanCondition)

   DataSourceInitializationAutoConfiguration matched:
      - @ConditionalOnClass found required class 'org.springframework.jdbc.datasource.init.DatabasePopulator' (OnClassCondition)
      - SQL InitializationDatabase Initialization default value is EMBEDDED (OnSqlInitializationCondition)
      - @ConditionalOnSingleCandidate (types: javax.sql.DataSource; SearchStrategy: all) found a single bean 'dataSource'; @ConditionalOnMissingBean (types: org.springframework.boot.sql.autoconfigure.init.ApplicationScriptDatabaseInitializer; SearchStrategy: all) did not find any beans (OnBeanCondition)

   DataSourcePoolMetadataProvidersConfiguration.HikariPoolDataSourceMetadataProviderConfiguration matched:
      - @ConditionalOnClass found required class 'com.zaxxer.hikari.HikariDataSource' (OnClassCondition)

   DataSourceTransactionManagerAutoConfiguration matched:
      - @ConditionalOnClass found required classes 'javax.sql.DataSource', 'org.springframework.jdbc.core.JdbcTemplate', 'org.springframework.transaction.TransactionManager' (OnClassCondition)

   DataSourceTransactionManagerAutoConfiguration.JdbcTransactionManagerConfiguration matched:
      - @ConditionalOnSingleCandidate (types: javax.sql.DataSource; SearchStrategy: all) found a single bean 'dataSource' (OnBeanCondition)

   DataWebAutoConfiguration matched:
      - @ConditionalOnClass found required classes 'org.springframework.data.web.PageableHandlerMethodArgumentResolver', 'org.springframework.web.servlet.config.annotation.WebMvcConfigurer' (OnClassCondition)
      - found 'session' scope (OnWebApplicationCondition)
      - @ConditionalOnMissingBean (types: org.springframework.data.web.PageableHandlerMethodArgumentResolver; SearchStrategy: all) did not find any beans (OnBeanCondition)

   DataWebAutoConfiguration#pageableCustomizer matched:
      - @ConditionalOnMissingBean (types: org.springframework.data.web.config.PageableHandlerMethodArgumentResolverCustomizer; SearchStrategy: all) did not find any beans (OnBeanCondition)

   DataWebAutoConfiguration#sortCustomizer matched:
      - @ConditionalOnMissingBean (types: org.springframework.data.web.config.SortHandlerMethodArgumentResolverCustomizer; SearchStrategy: all) did not find any beans (OnBeanCondition)

   DataWebAutoConfiguration#springDataWebSettings matched:
      - @ConditionalOnMissingBean (types: org.springframework.data.web.config.SpringDataWebSettings; SearchStrategy: all) did not find any beans (OnBeanCondition)

   DispatcherServletAutoConfiguration matched:
      - @ConditionalOnClass found required class 'org.springframework.web.servlet.DispatcherServlet' (OnClassCondition)
      - found 'session' scope (OnWebApplicationCondition)

   DispatcherServletAutoConfiguration.DispatcherServletConfiguration matched:
      - @ConditionalOnClass found required class 'jakarta.servlet.ServletRegistration' (OnClassCondition)
      - Default DispatcherServlet did not find dispatcher servlet beans (DispatcherServletAutoConfiguration.DefaultDispatcherServletCondition)

   DispatcherServletAutoConfiguration.DispatcherServletRegistrationConfiguration matched:
      - @ConditionalOnClass found required class 'jakarta.servlet.ServletRegistration' (OnClassCondition)
      - DispatcherServlet Registration did not find servlet registration bean (DispatcherServletAutoConfiguration.DispatcherServletRegistrationCondition)

   DispatcherServletAutoConfiguration.DispatcherServletRegistrationConfiguration#dispatcherServletRegistration matched:
      - @ConditionalOnBean (names: dispatcherServlet types: org.springframework.web.servlet.DispatcherServlet; SearchStrategy: all) found bean 'dispatcherServlet' (OnBeanCondition)

   ErrorMvcAutoConfiguration matched:
      - @ConditionalOnClass found required classes 'jakarta.servlet.Servlet', 'org.springframework.web.servlet.DispatcherServlet' (OnClassCondition)
      - found 'session' scope (OnWebApplicationCondition)

   ErrorMvcAutoConfiguration#basicErrorController matched:
      - @ConditionalOnMissingBean (types: org.springframework.boot.webmvc.error.ErrorController; SearchStrategy: current) did not find any beans (OnBeanCondition)

   ErrorMvcAutoConfiguration#errorAttributes matched:
      - @ConditionalOnMissingBean (types: org.springframework.boot.webmvc.error.ErrorAttributes; SearchStrategy: current) did not find any beans (OnBeanCondition)

   ErrorMvcAutoConfiguration.DefaultErrorViewResolverConfiguration#conventionErrorViewResolver matched:
      - @ConditionalOnBean (types: org.springframework.web.servlet.DispatcherServlet; SearchStrategy: all) found bean 'dispatcherServlet'; @ConditionalOnMissingBean (types: org.springframework.boot.webmvc.autoconfigure.error.ErrorViewResolver; SearchStrategy: all) did not find any beans (OnBeanCondition)

   ErrorMvcAutoConfiguration.WhitelabelErrorViewConfiguration matched:
      - @ConditionalOnBooleanProperty (spring.web.error.whitelabel.enabled=true) matched (OnPropertyCondition)
      - ErrorTemplate Missing did not find error template view (ErrorMvcAutoConfiguration.ErrorTemplateMissingCondition)

   ErrorMvcAutoConfiguration.WhitelabelErrorViewConfiguration#beanNameViewResolver matched:
      - @ConditionalOnMissingBean (types: org.springframework.web.servlet.view.BeanNameViewResolver; SearchStrategy: all) did not find any beans (OnBeanCondition)

   ErrorMvcAutoConfiguration.WhitelabelErrorViewConfiguration#defaultErrorView matched:
      - @ConditionalOnMissingBean (names: error; SearchStrategy: all) did not find any beans (OnBeanCondition)

   HibernateJpaAutoConfiguration matched:
      - @ConditionalOnClass found required classes 'org.springframework.orm.jpa.LocalContainerEntityManagerFactoryBean', 'jakarta.persistence.EntityManager', 'org.hibernate.engine.spi.SessionImplementor' (OnClassCondition)

   HibernateJpaConfiguration matched:
      - @ConditionalOnSingleCandidate (types: javax.sql.DataSource; SearchStrategy: all) found a single bean 'dataSource' (OnBeanCondition)

   HttpEncodingAutoConfiguration matched:
      - @ConditionalOnClass found required class 'org.springframework.web.filter.CharacterEncodingFilter' (OnClassCondition)
      - found 'session' scope (OnWebApplicationCondition)
      - @ConditionalOnBooleanProperty (spring.servlet.encoding.enabled=true) matched (OnPropertyCondition)

   HttpEncodingAutoConfiguration#characterEncodingFilter matched:
      - @ConditionalOnMissingBean (types: org.springframework.web.filter.CharacterEncodingFilter; SearchStrategy: all) did not find any beans (OnBeanCondition)

   HttpMessageConvertersAutoConfiguration matched:
      - @ConditionalOnClass found required class 'org.springframework.http.converter.HttpMessageConverter' (OnClassCondition)
      - NoneNestedConditions 0 matched 1 did not; NestedCondition on HttpMessageConvertersAutoConfiguration.NotReactiveWebApplicationCondition.ReactiveWebApplication did not find reactive web application classes (HttpMessageConvertersAutoConfiguration.NotReactiveWebApplicationCondition)

   HttpMessageConvertersAutoConfiguration.StringHttpMessageConverterConfiguration#stringHttpMessageConvertersCustomizer matched:
      - @ConditionalOnMissingBean (types: org.springframework.http.converter.StringHttpMessageConverter; SearchStrategy: all) did not find any beans (OnBeanCondition)

   JacksonAutoConfiguration matched:
      - @ConditionalOnClass found required class 'tools.jackson.databind.json.JsonMapper' (OnClassCondition)

   JacksonAutoConfiguration#jacksonJsonMapper matched:
      - @ConditionalOnMissingBean (types: tools.jackson.databind.json.JsonMapper; SearchStrategy: all) did not find any beans (OnBeanCondition)

   JacksonAutoConfiguration#jsonFactory matched:
      - @ConditionalOnMissingBean (types: tools.jackson.core.json.JsonFactory; SearchStrategy: all) did not find any beans (OnBeanCondition)

   JacksonAutoConfiguration#jsonMapperBuilder matched:
      - @ConditionalOnMissingBean (types: tools.jackson.databind.json.JsonMapper$Builder; SearchStrategy: all) did not find any beans (OnBeanCondition)

   JacksonAutoConfiguration.JsonProblemDetailsConfiguration matched:
      - @ConditionalOnClass found required class 'org.springframework.http.ProblemDetail' (OnClassCondition)

   JacksonHttpMessageConvertersConfiguration.JacksonJsonHttpMessageConverterConfiguration matched:
      - @ConditionalOnClass found required class 'tools.jackson.databind.json.JsonMapper' (OnClassCondition)
      - @ConditionalOnProperty (spring.http.converters.preferred-json-mapper=jackson) matched (OnPropertyCondition)
      - @ConditionalOnBean (types: tools.jackson.databind.json.JsonMapper; SearchStrategy: all) found bean 'jacksonJsonMapper' (OnBeanCondition)

   JacksonHttpMessageConvertersConfiguration.JacksonJsonHttpMessageConverterConfiguration#jacksonJsonHttpMessageConvertersCustomizer matched:
      - @ConditionalOnMissingBean (types: org.springframework.http.converter.json.JacksonJsonHttpMessageConverter ignored: org.springframework.hateoas.server.mvc.TypeConstrainedJacksonJsonHttpMessageConverter,org.springframework.data.rest.webmvc.alps.AlpsJacksonJsonHttpMessageConverter; SearchStrategy: all) did not find any beans (OnBeanCondition)

   JdbcClientAutoConfiguration matched:
      - @ConditionalOnSingleCandidate (types: org.springframework.jdbc.core.namedparam.NamedParameterJdbcTemplate; SearchStrategy: all) found a single bean 'namedParameterJdbcTemplate'; @ConditionalOnMissingBean (types: org.springframework.jdbc.core.simple.JdbcClient; SearchStrategy: all) did not find any beans (OnBeanCondition)

   JdbcTemplateAutoConfiguration matched:
      - @ConditionalOnClass found required classes 'javax.sql.DataSource', 'org.springframework.jdbc.core.JdbcTemplate' (OnClassCondition)
      - @ConditionalOnSingleCandidate (types: javax.sql.DataSource; SearchStrategy: all) found a single bean 'dataSource' (OnBeanCondition)

   JdbcTemplateConfiguration matched:
      - @ConditionalOnMissingBean (types: org.springframework.jdbc.core.JdbcOperations; SearchStrategy: all) did not find any beans (OnBeanCondition)

   JpaBaseConfiguration#entityManagerFactory matched:
      - @ConditionalOnMissingBean (types: org.springframework.orm.jpa.LocalContainerEntityManagerFactoryBean,jakarta.persistence.EntityManagerFactory; SearchStrategy: all) did not find any beans (OnBeanCondition)

   JpaBaseConfiguration#entityManagerFactoryBuilder matched:
      - @ConditionalOnMissingBean (types: org.springframework.boot.jpa.EntityManagerFactoryBuilder; SearchStrategy: all) did not find any beans (OnBeanCondition)

   JpaBaseConfiguration#jpaVendorAdapter matched:
      - @ConditionalOnMissingBean (types: org.springframework.orm.jpa.JpaVendorAdapter; SearchStrategy: all) did not find any beans (OnBeanCondition)

   JpaBaseConfiguration#transactionManager matched:
      - @ConditionalOnMissingBean (types: org.springframework.transaction.TransactionManager; SearchStrategy: all) did not find any beans (OnBeanCondition)

   JpaBaseConfiguration.PersistenceManagedTypesConfiguration matched:
      - @ConditionalOnMissingBean (types: org.springframework.orm.jpa.LocalContainerEntityManagerFactoryBean,jakarta.persistence.EntityManagerFactory; SearchStrategy: all) did not find any beans (OnBeanCondition)

   JpaBaseConfiguration.PersistenceManagedTypesConfiguration#persistenceManagedTypes matched:
      - @ConditionalOnMissingBean (types: org.springframework.orm.jpa.persistenceunit.PersistenceManagedTypes; SearchStrategy: all) did not find any beans (OnBeanCondition)

   JtaAutoConfiguration matched:
      - @ConditionalOnClass found required class 'jakarta.transaction.Transaction' (OnClassCondition)
      - @ConditionalOnBooleanProperty (spring.jta.enabled=true) matched (OnPropertyCondition)

   KafkaAnnotationDrivenConfiguration matched:
      - @ConditionalOnClass found required class 'org.springframework.kafka.annotation.EnableKafka' (OnClassCondition)

   KafkaAnnotationDrivenConfiguration#kafkaListenerContainerFactory matched:
      - @ConditionalOnMissingBean (names: kafkaListenerContainerFactory; SearchStrategy: all) did not find any beans (OnBeanCondition)

   KafkaAnnotationDrivenConfiguration#kafkaListenerContainerFactoryConfigurer matched:
      - @ConditionalOnMissingBean (types: org.springframework.boot.kafka.autoconfigure.ConcurrentKafkaListenerContainerFactoryConfigurer; SearchStrategy: all) did not find any beans (OnBeanCondition)
      - @ConditionalOnThreading found PLATFORM (OnThreadingCondition)

   KafkaAnnotationDrivenConfiguration.EnableKafkaConfiguration matched:
      - @ConditionalOnMissingBean (names: org.springframework.kafka.config.internalKafkaListenerAnnotationProcessor; SearchStrategy: all) did not find any beans (OnBeanCondition)

   KafkaAutoConfiguration matched:
      - @ConditionalOnClass found required class 'org.springframework.kafka.core.KafkaTemplate' (OnClassCondition)

   KafkaAutoConfiguration#kafkaAdmin matched:
      - @ConditionalOnMissingBean (types: org.springframework.kafka.core.KafkaAdmin; SearchStrategy: all) did not find any beans (OnBeanCondition)

   KafkaAutoConfiguration#kafkaConnectionDetails matched:
      - @ConditionalOnMissingBean (types: org.springframework.boot.kafka.autoconfigure.KafkaConnectionDetails; SearchStrategy: all) did not find any beans (OnBeanCondition)

   KafkaAutoConfiguration#kafkaConsumerFactory matched:
      - @ConditionalOnMissingBean (types: org.springframework.kafka.core.ConsumerFactory; SearchStrategy: all) did not find any beans (OnBeanCondition)

   KafkaAutoConfiguration#kafkaProducerFactory matched:
      - @ConditionalOnMissingBean (types: org.springframework.kafka.core.ProducerFactory; SearchStrategy: all) did not find any beans (OnBeanCondition)

   KafkaAutoConfiguration#kafkaProducerListener matched:
      - @ConditionalOnMissingBean (types: org.springframework.kafka.support.ProducerListener; SearchStrategy: all) did not find any beans (OnBeanCondition)

   KafkaAutoConfiguration#kafkaTemplate matched:
      - @ConditionalOnMissingBean (types: org.springframework.kafka.core.KafkaTemplate; SearchStrategy: all) did not find any beans (OnBeanCondition)

   LifecycleAutoConfiguration#defaultLifecycleProcessor matched:
      - @ConditionalOnMissingBean (names: lifecycleProcessor; SearchStrategy: current) did not find any beans (OnBeanCondition)

   LiquibaseAutoConfiguration matched:
      - @ConditionalOnClass found required classes 'liquibase.integration.spring.SpringLiquibase', 'liquibase.change.DatabaseChange' (OnClassCondition)
      - @ConditionalOnBooleanProperty (spring.liquibase.enabled=true) matched (OnPropertyCondition)
      - AnyNestedCondition 2 matched 1 did not; NestedCondition on LiquibaseAutoConfiguration.LiquibaseDataSourceCondition.LiquibaseUrlCondition @ConditionalOnProperty (spring.liquibase.url) did not find property 'spring.liquibase.url'; NestedCondition on LiquibaseAutoConfiguration.LiquibaseDataSourceCondition.JdbcConnectionDetailsCondition @ConditionalOnBean (types: org.springframework.boot.jdbc.autoconfigure.JdbcConnectionDetails; SearchStrategy: all) found bean 'jdbcConnectionDetails'; NestedCondition on LiquibaseAutoConfiguration.LiquibaseDataSourceCondition.DataSourceBeanCondition @ConditionalOnBean (types: javax.sql.DataSource; SearchStrategy: all) found bean 'dataSource' (LiquibaseAutoConfiguration.LiquibaseDataSourceCondition)

   LiquibaseAutoConfiguration.CustomizerConfiguration matched:
      - @ConditionalOnClass found required class 'liquibase.integration.spring.Customizer' (OnClassCondition)

   LiquibaseAutoConfiguration.LiquibaseConfiguration matched:
      - @ConditionalOnClass found required class 'org.springframework.jdbc.core.ConnectionCallback' (OnClassCondition)
      - @ConditionalOnMissingBean (types: liquibase.integration.spring.SpringLiquibase; SearchStrategy: all) did not find any beans (OnBeanCondition)

   LiquibaseAutoConfiguration.LiquibaseConfiguration#liquibaseConnectionDetails matched:
      - @ConditionalOnMissingBean (types: org.springframework.boot.liquibase.autoconfigure.LiquibaseConnectionDetails; SearchStrategy: all) did not find any beans (OnBeanCondition)

   MultipartAutoConfiguration matched:
      - @ConditionalOnClass found required classes 'jakarta.servlet.Servlet', 'org.springframework.web.multipart.support.StandardServletMultipartResolver', 'jakarta.servlet.MultipartConfigElement' (OnClassCondition)
      - found 'session' scope (OnWebApplicationCondition)
      - @ConditionalOnBooleanProperty (spring.servlet.multipart.enabled=true) matched (OnPropertyCondition)

   MultipartAutoConfiguration#multipartConfigElement matched:
      - @ConditionalOnMissingBean (types: jakarta.servlet.MultipartConfigElement; SearchStrategy: all) did not find any beans (OnBeanCondition)

   MultipartAutoConfiguration#multipartResolver matched:
      - @ConditionalOnMissingBean (types: org.springframework.web.multipart.MultipartResolver; SearchStrategy: all) did not find any beans (OnBeanCondition)

   NamedParameterJdbcTemplateConfiguration matched:
      - @ConditionalOnSingleCandidate (types: org.springframework.jdbc.core.JdbcTemplate; SearchStrategy: all) found a single bean 'jdbcTemplate'; @ConditionalOnMissingBean (types: org.springframework.jdbc.core.namedparam.NamedParameterJdbcOperations; SearchStrategy: all) did not find any beans (OnBeanCondition)

   PersistenceExceptionTranslationAutoConfiguration matched:
      - @ConditionalOnClass found required class 'org.springframework.dao.annotation.PersistenceExceptionTranslationPostProcessor' (OnClassCondition)

   PersistenceExceptionTranslationAutoConfiguration#persistenceExceptionTranslationPostProcessor matched:
      - @ConditionalOnBooleanProperty (spring.persistence.exceptiontranslation.enabled=true) matched (OnPropertyCondition)
      - @ConditionalOnMissingBean (types: org.springframework.dao.annotation.PersistenceExceptionTranslationPostProcessor; SearchStrategy: all) did not find any beans (OnBeanCondition)

   PropertyPlaceholderAutoConfiguration#propertySourcesPlaceholderConfigurer matched:
      - @ConditionalOnMissingBean (types: org.springframework.context.support.PropertySourcesPlaceholderConfigurer; SearchStrategy: current) did not find any beans (OnBeanCondition)

   SslAutoConfiguration#sslBundleRegistry matched:
      - @ConditionalOnMissingBean (types: org.springframework.boot.ssl.SslBundleRegistry,org.springframework.boot.ssl.SslBundles; SearchStrategy: all) did not find any beans (OnBeanCondition)

   TaskExecutionAutoConfiguration matched:
      - @ConditionalOnClass found required class 'org.springframework.scheduling.concurrent.ThreadPoolTaskExecutor' (OnClassCondition)

   TaskExecutorConfigurations.AsyncConfigurerConfiguration matched:
      - @ConditionalOnMissingBean (types: org.springframework.scheduling.annotation.AsyncConfigurer; SearchStrategy: all) did not find any beans (OnBeanCondition)

   TaskExecutorConfigurations.SimpleAsyncTaskExecutorBuilderConfiguration#simpleAsyncTaskExecutorBuilder matched:
      - @ConditionalOnMissingBean (types: org.springframework.boot.task.SimpleAsyncTaskExecutorBuilder; SearchStrategy: all) did not find any beans (OnBeanCondition)
      - @ConditionalOnThreading found PLATFORM (OnThreadingCondition)

   TaskExecutorConfigurations.TaskExecutorConfiguration matched:
      - AnyNestedCondition 1 matched 1 did not; NestedCondition on TaskExecutorConfigurations.OnExecutorCondition.ModelCondition @ConditionalOnProperty (spring.task.execution.mode=force) did not find property 'spring.task.execution.mode'; NestedCondition on TaskExecutorConfigurations.OnExecutorCondition.ExecutorBeanCondition @ConditionalOnMissingBean (types: java.util.concurrent.Executor; SearchStrategy: all) did not find any beans (TaskExecutorConfigurations.OnExecutorCondition)

   TaskExecutorConfigurations.TaskExecutorConfiguration#applicationTaskExecutor matched:
      - @ConditionalOnThreading found PLATFORM (OnThreadingCondition)

   TaskExecutorConfigurations.ThreadPoolTaskExecutorBuilderConfiguration#threadPoolTaskExecutorBuilder matched:
      - @ConditionalOnMissingBean (types: org.springframework.boot.task.ThreadPoolTaskExecutorBuilder; SearchStrategy: all) did not find any beans (OnBeanCondition)

   TaskSchedulingAutoConfiguration matched:
      - @ConditionalOnClass found required class 'org.springframework.scheduling.concurrent.ThreadPoolTaskScheduler' (OnClassCondition)

   TaskSchedulingConfigurations.SimpleAsyncTaskSchedulerBuilderConfiguration#simpleAsyncTaskSchedulerBuilder matched:
      - @ConditionalOnMissingBean (types: org.springframework.boot.task.SimpleAsyncTaskSchedulerBuilder; SearchStrategy: all) did not find any beans (OnBeanCondition)
      - @ConditionalOnThreading found PLATFORM (OnThreadingCondition)

   TaskSchedulingConfigurations.ThreadPoolTaskSchedulerBuilderConfiguration#threadPoolTaskSchedulerBuilder matched:
      - @ConditionalOnMissingBean (types: org.springframework.boot.task.ThreadPoolTaskSchedulerBuilder; SearchStrategy: all) did not find any beans (OnBeanCondition)

   TomcatServletWebServerAutoConfiguration matched:
      - @ConditionalOnClass found required classes 'jakarta.servlet.ServletRequest', 'org.apache.catalina.startup.Tomcat', 'org.apache.coyote.UpgradeProtocol', 'org.springframework.boot.tomcat.servlet.TomcatServletWebServerFactory' (OnClassCondition)
      - found 'session' scope (OnWebApplicationCondition)

   TomcatServletWebServerAutoConfiguration#tomcatServletWebServerFactory matched:
      - @ConditionalOnMissingBean (types: org.springframework.boot.web.server.servlet.ServletWebServerFactory; SearchStrategy: current) did not find any beans (OnBeanCondition)

   TransactionAutoConfiguration matched:
      - @ConditionalOnClass found required class 'org.springframework.transaction.PlatformTransactionManager' (OnClassCondition)

   TransactionAutoConfiguration.EnableTransactionManagementConfiguration matched:
      - @ConditionalOnBean (types: org.springframework.transaction.TransactionManager; SearchStrategy: all) found bean 'transactionManager'; @ConditionalOnMissingBean (types: org.springframework.transaction.annotation.AbstractTransactionManagementConfiguration; SearchStrategy: all) did not find any beans (OnBeanCondition)

   TransactionAutoConfiguration.EnableTransactionManagementConfiguration.CglibAutoProxyConfiguration matched:
      - @ConditionalOnBooleanProperty (spring.aop.proxy-target-class=true) matched (OnPropertyCondition)

   TransactionAutoConfiguration.TransactionTemplateConfiguration matched:
      - @ConditionalOnSingleCandidate (types: org.springframework.transaction.PlatformTransactionManager; SearchStrategy: all) found a single bean 'transactionManager' (OnBeanCondition)

   TransactionAutoConfiguration.TransactionTemplateConfiguration#transactionTemplate matched:
      - @ConditionalOnMissingBean (types: org.springframework.transaction.support.TransactionOperations; SearchStrategy: all) did not find any beans (OnBeanCondition)

   TransactionManagerCustomizationAutoConfiguration matched:
      - @ConditionalOnClass found required class 'org.springframework.transaction.PlatformTransactionManager' (OnClassCondition)

   TransactionManagerCustomizationAutoConfiguration#platformTransactionManagerCustomizers matched:
      - @ConditionalOnMissingBean (types: org.springframework.boot.transaction.autoconfigure.TransactionManagerCustomizers; SearchStrategy: all) did not find any beans (OnBeanCondition)

   ValidationAutoConfiguration matched:
      - @ConditionalOnClass found required class 'jakarta.validation.executable.ExecutableValidator' (OnClassCondition)
      - @ConditionalOnResource found location classpath:META-INF/services/jakarta.validation.spi.ValidationProvider (OnResourceCondition)

   ValidationAutoConfiguration#defaultValidator matched:
      - @ConditionalOnMissingBean (types: jakarta.validation.Validator; SearchStrategy: all) did not find any beans (OnBeanCondition)

   ValidationAutoConfiguration#methodValidationPostProcessor matched:
      - @ConditionalOnMissingBean (types: org.springframework.validation.beanvalidation.MethodValidationPostProcessor; SearchStrategy: current) did not find any beans (OnBeanCondition)

   WebMvcAutoConfiguration matched:
      - @ConditionalOnClass found required classes 'jakarta.servlet.Servlet', 'org.springframework.web.servlet.DispatcherServlet', 'org.springframework.web.servlet.config.annotation.WebMvcConfigurer' (OnClassCondition)
      - found 'session' scope (OnWebApplicationCondition)
      - @ConditionalOnMissingBean (types: org.springframework.web.servlet.config.annotation.WebMvcConfigurationSupport; SearchStrategy: all) did not find any beans (OnBeanCondition)

   WebMvcAutoConfiguration#formContentFilter matched:
      - @ConditionalOnBooleanProperty (spring.mvc.formcontent.filter.enabled=true) matched (OnPropertyCondition)
      - @ConditionalOnMissingBean (types: org.springframework.web.filter.FormContentFilter; SearchStrategy: all) did not find any beans (OnBeanCondition)

   WebMvcAutoConfiguration.EnableWebMvcConfiguration#flashMapManager matched:
      - @ConditionalOnMissingBean (names: flashMapManager; SearchStrategy: all) did not find any beans (OnBeanCondition)

   WebMvcAutoConfiguration.EnableWebMvcConfiguration#localeResolver matched:
      - @ConditionalOnMissingBean (names: localeResolver; SearchStrategy: all) did not find any beans (OnBeanCondition)

   WebMvcAutoConfiguration.EnableWebMvcConfiguration#viewNameTranslator matched:
      - @ConditionalOnMissingBean (names: viewNameTranslator; SearchStrategy: all) did not find any beans (OnBeanCondition)

   WebMvcAutoConfiguration.WebMvcAutoConfigurationAdapter#defaultViewResolver matched:
      - @ConditionalOnMissingBean (types: org.springframework.web.servlet.view.InternalResourceViewResolver; SearchStrategy: all) did not find any beans (OnBeanCondition)

   WebMvcAutoConfiguration.WebMvcAutoConfigurationAdapter#requestContextFilter matched:
      - @ConditionalOnMissingBean (types: org.springframework.web.context.request.RequestContextListener,org.springframework.web.filter.RequestContextFilter; SearchStrategy: all) did not find any beans (OnBeanCondition)

   WebMvcAutoConfiguration.WebMvcAutoConfigurationAdapter#viewResolver matched:
      - @ConditionalOnBean (types: org.springframework.web.servlet.ViewResolver; SearchStrategy: all) found beans 'defaultViewResolver', 'beanNameViewResolver', 'mvcViewResolver'; @ConditionalOnMissingBean (names: viewResolver types: org.springframework.web.servlet.view.ContentNegotiatingViewResolver; SearchStrategy: all) did not find any beans (OnBeanCondition)


Negative matches:
-----------------

   AopAutoConfiguration.AspectJAutoProxyingConfiguration.JdkDynamicAutoProxyConfiguration:
      Did not match:
         - @ConditionalOnBooleanProperty (spring.aop.proxy-target-class=false) did not find property 'spring.aop.proxy-target-class' (OnPropertyCondition)

   AopAutoConfiguration.ClassProxyingConfiguration:
      Did not match:
         - @ConditionalOnMissingClass found unwanted class 'org.aspectj.weaver.Advice' (OnClassCondition)

   DataJpaRepositoriesAutoConfiguration#entityManagerFactoryBootstrapExecutorCustomizer:
      Did not match:
         - @ConditionalOnProperty (spring.data.jpa.repositories.bootstrap-mode=deferred) did not find property 'spring.data.jpa.repositories.bootstrap-mode' (OnPropertyCondition)

   DataRepositoryMetricsAutoConfiguration:
      Did not match:
         - @ConditionalOnBean did not find required type 'io.micrometer.core.instrument.MeterRegistry' (OnBeanCondition)

   DataSourceAutoConfiguration.EmbeddedDatabaseConfiguration:
      Did not match:
         - EmbeddedDataSource spring.datasource.url is set (DataSourceAutoConfiguration.EmbeddedDatabaseCondition)

   DataSourceCheckpointRestoreConfiguration:
      Did not match:
         - @ConditionalOnClass did not find required class 'org.crac.Resource' (OnClassCondition)

   DataSourceConfiguration.Dbcp2:
      Did not match:
         - @ConditionalOnClass did not find required class 'org.apache.commons.dbcp2.BasicDataSource' (OnClassCondition)

   DataSourceConfiguration.Generic:
      Did not match:
         - @ConditionalOnProperty (spring.datasource.type) did not find property 'spring.datasource.type' (OnPropertyCondition)

   DataSourceConfiguration.OracleUcp:
      Did not match:
         - @ConditionalOnClass did not find required classes 'oracle.ucp.jdbc.PoolDataSourceImpl', 'oracle.jdbc.OracleConnection' (OnClassCondition)

   DataSourceConfiguration.Tomcat:
      Did not match:
         - @ConditionalOnClass did not find required class 'org.apache.tomcat.jdbc.pool.DataSource' (OnClassCondition)

   DataSourceHealthContributorAutoConfiguration:
      Did not match:
         - @ConditionalOnClass did not find required class 'org.springframework.boot.health.autoconfigure.contributor.ConditionalOnEnabledHealthIndicator' (OnClassCondition)

   DataSourceJmxConfiguration:
      Did not match:
         - @ConditionalOnBooleanProperty (spring.jmx.enabled=true) found different value in property 'spring.jmx.enabled' (OnPropertyCondition)

   DataSourcePoolMetadataProvidersConfiguration.CommonsDbcp2PoolDataSourceMetadataProviderConfiguration:
      Did not match:
         - @ConditionalOnClass did not find required class 'org.apache.commons.dbcp2.BasicDataSource' (OnClassCondition)

   DataSourcePoolMetadataProvidersConfiguration.OracleUcpPoolDataSourceMetadataProviderConfiguration:
      Did not match:
         - @ConditionalOnClass did not find required classes 'oracle.ucp.jdbc.PoolDataSource', 'oracle.jdbc.OracleConnection' (OnClassCondition)

   DataSourcePoolMetadataProvidersConfiguration.TomcatDataSourcePoolMetadataProviderConfiguration:
      Did not match:
         - @ConditionalOnClass did not find required class 'org.apache.tomcat.jdbc.pool.DataSource' (OnClassCondition)

   DataSourcePoolMetricsAutoConfiguration:
      Did not match:
         - @ConditionalOnClass did not find required class 'io.micrometer.core.instrument.MeterRegistry' (OnClassCondition)

   DataSourceTransactionManagerAutoConfiguration.JdbcTransactionManagerConfiguration#transactionManager:
      Did not match:
         - @ConditionalOnMissingBean (types: org.springframework.transaction.TransactionManager; SearchStrategy: all) found beans of type 'org.springframework.transaction.TransactionManager' transactionManager (OnBeanCondition)

   DispatcherServletAutoConfiguration.DispatcherServletConfiguration#multipartResolver:
      Did not match:
         - @ConditionalOnBean (types: org.springframework.web.multipart.MultipartResolver; SearchStrategy: all) did not find any beans of type org.springframework.web.multipart.MultipartResolver (OnBeanCondition)

   GsonHttpMessageConvertersConfiguration:
      Did not match:
         - @ConditionalOnClass did not find required class 'com.google.gson.Gson' (OnClassCondition)

   HibernateMetricsAutoConfiguration:
      Did not match:
         - @ConditionalOnClass did not find required class 'io.micrometer.core.instrument.MeterRegistry' (OnClassCondition)

   Jackson2HttpMessageConvertersConfiguration.MappingJackson2HttpMessageConverterConfiguration:
      Did not match:
         - AnyNestedCondition 0 matched 2 did not; NestedCondition on Jackson2HttpMessageConvertersConfiguration.PreferJackson2OrJacksonUnavailableCondition.JacksonUnavailable @ConditionalOnMissingBean (types: org.springframework.boot.http.converter.autoconfigure.JacksonHttpMessageConvertersConfiguration$JacksonJsonHttpMessageConvertersCustomizer; SearchStrategy: all) found beans of type 'org.springframework.boot.http.converter.autoconfigure.JacksonHttpMessageConvertersConfiguration$JacksonJsonHttpMessageConvertersCustomizer' jacksonJsonHttpMessageConvertersCustomizer; NestedCondition on Jackson2HttpMessageConvertersConfiguration.PreferJackson2OrJacksonUnavailableCondition.Jackson2Preferred @ConditionalOnProperty (spring.http.converters.preferred-json-mapper=jackson2) did not find property 'spring.http.converters.preferred-json-mapper' (Jackson2HttpMessageConvertersConfiguration.PreferJackson2OrJacksonUnavailableCondition)
      Matched:
         - @ConditionalOnClass found required class 'com.fasterxml.jackson.databind.ObjectMapper' (OnClassCondition)

   Jackson2HttpMessageConvertersConfiguration.MappingJackson2XmlHttpMessageConverterConfiguration:
      Did not match:
         - @ConditionalOnClass did not find required class 'com.fasterxml.jackson.dataformat.xml.XmlMapper' (OnClassCondition)

   JacksonAutoConfiguration.CborConfiguration:
      Did not match:
         - @ConditionalOnClass did not find required class 'tools.jackson.dataformat.cbor.CBORMapper' (OnClassCondition)

   JacksonAutoConfiguration.XmlConfiguration:
      Did not match:
         - @ConditionalOnClass did not find required class 'tools.jackson.dataformat.xml.XmlMapper' (OnClassCondition)

   JacksonHttpMessageConvertersConfiguration.JacksonXmlHttpMessageConverterConfiguration:
      Did not match:
         - @ConditionalOnClass did not find required class 'tools.jackson.dataformat.xml.XmlMapper' (OnClassCondition)

   JmxAutoConfiguration:
      Did not match:
         - @ConditionalOnBooleanProperty (spring.jmx.enabled=true) found different value in property 'spring.jmx.enabled' (OnPropertyCondition)
      Matched:
         - @ConditionalOnClass found required class 'org.springframework.jmx.export.MBeanExporter' (OnClassCondition)

   JndiDataSourceAutoConfiguration:
      Did not match:
         - @ConditionalOnProperty (spring.datasource.jndi-name) did not find property 'spring.datasource.jndi-name' (OnPropertyCondition)
      Matched:
         - @ConditionalOnClass found required classes 'javax.sql.DataSource', 'org.springframework.jdbc.datasource.embedded.EmbeddedDatabaseType' (OnClassCondition)

   JndiJtaConfiguration:
      Did not match:
         - @ConditionalOnJndi JNDI environment is not available (OnJndiCondition)
      Matched:
         - @ConditionalOnClass found required class 'org.springframework.transaction.jta.JtaTransactionManager' (OnClassCondition)

   JpaBaseConfiguration.JpaWebConfiguration:
      Did not match:
         - @ConditionalOnBooleanProperty (spring.jpa.open-in-view=true) found different value in property 'spring.jpa.open-in-view' (OnPropertyCondition)
      Matched:
         - @ConditionalOnClass found required class 'org.springframework.web.servlet.config.annotation.WebMvcConfigurer' (OnClassCondition)
         - found 'session' scope (OnWebApplicationCondition)

   JsonbHttpMessageConvertersConfiguration:
      Did not match:
         - @ConditionalOnClass did not find required class 'jakarta.json.bind.Jsonb' (OnClassCondition)

   KafkaAnnotationDrivenConfiguration#kafkaListenerContainerFactoryConfigurerVirtualThreads:
      Did not match:
         - @ConditionalOnMissingBean (types: org.springframework.boot.kafka.autoconfigure.ConcurrentKafkaListenerContainerFactoryConfigurer; SearchStrategy: all) found beans of type 'org.springframework.boot.kafka.autoconfigure.ConcurrentKafkaListenerContainerFactoryConfigurer' kafkaListenerContainerFactoryConfigurer (OnBeanCondition)

   KafkaAutoConfiguration#kafkaJaasInitializer:
      Did not match:
         - @ConditionalOnBooleanProperty (spring.kafka.jaas.enabled=true) did not find property 'spring.kafka.jaas.enabled' (OnPropertyCondition)

   KafkaAutoConfiguration#kafkaRetryTopicConfiguration:
      Did not match:
         - @ConditionalOnBooleanProperty (spring.kafka.retry.topic.enabled=true) did not find property 'spring.kafka.retry.topic.enabled' (OnPropertyCondition)

   KafkaAutoConfiguration#kafkaTransactionManager:
      Did not match:
         - @ConditionalOnProperty (spring.kafka.producer.transaction-id-prefix) did not find property 'spring.kafka.producer.transaction-id-prefix' (OnPropertyCondition)

   KafkaMetricsAutoConfiguration:
      Did not match:
         - @ConditionalOnClass did not find required class 'io.micrometer.core.instrument.binder.kafka.KafkaClientMetrics' (OnClassCondition)

   KafkaStreamsAnnotationDrivenConfiguration:
      Did not match:
         - @ConditionalOnBean (names: defaultKafkaStreamsBuilder; SearchStrategy: all) did not find any beans named defaultKafkaStreamsBuilder (OnBeanCondition)
      Matched:
         - @ConditionalOnClass found required class 'org.apache.kafka.streams.StreamsBuilder' (OnClassCondition)

   KotlinSerializationHttpMessageConvertersConfiguration:
      Did not match:
         - @ConditionalOnClass did not find required classes 'kotlinx.serialization.Serializable', 'kotlinx.serialization.json.Json' (OnClassCondition)

   LazyConnectionDataSourceConfiguration:
      Did not match:
         - @ConditionalOnProperty (spring.datasource.connection-fetch=lazy) did not find property 'spring.datasource.connection-fetch' (OnPropertyCondition)

   LiquibaseAutoConfiguration.CustomizerConfiguration#springLiquibaseCustomizer:
      Did not match:
         - @ConditionalOnBean (types: liquibase.integration.spring.Customizer; SearchStrategy: all) did not find any beans of type liquibase.integration.spring.Customizer (OnBeanCondition)

   LiquibaseEndpointAutoConfiguration:
      Did not match:
         - @ConditionalOnClass did not find required class 'org.springframework.boot.actuate.autoconfigure.endpoint.condition.ConditionalOnAvailableEndpoint' (OnClassCondition)

   MessageSourceAutoConfiguration:
      Did not match:
         - ResourceBundle did not find bundle with basename messages (MessageSourceAutoConfiguration.ResourceBundleCondition)

   ProjectInfoAutoConfiguration#buildProperties:
      Did not match:
         - @ConditionalOnResource did not find resource '${spring.info.build.location:classpath:META-INF/build-info.properties}' (OnResourceCondition)

   ProjectInfoAutoConfiguration#gitProperties:
      Did not match:
         - GitResource did not find git info at classpath:git.properties (ProjectInfoAutoConfiguration.GitResourceAvailableCondition)

   ServletHttpExchangesAutoConfiguration:
      Did not match:
         - @ConditionalOnBean did not find required type 'org.springframework.boot.actuate.web.exchanges.HttpExchangeRepository' (OnBeanCondition)

   ServletManagementContextAutoConfiguration:
      Did not match:
         - @ConditionalOnClass did not find required class 'org.springframework.boot.actuate.autoconfigure.endpoint.web.WebEndpointProperties' (OnClassCondition)

   ServletMappingsAutoConfiguration:
      Did not match:
         - @ConditionalOnClass did not find required class 'org.springframework.boot.actuate.autoconfigure.endpoint.condition.ConditionalOnAvailableEndpoint' (OnClassCondition)

   ServletWebServerConfiguration#forwardedHeaderFilter:
      Did not match:
         - @ConditionalOnProperty (server.forward-headers-strategy=framework) did not find property 'server.forward-headers-strategy' (OnPropertyCondition)

   SpringApplicationAdminJmxAutoConfiguration:
      Did not match:
         - @ConditionalOnBooleanProperty (spring.application.admin.enabled=true) did not find property 'spring.application.admin.enabled' (OnPropertyCondition)

   TaskExecutorConfigurations.AsyncConfigurerWrapperConfiguration:
      Did not match:
         - @ConditionalOnBean (types: org.springframework.scheduling.annotation.AsyncConfigurer; SearchStrategy: all) did not find any beans of type org.springframework.scheduling.annotation.AsyncConfigurer (OnBeanCondition)

   TaskExecutorConfigurations.SimpleAsyncTaskExecutorBuilderConfiguration#simpleAsyncTaskExecutorBuilderVirtualThreads:
      Did not match:
         - @ConditionalOnMissingBean (types: org.springframework.boot.task.SimpleAsyncTaskExecutorBuilder; SearchStrategy: all) found beans of type 'org.springframework.boot.task.SimpleAsyncTaskExecutorBuilder' simpleAsyncTaskExecutorBuilder (OnBeanCondition)

   TaskExecutorConfigurations.TaskExecutorConfiguration#applicationTaskExecutorVirtualThreads:
      Did not match:
         - @ConditionalOnThreading did not find VIRTUAL (OnThreadingCondition)

   TaskExecutorConfigurations.TaskExecutorContextPropagationConfiguration:
      Did not match:
         - @ConditionalOnClass did not find required class 'io.micrometer.context.ContextSnapshot' (OnClassCondition)

   TaskSchedulingAutoConfiguration#scheduledBeanLazyInitializationExcludeFilter:
      Did not match:
         - @ConditionalOnBean (names: org.springframework.scheduling.config.internalScheduledAnnotationProcessor; SearchStrategy: all) did not find any beans named org.springframework.scheduling.config.internalScheduledAnnotationProcessor (OnBeanCondition)

   TaskSchedulingConfigurations.SimpleAsyncTaskSchedulerBuilderConfiguration#simpleAsyncTaskSchedulerBuilderVirtualThreads:
      Did not match:
         - @ConditionalOnMissingBean (types: org.springframework.boot.task.SimpleAsyncTaskSchedulerBuilder; SearchStrategy: all) found beans of type 'org.springframework.boot.task.SimpleAsyncTaskSchedulerBuilder' simpleAsyncTaskSchedulerBuilder (OnBeanCondition)

   TaskSchedulingConfigurations.TaskSchedulerConfiguration:
      Did not match:
         - @ConditionalOnBean (names: org.springframework.scheduling.config.internalScheduledAnnotationProcessor; SearchStrategy: all) did not find any beans named org.springframework.scheduling.config.internalScheduledAnnotationProcessor (OnBeanCondition)

   TomcatMetricsAutoConfiguration:
      Did not match:
         - @ConditionalOnClass did not find required class 'io.micrometer.core.instrument.binder.tomcat.TomcatMetrics' (OnClassCondition)

   TomcatReactiveManagementContextAutoConfiguration:
      Did not match:
         - @ConditionalOnClass did not find required class 'org.springframework.boot.actuate.autoconfigure.web.server.ManagementContextFactory' (OnClassCondition)

   TomcatReactiveWebServerAutoConfiguration:
      Did not match:
         - @ConditionalOnWebApplication did not find reactive web application classes (OnWebApplicationCondition)

   TomcatServletManagementContextAutoConfiguration:
      Did not match:
         - @ConditionalOnClass did not find required class 'org.springframework.boot.actuate.autoconfigure.web.server.ManagementContextFactory' (OnClassCondition)

   TomcatServletWebServerAutoConfiguration#tomcatForwardedHeaderFilterCustomizer:
      Did not match:
         - @ConditionalOnProperty (server.forward-headers-strategy=framework) did not find property 'server.forward-headers-strategy' (OnPropertyCondition)

   TomcatWebServerConfiguration:
      Did not match:
         - Application is deployed as a WAR file. (OnWarDeploymentCondition)

   TransactionAutoConfiguration#transactionalOperator:
      Did not match:
         - @ConditionalOnSingleCandidate (types: org.springframework.transaction.ReactiveTransactionManager; SearchStrategy: all) did not find any beans (OnBeanCondition)

   TransactionAutoConfiguration.AspectJTransactionManagementConfiguration:
      Did not match:
         - @ConditionalOnBean (types: org.springframework.transaction.aspectj.AbstractTransactionAspect; SearchStrategy: all) did not find any beans of type org.springframework.transaction.aspectj.AbstractTransactionAspect (OnBeanCondition)

   TransactionAutoConfiguration.EnableTransactionManagementConfiguration.JdkDynamicAutoProxyConfiguration:
      Did not match:
         - @ConditionalOnBooleanProperty (spring.aop.proxy-target-class=false) did not find property 'spring.aop.proxy-target-class' (OnPropertyCondition)

   WebMvcAutoConfiguration#hiddenHttpMethodFilter:
      Did not match:
         - @ConditionalOnBooleanProperty (spring.mvc.hiddenmethod.filter.enabled=true) did not find property 'spring.mvc.hiddenmethod.filter.enabled' (OnPropertyCondition)

   WebMvcAutoConfiguration.ProblemDetailsErrorHandlingConfiguration:
      Did not match:
         - @ConditionalOnBooleanProperty (spring.mvc.problemdetails.enabled=true) did not find property 'spring.mvc.problemdetails.enabled' (OnPropertyCondition)

   WebMvcAutoConfiguration.ResourceChainCustomizerConfiguration:
      Did not match:
         - @ConditionalOnEnabledResourceChain did not find class org.webjars.WebJarVersionLocator (OnEnabledResourceChainCondition)

   WebMvcAutoConfiguration.WebMvcAutoConfigurationAdapter#beanNameViewResolver:
      Did not match:
         - @ConditionalOnMissingBean (types: org.springframework.web.servlet.view.BeanNameViewResolver; SearchStrategy: all) found beans of type 'org.springframework.web.servlet.view.BeanNameViewResolver' beanNameViewResolver (OnBeanCondition)

   WebMvcHealthEndpointExtensionAutoConfiguration:
      Did not match:
         - @ConditionalOnClass did not find required class 'org.springframework.boot.health.actuate.endpoint.HealthEndpoint' (OnClassCondition)

   WebMvcMappingsAutoConfiguration:
      Did not match:
         - @ConditionalOnClass did not find required class 'org.springframework.boot.actuate.autoconfigure.endpoint.condition.ConditionalOnAvailableEndpoint' (OnClassCondition)

   WebMvcObservationAutoConfiguration:
      Did not match:
         - @ConditionalOnClass did not find required class 'org.springframework.boot.micrometer.observation.autoconfigure.ObservationProperties' (OnClassCondition)

   XADataSourceAutoConfiguration:
      Did not match:
         - @ConditionalOnBean (types: org.springframework.boot.jdbc.XADataSourceWrapper; SearchStrategy: all) did not find any beans of type org.springframework.boot.jdbc.XADataSourceWrapper (OnBeanCondition)
      Matched:
         - @ConditionalOnClass found required classes 'javax.sql.DataSource', 'jakarta.transaction.TransactionManager', 'org.springframework.jdbc.datasource.embedded.EmbeddedDatabaseType' (OnClassCondition)


Exclusions:
-----------

    None


Unconditional classes:
----------------------

    org.springframework.boot.autoconfigure.context.ConfigurationPropertiesAutoConfiguration

    org.springframework.boot.autoconfigure.ssl.SslAutoConfiguration

    org.springframework.boot.autoconfigure.context.LifecycleAutoConfiguration

    org.springframework.boot.autoconfigure.context.PropertyPlaceholderAutoConfiguration

    org.springframework.boot.autoconfigure.availability.ApplicationAvailabilityAutoConfiguration

    org.springframework.boot.autoconfigure.info.ProjectInfoAutoConfiguration



2026-09-24 11:04:01 [main] ERROR o.s.boot.SpringApplication - Application run failed
org.springframework.beans.factory.BeanCreationException: Error creating bean with name 'entityManagerFactory' defined in class path resource [org/springframework/boot/hibernate/autoconfigure/HibernateJpaConfiguration.class]: Failed to initialize dependency 'liquibase' of LoadTimeWeaverAware bean 'entityManagerFactory': Error creating bean with name 'liquibase' defined in class path resource [org/springframework/boot/liquibase/autoconfigure/LiquibaseAutoConfiguration$LiquibaseConfiguration.class]: liquibase.exception.DatabaseException: org.postgresql.util.PSQLException: Драйвер столкнулся с непредвиденной ошибкой. Сообщите об этом исключении.
	at org.springframework.beans.factory.support.AbstractBeanFactory.doGetBean(AbstractBeanFactory.java:322)
	at org.springframework.beans.factory.support.AbstractBeanFactory.getBean(AbstractBeanFactory.java:201)
	at org.springframework.context.support.AbstractApplicationContext.finishBeanFactoryInitialization(AbstractApplicationContext.java:977)
	at org.springframework.context.support.AbstractApplicationContext.refresh(AbstractApplicationContext.java:621)
	at org.springframework.boot.SpringApplication.refresh(SpringApplication.java:756)
	at org.springframework.boot.SpringApplication.refreshContext(SpringApplication.java:445)
	at org.springframework.boot.SpringApplication.run(SpringApplication.java:321)
	at org.springframework.boot.test.context.SpringBootContextLoader.lambda$loadContext$2(SpringBootContextLoader.java:155)
	at org.springframework.util.function.ThrowingSupplier.get(ThrowingSupplier.java:58)
	at org.springframework.util.function.ThrowingSupplier.get(ThrowingSupplier.java:46)
	at org.springframework.boot.SpringApplication.withHook(SpringApplication.java:1465)
	at org.springframework.boot.test.context.SpringBootContextLoader$ContextLoaderHook.run(SpringBootContextLoader.java:600)
	at org.springframework.boot.test.context.SpringBootContextLoader.loadContext(SpringBootContextLoader.java:155)
	at org.springframework.boot.test.context.SpringBootContextLoader.loadContext(SpringBootContextLoader.java:114)
	at org.springframework.test.context.cache.DefaultCacheAwareContextLoaderDelegate.loadContextInternal(DefaultCacheAwareContextLoaderDelegate.java:247)
	at org.springframework.test.context.cache.DefaultCacheAwareContextLoaderDelegate.lambda$loadContext$0(DefaultCacheAwareContextLoaderDelegate.java:167)
	at org.springframework.test.context.cache.DefaultContextCache.put(DefaultContextCache.java:214)
	at org.springframework.test.context.cache.DefaultCacheAwareContextLoaderDelegate.loadContext(DefaultCacheAwareContextLoaderDelegate.java:160)
	at org.springframework.test.context.support.DefaultTestContext.getApplicationContext(DefaultTestContext.java:128)
	at org.springframework.test.context.web.ServletTestExecutionListener.setUpRequestContextIfNecessary(ServletTestExecutionListener.java:200)
	at org.springframework.test.context.web.ServletTestExecutionListener.prepareTestInstance(ServletTestExecutionListener.java:139)
	at org.springframework.test.context.TestContextManager.prepareTestInstance(TestContextManager.java:260)
	at org.springframework.test.context.junit.jupiter.SpringExtension.postProcessTestInstance(SpringExtension.java:242)
	at org.junit.jupiter.engine.descriptor.ClassBasedTestDescriptor.lambda$invokeTestInstancePostProcessors$1(ClassBasedTestDescriptor.java:423)
	at org.junit.jupiter.engine.descriptor.ClassBasedTestDescriptor.executeAndMaskThrowable(ClassBasedTestDescriptor.java:428)
	at org.junit.jupiter.engine.descriptor.ClassBasedTestDescriptor.lambda$invokeTestInstancePostProcessors$0(ClassBasedTestDescriptor.java:422)
	at java.base/java.util.stream.ForEachOps$ForEachOp$OfRef.accept(ForEachOps.java:183)
	at java.base/java.util.stream.ReferencePipeline$3$1.accept(ReferencePipeline.java:197)
	at java.base/java.util.stream.ReferencePipeline$2$1.accept(ReferencePipeline.java:179)
	at java.base/java.util.stream.ReferencePipeline$3$1.accept(ReferencePipeline.java:197)
	at java.base/java.util.ArrayList$ArrayListSpliterator.forEachRemaining(ArrayList.java:1625)
	at java.base/java.util.stream.AbstractPipeline.copyInto(AbstractPipeline.java:509)
	at java.base/java.util.stream.AbstractPipeline.wrapAndCopyInto(AbstractPipeline.java:499)
	at java.base/java.util.stream.ForEachOps$ForEachOp.evaluateSequential(ForEachOps.java:150)
	at java.base/java.util.stream.ForEachOps$ForEachOp$OfRef.evaluateSequential(ForEachOps.java:173)
	at java.base/java.util.stream.AbstractPipeline.evaluate(AbstractPipeline.java:234)
	at java.base/java.util.stream.ReferencePipeline.forEach(ReferencePipeline.java:596)
	at org.junit.jupiter.engine.descriptor.ClassBasedTestDescriptor.invokeTestInstancePostProcessors(ClassBasedTestDescriptor.java:422)
	at org.junit.jupiter.engine.descriptor.ClassBasedTestDescriptor.lambda$instantiateAndPostProcessTestInstance$0(ClassBasedTestDescriptor.java:334)
	at org.junit.platform.engine.support.hierarchical.ThrowableCollector.execute(ThrowableCollector.java:74)
	at org.junit.jupiter.engine.descriptor.ClassBasedTestDescriptor.instantiateAndPostProcessTestInstance(ClassBasedTestDescriptor.java:333)
	at org.junit.jupiter.engine.descriptor.ClassBasedTestDescriptor.lambda$testInstancesProvider$1(ClassBasedTestDescriptor.java:322)
	at java.base/java.util.Optional.orElseGet(Optional.java:364)
	at org.junit.jupiter.engine.descriptor.ClassBasedTestDescriptor.lambda$testInstancesProvider$0(ClassBasedTestDescriptor.java:321)
	at org.junit.jupiter.engine.execution.TestInstancesProvider.getTestInstances(TestInstancesProvider.java:27)
	at org.junit.jupiter.engine.descriptor.TestMethodTestDescriptor.lambda$prepare$0(TestMethodTestDescriptor.java:127)
	at org.junit.platform.engine.support.hierarchical.ThrowableCollector.execute(ThrowableCollector.java:74)
	at org.junit.jupiter.engine.descriptor.TestMethodTestDescriptor.prepare(TestMethodTestDescriptor.java:126)
	at org.junit.jupiter.engine.descriptor.TestMethodTestDescriptor.prepare(TestMethodTestDescriptor.java:70)
	at org.junit.platform.engine.support.hierarchical.NodeTestTask.lambda$prepare$0(NodeTestTask.java:144)
	at org.junit.platform.engine.support.hierarchical.ThrowableCollector.execute(ThrowableCollector.java:74)
	at org.junit.platform.engine.support.hierarchical.NodeTestTask.prepare(NodeTestTask.java:144)
	at org.junit.platform.engine.support.hierarchical.NodeTestTask.execute(NodeTestTask.java:110)
	at java.base/java.util.ArrayList.forEach(ArrayList.java:1511)
	at org.junit.platform.engine.support.hierarchical.SameThreadHierarchicalTestExecutorService.invokeAll(SameThreadHierarchicalTestExecutorService.java:42)
	at org.junit.platform.engine.support.hierarchical.NodeTestTask.lambda$executeRecursively$2(NodeTestTask.java:180)
	at org.junit.platform.engine.support.hierarchical.ThrowableCollector.execute(ThrowableCollector.java:74)
	at org.junit.platform.engine.support.hierarchical.NodeTestTask.lambda$executeRecursively$1(NodeTestTask.java:166)
	at org.junit.platform.engine.support.hierarchical.Node.around(Node.java:138)
	at org.junit.platform.engine.support.hierarchical.NodeTestTask.lambda$executeRecursively$0(NodeTestTask.java:164)
	at org.junit.platform.engine.support.hierarchical.ThrowableCollector.execute(ThrowableCollector.java:74)
	at org.junit.platform.engine.support.hierarchical.NodeTestTask.executeRecursively(NodeTestTask.java:163)
	at org.junit.platform.engine.support.hierarchical.NodeTestTask.execute(NodeTestTask.java:116)
	at java.base/java.util.ArrayList.forEach(ArrayList.java:1511)
	at org.junit.platform.engine.support.hierarchical.SameThreadHierarchicalTestExecutorService.invokeAll(SameThreadHierarchicalTestExecutorService.java:42)
	at org.junit.platform.engine.support.hierarchical.NodeTestTask.lambda$executeRecursively$2(NodeTestTask.java:180)
	at org.junit.platform.engine.support.hierarchical.ThrowableCollector.execute(ThrowableCollector.java:74)
	at org.junit.platform.engine.support.hierarchical.NodeTestTask.lambda$executeRecursively$1(NodeTestTask.java:166)
	at org.junit.platform.engine.support.hierarchical.Node.around(Node.java:138)
	at org.junit.platform.engine.support.hierarchical.NodeTestTask.lambda$executeRecursively$0(NodeTestTask.java:164)
	at org.junit.platform.engine.support.hierarchical.ThrowableCollector.execute(ThrowableCollector.java:74)
	at org.junit.platform.engine.support.hierarchical.NodeTestTask.executeRecursively(NodeTestTask.java:163)
	at org.junit.platform.engine.support.hierarchical.NodeTestTask.execute(NodeTestTask.java:116)
	at org.junit.platform.engine.support.hierarchical.SameThreadHierarchicalTestExecutorService.submit(SameThreadHierarchicalTestExecutorService.java:36)
	at org.junit.platform.engine.support.hierarchical.HierarchicalTestExecutor.execute(HierarchicalTestExecutor.java:52)
	at org.junit.platform.engine.support.hierarchical.HierarchicalTestEngine.execute(HierarchicalTestEngine.java:58)
	at org.junit.platform.launcher.core.EngineExecutionOrchestrator.executeEngine(EngineExecutionOrchestrator.java:246)
	at org.junit.platform.launcher.core.EngineExecutionOrchestrator.failOrExecuteEngine(EngineExecutionOrchestrator.java:218)
	at org.junit.platform.launcher.core.EngineExecutionOrchestrator.execute(EngineExecutionOrchestrator.java:179)
	at org.junit.platform.launcher.core.EngineExecutionOrchestrator.execute(EngineExecutionOrchestrator.java:108)
	at org.junit.platform.launcher.core.EngineExecutionOrchestrator.lambda$execute$0(EngineExecutionOrchestrator.java:66)
	at org.junit.platform.launcher.core.EngineExecutionOrchestrator.withInterceptedStreams(EngineExecutionOrchestrator.java:157)
	at org.junit.platform.launcher.core.EngineExecutionOrchestrator.execute(EngineExecutionOrchestrator.java:65)
	at org.junit.platform.launcher.core.DefaultLauncher.execute(DefaultLauncher.java:125)
	at org.junit.platform.launcher.core.DefaultLauncher.execute(DefaultLauncher.java:114)
	at org.junit.platform.launcher.core.DefaultLauncher.execute(DefaultLauncher.java:93)
	at org.junit.platform.launcher.core.DelegatingLauncher.execute(DelegatingLauncher.java:48)
	at org.junit.platform.launcher.core.InterceptingLauncher.lambda$execute$0(InterceptingLauncher.java:41)
	at org.junit.platform.launcher.core.ClasspathAlignmentCheckingLauncherInterceptor.intercept(ClasspathAlignmentCheckingLauncherInterceptor.java:25)
	at org.junit.platform.launcher.core.InterceptingLauncher.execute(InterceptingLauncher.java:40)
	at org.junit.platform.launcher.core.DelegatingLauncher.execute(DelegatingLauncher.java:48)
	at org.junit.platform.launcher.core.SessionPerRequestLauncher.execute(SessionPerRequestLauncher.java:67)
	at com.intellij.junit6.JUnit6IdeaTestRunner.startRunnerWithArgs(JUnit6IdeaTestRunner.java:67)
	at com.intellij.rt.junit.IdeaTestRunner$Repeater$1.execute(IdeaTestRunner.java:38)
	at com.intellij.rt.execution.junit.TestsRepeater.repeat(TestsRepeater.java:11)
	at com.intellij.rt.junit.IdeaTestRunner$Repeater.startRunnerWithArgs(IdeaTestRunner.java:35)
	at com.intellij.rt.junit.JUnitStarter.prepareStreamsAndStart(JUnitStarter.java:237)
	at com.intellij.rt.junit.JUnitStarter.main(JUnitStarter.java:58)
Caused by: org.springframework.beans.factory.BeanCreationException: Error creating bean with name 'liquibase' defined in class path resource [org/springframework/boot/liquibase/autoconfigure/LiquibaseAutoConfiguration$LiquibaseConfiguration.class]: liquibase.exception.DatabaseException: org.postgresql.util.PSQLException: Драйвер столкнулся с непредвиденной ошибкой. Сообщите об этом исключении.
	at org.springframework.beans.factory.support.AbstractAutowireCapableBeanFactory.initializeBean(AbstractAutowireCapableBeanFactory.java:1815)
	at org.springframework.beans.factory.support.AbstractAutowireCapableBeanFactory.doCreateBean(AbstractAutowireCapableBeanFactory.java:603)
	at org.springframework.beans.factory.support.AbstractAutowireCapableBeanFactory.createBean(AbstractAutowireCapableBeanFactory.java:525)
	at org.springframework.beans.factory.support.AbstractBeanFactory.lambda$doGetBean$0(AbstractBeanFactory.java:333)
	at org.springframework.beans.factory.support.DefaultSingletonBeanRegistry.getSingleton(DefaultSingletonBeanRegistry.java:371)
	at org.springframework.beans.factory.support.AbstractBeanFactory.doGetBean(AbstractBeanFactory.java:331)
	at org.springframework.beans.factory.support.AbstractBeanFactory.getBean(AbstractBeanFactory.java:196)
	at org.springframework.beans.factory.support.AbstractBeanFactory.doGetBean(AbstractBeanFactory.java:309)
	... 97 common frames omitted
Caused by: liquibase.exception.LiquibaseException: liquibase.exception.DatabaseException: org.postgresql.util.PSQLException: Драйвер столкнулся с непредвиденной ошибкой. Сообщите об этом исключении.
	at liquibase.integration.spring.SpringLiquibase.afterPropertiesSet(SpringLiquibase.java:289)
	at org.springframework.beans.factory.support.AbstractAutowireCapableBeanFactory.invokeInitMethods(AbstractAutowireCapableBeanFactory.java:1862)
	at org.springframework.beans.factory.support.AbstractAutowireCapableBeanFactory.initializeBean(AbstractAutowireCapableBeanFactory.java:1811)
	... 104 common frames omitted
Caused by: liquibase.exception.DatabaseException: org.postgresql.util.PSQLException: Драйвер столкнулся с непредвиденной ошибкой. Сообщите об этом исключении.
	at liquibase.integration.spring.SpringLiquibase.lambda$afterPropertiesSet$0(SpringLiquibase.java:281)
	at liquibase.Scope.lambda$child$0(Scope.java:243)
	at liquibase.Scope.child(Scope.java:252)
	at liquibase.Scope.child(Scope.java:242)
	at liquibase.Scope.child(Scope.java:221)
	at liquibase.integration.spring.SpringLiquibase.afterPropertiesSet(SpringLiquibase.java:272)
	... 106 common frames omitted
Caused by: org.postgresql.util.PSQLException: Драйвер столкнулся с непредвиденной ошибкой. Сообщите об этом исключении.
	at org.postgresql.Driver.connect(Driver.java:327)
	at com.zaxxer.hikari.util.DriverDataSource.getConnection(DriverDataSource.java:144)
	at com.zaxxer.hikari.pool.PoolBase.newConnection(PoolBase.java:373)
	at com.zaxxer.hikari.pool.PoolBase.newPoolEntry(PoolBase.java:210)
	at com.zaxxer.hikari.pool.HikariPool.createPoolEntry(HikariPool.java:488)
	at com.zaxxer.hikari.pool.HikariPool.checkFailFast(HikariPool.java:576)
	at com.zaxxer.hikari.pool.HikariPool.<init>(HikariPool.java:97)
	at com.zaxxer.hikari.HikariDataSource.getConnection(HikariDataSource.java:111)
	at liquibase.integration.spring.SpringLiquibase.lambda$afterPropertiesSet$0(SpringLiquibase.java:276)
	... 111 common frames omitted
Caused by: java.lang.StringIndexOutOfBoundsException: offset 5, count -269553430, length 8192
	at java.base/java.lang.String.checkBoundsOffCount(String.java:4591)
	at java.base/java.lang.String.<init>(String.java:523)
	at org.postgresql.core.Encoding.decode(Encoding.java:284)
	at org.postgresql.core.PGStream.receiveErrorString(PGStream.java:539)
	at org.postgresql.core.v3.ConnectionFactoryImpl.doAuthentication(ConnectionFactoryImpl.java:835)
	at org.postgresql.core.v3.ConnectionFactoryImpl.tryConnect(ConnectionFactoryImpl.java:309)
	at org.postgresql.core.v3.ConnectionFactoryImpl.openConnectionImpl(ConnectionFactoryImpl.java:367)
	at org.postgresql.core.ConnectionFactory.openConnection(ConnectionFactory.java:52)
	at org.postgresql.jdbc.PgConnection.<init>(PgConnection.java:295)
	at org.postgresql.Driver.makeConnection(Driver.java:437)
	at org.postgresql.Driver.connect(Driver.java:305)
	... 119 common frames omitted
2026-09-24 11:04:01 [main] DEBUG o.springframework.test.context.cache - Spring test ApplicationContext cache statistics: [DefaultContextCache@25cde5bb size = 0, maxSize = 32, contextUsageCount = 0, parentContextCount = 0, hitCount = 0, missCount = 1, failureCount = 1]
2026-09-24 11:04:01 [main] WARN  o.s.test.context.TestContextManager - Caught exception while allowing TestExecutionListener [org.springframework.test.context.web.ServletTestExecutionListener] to prepare test instance [ru.aston.user.service.kafka.UserEventProducerTest@38a96593]
java.lang.IllegalStateException: Failed to load ApplicationContext for [WebMergedContextConfiguration@485deee1 testClass = ru.aston.user.service.kafka.UserEventProducerTest, locations = [], classes = [ru.aston.user.service.UserServiceApplication], contextInitializerClasses = [], activeProfiles = [], propertySourceDescriptors = [], propertySourceProperties = ["org.springframework.boot.test.context.SpringBootTestContextBootstrapper=true"], contextCustomizers = [org.springframework.test.context.support.DynamicPropertiesContextCustomizer@0, org.springframework.boot.test.context.PropertyMappingContextCustomizer@0, org.springframework.boot.test.context.filter.ExcludeFilterContextCustomizer@381cad29, org.springframework.boot.test.json.DuplicateJsonObjectContextCustomizerFactory$DuplicateJsonObjectContextCustomizer@5942ee04, org.springframework.boot.test.autoconfigure.OnFailureConditionReportContextCustomizerFactory$OnFailureConditionReportContextCustomizer@5a865416, org.springframework.boot.webmvc.test.autoconfigure.WebDriverContextCustomizer@2375b321, org.springframework.boot.web.server.context.SpringBootTestRandomPortContextCustomizer@41a6d121, org.springframework.boot.test.context.SpringBootTestAnnotation@5135c9a4], resourceBasePath = "src/main/webapp", contextLoader = org.springframework.boot.test.context.SpringBootContextLoader, parent = null]
	at org.springframework.test.context.cache.DefaultCacheAwareContextLoaderDelegate.lambda$loadContext$0(DefaultCacheAwareContextLoaderDelegate.java:195)
	at org.springframework.test.context.cache.DefaultContextCache.put(DefaultContextCache.java:214)
	at org.springframework.test.context.cache.DefaultCacheAwareContextLoaderDelegate.loadContext(DefaultCacheAwareContextLoaderDelegate.java:160)
	at org.springframework.test.context.support.DefaultTestContext.getApplicationContext(DefaultTestContext.java:128)
	at org.springframework.test.context.web.ServletTestExecutionListener.setUpRequestContextIfNecessary(ServletTestExecutionListener.java:200)
	at org.springframework.test.context.web.ServletTestExecutionListener.prepareTestInstance(ServletTestExecutionListener.java:139)
	at org.springframework.test.context.TestContextManager.prepareTestInstance(TestContextManager.java:260)
	at org.springframework.test.context.junit.jupiter.SpringExtension.postProcessTestInstance(SpringExtension.java:242)
	at org.junit.jupiter.engine.descriptor.ClassBasedTestDescriptor.lambda$invokeTestInstancePostProcessors$1(ClassBasedTestDescriptor.java:423)
	at org.junit.jupiter.engine.descriptor.ClassBasedTestDescriptor.executeAndMaskThrowable(ClassBasedTestDescriptor.java:428)
	at org.junit.jupiter.engine.descriptor.ClassBasedTestDescriptor.lambda$invokeTestInstancePostProcessors$0(ClassBasedTestDescriptor.java:422)
	at java.base/java.util.stream.ForEachOps$ForEachOp$OfRef.accept(ForEachOps.java:183)
	at java.base/java.util.stream.ReferencePipeline$3$1.accept(ReferencePipeline.java:197)
	at java.base/java.util.stream.ReferencePipeline$2$1.accept(ReferencePipeline.java:179)
	at java.base/java.util.stream.ReferencePipeline$3$1.accept(ReferencePipeline.java:197)
	at java.base/java.util.ArrayList$ArrayListSpliterator.forEachRemaining(ArrayList.java:1625)
	at java.base/java.util.stream.AbstractPipeline.copyInto(AbstractPipeline.java:509)
	at java.base/java.util.stream.AbstractPipeline.wrapAndCopyInto(AbstractPipeline.java:499)
	at java.base/java.util.stream.ForEachOps$ForEachOp.evaluateSequential(ForEachOps.java:150)
	at java.base/java.util.stream.ForEachOps$ForEachOp$OfRef.evaluateSequential(ForEachOps.java:173)
	at java.base/java.util.stream.AbstractPipeline.evaluate(AbstractPipeline.java:234)
	at java.base/java.util.stream.ReferencePipeline.forEach(ReferencePipeline.java:596)
	at org.junit.jupiter.engine.descriptor.ClassBasedTestDescriptor.invokeTestInstancePostProcessors(ClassBasedTestDescriptor.java:422)
	at org.junit.jupiter.engine.descriptor.ClassBasedTestDescriptor.lambda$instantiateAndPostProcessTestInstance$0(ClassBasedTestDescriptor.java:334)
	at org.junit.platform.engine.support.hierarchical.ThrowableCollector.execute(ThrowableCollector.java:74)
	at org.junit.jupiter.engine.descriptor.ClassBasedTestDescriptor.instantiateAndPostProcessTestInstance(ClassBasedTestDescriptor.java:333)
	at org.junit.jupiter.engine.descriptor.ClassBasedTestDescriptor.lambda$testInstancesProvider$1(ClassBasedTestDescriptor.java:322)
	at java.base/java.util.Optional.orElseGet(Optional.java:364)
	at org.junit.jupiter.engine.descriptor.ClassBasedTestDescriptor.lambda$testInstancesProvider$0(ClassBasedTestDescriptor.java:321)
	at org.junit.jupiter.engine.execution.TestInstancesProvider.getTestInstances(TestInstancesProvider.java:27)
	at org.junit.jupiter.engine.descriptor.TestMethodTestDescriptor.lambda$prepare$0(TestMethodTestDescriptor.java:127)
	at org.junit.platform.engine.support.hierarchical.ThrowableCollector.execute(ThrowableCollector.java:74)
	at org.junit.jupiter.engine.descriptor.TestMethodTestDescriptor.prepare(TestMethodTestDescriptor.java:126)
	at org.junit.jupiter.engine.descriptor.TestMethodTestDescriptor.prepare(TestMethodTestDescriptor.java:70)
	at org.junit.platform.engine.support.hierarchical.NodeTestTask.lambda$prepare$0(NodeTestTask.java:144)
	at org.junit.platform.engine.support.hierarchical.ThrowableCollector.execute(ThrowableCollector.java:74)
	at org.junit.platform.engine.support.hierarchical.NodeTestTask.prepare(NodeTestTask.java:144)
	at org.junit.platform.engine.support.hierarchical.NodeTestTask.execute(NodeTestTask.java:110)
	at java.base/java.util.ArrayList.forEach(ArrayList.java:1511)
	at org.junit.platform.engine.support.hierarchical.SameThreadHierarchicalTestExecutorService.invokeAll(SameThreadHierarchicalTestExecutorService.java:42)
	at org.junit.platform.engine.support.hierarchical.NodeTestTask.lambda$executeRecursively$2(NodeTestTask.java:180)
	at org.junit.platform.engine.support.hierarchical.ThrowableCollector.execute(ThrowableCollector.java:74)
	at org.junit.platform.engine.support.hierarchical.NodeTestTask.lambda$executeRecursively$1(NodeTestTask.java:166)
	at org.junit.platform.engine.support.hierarchical.Node.around(Node.java:138)
	at org.junit.platform.engine.support.hierarchical.NodeTestTask.lambda$executeRecursively$0(NodeTestTask.java:164)
	at org.junit.platform.engine.support.hierarchical.ThrowableCollector.execute(ThrowableCollector.java:74)
	at org.junit.platform.engine.support.hierarchical.NodeTestTask.executeRecursively(NodeTestTask.java:163)
	at org.junit.platform.engine.support.hierarchical.NodeTestTask.execute(NodeTestTask.java:116)
	at java.base/java.util.ArrayList.forEach(ArrayList.java:1511)
	at org.junit.platform.engine.support.hierarchical.SameThreadHierarchicalTestExecutorService.invokeAll(SameThreadHierarchicalTestExecutorService.java:42)
	at org.junit.platform.engine.support.hierarchical.NodeTestTask.lambda$executeRecursively$2(NodeTestTask.java:180)
	at org.junit.platform.engine.support.hierarchical.ThrowableCollector.execute(ThrowableCollector.java:74)
	at org.junit.platform.engine.support.hierarchical.NodeTestTask.lambda$executeRecursively$1(NodeTestTask.java:166)
	at org.junit.platform.engine.support.hierarchical.Node.around(Node.java:138)
	at org.junit.platform.engine.support.hierarchical.NodeTestTask.lambda$executeRecursively$0(NodeTestTask.java:164)
	at org.junit.platform.engine.support.hierarchical.ThrowableCollector.execute(ThrowableCollector.java:74)
	at org.junit.platform.engine.support.hierarchical.NodeTestTask.executeRecursively(NodeTestTask.java:163)
	at org.junit.platform.engine.support.hierarchical.NodeTestTask.execute(NodeTestTask.java:116)
	at org.junit.platform.engine.support.hierarchical.SameThreadHierarchicalTestExecutorService.submit(SameThreadHierarchicalTestExecutorService.java:36)
	at org.junit.platform.engine.support.hierarchical.HierarchicalTestExecutor.execute(HierarchicalTestExecutor.java:52)
	at org.junit.platform.engine.support.hierarchical.HierarchicalTestEngine.execute(HierarchicalTestEngine.java:58)
	at org.junit.platform.launcher.core.EngineExecutionOrchestrator.executeEngine(EngineExecutionOrchestrator.java:246)
	at org.junit.platform.launcher.core.EngineExecutionOrchestrator.failOrExecuteEngine(EngineExecutionOrchestrator.java:218)
	at org.junit.platform.launcher.core.EngineExecutionOrchestrator.execute(EngineExecutionOrchestrator.java:179)
	at org.junit.platform.launcher.core.EngineExecutionOrchestrator.execute(EngineExecutionOrchestrator.java:108)
	at org.junit.platform.launcher.core.EngineExecutionOrchestrator.lambda$execute$0(EngineExecutionOrchestrator.java:66)
	at org.junit.platform.launcher.core.EngineExecutionOrchestrator.withInterceptedStreams(EngineExecutionOrchestrator.java:157)
	at org.junit.platform.launcher.core.EngineExecutionOrchestrator.execute(EngineExecutionOrchestrator.java:65)
	at org.junit.platform.launcher.core.DefaultLauncher.execute(DefaultLauncher.java:125)
	at org.junit.platform.launcher.core.DefaultLauncher.execute(DefaultLauncher.java:114)
	at org.junit.platform.launcher.core.DefaultLauncher.execute(DefaultLauncher.java:93)
	at org.junit.platform.launcher.core.DelegatingLauncher.execute(DelegatingLauncher.java:48)
	at org.junit.platform.launcher.core.InterceptingLauncher.lambda$execute$0(InterceptingLauncher.java:41)
	at org.junit.platform.launcher.core.ClasspathAlignmentCheckingLauncherInterceptor.intercept(ClasspathAlignmentCheckingLauncherInterceptor.java:25)
	at org.junit.platform.launcher.core.InterceptingLauncher.execute(InterceptingLauncher.java:40)
	at org.junit.platform.launcher.core.DelegatingLauncher.execute(DelegatingLauncher.java:48)
	at org.junit.platform.launcher.core.SessionPerRequestLauncher.execute(SessionPerRequestLauncher.java:67)
	at com.intellij.junit6.JUnit6IdeaTestRunner.startRunnerWithArgs(JUnit6IdeaTestRunner.java:67)
	at com.intellij.rt.junit.IdeaTestRunner$Repeater$1.execute(IdeaTestRunner.java:38)
	at com.intellij.rt.execution.junit.TestsRepeater.repeat(TestsRepeater.java:11)
	at com.intellij.rt.junit.IdeaTestRunner$Repeater.startRunnerWithArgs(IdeaTestRunner.java:35)
	at com.intellij.rt.junit.JUnitStarter.prepareStreamsAndStart(JUnitStarter.java:237)
	at com.intellij.rt.junit.JUnitStarter.main(JUnitStarter.java:58)
Caused by: org.springframework.beans.factory.BeanCreationException: Error creating bean with name 'entityManagerFactory' defined in class path resource [org/springframework/boot/hibernate/autoconfigure/HibernateJpaConfiguration.class]: Failed to initialize dependency 'liquibase' of LoadTimeWeaverAware bean 'entityManagerFactory': Error creating bean with name 'liquibase' defined in class path resource [org/springframework/boot/liquibase/autoconfigure/LiquibaseAutoConfiguration$LiquibaseConfiguration.class]: liquibase.exception.DatabaseException: org.postgresql.util.PSQLException: Драйвер столкнулся с непредвиденной ошибкой. Сообщите об этом исключении.
	at org.springframework.beans.factory.support.AbstractBeanFactory.doGetBean(AbstractBeanFactory.java:322)
	at org.springframework.beans.factory.support.AbstractBeanFactory.getBean(AbstractBeanFactory.java:201)
	at org.springframework.context.support.AbstractApplicationContext.finishBeanFactoryInitialization(AbstractApplicationContext.java:977)
	at org.springframework.context.support.AbstractApplicationContext.refresh(AbstractApplicationContext.java:621)
	at org.springframework.boot.SpringApplication.refresh(SpringApplication.java:756)
	at org.springframework.boot.SpringApplication.refreshContext(SpringApplication.java:445)
	at org.springframework.boot.SpringApplication.run(SpringApplication.java:321)
	at org.springframework.boot.test.context.SpringBootContextLoader.lambda$loadContext$2(SpringBootContextLoader.java:155)
	at org.springframework.util.function.ThrowingSupplier.get(ThrowingSupplier.java:58)
	at org.springframework.util.function.ThrowingSupplier.get(ThrowingSupplier.java:46)
	at org.springframework.boot.SpringApplication.withHook(SpringApplication.java:1465)
	at org.springframework.boot.test.context.SpringBootContextLoader$ContextLoaderHook.run(SpringBootContextLoader.java:600)
	at org.springframework.boot.test.context.SpringBootContextLoader.loadContext(SpringBootContextLoader.java:155)
	at org.springframework.boot.test.context.SpringBootContextLoader.loadContext(SpringBootContextLoader.java:114)
	at org.springframework.test.context.cache.DefaultCacheAwareContextLoaderDelegate.loadContextInternal(DefaultCacheAwareContextLoaderDelegate.java:247)
	at org.springframework.test.context.cache.DefaultCacheAwareContextLoaderDelegate.lambda$loadContext$0(DefaultCacheAwareContextLoaderDelegate.java:167)
	... 82 common frames omitted
Caused by: org.springframework.beans.factory.BeanCreationException: Error creating bean with name 'liquibase' defined in class path resource [org/springframework/boot/liquibase/autoconfigure/LiquibaseAutoConfiguration$LiquibaseConfiguration.class]: liquibase.exception.DatabaseException: org.postgresql.util.PSQLException: Драйвер столкнулся с непредвиденной ошибкой. Сообщите об этом исключении.
	at org.springframework.beans.factory.support.AbstractAutowireCapableBeanFactory.initializeBean(AbstractAutowireCapableBeanFactory.java:1815)
	at org.springframework.beans.factory.support.AbstractAutowireCapableBeanFactory.doCreateBean(AbstractAutowireCapableBeanFactory.java:603)
	at org.springframework.beans.factory.support.AbstractAutowireCapableBeanFactory.createBean(AbstractAutowireCapableBeanFactory.java:525)
	at org.springframework.beans.factory.support.AbstractBeanFactory.lambda$doGetBean$0(AbstractBeanFactory.java:333)
	at org.springframework.beans.factory.support.DefaultSingletonBeanRegistry.getSingleton(DefaultSingletonBeanRegistry.java:371)
	at org.springframework.beans.factory.support.AbstractBeanFactory.doGetBean(AbstractBeanFactory.java:331)
	at org.springframework.beans.factory.support.AbstractBeanFactory.getBean(AbstractBeanFactory.java:196)
	at org.springframework.beans.factory.support.AbstractBeanFactory.doGetBean(AbstractBeanFactory.java:309)
	... 97 common frames omitted
Caused by: liquibase.exception.LiquibaseException: liquibase.exception.DatabaseException: org.postgresql.util.PSQLException: Драйвер столкнулся с непредвиденной ошибкой. Сообщите об этом исключении.
	at liquibase.integration.spring.SpringLiquibase.afterPropertiesSet(SpringLiquibase.java:289)
	at org.springframework.beans.factory.support.AbstractAutowireCapableBeanFactory.invokeInitMethods(AbstractAutowireCapableBeanFactory.java:1862)
	at org.springframework.beans.factory.support.AbstractAutowireCapableBeanFactory.initializeBean(AbstractAutowireCapableBeanFactory.java:1811)
	... 104 common frames omitted
Caused by: liquibase.exception.DatabaseException: org.postgresql.util.PSQLException: Драйвер столкнулся с непредвиденной ошибкой. Сообщите об этом исключении.
	at liquibase.integration.spring.SpringLiquibase.lambda$afterPropertiesSet$0(SpringLiquibase.java:281)
	at liquibase.Scope.lambda$child$0(Scope.java:243)
	at liquibase.Scope.child(Scope.java:252)
	at liquibase.Scope.child(Scope.java:242)
	at liquibase.Scope.child(Scope.java:221)
	at liquibase.integration.spring.SpringLiquibase.afterPropertiesSet(SpringLiquibase.java:272)
	... 106 common frames omitted
Caused by: org.postgresql.util.PSQLException: Драйвер столкнулся с непредвиденной ошибкой. Сообщите об этом исключении.
	at org.postgresql.Driver.connect(Driver.java:327)
	at com.zaxxer.hikari.util.DriverDataSource.getConnection(DriverDataSource.java:144)
	at com.zaxxer.hikari.pool.PoolBase.newConnection(PoolBase.java:373)
	at com.zaxxer.hikari.pool.PoolBase.newPoolEntry(PoolBase.java:210)
	at com.zaxxer.hikari.pool.HikariPool.createPoolEntry(HikariPool.java:488)
	at com.zaxxer.hikari.pool.HikariPool.checkFailFast(HikariPool.java:576)
	at com.zaxxer.hikari.pool.HikariPool.<init>(HikariPool.java:97)
	at com.zaxxer.hikari.HikariDataSource.getConnection(HikariDataSource.java:111)
	at liquibase.integration.spring.SpringLiquibase.lambda$afterPropertiesSet$0(SpringLiquibase.java:276)
	... 111 common frames omitted
Caused by: java.lang.StringIndexOutOfBoundsException: offset 5, count -269553430, length 8192
	at java.base/java.lang.String.checkBoundsOffCount(String.java:4591)
	at java.base/java.lang.String.<init>(String.java:523)
	at org.postgresql.core.Encoding.decode(Encoding.java:284)
	at org.postgresql.core.PGStream.receiveErrorString(PGStream.java:539)
	at org.postgresql.core.v3.ConnectionFactoryImpl.doAuthentication(ConnectionFactoryImpl.java:835)
	at org.postgresql.core.v3.ConnectionFactoryImpl.tryConnect(ConnectionFactoryImpl.java:309)
	at org.postgresql.core.v3.ConnectionFactoryImpl.openConnectionImpl(ConnectionFactoryImpl.java:367)
	at org.postgresql.core.ConnectionFactory.openConnection(ConnectionFactory.java:52)
	at org.postgresql.jdbc.PgConnection.<init>(PgConnection.java:295)
	at org.postgresql.Driver.makeConnection(Driver.java:437)
	at org.postgresql.Driver.connect(Driver.java:305)
	... 119 common frames omitted
2026-09-24 11:04:01 [main] DEBUG o.s.t.c.s.DirtiesContextTestExecutionListener - After test class: class [UserEventProducerTest], class annotated with @DirtiesContext [false] with mode [null]
2026-09-24 11:32:28 [main] DEBUG o.s.t.c.s.AbstractContextLoader - Could not detect default resource locations for test class [ru.aston.user.service.kafka.UserEventProducerTest]: no resource found for suffixes {-context.xml, Context.groovy}.
2026-09-24 11:32:28 [main] INFO  o.s.t.c.s.AnnotationConfigContextLoaderUtils - Could not detect default configuration classes for test class [ru.aston.user.service.kafka.UserEventProducerTest]: UserEventProducerTest does not declare any static, non-private, non-final, nested classes annotated with @Configuration.
2026-09-24 11:32:28 [main] DEBUG o.s.b.t.c.SpringBootTestContextBootstrapper - Using ContextCustomizerFactory implementations for test class [UserEventProducerTest]: [EmbeddedKafkaContextCustomizerFactory, BeanOverrideContextCustomizerFactory, MockServerContainerContextCustomizerFactory, DynamicPropertiesContextCustomizerFactory, ImportsContextCustomizerFactory, PropertyMappingContextCustomizerFactory, ExcludeFilterContextCustomizerFactory, TypeExcludeFiltersContextCustomizerFactory, DisableReactorResourceFactoryGlobalResourcesContextCustomizerFactory, DuplicateJsonObjectContextCustomizerFactory, OnFailureConditionReportContextCustomizerFactory, OverrideAutoConfigurationContextCustomizerFactory, WebDriverContextCustomizerFactory, SpringBootTestRandomPortContextCustomizerFactory]
2026-09-24 11:32:28 [main] DEBUG o.s.b.t.c.SpringBootTestContextBootstrapper - Using ContextCustomizers for test class [UserEventProducerTest]: [DynamicPropertiesContextCustomizer, PropertyMappingContextCustomizer, ExcludeFilterContextCustomizer, DuplicateJsonObjectContextCustomizer, OnFailureConditionReportContextCustomizer, WebDriverContextCustomizer, SpringBootTestRandomPortContextCustomizer]
2026-09-24 11:32:28 [main] DEBUG o.s.c.a.ClassPathScanningCandidateComponentProvider - Identified candidate component class: file [C:\Users\fursova.v\OpenideProjects\Intensive\target\classes\ru\aston\user\service\UserServiceApplication.class]
2026-09-24 11:32:28 [main] INFO  o.s.b.t.c.SpringBootTestContextBootstrapper - Found @SpringBootConfiguration ru.aston.user.service.UserServiceApplication for test class ru.aston.user.service.kafka.UserEventProducerTest
2026-09-24 11:32:28 [main] DEBUG o.s.t.c.s.AbstractContextLoader - Could not detect default resource locations for test class [ru.aston.user.service.kafka.UserEventProducerTest]: no resource found for suffixes {-context.xml, Context.groovy}.
2026-09-24 11:32:28 [main] INFO  o.s.t.c.s.AnnotationConfigContextLoaderUtils - Could not detect default configuration classes for test class [ru.aston.user.service.kafka.UserEventProducerTest]: UserEventProducerTest does not declare any static, non-private, non-final, nested classes annotated with @Configuration.
2026-09-24 11:32:28 [main] DEBUG o.s.b.t.c.SpringBootTestContextBootstrapper - Using ContextCustomizerFactory implementations for test class [UserEventProducerTest]: [EmbeddedKafkaContextCustomizerFactory, BeanOverrideContextCustomizerFactory, MockServerContainerContextCustomizerFactory, DynamicPropertiesContextCustomizerFactory, ImportsContextCustomizerFactory, PropertyMappingContextCustomizerFactory, ExcludeFilterContextCustomizerFactory, TypeExcludeFiltersContextCustomizerFactory, DisableReactorResourceFactoryGlobalResourcesContextCustomizerFactory, DuplicateJsonObjectContextCustomizerFactory, OnFailureConditionReportContextCustomizerFactory, OverrideAutoConfigurationContextCustomizerFactory, WebDriverContextCustomizerFactory, SpringBootTestRandomPortContextCustomizerFactory]
2026-09-24 11:32:28 [main] DEBUG o.s.b.t.c.SpringBootTestContextBootstrapper - Using ContextCustomizers for test class [UserEventProducerTest]: [DynamicPropertiesContextCustomizer, PropertyMappingContextCustomizer, ExcludeFilterContextCustomizer, DuplicateJsonObjectContextCustomizer, OnFailureConditionReportContextCustomizer, WebDriverContextCustomizer, SpringBootTestRandomPortContextCustomizer]
2026-09-24 11:32:28 [main] INFO  o.s.b.t.c.SpringBootTestContextBootstrapper - Found @SpringBootConfiguration ru.aston.user.service.UserServiceApplication for test class ru.aston.user.service.kafka.UserEventProducerTest
2026-09-24 11:32:28 [main] DEBUG o.s.b.t.c.SpringBootTestContextBootstrapper - Neither @ContextConfiguration nor @ContextHierarchy found for test class [UserEventProducerTest]: using SpringBootContextLoader
2026-09-24 11:32:28 [main] DEBUG o.s.t.c.u.TestContextSpringFactoriesUtils - Skipping candidate TestExecutionListener [org.springframework.test.context.observation.MicrometerObservationRegistryTestExecutionListener] due to a missing dependency. Specify custom TestExecutionListener classes or make the default TestExecutionListener classes and their required dependencies available. Offending class: io.micrometer.context.ThreadLocalAccessor. MicrometerObservationRegistryTestExecutionListener requires io.micrometer:micrometer-observation:1.10.8 or higher and io.micrometer:context-propagation:1.0.3 or higher.
2026-09-24 11:32:28 [main] DEBUG o.s.b.t.c.SpringBootTestContextBootstrapper - Using TestExecutionListeners for test class [UserEventProducerTest]: [ServletTestExecutionListener, DirtiesContextBeforeModesTestExecutionListener, ApplicationEventsTestExecutionListener, BeanOverrideTestExecutionListener, DependencyInjectionTestExecutionListener, DirtiesContextTestExecutionListener, CommonCachesTestExecutionListener, TransactionalTestExecutionListener, SqlScriptsTestExecutionListener, EventPublishingTestExecutionListener, MockitoResetTestExecutionListener, MockMvcPrintOnlyOnFailureTestExecutionListener, WebDriverTestExecutionListener]
2026-09-24 11:32:28 [main] DEBUG o.s.t.c.s.DirtiesContextBeforeModesTestExecutionListener - Before test class: class [UserEventProducerTest], class annotated with @DirtiesContext [false] with mode [null]
2026-09-24 11:32:29 [main] INFO  r.a.u.s.kafka.UserEventProducerTest - Starting UserEventProducerTest using Java 17.0.19 with PID 2880 (started by fursova.v in C:\Users\fursova.v\OpenideProjects\Intensive)
2026-09-24 11:32:29 [main] DEBUG r.a.u.s.kafka.UserEventProducerTest - Running with Spring Boot v4.1.1, Spring v7.0.9
2026-09-24 11:32:29 [main] INFO  r.a.u.s.kafka.UserEventProducerTest - No active profile set, falling back to 1 default profile: "default"
2026-09-24 11:32:29 [main] DEBUG o.s.boot.SpringApplication - Loading source class ru.aston.user.service.UserServiceApplication
2026-09-24 11:32:29 [main] DEBUG o.s.w.c.s.GenericWebApplicationContext - Refreshing org.springframework.web.context.support.GenericWebApplicationContext@72fd8a3c
2026-09-24 11:32:29 [main] DEBUG o.s.b.f.s.DefaultListableBeanFactory - Creating shared instance of singleton bean 'org.springframework.context.annotation.internalConfigurationAnnotationProcessor'
2026-09-24 11:32:29 [main] DEBUG o.s.b.f.s.DefaultListableBeanFactory - Creating shared instance of singleton bean 'org.springframework.boot.autoconfigure.internalCachingMetadataReaderFactory'
2026-09-24 11:32:30 [main] DEBUG o.s.c.a.ClassPathBeanDefinitionScanner - Identified candidate component class: file [C:\Users\fursova.v\OpenideProjects\Intensive\target\classes\ru\aston\user\service\controller\GlobalExceptionHandler.class]
2026-09-24 11:32:30 [main] DEBUG o.s.c.a.ClassPathBeanDefinitionScanner - Identified candidate component class: file [C:\Users\fursova.v\OpenideProjects\Intensive\target\classes\ru\aston\user\service\controller\UserController.class]
2026-09-24 11:32:30 [main] DEBUG o.s.c.a.ClassPathBeanDefinitionScanner - Identified candidate component class: file [C:\Users\fursova.v\OpenideProjects\Intensive\target\classes\ru\aston\user\service\kafka\UserEventProducer.class]
2026-09-24 11:32:30 [main] DEBUG o.s.c.a.ClassPathBeanDefinitionScanner - Identified candidate component class: file [C:\Users\fursova.v\OpenideProjects\Intensive\target\classes\ru\aston\user\service\mapper\UserMapper.class]
2026-09-24 11:32:30 [main] DEBUG o.s.c.a.ClassPathBeanDefinitionScanner - Identified candidate component class: file [C:\Users\fursova.v\OpenideProjects\Intensive\target\classes\ru\aston\user\service\service\UserServiceImpl.class]
2026-09-24 11:32:30 [background-preinit] DEBUG org.jboss.logging - Logging Provider: org.jboss.logging.Slf4jLoggerProvider found via system property
2026-09-24 11:32:30 [background-preinit] INFO  o.h.validator.internal.util.Version - HV000001: Hibernate Validator 9.1.3.Final
2026-09-24 11:32:30 [background-preinit] DEBUG o.h.v.i.x.config.ValidationXmlParser - Trying to load META-INF/validation.xml for XML based Validator configuration.
2026-09-24 11:32:30 [background-preinit] DEBUG o.h.v.i.x.c.ResourceLoaderHelper - Trying to load META-INF/validation.xml via TCCL
2026-09-24 11:32:30 [background-preinit] DEBUG o.h.v.i.x.c.ResourceLoaderHelper - Trying to load META-INF/validation.xml via Hibernate Validator's class loader
2026-09-24 11:32:30 [background-preinit] DEBUG o.h.v.i.x.config.ValidationXmlParser - No META-INF/validation.xml found. Using annotation based configuration only.
2026-09-24 11:32:30 [background-preinit] DEBUG o.h.v.i.e.r.TraversableResolvers - Found jakarta.persistence.Persistence on classpath containing 'getPersistenceUtil'. Assuming Jakarta Persistence environment. Trying to instantiate Jakarta Persistence aware TraversableResolver
2026-09-24 11:32:30 [background-preinit] DEBUG o.h.v.i.e.r.TraversableResolvers - Instantiated Jakarta Persistence aware TraversableResolver of type org.hibernate.validator.internal.engine.resolver.JPATraversableResolver.
2026-09-24 11:32:30 [background-preinit] DEBUG o.h.v.m.ResourceBundleMessageInterpolator - Loaded expression factory via original TCCL
2026-09-24 11:32:30 [background-preinit] DEBUG o.h.v.i.e.ValidatorFactoryConfigurationHelper - HV000252: Using org.hibernate.validator.internal.engine.DefaultPropertyNodeNameProvider as property node name provider.
2026-09-24 11:32:30 [background-preinit] DEBUG o.h.v.i.e.ValidatorFactoryConfigurationHelper - HV000234: Using org.hibernate.validator.messageinterpolation.ResourceBundleMessageInterpolator as ValidatorFactory-scoped message interpolator.
2026-09-24 11:32:30 [background-preinit] DEBUG o.h.v.i.e.ValidatorFactoryConfigurationHelper - HV000234: Using org.hibernate.validator.internal.engine.resolver.JPATraversableResolver as ValidatorFactory-scoped traversable resolver.
2026-09-24 11:32:30 [background-preinit] DEBUG o.h.v.i.e.ValidatorFactoryConfigurationHelper - HV000234: Using org.hibernate.validator.internal.util.ExecutableParameterNameProvider as ValidatorFactory-scoped parameter name provider.
2026-09-24 11:32:30 [background-preinit] DEBUG o.h.v.i.e.ValidatorFactoryConfigurationHelper - HV000234: Using org.hibernate.validator.internal.engine.DefaultClockProvider as ValidatorFactory-scoped clock provider.
2026-09-24 11:32:30 [background-preinit] DEBUG o.h.v.i.e.ValidatorFactoryConfigurationHelper - HV000234: Using org.hibernate.validator.internal.engine.scripting.DefaultScriptEvaluatorFactory as ValidatorFactory-scoped script evaluator factory.
2026-09-24 11:32:31 [main] INFO  o.s.d.r.c.RepositoryConfigurationDelegate - Bootstrapping Spring Data JPA repositories in DEFAULT mode.
2026-09-24 11:32:31 [main] DEBUG o.s.b.f.s.DefaultListableBeanFactory - Creating shared instance of singleton bean 'org.springframework.boot.autoconfigure.AutoConfigurationPackages'
2026-09-24 11:32:31 [main] DEBUG o.s.b.a.AutoConfigurationPackages - @EnableAutoConfiguration was declared on a class in the package 'ru.aston.user.service'. Automatic @Repository and @Entity scanning is enabled.
2026-09-24 11:32:31 [main] DEBUG o.s.d.r.c.RepositoryConfigurationDelegate - Scanning for JPA repositories in packages ru.aston.user.service.
2026-09-24 11:32:31 [main] DEBUG o.s.d.r.c.RepositoryComponentProvider - Identified candidate component class: file [C:\Users\fursova.v\OpenideProjects\Intensive\target\classes\ru\aston\user\service\repository\UserRepository.class]
2026-09-24 11:32:31 [main] DEBUG o.s.c.a.ClassPathScanningCandidateComponentProvider - Identified candidate component class: file [C:\Users\fursova.v\OpenideProjects\Intensive\target\classes\ru\aston\user\service\service\UserServiceImpl.class]
2026-09-24 11:32:31 [main] INFO  o.s.d.r.c.RepositoryConfigurationDelegate - Finished Spring Data repository scanning in 62 ms. Found 1 JPA repository interface.
2026-09-24 11:32:31 [main] DEBUG o.s.b.f.s.DefaultListableBeanFactory - Creating shared instance of singleton bean 'propertySourcesPlaceholderConfigurer'
2026-09-24 11:32:31 [main] DEBUG o.s.b.f.s.DefaultListableBeanFactory - Creating shared instance of singleton bean 'org.springframework.boot.sql.init.dependency.DatabaseInitializationDependencyConfigurer$DependsOnDatabaseInitializationPostProcessor'
2026-09-24 11:32:31 [main] DEBUG o.s.b.f.s.DefaultListableBeanFactory - Creating shared instance of singleton bean 'org.springframework.context.event.internalEventListenerProcessor'
2026-09-24 11:32:31 [main] DEBUG o.s.b.f.s.DefaultListableBeanFactory - Creating shared instance of singleton bean 'bootstrapExecutorAliasPostProcessor'
2026-09-24 11:32:31 [main] DEBUG o.s.b.f.s.DefaultListableBeanFactory - Creating shared instance of singleton bean 'preserveErrorControllerTargetClassPostProcessor'
2026-09-24 11:32:31 [main] DEBUG o.s.b.f.s.DefaultListableBeanFactory - Creating shared instance of singleton bean 'org.springframework.context.event.internalEventListenerFactory'
2026-09-24 11:32:31 [main] DEBUG o.s.b.f.s.DefaultListableBeanFactory - Creating shared instance of singleton bean 'org.springframework.transaction.config.internalTransactionalEventListenerFactory'
2026-09-24 11:32:31 [main] DEBUG o.s.b.f.s.DefaultListableBeanFactory - Creating shared instance of singleton bean 'org.springframework.context.annotation.internalAutowiredAnnotationProcessor'
2026-09-24 11:32:31 [main] DEBUG o.s.b.f.s.DefaultListableBeanFactory - Creating shared instance of singleton bean 'org.springframework.context.annotation.internalCommonAnnotationProcessor'
2026-09-24 11:32:31 [main] DEBUG o.s.b.f.s.DefaultListableBeanFactory - Creating shared instance of singleton bean 'org.springframework.context.annotation.internalPersistenceAnnotationProcessor'
2026-09-24 11:32:31 [main] DEBUG o.s.b.f.s.DefaultListableBeanFactory - Creating shared instance of singleton bean 'org.springframework.boot.context.properties.ConfigurationPropertiesBindingPostProcessor'
2026-09-24 11:32:31 [main] DEBUG o.s.b.f.s.DefaultListableBeanFactory - Creating shared instance of singleton bean 'org.springframework.boot.context.internalConfigurationPropertiesBinder'
2026-09-24 11:32:31 [main] DEBUG o.s.b.f.s.DefaultListableBeanFactory - Creating shared instance of singleton bean 'jdbcConnectionDetailsHikariBeanPostProcessor'
2026-09-24 11:32:31 [main] DEBUG o.s.b.f.s.DefaultListableBeanFactory - Creating shared instance of singleton bean 'methodValidationPostProcessor'
2026-09-24 11:32:31 [main] DEBUG o.s.b.f.s.DefaultListableBeanFactory - Autowiring by type from bean name 'methodValidationPostProcessor' via factory method to bean named 'environment'
2026-09-24 11:32:31 [main] DEBUG o.s.b.f.s.DefaultListableBeanFactory - Creating shared instance of singleton bean 'org.springframework.boot.context.properties.EnableConfigurationPropertiesRegistrar.methodValidationExcludeFilter'
2026-09-24 11:32:31 [main] DEBUG o.s.b.f.s.DefaultListableBeanFactory - Creating shared instance of singleton bean 'org.springframework.aop.framework.autoproxy.defaultProxyConfig'
2026-09-24 11:32:31 [main] DEBUG o.s.b.f.s.DefaultListableBeanFactory - Creating shared instance of singleton bean 'org.springframework.aop.config.internalAutoProxyCreator'
2026-09-24 11:32:31 [main] DEBUG o.s.b.f.s.DefaultListableBeanFactory - Creating shared instance of singleton bean 'org.springframework.kafka.config.internalKafkaListenerAnnotationProcessor'
2026-09-24 11:32:31 [main] DEBUG o.s.b.f.s.DefaultListableBeanFactory - Creating shared instance of singleton bean 'persistenceExceptionTranslationPostProcessor'
2026-09-24 11:32:31 [main] DEBUG o.s.b.f.s.DefaultListableBeanFactory - Autowiring by type from bean name 'persistenceExceptionTranslationPostProcessor' via factory method to bean named 'environment'
2026-09-24 11:32:31 [main] DEBUG o.s.b.f.s.DefaultListableBeanFactory - Creating shared instance of singleton bean 'projectingArgumentResolverBeanPostProcessor'
2026-09-24 11:32:31 [main] DEBUG o.s.b.f.s.DefaultListableBeanFactory - Creating shared instance of singleton bean 'org.springframework.transaction.config.internalTransactionAdvisor'
2026-09-24 11:32:31 [main] DEBUG o.s.b.f.s.DefaultListableBeanFactory - Creating shared instance of singleton bean 'org.springframework.transaction.annotation.ProxyTransactionManagementConfiguration'
2026-09-24 11:32:31 [main] DEBUG o.s.b.f.s.DefaultListableBeanFactory - Creating shared instance of singleton bean 'transactionAttributeSource'
2026-09-24 11:32:31 [main] DEBUG o.s.b.f.s.DefaultListableBeanFactory - Creating shared instance of singleton bean 'transactionInterceptor'
2026-09-24 11:32:31 [main] DEBUG o.s.b.f.s.DefaultListableBeanFactory - Autowiring by type from bean name 'transactionInterceptor' via factory method to bean named 'transactionAttributeSource'
2026-09-24 11:32:31 [main] DEBUG o.s.b.f.s.DefaultListableBeanFactory - Autowiring by type from bean name 'org.springframework.transaction.config.internalTransactionAdvisor' via factory method to bean named 'transactionAttributeSource'
2026-09-24 11:32:31 [main] DEBUG o.s.b.f.s.DefaultListableBeanFactory - Autowiring by type from bean name 'org.springframework.transaction.config.internalTransactionAdvisor' via factory method to bean named 'transactionInterceptor'
2026-09-24 11:32:31 [main] DEBUG o.s.b.f.s.DefaultListableBeanFactory - Creating shared instance of singleton bean 'webServerFactoryCustomizerBeanPostProcessor'
2026-09-24 11:32:31 [main] DEBUG o.s.b.f.s.DefaultListableBeanFactory - Creating shared instance of singleton bean 'errorPageRegistrarBeanPostProcessor'
2026-09-24 11:32:31 [main] DEBUG o.s.b.f.s.DefaultListableBeanFactory - Creating shared instance of singleton bean 'applicationTaskExecutor'
2026-09-24 11:32:31 [main] DEBUG o.s.b.f.s.DefaultListableBeanFactory - Creating shared instance of singleton bean 'org.springframework.boot.autoconfigure.task.TaskExecutorConfigurations$TaskExecutorConfiguration'
2026-09-24 11:32:31 [main] DEBUG o.s.b.f.s.DefaultListableBeanFactory - Creating shared instance of singleton bean 'threadPoolTaskExecutorBuilder'
2026-09-24 11:32:31 [main] DEBUG o.s.b.f.s.DefaultListableBeanFactory - Creating shared instance of singleton bean 'org.springframework.boot.autoconfigure.task.TaskExecutorConfigurations$ThreadPoolTaskExecutorBuilderConfiguration'
2026-09-24 11:32:31 [main] DEBUG o.s.b.f.s.DefaultListableBeanFactory - Creating shared instance of singleton bean 'spring.task.execution-org.springframework.boot.autoconfigure.task.TaskExecutionProperties'
2026-09-24 11:32:31 [main] DEBUG o.s.b.f.s.DefaultListableBeanFactory - Creating shared instance of singleton bean 'org.springframework.boot.context.properties.BoundConfigurationProperties'
2026-09-24 11:32:31 [main] DEBUG o.s.b.f.s.DefaultListableBeanFactory - Autowiring by type from bean name 'threadPoolTaskExecutorBuilder' via factory method to bean named 'spring.task.execution-org.springframework.boot.autoconfigure.task.TaskExecutionProperties'
2026-09-24 11:32:31 [main] DEBUG o.s.b.f.s.DefaultListableBeanFactory - Autowiring by type from bean name 'applicationTaskExecutor' via factory method to bean named 'threadPoolTaskExecutorBuilder'
2026-09-24 11:32:31 [main] DEBUG o.s.s.c.ThreadPoolTaskExecutor - Initializing ExecutorService 'applicationTaskExecutor'
2026-09-24 11:32:31 [main] DEBUG o.s.b.f.s.DefaultListableBeanFactory - Creating shared instance of singleton bean 'org.springframework.test.context.support.internalDynamicPropertyRegistrarBeanInitializer'
2026-09-24 11:32:31 [main] DEBUG o.s.b.f.s.DefaultListableBeanFactory - Creating shared instance of singleton bean 'liquibase'
2026-09-24 11:32:31 [main] DEBUG o.s.b.f.s.DefaultListableBeanFactory - Creating shared instance of singleton bean 'org.springframework.boot.liquibase.autoconfigure.LiquibaseAutoConfiguration$LiquibaseConfiguration'
2026-09-24 11:32:31 [main] DEBUG o.s.b.f.s.DefaultListableBeanFactory - Creating shared instance of singleton bean 'spring.liquibase-org.springframework.boot.liquibase.autoconfigure.LiquibaseProperties'
2026-09-24 11:32:31 [main] DEBUG o.s.b.f.s.DefaultListableBeanFactory - Creating shared instance of singleton bean 'liquibaseConnectionDetails'
2026-09-24 11:32:31 [main] DEBUG o.s.b.f.s.DefaultListableBeanFactory - Autowiring by type from bean name 'liquibaseConnectionDetails' via factory method to bean named 'spring.liquibase-org.springframework.boot.liquibase.autoconfigure.LiquibaseProperties'
2026-09-24 11:32:31 [main] DEBUG o.s.b.f.s.DefaultListableBeanFactory - Autowiring by type from bean name 'liquibase' via factory method to bean named 'spring.liquibase-org.springframework.boot.liquibase.autoconfigure.LiquibaseProperties'
2026-09-24 11:32:31 [main] DEBUG o.s.b.f.s.DefaultListableBeanFactory - Autowiring by type from bean name 'liquibase' via factory method to bean named 'liquibaseConnectionDetails'
2026-09-24 11:32:31 [main] DEBUG o.s.b.f.s.DefaultListableBeanFactory - Creating shared instance of singleton bean 'dataSource'
2026-09-24 11:32:31 [main] DEBUG o.s.b.f.s.DefaultListableBeanFactory - Creating shared instance of singleton bean 'org.springframework.boot.jdbc.autoconfigure.DataSourceConfiguration$Hikari'
2026-09-24 11:32:31 [main] DEBUG o.s.b.f.s.DefaultListableBeanFactory - Creating shared instance of singleton bean 'spring.datasource-org.springframework.boot.jdbc.autoconfigure.DataSourceProperties'
2026-09-24 11:32:31 [main] DEBUG o.s.b.f.s.DefaultListableBeanFactory - Creating shared instance of singleton bean 'jdbcConnectionDetails'
2026-09-24 11:32:31 [main] DEBUG o.s.b.f.s.DefaultListableBeanFactory - Creating shared instance of singleton bean 'org.springframework.boot.jdbc.autoconfigure.DataSourceAutoConfiguration$PooledDataSourceConfiguration'
2026-09-24 11:32:31 [main] DEBUG o.s.b.f.s.DefaultListableBeanFactory - Autowiring by type from bean name 'jdbcConnectionDetails' via factory method to bean named 'spring.datasource-org.springframework.boot.jdbc.autoconfigure.DataSourceProperties'
2026-09-24 11:32:31 [main] DEBUG o.s.b.f.s.DefaultListableBeanFactory - Autowiring by type from bean name 'dataSource' via factory method to bean named 'spring.datasource-org.springframework.boot.jdbc.autoconfigure.DataSourceProperties'
2026-09-24 11:32:31 [main] DEBUG o.s.b.f.s.DefaultListableBeanFactory - Autowiring by type from bean name 'dataSource' via factory method to bean named 'jdbcConnectionDetails'
2026-09-24 11:32:31 [main] DEBUG o.s.b.f.s.DefaultListableBeanFactory - Autowiring by type from bean name 'dataSource' via factory method to bean named 'environment'
2026-09-24 11:32:31 [main] DEBUG com.zaxxer.hikari.util.UtilityElf - Class org.postgresql.Driver found in Thread context class loader jdk.internal.loader.ClassLoaders$AppClassLoader@1d44bcfa
2026-09-24 11:32:31 [main] DEBUG liquibase.servicelocator - Loaded liquibase.logging.LogService instance liquibase.logging.core.BufferedLogService
2026-09-24 11:32:31 [main] DEBUG liquibase.servicelocator - Loaded liquibase.logging.LogService instance liquibase.logging.core.CompositeLogService
2026-09-24 11:32:31 [main] DEBUG liquibase.servicelocator - Loaded liquibase.logging.LogService instance liquibase.logging.core.JavaLogService
2026-09-24 11:32:31 [main] DEBUG liquibase.servicelocator - Loaded liquibase.configuration.AutoloadedConfigurations instance liquibase.GlobalConfiguration
2026-09-24 11:32:31 [main] DEBUG liquibase.servicelocator - Loaded liquibase.configuration.AutoloadedConfigurations instance liquibase.integration.commandline.LiquibaseCommandLineConfiguration
2026-09-24 11:32:31 [main] DEBUG liquibase.servicelocator - Loaded liquibase.configuration.AutoloadedConfigurations instance liquibase.logging.core.DefaultLoggerConfiguration
2026-09-24 11:32:31 [main] DEBUG liquibase.servicelocator - Loaded liquibase.configuration.AutoloadedConfigurations instance liquibase.sql.SqlConfiguration
2026-09-24 11:32:31 [main] DEBUG liquibase.servicelocator - Loaded liquibase.configuration.AutoloadedConfigurations instance liquibase.parser.ChangeLogParserConfiguration
2026-09-24 11:32:31 [main] DEBUG liquibase.servicelocator - Loaded liquibase.configuration.AutoloadedConfigurations instance liquibase.analytics.configuration.AnalyticsArgs
2026-09-24 11:32:31 [main] DEBUG liquibase.servicelocator - Loaded liquibase.configuration.AutoloadedConfigurations instance liquibase.license.LicenseTrackingArgs
2026-09-24 11:32:31 [main] DEBUG liquibase.servicelocator - Loaded liquibase.configuration.AutoloadedConfigurations instance liquibase.database.core.MSSQLDatabase$SpecificConfiguration
2026-09-24 11:32:31 [main] DEBUG liquibase.configuration - Found ConfigurationDefinitions in liquibase.GlobalConfiguration
2026-09-24 11:32:31 [main] DEBUG liquibase.configuration - Found ConfigurationDefinitions in liquibase.integration.commandline.LiquibaseCommandLineConfiguration
2026-09-24 11:32:31 [main] DEBUG liquibase.configuration - Found ConfigurationDefinitions in liquibase.logging.core.DefaultLoggerConfiguration
2026-09-24 11:32:31 [main] DEBUG liquibase.configuration - Found ConfigurationDefinitions in liquibase.sql.SqlConfiguration
2026-09-24 11:32:31 [main] DEBUG liquibase.configuration - Found ConfigurationDefinitions in liquibase.parser.ChangeLogParserConfiguration
2026-09-24 11:32:31 [main] DEBUG liquibase.configuration - Found ConfigurationDefinitions in liquibase.analytics.configuration.AnalyticsArgs
2026-09-24 11:32:31 [main] DEBUG liquibase.configuration - Found ConfigurationDefinitions in liquibase.license.LicenseTrackingArgs
2026-09-24 11:32:31 [main] DEBUG liquibase.configuration - Found ConfigurationDefinitions in liquibase.database.core.MSSQLDatabase$SpecificConfiguration
2026-09-24 11:32:31 [main] DEBUG liquibase.servicelocator - Loaded liquibase.configuration.ConfigurationValueProvider instance liquibase.configuration.core.DeprecatedConfigurationValueProvider
2026-09-24 11:32:31 [main] DEBUG liquibase.servicelocator - Loaded liquibase.configuration.ConfigurationValueProvider instance liquibase.configuration.core.SystemPropertyValueProvider
2026-09-24 11:32:31 [main] DEBUG liquibase.servicelocator - Loaded liquibase.configuration.ConfigurationValueProvider instance liquibase.configuration.core.ScopeValueProvider
2026-09-24 11:32:31 [main] DEBUG liquibase.servicelocator - Loaded liquibase.configuration.ConfigurationValueProvider instance liquibase.configuration.core.EnvironmentValueProvider
2026-09-24 11:32:31 [main] DEBUG liquibase.servicelocator - Loaded liquibase.servicelocator.ServiceLocator instance liquibase.servicelocator.StandardServiceLocator
2026-09-24 11:32:31 [main] DEBUG liquibase.configuration - No configuration value for liquibase.shouldRun aka should.run found
2026-09-24 11:32:31 [main] DEBUG liquibase.configuration - Configuration liquibase.shouldRun is using the default value of true
2026-09-24 11:32:31 [main] DEBUG com.zaxxer.hikari.HikariConfig - HikariPool-1 - configuration:
2026-09-24 11:32:31 [main] DEBUG com.zaxxer.hikari.HikariConfig - allowPoolSuspension.............false
2026-09-24 11:32:31 [main] DEBUG com.zaxxer.hikari.HikariConfig - autoCommit......................true
2026-09-24 11:32:31 [main] DEBUG com.zaxxer.hikari.HikariConfig - catalog.........................none
2026-09-24 11:32:31 [main] DEBUG com.zaxxer.hikari.HikariConfig - connectionInitSql...............none
2026-09-24 11:32:31 [main] DEBUG com.zaxxer.hikari.HikariConfig - connectionTestQuery.............none
2026-09-24 11:32:31 [main] DEBUG com.zaxxer.hikari.HikariConfig - connectionTimeout...............30000
2026-09-24 11:32:31 [main] DEBUG com.zaxxer.hikari.HikariConfig - credentials.....................com.zaxxer.hikari.util.Credentials@141aba65
2026-09-24 11:32:31 [main] DEBUG com.zaxxer.hikari.HikariConfig - credentialsProvider.............none
2026-09-24 11:32:31 [main] DEBUG com.zaxxer.hikari.HikariConfig - credentialsProviderClassName....none
2026-09-24 11:32:31 [main] DEBUG com.zaxxer.hikari.HikariConfig - dataSource......................none
2026-09-24 11:32:31 [main] DEBUG com.zaxxer.hikari.HikariConfig - dataSourceClassName.............none
2026-09-24 11:32:31 [main] DEBUG com.zaxxer.hikari.HikariConfig - dataSourceJNDI..................none
2026-09-24 11:32:31 [main] DEBUG com.zaxxer.hikari.HikariConfig - dataSourceProperties............{password=<masked>}
2026-09-24 11:32:31 [main] DEBUG com.zaxxer.hikari.HikariConfig - driverClassName................."org.postgresql.Driver"
2026-09-24 11:32:31 [main] DEBUG com.zaxxer.hikari.HikariConfig - exceptionOverride...............none
2026-09-24 11:32:31 [main] DEBUG com.zaxxer.hikari.HikariConfig - exceptionOverrideClassName......none
2026-09-24 11:32:31 [main] DEBUG com.zaxxer.hikari.HikariConfig - healthCheckProperties...........{}
2026-09-24 11:32:31 [main] DEBUG com.zaxxer.hikari.HikariConfig - healthCheckRegistry.............none
2026-09-24 11:32:31 [main] DEBUG com.zaxxer.hikari.HikariConfig - idleTimeout.....................600000
2026-09-24 11:32:31 [main] DEBUG com.zaxxer.hikari.HikariConfig - initializationFailTimeout.......1
2026-09-24 11:32:31 [main] DEBUG com.zaxxer.hikari.HikariConfig - isolateInternalQueries..........false
2026-09-24 11:32:31 [main] DEBUG com.zaxxer.hikari.HikariConfig - jdbcUrl.........................jdbc:postgresql://localhost:5432/user_service
2026-09-24 11:32:31 [main] DEBUG com.zaxxer.hikari.HikariConfig - keepaliveTime...................120000
2026-09-24 11:32:31 [main] DEBUG com.zaxxer.hikari.HikariConfig - leakDetectionThreshold..........0
2026-09-24 11:32:31 [main] DEBUG com.zaxxer.hikari.HikariConfig - maxLifetime.....................1800000
2026-09-24 11:32:31 [main] DEBUG com.zaxxer.hikari.HikariConfig - maximumPoolSize.................10
2026-09-24 11:32:31 [main] DEBUG com.zaxxer.hikari.HikariConfig - metricRegistry..................none
2026-09-24 11:32:31 [main] DEBUG com.zaxxer.hikari.HikariConfig - metricsTrackerFactory...........none
2026-09-24 11:32:31 [main] DEBUG com.zaxxer.hikari.HikariConfig - minimumIdle.....................10
2026-09-24 11:32:31 [main] DEBUG com.zaxxer.hikari.HikariConfig - password........................<masked>
2026-09-24 11:32:31 [main] DEBUG com.zaxxer.hikari.HikariConfig - poolName........................"HikariPool-1"
2026-09-24 11:32:31 [main] DEBUG com.zaxxer.hikari.HikariConfig - readOnly........................false
2026-09-24 11:32:31 [main] DEBUG com.zaxxer.hikari.HikariConfig - registerMbeans..................false
2026-09-24 11:32:31 [main] DEBUG com.zaxxer.hikari.HikariConfig - scheduledExecutor...............none
2026-09-24 11:32:31 [main] DEBUG com.zaxxer.hikari.HikariConfig - schema..........................none
2026-09-24 11:32:31 [main] DEBUG com.zaxxer.hikari.HikariConfig - threadFactory...................internal
2026-09-24 11:32:31 [main] DEBUG com.zaxxer.hikari.HikariConfig - transactionIsolation............default
2026-09-24 11:32:31 [main] DEBUG com.zaxxer.hikari.HikariConfig - username........................"postgres"
2026-09-24 11:32:31 [main] DEBUG com.zaxxer.hikari.HikariConfig - validationTimeout...............5000
2026-09-24 11:32:31 [main] INFO  com.zaxxer.hikari.HikariDataSource - HikariPool-1 - Starting...
2026-09-24 11:32:32 [main] DEBUG com.zaxxer.hikari.pool.PoolBase - HikariPool-1 - Attempting to create/setup new connection (6632f6fc-11eb-45e4-b400-211c07ff493e)
2026-09-24 11:32:34 [main] DEBUG com.zaxxer.hikari.pool.PoolBase - HikariPool-1 - Failed to create/setup connection (6632f6fc-11eb-45e4-b400-211c07ff493e): Драйвер столкнулся с непредвиденной ошибкой. Сообщите об этом исключении.
2026-09-24 11:32:34 [main] DEBUG com.zaxxer.hikari.pool.HikariPool - HikariPool-1 - Cannot acquire connection from data source
org.postgresql.util.PSQLException: Драйвер столкнулся с непредвиденной ошибкой. Сообщите об этом исключении.
	at org.postgresql.Driver.connect(Driver.java:327)
	at com.zaxxer.hikari.util.DriverDataSource.getConnection(DriverDataSource.java:144)
	at com.zaxxer.hikari.pool.PoolBase.newConnection(PoolBase.java:373)
	at com.zaxxer.hikari.pool.PoolBase.newPoolEntry(PoolBase.java:210)
	at com.zaxxer.hikari.pool.HikariPool.createPoolEntry(HikariPool.java:488)
	at com.zaxxer.hikari.pool.HikariPool.checkFailFast(HikariPool.java:576)
	at com.zaxxer.hikari.pool.HikariPool.<init>(HikariPool.java:97)
	at com.zaxxer.hikari.HikariDataSource.getConnection(HikariDataSource.java:111)
	at liquibase.integration.spring.SpringLiquibase.lambda$afterPropertiesSet$0(SpringLiquibase.java:276)
	at liquibase.Scope.lambda$child$0(Scope.java:243)
	at liquibase.Scope.child(Scope.java:252)
	at liquibase.Scope.child(Scope.java:242)
	at liquibase.Scope.child(Scope.java:221)
	at liquibase.integration.spring.SpringLiquibase.afterPropertiesSet(SpringLiquibase.java:272)
	at org.springframework.beans.factory.support.AbstractAutowireCapableBeanFactory.invokeInitMethods(AbstractAutowireCapableBeanFactory.java:1862)
	at org.springframework.beans.factory.support.AbstractAutowireCapableBeanFactory.initializeBean(AbstractAutowireCapableBeanFactory.java:1811)
	at org.springframework.beans.factory.support.AbstractAutowireCapableBeanFactory.doCreateBean(AbstractAutowireCapableBeanFactory.java:603)
	at org.springframework.beans.factory.support.AbstractAutowireCapableBeanFactory.createBean(AbstractAutowireCapableBeanFactory.java:525)
	at org.springframework.beans.factory.support.AbstractBeanFactory.lambda$doGetBean$0(AbstractBeanFactory.java:333)
	at org.springframework.beans.factory.support.DefaultSingletonBeanRegistry.getSingleton(DefaultSingletonBeanRegistry.java:371)
	at org.springframework.beans.factory.support.AbstractBeanFactory.doGetBean(AbstractBeanFactory.java:331)
	at org.springframework.beans.factory.support.AbstractBeanFactory.getBean(AbstractBeanFactory.java:196)
	at org.springframework.beans.factory.support.AbstractBeanFactory.doGetBean(AbstractBeanFactory.java:309)
	at org.springframework.beans.factory.support.AbstractBeanFactory.getBean(AbstractBeanFactory.java:201)
	at org.springframework.context.support.AbstractApplicationContext.finishBeanFactoryInitialization(AbstractApplicationContext.java:977)
	at org.springframework.context.support.AbstractApplicationContext.refresh(AbstractApplicationContext.java:621)
	at org.springframework.boot.SpringApplication.refresh(SpringApplication.java:756)
	at org.springframework.boot.SpringApplication.refreshContext(SpringApplication.java:445)
	at org.springframework.boot.SpringApplication.run(SpringApplication.java:321)
	at org.springframework.boot.test.context.SpringBootContextLoader.lambda$loadContext$2(SpringBootContextLoader.java:155)
	at org.springframework.util.function.ThrowingSupplier.get(ThrowingSupplier.java:58)
	at org.springframework.util.function.ThrowingSupplier.get(ThrowingSupplier.java:46)
	at org.springframework.boot.SpringApplication.withHook(SpringApplication.java:1465)
	at org.springframework.boot.test.context.SpringBootContextLoader$ContextLoaderHook.run(SpringBootContextLoader.java:600)
	at org.springframework.boot.test.context.SpringBootContextLoader.loadContext(SpringBootContextLoader.java:155)
	at org.springframework.boot.test.context.SpringBootContextLoader.loadContext(SpringBootContextLoader.java:114)
	at org.springframework.test.context.cache.DefaultCacheAwareContextLoaderDelegate.loadContextInternal(DefaultCacheAwareContextLoaderDelegate.java:247)
	at org.springframework.test.context.cache.DefaultCacheAwareContextLoaderDelegate.lambda$loadContext$0(DefaultCacheAwareContextLoaderDelegate.java:167)
	at org.springframework.test.context.cache.DefaultContextCache.put(DefaultContextCache.java:214)
	at org.springframework.test.context.cache.DefaultCacheAwareContextLoaderDelegate.loadContext(DefaultCacheAwareContextLoaderDelegate.java:160)
	at org.springframework.test.context.support.DefaultTestContext.getApplicationContext(DefaultTestContext.java:128)
	at org.springframework.test.context.web.ServletTestExecutionListener.setUpRequestContextIfNecessary(ServletTestExecutionListener.java:200)
	at org.springframework.test.context.web.ServletTestExecutionListener.prepareTestInstance(ServletTestExecutionListener.java:139)
	at org.springframework.test.context.TestContextManager.prepareTestInstance(TestContextManager.java:260)
	at org.springframework.test.context.junit.jupiter.SpringExtension.postProcessTestInstance(SpringExtension.java:242)
	at org.junit.jupiter.engine.descriptor.ClassBasedTestDescriptor.lambda$invokeTestInstancePostProcessors$1(ClassBasedTestDescriptor.java:423)
	at org.junit.jupiter.engine.descriptor.ClassBasedTestDescriptor.executeAndMaskThrowable(ClassBasedTestDescriptor.java:428)
	at org.junit.jupiter.engine.descriptor.ClassBasedTestDescriptor.lambda$invokeTestInstancePostProcessors$0(ClassBasedTestDescriptor.java:422)
	at java.base/java.util.stream.ForEachOps$ForEachOp$OfRef.accept(ForEachOps.java:183)
	at java.base/java.util.stream.ReferencePipeline$3$1.accept(ReferencePipeline.java:197)
	at java.base/java.util.stream.ReferencePipeline$2$1.accept(ReferencePipeline.java:179)
	at java.base/java.util.stream.ReferencePipeline$3$1.accept(ReferencePipeline.java:197)
	at java.base/java.util.ArrayList$ArrayListSpliterator.forEachRemaining(ArrayList.java:1625)
	at java.base/java.util.stream.AbstractPipeline.copyInto(AbstractPipeline.java:509)
	at java.base/java.util.stream.AbstractPipeline.wrapAndCopyInto(AbstractPipeline.java:499)
	at java.base/java.util.stream.ForEachOps$ForEachOp.evaluateSequential(ForEachOps.java:150)
	at java.base/java.util.stream.ForEachOps$ForEachOp$OfRef.evaluateSequential(ForEachOps.java:173)
	at java.base/java.util.stream.AbstractPipeline.evaluate(AbstractPipeline.java:234)
	at java.base/java.util.stream.ReferencePipeline.forEach(ReferencePipeline.java:596)
	at org.junit.jupiter.engine.descriptor.ClassBasedTestDescriptor.invokeTestInstancePostProcessors(ClassBasedTestDescriptor.java:422)
	at org.junit.jupiter.engine.descriptor.ClassBasedTestDescriptor.lambda$instantiateAndPostProcessTestInstance$0(ClassBasedTestDescriptor.java:334)
	at org.junit.platform.engine.support.hierarchical.ThrowableCollector.execute(ThrowableCollector.java:74)
	at org.junit.jupiter.engine.descriptor.ClassBasedTestDescriptor.instantiateAndPostProcessTestInstance(ClassBasedTestDescriptor.java:333)
	at org.junit.jupiter.engine.descriptor.ClassBasedTestDescriptor.lambda$testInstancesProvider$1(ClassBasedTestDescriptor.java:322)
	at java.base/java.util.Optional.orElseGet(Optional.java:364)
	at org.junit.jupiter.engine.descriptor.ClassBasedTestDescriptor.lambda$testInstancesProvider$0(ClassBasedTestDescriptor.java:321)
	at org.junit.jupiter.engine.execution.TestInstancesProvider.getTestInstances(TestInstancesProvider.java:27)
	at org.junit.jupiter.engine.descriptor.TestMethodTestDescriptor.lambda$prepare$0(TestMethodTestDescriptor.java:127)
	at org.junit.platform.engine.support.hierarchical.ThrowableCollector.execute(ThrowableCollector.java:74)
	at org.junit.jupiter.engine.descriptor.TestMethodTestDescriptor.prepare(TestMethodTestDescriptor.java:126)
	at org.junit.jupiter.engine.descriptor.TestMethodTestDescriptor.prepare(TestMethodTestDescriptor.java:70)
	at org.junit.platform.engine.support.hierarchical.NodeTestTask.lambda$prepare$0(NodeTestTask.java:144)
	at org.junit.platform.engine.support.hierarchical.ThrowableCollector.execute(ThrowableCollector.java:74)
	at org.junit.platform.engine.support.hierarchical.NodeTestTask.prepare(NodeTestTask.java:144)
	at org.junit.platform.engine.support.hierarchical.NodeTestTask.execute(NodeTestTask.java:110)
	at java.base/java.util.ArrayList.forEach(ArrayList.java:1511)
	at org.junit.platform.engine.support.hierarchical.SameThreadHierarchicalTestExecutorService.invokeAll(SameThreadHierarchicalTestExecutorService.java:42)
	at org.junit.platform.engine.support.hierarchical.NodeTestTask.lambda$executeRecursively$2(NodeTestTask.java:180)
	at org.junit.platform.engine.support.hierarchical.ThrowableCollector.execute(ThrowableCollector.java:74)
	at org.junit.platform.engine.support.hierarchical.NodeTestTask.lambda$executeRecursively$1(NodeTestTask.java:166)
	at org.junit.platform.engine.support.hierarchical.Node.around(Node.java:138)
	at org.junit.platform.engine.support.hierarchical.NodeTestTask.lambda$executeRecursively$0(NodeTestTask.java:164)
	at org.junit.platform.engine.support.hierarchical.ThrowableCollector.execute(ThrowableCollector.java:74)
	at org.junit.platform.engine.support.hierarchical.NodeTestTask.executeRecursively(NodeTestTask.java:163)
	at org.junit.platform.engine.support.hierarchical.NodeTestTask.execute(NodeTestTask.java:116)
	at java.base/java.util.ArrayList.forEach(ArrayList.java:1511)
	at org.junit.platform.engine.support.hierarchical.SameThreadHierarchicalTestExecutorService.invokeAll(SameThreadHierarchicalTestExecutorService.java:42)
	at org.junit.platform.engine.support.hierarchical.NodeTestTask.lambda$executeRecursively$2(NodeTestTask.java:180)
	at org.junit.platform.engine.support.hierarchical.ThrowableCollector.execute(ThrowableCollector.java:74)
	at org.junit.platform.engine.support.hierarchical.NodeTestTask.lambda$executeRecursively$1(NodeTestTask.java:166)
	at org.junit.platform.engine.support.hierarchical.Node.around(Node.java:138)
	at org.junit.platform.engine.support.hierarchical.NodeTestTask.lambda$executeRecursively$0(NodeTestTask.java:164)
	at org.junit.platform.engine.support.hierarchical.ThrowableCollector.execute(ThrowableCollector.java:74)
	at org.junit.platform.engine.support.hierarchical.NodeTestTask.executeRecursively(NodeTestTask.java:163)
	at org.junit.platform.engine.support.hierarchical.NodeTestTask.execute(NodeTestTask.java:116)
	at org.junit.platform.engine.support.hierarchical.SameThreadHierarchicalTestExecutorService.submit(SameThreadHierarchicalTestExecutorService.java:36)
	at org.junit.platform.engine.support.hierarchical.HierarchicalTestExecutor.execute(HierarchicalTestExecutor.java:52)
	at org.junit.platform.engine.support.hierarchical.HierarchicalTestEngine.execute(HierarchicalTestEngine.java:58)
	at org.junit.platform.launcher.core.EngineExecutionOrchestrator.executeEngine(EngineExecutionOrchestrator.java:246)
	at org.junit.platform.launcher.core.EngineExecutionOrchestrator.failOrExecuteEngine(EngineExecutionOrchestrator.java:218)
	at org.junit.platform.launcher.core.EngineExecutionOrchestrator.execute(EngineExecutionOrchestrator.java:179)
	at org.junit.platform.launcher.core.EngineExecutionOrchestrator.execute(EngineExecutionOrchestrator.java:108)
	at org.junit.platform.launcher.core.EngineExecutionOrchestrator.lambda$execute$0(EngineExecutionOrchestrator.java:66)
	at org.junit.platform.launcher.core.EngineExecutionOrchestrator.withInterceptedStreams(EngineExecutionOrchestrator.java:157)
	at org.junit.platform.launcher.core.EngineExecutionOrchestrator.execute(EngineExecutionOrchestrator.java:65)
	at org.junit.platform.launcher.core.DefaultLauncher.execute(DefaultLauncher.java:125)
	at org.junit.platform.launcher.core.DefaultLauncher.execute(DefaultLauncher.java:114)
	at org.junit.platform.launcher.core.DefaultLauncher.execute(DefaultLauncher.java:93)
	at org.junit.platform.launcher.core.DelegatingLauncher.execute(DelegatingLauncher.java:48)
	at org.junit.platform.launcher.core.InterceptingLauncher.lambda$execute$0(InterceptingLauncher.java:41)
	at org.junit.platform.launcher.core.ClasspathAlignmentCheckingLauncherInterceptor.intercept(ClasspathAlignmentCheckingLauncherInterceptor.java:25)
	at org.junit.platform.launcher.core.InterceptingLauncher.execute(InterceptingLauncher.java:40)
	at org.junit.platform.launcher.core.DelegatingLauncher.execute(DelegatingLauncher.java:48)
	at org.junit.platform.launcher.core.SessionPerRequestLauncher.execute(SessionPerRequestLauncher.java:67)
	at com.intellij.junit6.JUnit6IdeaTestRunner.startRunnerWithArgs(JUnit6IdeaTestRunner.java:67)
	at com.intellij.rt.junit.IdeaTestRunner$Repeater$1.execute(IdeaTestRunner.java:38)
	at com.intellij.rt.execution.junit.TestsRepeater.repeat(TestsRepeater.java:11)
	at com.intellij.rt.junit.IdeaTestRunner$Repeater.startRunnerWithArgs(IdeaTestRunner.java:35)
	at com.intellij.rt.junit.JUnitStarter.prepareStreamsAndStart(JUnitStarter.java:237)
	at com.intellij.rt.junit.JUnitStarter.main(JUnitStarter.java:58)
Caused by: java.lang.StringIndexOutOfBoundsException: offset 5, count -269553430, length 8192
	at java.base/java.lang.String.checkBoundsOffCount(String.java:4591)
	at java.base/java.lang.String.<init>(String.java:523)
	at org.postgresql.core.Encoding.decode(Encoding.java:284)
	at org.postgresql.core.PGStream.receiveErrorString(PGStream.java:539)
	at org.postgresql.core.v3.ConnectionFactoryImpl.doAuthentication(ConnectionFactoryImpl.java:835)
	at org.postgresql.core.v3.ConnectionFactoryImpl.tryConnect(ConnectionFactoryImpl.java:309)
	at org.postgresql.core.v3.ConnectionFactoryImpl.openConnectionImpl(ConnectionFactoryImpl.java:367)
	at org.postgresql.core.ConnectionFactory.openConnection(ConnectionFactory.java:52)
	at org.postgresql.jdbc.PgConnection.<init>(PgConnection.java:295)
	at org.postgresql.Driver.makeConnection(Driver.java:437)
	at org.postgresql.Driver.connect(Driver.java:305)
	... 119 common frames omitted
2026-09-24 11:32:35 [main] WARN  o.s.w.c.s.GenericWebApplicationContext - Exception encountered during context initialization - cancelling refresh attempt: org.springframework.beans.factory.BeanCreationException: Error creating bean with name 'entityManagerFactory' defined in class path resource [org/springframework/boot/hibernate/autoconfigure/HibernateJpaConfiguration.class]: Failed to initialize dependency 'liquibase' of LoadTimeWeaverAware bean 'entityManagerFactory': Error creating bean with name 'liquibase' defined in class path resource [org/springframework/boot/liquibase/autoconfigure/LiquibaseAutoConfiguration$LiquibaseConfiguration.class]: liquibase.exception.DatabaseException: org.postgresql.util.PSQLException: Драйвер столкнулся с непредвиденной ошибкой. Сообщите об этом исключении.
2026-09-24 11:32:35 [main] DEBUG o.s.s.c.ThreadPoolTaskExecutor - Shutting down ExecutorService 'applicationTaskExecutor'
2026-09-24 11:32:35 [main] DEBUG o.s.b.a.l.ConditionEvaluationReportLogger - 


============================
CONDITIONS EVALUATION REPORT
============================


Positive matches:
-----------------

   AopAutoConfiguration matched:
      - @ConditionalOnBooleanProperty (spring.aop.auto=true) matched (OnPropertyCondition)

   AopAutoConfiguration.AspectJAutoProxyingConfiguration matched:
      - @ConditionalOnClass found required class 'org.aspectj.weaver.Advice' (OnClassCondition)

   AopAutoConfiguration.AspectJAutoProxyingConfiguration.CglibAutoProxyConfiguration matched:
      - @ConditionalOnBooleanProperty (spring.aop.proxy-target-class=true) matched (OnPropertyCondition)

   ApplicationAvailabilityAutoConfiguration#applicationAvailability matched:
      - @ConditionalOnMissingBean (types: org.springframework.boot.availability.ApplicationAvailability; SearchStrategy: all) did not find any beans (OnBeanCondition)

   DataJpaRepositoriesAutoConfiguration matched:
      - @ConditionalOnClass found required class 'org.springframework.data.jpa.repository.JpaRepository' (OnClassCondition)
      - @ConditionalOnBooleanProperty (spring.data.jpa.repositories.enabled=true) matched (OnPropertyCondition)
      - @ConditionalOnBean (types: javax.sql.DataSource; SearchStrategy: all) found bean 'dataSource'; @ConditionalOnMissingBean (types: org.springframework.data.jpa.repository.support.JpaRepositoryFactoryBean,org.springframework.data.jpa.repository.config.JpaRepositoryConfigExtension; SearchStrategy: all) did not find any beans (OnBeanCondition)

   DataSourceAutoConfiguration matched:
      - @ConditionalOnClass found required classes 'javax.sql.DataSource', 'org.springframework.jdbc.datasource.embedded.EmbeddedDatabaseType' (OnClassCondition)
      - @ConditionalOnMissingBean (types: io.r2dbc.spi.ConnectionFactory; SearchStrategy: all) did not find any beans (OnBeanCondition)

   DataSourceAutoConfiguration.PooledDataSourceConfiguration matched:
      - AnyNestedCondition 1 matched 1 did not; NestedCondition on DataSourceAutoConfiguration.PooledDataSourceCondition.PooledDataSourceAvailable PooledDataSource found supported DataSource; NestedCondition on DataSourceAutoConfiguration.PooledDataSourceCondition.ExplicitType @ConditionalOnProperty (spring.datasource.type) did not find property 'spring.datasource.type' (DataSourceAutoConfiguration.PooledDataSourceCondition)
      - @ConditionalOnMissingBean (types: javax.sql.DataSource,javax.sql.XADataSource; SearchStrategy: all) did not find any beans (OnBeanCondition)

   DataSourceAutoConfiguration.PooledDataSourceConfiguration#jdbcConnectionDetails matched:
      - @ConditionalOnMissingBean (types: org.springframework.boot.jdbc.autoconfigure.JdbcConnectionDetails; SearchStrategy: all) did not find any beans (OnBeanCondition)

   DataSourceConfiguration.Hikari matched:
      - @ConditionalOnClass found required class 'com.zaxxer.hikari.HikariDataSource' (OnClassCondition)
      - @ConditionalOnProperty (spring.datasource.type=com.zaxxer.hikari.HikariDataSource) matched (OnPropertyCondition)
      - @ConditionalOnMissingBean (types: javax.sql.DataSource; SearchStrategy: all) did not find any beans (OnBeanCondition)

   DataSourceInitializationAutoConfiguration matched:
      - @ConditionalOnClass found required class 'org.springframework.jdbc.datasource.init.DatabasePopulator' (OnClassCondition)
      - SQL InitializationDatabase Initialization default value is EMBEDDED (OnSqlInitializationCondition)
      - @ConditionalOnSingleCandidate (types: javax.sql.DataSource; SearchStrategy: all) found a single bean 'dataSource'; @ConditionalOnMissingBean (types: org.springframework.boot.sql.autoconfigure.init.ApplicationScriptDatabaseInitializer; SearchStrategy: all) did not find any beans (OnBeanCondition)

   DataSourcePoolMetadataProvidersConfiguration.HikariPoolDataSourceMetadataProviderConfiguration matched:
      - @ConditionalOnClass found required class 'com.zaxxer.hikari.HikariDataSource' (OnClassCondition)

   DataSourceTransactionManagerAutoConfiguration matched:
      - @ConditionalOnClass found required classes 'javax.sql.DataSource', 'org.springframework.jdbc.core.JdbcTemplate', 'org.springframework.transaction.TransactionManager' (OnClassCondition)

   DataSourceTransactionManagerAutoConfiguration.JdbcTransactionManagerConfiguration matched:
      - @ConditionalOnSingleCandidate (types: javax.sql.DataSource; SearchStrategy: all) found a single bean 'dataSource' (OnBeanCondition)

   DataWebAutoConfiguration matched:
      - @ConditionalOnClass found required classes 'org.springframework.data.web.PageableHandlerMethodArgumentResolver', 'org.springframework.web.servlet.config.annotation.WebMvcConfigurer' (OnClassCondition)
      - found 'session' scope (OnWebApplicationCondition)
      - @ConditionalOnMissingBean (types: org.springframework.data.web.PageableHandlerMethodArgumentResolver; SearchStrategy: all) did not find any beans (OnBeanCondition)

   DataWebAutoConfiguration#pageableCustomizer matched:
      - @ConditionalOnMissingBean (types: org.springframework.data.web.config.PageableHandlerMethodArgumentResolverCustomizer; SearchStrategy: all) did not find any beans (OnBeanCondition)

   DataWebAutoConfiguration#sortCustomizer matched:
      - @ConditionalOnMissingBean (types: org.springframework.data.web.config.SortHandlerMethodArgumentResolverCustomizer; SearchStrategy: all) did not find any beans (OnBeanCondition)

   DataWebAutoConfiguration#springDataWebSettings matched:
      - @ConditionalOnMissingBean (types: org.springframework.data.web.config.SpringDataWebSettings; SearchStrategy: all) did not find any beans (OnBeanCondition)

   DispatcherServletAutoConfiguration matched:
      - @ConditionalOnClass found required class 'org.springframework.web.servlet.DispatcherServlet' (OnClassCondition)
      - found 'session' scope (OnWebApplicationCondition)

   DispatcherServletAutoConfiguration.DispatcherServletConfiguration matched:
      - @ConditionalOnClass found required class 'jakarta.servlet.ServletRegistration' (OnClassCondition)
      - Default DispatcherServlet did not find dispatcher servlet beans (DispatcherServletAutoConfiguration.DefaultDispatcherServletCondition)

   DispatcherServletAutoConfiguration.DispatcherServletRegistrationConfiguration matched:
      - @ConditionalOnClass found required class 'jakarta.servlet.ServletRegistration' (OnClassCondition)
      - DispatcherServlet Registration did not find servlet registration bean (DispatcherServletAutoConfiguration.DispatcherServletRegistrationCondition)

   DispatcherServletAutoConfiguration.DispatcherServletRegistrationConfiguration#dispatcherServletRegistration matched:
      - @ConditionalOnBean (names: dispatcherServlet types: org.springframework.web.servlet.DispatcherServlet; SearchStrategy: all) found bean 'dispatcherServlet' (OnBeanCondition)

   ErrorMvcAutoConfiguration matched:
      - @ConditionalOnClass found required classes 'jakarta.servlet.Servlet', 'org.springframework.web.servlet.DispatcherServlet' (OnClassCondition)
      - found 'session' scope (OnWebApplicationCondition)

   ErrorMvcAutoConfiguration#basicErrorController matched:
      - @ConditionalOnMissingBean (types: org.springframework.boot.webmvc.error.ErrorController; SearchStrategy: current) did not find any beans (OnBeanCondition)

   ErrorMvcAutoConfiguration#errorAttributes matched:
      - @ConditionalOnMissingBean (types: org.springframework.boot.webmvc.error.ErrorAttributes; SearchStrategy: current) did not find any beans (OnBeanCondition)

   ErrorMvcAutoConfiguration.DefaultErrorViewResolverConfiguration#conventionErrorViewResolver matched:
      - @ConditionalOnBean (types: org.springframework.web.servlet.DispatcherServlet; SearchStrategy: all) found bean 'dispatcherServlet'; @ConditionalOnMissingBean (types: org.springframework.boot.webmvc.autoconfigure.error.ErrorViewResolver; SearchStrategy: all) did not find any beans (OnBeanCondition)

   ErrorMvcAutoConfiguration.WhitelabelErrorViewConfiguration matched:
      - @ConditionalOnBooleanProperty (spring.web.error.whitelabel.enabled=true) matched (OnPropertyCondition)
      - ErrorTemplate Missing did not find error template view (ErrorMvcAutoConfiguration.ErrorTemplateMissingCondition)

   ErrorMvcAutoConfiguration.WhitelabelErrorViewConfiguration#beanNameViewResolver matched:
      - @ConditionalOnMissingBean (types: org.springframework.web.servlet.view.BeanNameViewResolver; SearchStrategy: all) did not find any beans (OnBeanCondition)

   ErrorMvcAutoConfiguration.WhitelabelErrorViewConfiguration#defaultErrorView matched:
      - @ConditionalOnMissingBean (names: error; SearchStrategy: all) did not find any beans (OnBeanCondition)

   HibernateJpaAutoConfiguration matched:
      - @ConditionalOnClass found required classes 'org.springframework.orm.jpa.LocalContainerEntityManagerFactoryBean', 'jakarta.persistence.EntityManager', 'org.hibernate.engine.spi.SessionImplementor' (OnClassCondition)

   HibernateJpaConfiguration matched:
      - @ConditionalOnSingleCandidate (types: javax.sql.DataSource; SearchStrategy: all) found a single bean 'dataSource' (OnBeanCondition)

   HttpEncodingAutoConfiguration matched:
      - @ConditionalOnClass found required class 'org.springframework.web.filter.CharacterEncodingFilter' (OnClassCondition)
      - found 'session' scope (OnWebApplicationCondition)
      - @ConditionalOnBooleanProperty (spring.servlet.encoding.enabled=true) matched (OnPropertyCondition)

   HttpEncodingAutoConfiguration#characterEncodingFilter matched:
      - @ConditionalOnMissingBean (types: org.springframework.web.filter.CharacterEncodingFilter; SearchStrategy: all) did not find any beans (OnBeanCondition)

   HttpMessageConvertersAutoConfiguration matched:
      - @ConditionalOnClass found required class 'org.springframework.http.converter.HttpMessageConverter' (OnClassCondition)
      - NoneNestedConditions 0 matched 1 did not; NestedCondition on HttpMessageConvertersAutoConfiguration.NotReactiveWebApplicationCondition.ReactiveWebApplication did not find reactive web application classes (HttpMessageConvertersAutoConfiguration.NotReactiveWebApplicationCondition)

   HttpMessageConvertersAutoConfiguration.StringHttpMessageConverterConfiguration#stringHttpMessageConvertersCustomizer matched:
      - @ConditionalOnMissingBean (types: org.springframework.http.converter.StringHttpMessageConverter; SearchStrategy: all) did not find any beans (OnBeanCondition)

   JacksonAutoConfiguration matched:
      - @ConditionalOnClass found required class 'tools.jackson.databind.json.JsonMapper' (OnClassCondition)

   JacksonAutoConfiguration#jacksonJsonMapper matched:
      - @ConditionalOnMissingBean (types: tools.jackson.databind.json.JsonMapper; SearchStrategy: all) did not find any beans (OnBeanCondition)

   JacksonAutoConfiguration#jsonFactory matched:
      - @ConditionalOnMissingBean (types: tools.jackson.core.json.JsonFactory; SearchStrategy: all) did not find any beans (OnBeanCondition)

   JacksonAutoConfiguration#jsonMapperBuilder matched:
      - @ConditionalOnMissingBean (types: tools.jackson.databind.json.JsonMapper$Builder; SearchStrategy: all) did not find any beans (OnBeanCondition)

   JacksonAutoConfiguration.JsonProblemDetailsConfiguration matched:
      - @ConditionalOnClass found required class 'org.springframework.http.ProblemDetail' (OnClassCondition)

   JacksonHttpMessageConvertersConfiguration.JacksonJsonHttpMessageConverterConfiguration matched:
      - @ConditionalOnClass found required class 'tools.jackson.databind.json.JsonMapper' (OnClassCondition)
      - @ConditionalOnProperty (spring.http.converters.preferred-json-mapper=jackson) matched (OnPropertyCondition)
      - @ConditionalOnBean (types: tools.jackson.databind.json.JsonMapper; SearchStrategy: all) found bean 'jacksonJsonMapper' (OnBeanCondition)

   JacksonHttpMessageConvertersConfiguration.JacksonJsonHttpMessageConverterConfiguration#jacksonJsonHttpMessageConvertersCustomizer matched:
      - @ConditionalOnMissingBean (types: org.springframework.http.converter.json.JacksonJsonHttpMessageConverter ignored: org.springframework.hateoas.server.mvc.TypeConstrainedJacksonJsonHttpMessageConverter,org.springframework.data.rest.webmvc.alps.AlpsJacksonJsonHttpMessageConverter; SearchStrategy: all) did not find any beans (OnBeanCondition)

   JdbcClientAutoConfiguration matched:
      - @ConditionalOnSingleCandidate (types: org.springframework.jdbc.core.namedparam.NamedParameterJdbcTemplate; SearchStrategy: all) found a single bean 'namedParameterJdbcTemplate'; @ConditionalOnMissingBean (types: org.springframework.jdbc.core.simple.JdbcClient; SearchStrategy: all) did not find any beans (OnBeanCondition)

   JdbcTemplateAutoConfiguration matched:
      - @ConditionalOnClass found required classes 'javax.sql.DataSource', 'org.springframework.jdbc.core.JdbcTemplate' (OnClassCondition)
      - @ConditionalOnSingleCandidate (types: javax.sql.DataSource; SearchStrategy: all) found a single bean 'dataSource' (OnBeanCondition)

   JdbcTemplateConfiguration matched:
      - @ConditionalOnMissingBean (types: org.springframework.jdbc.core.JdbcOperations; SearchStrategy: all) did not find any beans (OnBeanCondition)

   JpaBaseConfiguration#entityManagerFactory matched:
      - @ConditionalOnMissingBean (types: org.springframework.orm.jpa.LocalContainerEntityManagerFactoryBean,jakarta.persistence.EntityManagerFactory; SearchStrategy: all) did not find any beans (OnBeanCondition)

   JpaBaseConfiguration#entityManagerFactoryBuilder matched:
      - @ConditionalOnMissingBean (types: org.springframework.boot.jpa.EntityManagerFactoryBuilder; SearchStrategy: all) did not find any beans (OnBeanCondition)

   JpaBaseConfiguration#jpaVendorAdapter matched:
      - @ConditionalOnMissingBean (types: org.springframework.orm.jpa.JpaVendorAdapter; SearchStrategy: all) did not find any beans (OnBeanCondition)

   JpaBaseConfiguration#transactionManager matched:
      - @ConditionalOnMissingBean (types: org.springframework.transaction.TransactionManager; SearchStrategy: all) did not find any beans (OnBeanCondition)

   JpaBaseConfiguration.PersistenceManagedTypesConfiguration matched:
      - @ConditionalOnMissingBean (types: org.springframework.orm.jpa.LocalContainerEntityManagerFactoryBean,jakarta.persistence.EntityManagerFactory; SearchStrategy: all) did not find any beans (OnBeanCondition)

   JpaBaseConfiguration.PersistenceManagedTypesConfiguration#persistenceManagedTypes matched:
      - @ConditionalOnMissingBean (types: org.springframework.orm.jpa.persistenceunit.PersistenceManagedTypes; SearchStrategy: all) did not find any beans (OnBeanCondition)

   JtaAutoConfiguration matched:
      - @ConditionalOnClass found required class 'jakarta.transaction.Transaction' (OnClassCondition)
      - @ConditionalOnBooleanProperty (spring.jta.enabled=true) matched (OnPropertyCondition)

   KafkaAnnotationDrivenConfiguration matched:
      - @ConditionalOnClass found required class 'org.springframework.kafka.annotation.EnableKafka' (OnClassCondition)

   KafkaAnnotationDrivenConfiguration#kafkaListenerContainerFactory matched:
      - @ConditionalOnMissingBean (names: kafkaListenerContainerFactory; SearchStrategy: all) did not find any beans (OnBeanCondition)

   KafkaAnnotationDrivenConfiguration#kafkaListenerContainerFactoryConfigurer matched:
      - @ConditionalOnMissingBean (types: org.springframework.boot.kafka.autoconfigure.ConcurrentKafkaListenerContainerFactoryConfigurer; SearchStrategy: all) did not find any beans (OnBeanCondition)
      - @ConditionalOnThreading found PLATFORM (OnThreadingCondition)

   KafkaAnnotationDrivenConfiguration.EnableKafkaConfiguration matched:
      - @ConditionalOnMissingBean (names: org.springframework.kafka.config.internalKafkaListenerAnnotationProcessor; SearchStrategy: all) did not find any beans (OnBeanCondition)

   KafkaAutoConfiguration matched:
      - @ConditionalOnClass found required class 'org.springframework.kafka.core.KafkaTemplate' (OnClassCondition)

   KafkaAutoConfiguration#kafkaAdmin matched:
      - @ConditionalOnMissingBean (types: org.springframework.kafka.core.KafkaAdmin; SearchStrategy: all) did not find any beans (OnBeanCondition)

   KafkaAutoConfiguration#kafkaConnectionDetails matched:
      - @ConditionalOnMissingBean (types: org.springframework.boot.kafka.autoconfigure.KafkaConnectionDetails; SearchStrategy: all) did not find any beans (OnBeanCondition)

   KafkaAutoConfiguration#kafkaConsumerFactory matched:
      - @ConditionalOnMissingBean (types: org.springframework.kafka.core.ConsumerFactory; SearchStrategy: all) did not find any beans (OnBeanCondition)

   KafkaAutoConfiguration#kafkaProducerFactory matched:
      - @ConditionalOnMissingBean (types: org.springframework.kafka.core.ProducerFactory; SearchStrategy: all) did not find any beans (OnBeanCondition)

   KafkaAutoConfiguration#kafkaProducerListener matched:
      - @ConditionalOnMissingBean (types: org.springframework.kafka.support.ProducerListener; SearchStrategy: all) did not find any beans (OnBeanCondition)

   KafkaAutoConfiguration#kafkaTemplate matched:
      - @ConditionalOnMissingBean (types: org.springframework.kafka.core.KafkaTemplate; SearchStrategy: all) did not find any beans (OnBeanCondition)

   LifecycleAutoConfiguration#defaultLifecycleProcessor matched:
      - @ConditionalOnMissingBean (names: lifecycleProcessor; SearchStrategy: current) did not find any beans (OnBeanCondition)

   LiquibaseAutoConfiguration matched:
      - @ConditionalOnClass found required classes 'liquibase.integration.spring.SpringLiquibase', 'liquibase.change.DatabaseChange' (OnClassCondition)
      - @ConditionalOnBooleanProperty (spring.liquibase.enabled=true) matched (OnPropertyCondition)
      - AnyNestedCondition 2 matched 1 did not; NestedCondition on LiquibaseAutoConfiguration.LiquibaseDataSourceCondition.LiquibaseUrlCondition @ConditionalOnProperty (spring.liquibase.url) did not find property 'spring.liquibase.url'; NestedCondition on LiquibaseAutoConfiguration.LiquibaseDataSourceCondition.JdbcConnectionDetailsCondition @ConditionalOnBean (types: org.springframework.boot.jdbc.autoconfigure.JdbcConnectionDetails; SearchStrategy: all) found bean 'jdbcConnectionDetails'; NestedCondition on LiquibaseAutoConfiguration.LiquibaseDataSourceCondition.DataSourceBeanCondition @ConditionalOnBean (types: javax.sql.DataSource; SearchStrategy: all) found bean 'dataSource' (LiquibaseAutoConfiguration.LiquibaseDataSourceCondition)

   LiquibaseAutoConfiguration.CustomizerConfiguration matched:
      - @ConditionalOnClass found required class 'liquibase.integration.spring.Customizer' (OnClassCondition)

   LiquibaseAutoConfiguration.LiquibaseConfiguration matched:
      - @ConditionalOnClass found required class 'org.springframework.jdbc.core.ConnectionCallback' (OnClassCondition)
      - @ConditionalOnMissingBean (types: liquibase.integration.spring.SpringLiquibase; SearchStrategy: all) did not find any beans (OnBeanCondition)

   LiquibaseAutoConfiguration.LiquibaseConfiguration#liquibaseConnectionDetails matched:
      - @ConditionalOnMissingBean (types: org.springframework.boot.liquibase.autoconfigure.LiquibaseConnectionDetails; SearchStrategy: all) did not find any beans (OnBeanCondition)

   MultipartAutoConfiguration matched:
      - @ConditionalOnClass found required classes 'jakarta.servlet.Servlet', 'org.springframework.web.multipart.support.StandardServletMultipartResolver', 'jakarta.servlet.MultipartConfigElement' (OnClassCondition)
      - found 'session' scope (OnWebApplicationCondition)
      - @ConditionalOnBooleanProperty (spring.servlet.multipart.enabled=true) matched (OnPropertyCondition)

   MultipartAutoConfiguration#multipartConfigElement matched:
      - @ConditionalOnMissingBean (types: jakarta.servlet.MultipartConfigElement; SearchStrategy: all) did not find any beans (OnBeanCondition)

   MultipartAutoConfiguration#multipartResolver matched:
      - @ConditionalOnMissingBean (types: org.springframework.web.multipart.MultipartResolver; SearchStrategy: all) did not find any beans (OnBeanCondition)

   NamedParameterJdbcTemplateConfiguration matched:
      - @ConditionalOnSingleCandidate (types: org.springframework.jdbc.core.JdbcTemplate; SearchStrategy: all) found a single bean 'jdbcTemplate'; @ConditionalOnMissingBean (types: org.springframework.jdbc.core.namedparam.NamedParameterJdbcOperations; SearchStrategy: all) did not find any beans (OnBeanCondition)

   PersistenceExceptionTranslationAutoConfiguration matched:
      - @ConditionalOnClass found required class 'org.springframework.dao.annotation.PersistenceExceptionTranslationPostProcessor' (OnClassCondition)

   PersistenceExceptionTranslationAutoConfiguration#persistenceExceptionTranslationPostProcessor matched:
      - @ConditionalOnBooleanProperty (spring.persistence.exceptiontranslation.enabled=true) matched (OnPropertyCondition)
      - @ConditionalOnMissingBean (types: org.springframework.dao.annotation.PersistenceExceptionTranslationPostProcessor; SearchStrategy: all) did not find any beans (OnBeanCondition)

   PropertyPlaceholderAutoConfiguration#propertySourcesPlaceholderConfigurer matched:
      - @ConditionalOnMissingBean (types: org.springframework.context.support.PropertySourcesPlaceholderConfigurer; SearchStrategy: current) did not find any beans (OnBeanCondition)

   SslAutoConfiguration#sslBundleRegistry matched:
      - @ConditionalOnMissingBean (types: org.springframework.boot.ssl.SslBundleRegistry,org.springframework.boot.ssl.SslBundles; SearchStrategy: all) did not find any beans (OnBeanCondition)

   TaskExecutionAutoConfiguration matched:
      - @ConditionalOnClass found required class 'org.springframework.scheduling.concurrent.ThreadPoolTaskExecutor' (OnClassCondition)

   TaskExecutorConfigurations.AsyncConfigurerConfiguration matched:
      - @ConditionalOnMissingBean (types: org.springframework.scheduling.annotation.AsyncConfigurer; SearchStrategy: all) did not find any beans (OnBeanCondition)

   TaskExecutorConfigurations.SimpleAsyncTaskExecutorBuilderConfiguration#simpleAsyncTaskExecutorBuilder matched:
      - @ConditionalOnMissingBean (types: org.springframework.boot.task.SimpleAsyncTaskExecutorBuilder; SearchStrategy: all) did not find any beans (OnBeanCondition)
      - @ConditionalOnThreading found PLATFORM (OnThreadingCondition)

   TaskExecutorConfigurations.TaskExecutorConfiguration matched:
      - AnyNestedCondition 1 matched 1 did not; NestedCondition on TaskExecutorConfigurations.OnExecutorCondition.ModelCondition @ConditionalOnProperty (spring.task.execution.mode=force) did not find property 'spring.task.execution.mode'; NestedCondition on TaskExecutorConfigurations.OnExecutorCondition.ExecutorBeanCondition @ConditionalOnMissingBean (types: java.util.concurrent.Executor; SearchStrategy: all) did not find any beans (TaskExecutorConfigurations.OnExecutorCondition)

   TaskExecutorConfigurations.TaskExecutorConfiguration#applicationTaskExecutor matched:
      - @ConditionalOnThreading found PLATFORM (OnThreadingCondition)

   TaskExecutorConfigurations.ThreadPoolTaskExecutorBuilderConfiguration#threadPoolTaskExecutorBuilder matched:
      - @ConditionalOnMissingBean (types: org.springframework.boot.task.ThreadPoolTaskExecutorBuilder; SearchStrategy: all) did not find any beans (OnBeanCondition)

   TaskSchedulingAutoConfiguration matched:
      - @ConditionalOnClass found required class 'org.springframework.scheduling.concurrent.ThreadPoolTaskScheduler' (OnClassCondition)

   TaskSchedulingConfigurations.SimpleAsyncTaskSchedulerBuilderConfiguration#simpleAsyncTaskSchedulerBuilder matched:
      - @ConditionalOnMissingBean (types: org.springframework.boot.task.SimpleAsyncTaskSchedulerBuilder; SearchStrategy: all) did not find any beans (OnBeanCondition)
      - @ConditionalOnThreading found PLATFORM (OnThreadingCondition)

   TaskSchedulingConfigurations.ThreadPoolTaskSchedulerBuilderConfiguration#threadPoolTaskSchedulerBuilder matched:
      - @ConditionalOnMissingBean (types: org.springframework.boot.task.ThreadPoolTaskSchedulerBuilder; SearchStrategy: all) did not find any beans (OnBeanCondition)

   TomcatServletWebServerAutoConfiguration matched:
      - @ConditionalOnClass found required classes 'jakarta.servlet.ServletRequest', 'org.apache.catalina.startup.Tomcat', 'org.apache.coyote.UpgradeProtocol', 'org.springframework.boot.tomcat.servlet.TomcatServletWebServerFactory' (OnClassCondition)
      - found 'session' scope (OnWebApplicationCondition)

   TomcatServletWebServerAutoConfiguration#tomcatServletWebServerFactory matched:
      - @ConditionalOnMissingBean (types: org.springframework.boot.web.server.servlet.ServletWebServerFactory; SearchStrategy: current) did not find any beans (OnBeanCondition)

   TransactionAutoConfiguration matched:
      - @ConditionalOnClass found required class 'org.springframework.transaction.PlatformTransactionManager' (OnClassCondition)

   TransactionAutoConfiguration.EnableTransactionManagementConfiguration matched:
      - @ConditionalOnBean (types: org.springframework.transaction.TransactionManager; SearchStrategy: all) found bean 'transactionManager'; @ConditionalOnMissingBean (types: org.springframework.transaction.annotation.AbstractTransactionManagementConfiguration; SearchStrategy: all) did not find any beans (OnBeanCondition)

   TransactionAutoConfiguration.EnableTransactionManagementConfiguration.CglibAutoProxyConfiguration matched:
      - @ConditionalOnBooleanProperty (spring.aop.proxy-target-class=true) matched (OnPropertyCondition)

   TransactionAutoConfiguration.TransactionTemplateConfiguration matched:
      - @ConditionalOnSingleCandidate (types: org.springframework.transaction.PlatformTransactionManager; SearchStrategy: all) found a single bean 'transactionManager' (OnBeanCondition)

   TransactionAutoConfiguration.TransactionTemplateConfiguration#transactionTemplate matched:
      - @ConditionalOnMissingBean (types: org.springframework.transaction.support.TransactionOperations; SearchStrategy: all) did not find any beans (OnBeanCondition)

   TransactionManagerCustomizationAutoConfiguration matched:
      - @ConditionalOnClass found required class 'org.springframework.transaction.PlatformTransactionManager' (OnClassCondition)

   TransactionManagerCustomizationAutoConfiguration#platformTransactionManagerCustomizers matched:
      - @ConditionalOnMissingBean (types: org.springframework.boot.transaction.autoconfigure.TransactionManagerCustomizers; SearchStrategy: all) did not find any beans (OnBeanCondition)

   ValidationAutoConfiguration matched:
      - @ConditionalOnClass found required class 'jakarta.validation.executable.ExecutableValidator' (OnClassCondition)
      - @ConditionalOnResource found location classpath:META-INF/services/jakarta.validation.spi.ValidationProvider (OnResourceCondition)

   ValidationAutoConfiguration#defaultValidator matched:
      - @ConditionalOnMissingBean (types: jakarta.validation.Validator; SearchStrategy: all) did not find any beans (OnBeanCondition)

   ValidationAutoConfiguration#methodValidationPostProcessor matched:
      - @ConditionalOnMissingBean (types: org.springframework.validation.beanvalidation.MethodValidationPostProcessor; SearchStrategy: current) did not find any beans (OnBeanCondition)

   WebMvcAutoConfiguration matched:
      - @ConditionalOnClass found required classes 'jakarta.servlet.Servlet', 'org.springframework.web.servlet.DispatcherServlet', 'org.springframework.web.servlet.config.annotation.WebMvcConfigurer' (OnClassCondition)
      - found 'session' scope (OnWebApplicationCondition)
      - @ConditionalOnMissingBean (types: org.springframework.web.servlet.config.annotation.WebMvcConfigurationSupport; SearchStrategy: all) did not find any beans (OnBeanCondition)

   WebMvcAutoConfiguration#formContentFilter matched:
      - @ConditionalOnBooleanProperty (spring.mvc.formcontent.filter.enabled=true) matched (OnPropertyCondition)
      - @ConditionalOnMissingBean (types: org.springframework.web.filter.FormContentFilter; SearchStrategy: all) did not find any beans (OnBeanCondition)

   WebMvcAutoConfiguration.EnableWebMvcConfiguration#flashMapManager matched:
      - @ConditionalOnMissingBean (names: flashMapManager; SearchStrategy: all) did not find any beans (OnBeanCondition)

   WebMvcAutoConfiguration.EnableWebMvcConfiguration#localeResolver matched:
      - @ConditionalOnMissingBean (names: localeResolver; SearchStrategy: all) did not find any beans (OnBeanCondition)

   WebMvcAutoConfiguration.EnableWebMvcConfiguration#viewNameTranslator matched:
      - @ConditionalOnMissingBean (names: viewNameTranslator; SearchStrategy: all) did not find any beans (OnBeanCondition)

   WebMvcAutoConfiguration.WebMvcAutoConfigurationAdapter#defaultViewResolver matched:
      - @ConditionalOnMissingBean (types: org.springframework.web.servlet.view.InternalResourceViewResolver; SearchStrategy: all) did not find any beans (OnBeanCondition)

   WebMvcAutoConfiguration.WebMvcAutoConfigurationAdapter#requestContextFilter matched:
      - @ConditionalOnMissingBean (types: org.springframework.web.context.request.RequestContextListener,org.springframework.web.filter.RequestContextFilter; SearchStrategy: all) did not find any beans (OnBeanCondition)

   WebMvcAutoConfiguration.WebMvcAutoConfigurationAdapter#viewResolver matched:
      - @ConditionalOnBean (types: org.springframework.web.servlet.ViewResolver; SearchStrategy: all) found beans 'defaultViewResolver', 'beanNameViewResolver', 'mvcViewResolver'; @ConditionalOnMissingBean (names: viewResolver types: org.springframework.web.servlet.view.ContentNegotiatingViewResolver; SearchStrategy: all) did not find any beans (OnBeanCondition)


Negative matches:
-----------------

   AopAutoConfiguration.AspectJAutoProxyingConfiguration.JdkDynamicAutoProxyConfiguration:
      Did not match:
         - @ConditionalOnBooleanProperty (spring.aop.proxy-target-class=false) did not find property 'spring.aop.proxy-target-class' (OnPropertyCondition)

   AopAutoConfiguration.ClassProxyingConfiguration:
      Did not match:
         - @ConditionalOnMissingClass found unwanted class 'org.aspectj.weaver.Advice' (OnClassCondition)

   DataJpaRepositoriesAutoConfiguration#entityManagerFactoryBootstrapExecutorCustomizer:
      Did not match:
         - @ConditionalOnProperty (spring.data.jpa.repositories.bootstrap-mode=deferred) did not find property 'spring.data.jpa.repositories.bootstrap-mode' (OnPropertyCondition)

   DataRepositoryMetricsAutoConfiguration:
      Did not match:
         - @ConditionalOnBean did not find required type 'io.micrometer.core.instrument.MeterRegistry' (OnBeanCondition)

   DataSourceAutoConfiguration.EmbeddedDatabaseConfiguration:
      Did not match:
         - EmbeddedDataSource spring.datasource.url is set (DataSourceAutoConfiguration.EmbeddedDatabaseCondition)

   DataSourceCheckpointRestoreConfiguration:
      Did not match:
         - @ConditionalOnClass did not find required class 'org.crac.Resource' (OnClassCondition)

   DataSourceConfiguration.Dbcp2:
      Did not match:
         - @ConditionalOnClass did not find required class 'org.apache.commons.dbcp2.BasicDataSource' (OnClassCondition)

   DataSourceConfiguration.Generic:
      Did not match:
         - @ConditionalOnProperty (spring.datasource.type) did not find property 'spring.datasource.type' (OnPropertyCondition)

   DataSourceConfiguration.OracleUcp:
      Did not match:
         - @ConditionalOnClass did not find required classes 'oracle.ucp.jdbc.PoolDataSourceImpl', 'oracle.jdbc.OracleConnection' (OnClassCondition)

   DataSourceConfiguration.Tomcat:
      Did not match:
         - @ConditionalOnClass did not find required class 'org.apache.tomcat.jdbc.pool.DataSource' (OnClassCondition)

   DataSourceHealthContributorAutoConfiguration:
      Did not match:
         - @ConditionalOnClass did not find required class 'org.springframework.boot.health.autoconfigure.contributor.ConditionalOnEnabledHealthIndicator' (OnClassCondition)

   DataSourceJmxConfiguration:
      Did not match:
         - @ConditionalOnBooleanProperty (spring.jmx.enabled=true) found different value in property 'spring.jmx.enabled' (OnPropertyCondition)

   DataSourcePoolMetadataProvidersConfiguration.CommonsDbcp2PoolDataSourceMetadataProviderConfiguration:
      Did not match:
         - @ConditionalOnClass did not find required class 'org.apache.commons.dbcp2.BasicDataSource' (OnClassCondition)

   DataSourcePoolMetadataProvidersConfiguration.OracleUcpPoolDataSourceMetadataProviderConfiguration:
      Did not match:
         - @ConditionalOnClass did not find required classes 'oracle.ucp.jdbc.PoolDataSource', 'oracle.jdbc.OracleConnection' (OnClassCondition)

   DataSourcePoolMetadataProvidersConfiguration.TomcatDataSourcePoolMetadataProviderConfiguration:
      Did not match:
         - @ConditionalOnClass did not find required class 'org.apache.tomcat.jdbc.pool.DataSource' (OnClassCondition)

   DataSourcePoolMetricsAutoConfiguration:
      Did not match:
         - @ConditionalOnClass did not find required class 'io.micrometer.core.instrument.MeterRegistry' (OnClassCondition)

   DataSourceTransactionManagerAutoConfiguration.JdbcTransactionManagerConfiguration#transactionManager:
      Did not match:
         - @ConditionalOnMissingBean (types: org.springframework.transaction.TransactionManager; SearchStrategy: all) found beans of type 'org.springframework.transaction.TransactionManager' transactionManager (OnBeanCondition)

   DispatcherServletAutoConfiguration.DispatcherServletConfiguration#multipartResolver:
      Did not match:
         - @ConditionalOnBean (types: org.springframework.web.multipart.MultipartResolver; SearchStrategy: all) did not find any beans of type org.springframework.web.multipart.MultipartResolver (OnBeanCondition)

   GsonHttpMessageConvertersConfiguration:
      Did not match:
         - @ConditionalOnClass did not find required class 'com.google.gson.Gson' (OnClassCondition)

   HibernateMetricsAutoConfiguration:
      Did not match:
         - @ConditionalOnClass did not find required class 'io.micrometer.core.instrument.MeterRegistry' (OnClassCondition)

   Jackson2HttpMessageConvertersConfiguration.MappingJackson2HttpMessageConverterConfiguration:
      Did not match:
         - AnyNestedCondition 0 matched 2 did not; NestedCondition on Jackson2HttpMessageConvertersConfiguration.PreferJackson2OrJacksonUnavailableCondition.JacksonUnavailable @ConditionalOnMissingBean (types: org.springframework.boot.http.converter.autoconfigure.JacksonHttpMessageConvertersConfiguration$JacksonJsonHttpMessageConvertersCustomizer; SearchStrategy: all) found beans of type 'org.springframework.boot.http.converter.autoconfigure.JacksonHttpMessageConvertersConfiguration$JacksonJsonHttpMessageConvertersCustomizer' jacksonJsonHttpMessageConvertersCustomizer; NestedCondition on Jackson2HttpMessageConvertersConfiguration.PreferJackson2OrJacksonUnavailableCondition.Jackson2Preferred @ConditionalOnProperty (spring.http.converters.preferred-json-mapper=jackson2) did not find property 'spring.http.converters.preferred-json-mapper' (Jackson2HttpMessageConvertersConfiguration.PreferJackson2OrJacksonUnavailableCondition)
      Matched:
         - @ConditionalOnClass found required class 'com.fasterxml.jackson.databind.ObjectMapper' (OnClassCondition)

   Jackson2HttpMessageConvertersConfiguration.MappingJackson2XmlHttpMessageConverterConfiguration:
      Did not match:
         - @ConditionalOnClass did not find required class 'com.fasterxml.jackson.dataformat.xml.XmlMapper' (OnClassCondition)

   JacksonAutoConfiguration.CborConfiguration:
      Did not match:
         - @ConditionalOnClass did not find required class 'tools.jackson.dataformat.cbor.CBORMapper' (OnClassCondition)

   JacksonAutoConfiguration.XmlConfiguration:
      Did not match:
         - @ConditionalOnClass did not find required class 'tools.jackson.dataformat.xml.XmlMapper' (OnClassCondition)

   JacksonHttpMessageConvertersConfiguration.JacksonXmlHttpMessageConverterConfiguration:
      Did not match:
         - @ConditionalOnClass did not find required class 'tools.jackson.dataformat.xml.XmlMapper' (OnClassCondition)

   JmxAutoConfiguration:
      Did not match:
         - @ConditionalOnBooleanProperty (spring.jmx.enabled=true) found different value in property 'spring.jmx.enabled' (OnPropertyCondition)
      Matched:
         - @ConditionalOnClass found required class 'org.springframework.jmx.export.MBeanExporter' (OnClassCondition)

   JndiDataSourceAutoConfiguration:
      Did not match:
         - @ConditionalOnProperty (spring.datasource.jndi-name) did not find property 'spring.datasource.jndi-name' (OnPropertyCondition)
      Matched:
         - @ConditionalOnClass found required classes 'javax.sql.DataSource', 'org.springframework.jdbc.datasource.embedded.EmbeddedDatabaseType' (OnClassCondition)

   JndiJtaConfiguration:
      Did not match:
         - @ConditionalOnJndi JNDI environment is not available (OnJndiCondition)
      Matched:
         - @ConditionalOnClass found required class 'org.springframework.transaction.jta.JtaTransactionManager' (OnClassCondition)

   JpaBaseConfiguration.JpaWebConfiguration:
      Did not match:
         - @ConditionalOnBooleanProperty (spring.jpa.open-in-view=true) found different value in property 'spring.jpa.open-in-view' (OnPropertyCondition)
      Matched:
         - @ConditionalOnClass found required class 'org.springframework.web.servlet.config.annotation.WebMvcConfigurer' (OnClassCondition)
         - found 'session' scope (OnWebApplicationCondition)

   JsonbHttpMessageConvertersConfiguration:
      Did not match:
         - @ConditionalOnClass did not find required class 'jakarta.json.bind.Jsonb' (OnClassCondition)

   KafkaAnnotationDrivenConfiguration#kafkaListenerContainerFactoryConfigurerVirtualThreads:
      Did not match:
         - @ConditionalOnMissingBean (types: org.springframework.boot.kafka.autoconfigure.ConcurrentKafkaListenerContainerFactoryConfigurer; SearchStrategy: all) found beans of type 'org.springframework.boot.kafka.autoconfigure.ConcurrentKafkaListenerContainerFactoryConfigurer' kafkaListenerContainerFactoryConfigurer (OnBeanCondition)

   KafkaAutoConfiguration#kafkaJaasInitializer:
      Did not match:
         - @ConditionalOnBooleanProperty (spring.kafka.jaas.enabled=true) did not find property 'spring.kafka.jaas.enabled' (OnPropertyCondition)

   KafkaAutoConfiguration#kafkaRetryTopicConfiguration:
      Did not match:
         - @ConditionalOnBooleanProperty (spring.kafka.retry.topic.enabled=true) did not find property 'spring.kafka.retry.topic.enabled' (OnPropertyCondition)

   KafkaAutoConfiguration#kafkaTransactionManager:
      Did not match:
         - @ConditionalOnProperty (spring.kafka.producer.transaction-id-prefix) did not find property 'spring.kafka.producer.transaction-id-prefix' (OnPropertyCondition)

   KafkaMetricsAutoConfiguration:
      Did not match:
         - @ConditionalOnClass did not find required class 'io.micrometer.core.instrument.binder.kafka.KafkaClientMetrics' (OnClassCondition)

   KafkaStreamsAnnotationDrivenConfiguration:
      Did not match:
         - @ConditionalOnBean (names: defaultKafkaStreamsBuilder; SearchStrategy: all) did not find any beans named defaultKafkaStreamsBuilder (OnBeanCondition)
      Matched:
         - @ConditionalOnClass found required class 'org.apache.kafka.streams.StreamsBuilder' (OnClassCondition)

   KotlinSerializationHttpMessageConvertersConfiguration:
      Did not match:
         - @ConditionalOnClass did not find required classes 'kotlinx.serialization.Serializable', 'kotlinx.serialization.json.Json' (OnClassCondition)

   LazyConnectionDataSourceConfiguration:
      Did not match:
         - @ConditionalOnProperty (spring.datasource.connection-fetch=lazy) did not find property 'spring.datasource.connection-fetch' (OnPropertyCondition)

   LiquibaseAutoConfiguration.CustomizerConfiguration#springLiquibaseCustomizer:
      Did not match:
         - @ConditionalOnBean (types: liquibase.integration.spring.Customizer; SearchStrategy: all) did not find any beans of type liquibase.integration.spring.Customizer (OnBeanCondition)

   LiquibaseEndpointAutoConfiguration:
      Did not match:
         - @ConditionalOnClass did not find required class 'org.springframework.boot.actuate.autoconfigure.endpoint.condition.ConditionalOnAvailableEndpoint' (OnClassCondition)

   MessageSourceAutoConfiguration:
      Did not match:
         - ResourceBundle did not find bundle with basename messages (MessageSourceAutoConfiguration.ResourceBundleCondition)

   ProjectInfoAutoConfiguration#buildProperties:
      Did not match:
         - @ConditionalOnResource did not find resource '${spring.info.build.location:classpath:META-INF/build-info.properties}' (OnResourceCondition)

   ProjectInfoAutoConfiguration#gitProperties:
      Did not match:
         - GitResource did not find git info at classpath:git.properties (ProjectInfoAutoConfiguration.GitResourceAvailableCondition)

   ServletHttpExchangesAutoConfiguration:
      Did not match:
         - @ConditionalOnBean did not find required type 'org.springframework.boot.actuate.web.exchanges.HttpExchangeRepository' (OnBeanCondition)

   ServletManagementContextAutoConfiguration:
      Did not match:
         - @ConditionalOnClass did not find required class 'org.springframework.boot.actuate.autoconfigure.endpoint.web.WebEndpointProperties' (OnClassCondition)

   ServletMappingsAutoConfiguration:
      Did not match:
         - @ConditionalOnClass did not find required class 'org.springframework.boot.actuate.autoconfigure.endpoint.condition.ConditionalOnAvailableEndpoint' (OnClassCondition)

   ServletWebServerConfiguration#forwardedHeaderFilter:
      Did not match:
         - @ConditionalOnProperty (server.forward-headers-strategy=framework) did not find property 'server.forward-headers-strategy' (OnPropertyCondition)

   SpringApplicationAdminJmxAutoConfiguration:
      Did not match:
         - @ConditionalOnBooleanProperty (spring.application.admin.enabled=true) did not find property 'spring.application.admin.enabled' (OnPropertyCondition)

   TaskExecutorConfigurations.AsyncConfigurerWrapperConfiguration:
      Did not match:
         - @ConditionalOnBean (types: org.springframework.scheduling.annotation.AsyncConfigurer; SearchStrategy: all) did not find any beans of type org.springframework.scheduling.annotation.AsyncConfigurer (OnBeanCondition)

   TaskExecutorConfigurations.SimpleAsyncTaskExecutorBuilderConfiguration#simpleAsyncTaskExecutorBuilderVirtualThreads:
      Did not match:
         - @ConditionalOnMissingBean (types: org.springframework.boot.task.SimpleAsyncTaskExecutorBuilder; SearchStrategy: all) found beans of type 'org.springframework.boot.task.SimpleAsyncTaskExecutorBuilder' simpleAsyncTaskExecutorBuilder (OnBeanCondition)

   TaskExecutorConfigurations.TaskExecutorConfiguration#applicationTaskExecutorVirtualThreads:
      Did not match:
         - @ConditionalOnThreading did not find VIRTUAL (OnThreadingCondition)

   TaskExecutorConfigurations.TaskExecutorContextPropagationConfiguration:
      Did not match:
         - @ConditionalOnClass did not find required class 'io.micrometer.context.ContextSnapshot' (OnClassCondition)

   TaskSchedulingAutoConfiguration#scheduledBeanLazyInitializationExcludeFilter:
      Did not match:
         - @ConditionalOnBean (names: org.springframework.scheduling.config.internalScheduledAnnotationProcessor; SearchStrategy: all) did not find any beans named org.springframework.scheduling.config.internalScheduledAnnotationProcessor (OnBeanCondition)

   TaskSchedulingConfigurations.SimpleAsyncTaskSchedulerBuilderConfiguration#simpleAsyncTaskSchedulerBuilderVirtualThreads:
      Did not match:
         - @ConditionalOnMissingBean (types: org.springframework.boot.task.SimpleAsyncTaskSchedulerBuilder; SearchStrategy: all) found beans of type 'org.springframework.boot.task.SimpleAsyncTaskSchedulerBuilder' simpleAsyncTaskSchedulerBuilder (OnBeanCondition)

   TaskSchedulingConfigurations.TaskSchedulerConfiguration:
      Did not match:
         - @ConditionalOnBean (names: org.springframework.scheduling.config.internalScheduledAnnotationProcessor; SearchStrategy: all) did not find any beans named org.springframework.scheduling.config.internalScheduledAnnotationProcessor (OnBeanCondition)

   TomcatMetricsAutoConfiguration:
      Did not match:
         - @ConditionalOnClass did not find required class 'io.micrometer.core.instrument.binder.tomcat.TomcatMetrics' (OnClassCondition)

   TomcatReactiveManagementContextAutoConfiguration:
      Did not match:
         - @ConditionalOnClass did not find required class 'org.springframework.boot.actuate.autoconfigure.web.server.ManagementContextFactory' (OnClassCondition)

   TomcatReactiveWebServerAutoConfiguration:
      Did not match:
         - @ConditionalOnWebApplication did not find reactive web application classes (OnWebApplicationCondition)

   TomcatServletManagementContextAutoConfiguration:
      Did not match:
         - @ConditionalOnClass did not find required class 'org.springframework.boot.actuate.autoconfigure.web.server.ManagementContextFactory' (OnClassCondition)

   TomcatServletWebServerAutoConfiguration#tomcatForwardedHeaderFilterCustomizer:
      Did not match:
         - @ConditionalOnProperty (server.forward-headers-strategy=framework) did not find property 'server.forward-headers-strategy' (OnPropertyCondition)

   TomcatWebServerConfiguration:
      Did not match:
         - Application is deployed as a WAR file. (OnWarDeploymentCondition)

   TransactionAutoConfiguration#transactionalOperator:
      Did not match:
         - @ConditionalOnSingleCandidate (types: org.springframework.transaction.ReactiveTransactionManager; SearchStrategy: all) did not find any beans (OnBeanCondition)

   TransactionAutoConfiguration.AspectJTransactionManagementConfiguration:
      Did not match:
         - @ConditionalOnBean (types: org.springframework.transaction.aspectj.AbstractTransactionAspect; SearchStrategy: all) did not find any beans of type org.springframework.transaction.aspectj.AbstractTransactionAspect (OnBeanCondition)

   TransactionAutoConfiguration.EnableTransactionManagementConfiguration.JdkDynamicAutoProxyConfiguration:
      Did not match:
         - @ConditionalOnBooleanProperty (spring.aop.proxy-target-class=false) did not find property 'spring.aop.proxy-target-class' (OnPropertyCondition)

   WebMvcAutoConfiguration#hiddenHttpMethodFilter:
      Did not match:
         - @ConditionalOnBooleanProperty (spring.mvc.hiddenmethod.filter.enabled=true) did not find property 'spring.mvc.hiddenmethod.filter.enabled' (OnPropertyCondition)

   WebMvcAutoConfiguration.ProblemDetailsErrorHandlingConfiguration:
      Did not match:
         - @ConditionalOnBooleanProperty (spring.mvc.problemdetails.enabled=true) did not find property 'spring.mvc.problemdetails.enabled' (OnPropertyCondition)

   WebMvcAutoConfiguration.ResourceChainCustomizerConfiguration:
      Did not match:
         - @ConditionalOnEnabledResourceChain did not find class org.webjars.WebJarVersionLocator (OnEnabledResourceChainCondition)

   WebMvcAutoConfiguration.WebMvcAutoConfigurationAdapter#beanNameViewResolver:
      Did not match:
         - @ConditionalOnMissingBean (types: org.springframework.web.servlet.view.BeanNameViewResolver; SearchStrategy: all) found beans of type 'org.springframework.web.servlet.view.BeanNameViewResolver' beanNameViewResolver (OnBeanCondition)

   WebMvcHealthEndpointExtensionAutoConfiguration:
      Did not match:
         - @ConditionalOnClass did not find required class 'org.springframework.boot.health.actuate.endpoint.HealthEndpoint' (OnClassCondition)

   WebMvcMappingsAutoConfiguration:
      Did not match:
         - @ConditionalOnClass did not find required class 'org.springframework.boot.actuate.autoconfigure.endpoint.condition.ConditionalOnAvailableEndpoint' (OnClassCondition)

   WebMvcObservationAutoConfiguration:
      Did not match:
         - @ConditionalOnClass did not find required class 'org.springframework.boot.micrometer.observation.autoconfigure.ObservationProperties' (OnClassCondition)

   XADataSourceAutoConfiguration:
      Did not match:
         - @ConditionalOnBean (types: org.springframework.boot.jdbc.XADataSourceWrapper; SearchStrategy: all) did not find any beans of type org.springframework.boot.jdbc.XADataSourceWrapper (OnBeanCondition)
      Matched:
         - @ConditionalOnClass found required classes 'javax.sql.DataSource', 'jakarta.transaction.TransactionManager', 'org.springframework.jdbc.datasource.embedded.EmbeddedDatabaseType' (OnClassCondition)


Exclusions:
-----------

    None


Unconditional classes:
----------------------

    org.springframework.boot.autoconfigure.context.ConfigurationPropertiesAutoConfiguration

    org.springframework.boot.autoconfigure.ssl.SslAutoConfiguration

    org.springframework.boot.autoconfigure.context.LifecycleAutoConfiguration

    org.springframework.boot.autoconfigure.context.PropertyPlaceholderAutoConfiguration

    org.springframework.boot.autoconfigure.availability.ApplicationAvailabilityAutoConfiguration

    org.springframework.boot.autoconfigure.info.ProjectInfoAutoConfiguration



2026-09-24 11:32:35 [main] ERROR o.s.boot.SpringApplication - Application run failed
org.springframework.beans.factory.BeanCreationException: Error creating bean with name 'entityManagerFactory' defined in class path resource [org/springframework/boot/hibernate/autoconfigure/HibernateJpaConfiguration.class]: Failed to initialize dependency 'liquibase' of LoadTimeWeaverAware bean 'entityManagerFactory': Error creating bean with name 'liquibase' defined in class path resource [org/springframework/boot/liquibase/autoconfigure/LiquibaseAutoConfiguration$LiquibaseConfiguration.class]: liquibase.exception.DatabaseException: org.postgresql.util.PSQLException: Драйвер столкнулся с непредвиденной ошибкой. Сообщите об этом исключении.
	at org.springframework.beans.factory.support.AbstractBeanFactory.doGetBean(AbstractBeanFactory.java:322)
	at org.springframework.beans.factory.support.AbstractBeanFactory.getBean(AbstractBeanFactory.java:201)
	at org.springframework.context.support.AbstractApplicationContext.finishBeanFactoryInitialization(AbstractApplicationContext.java:977)
	at org.springframework.context.support.AbstractApplicationContext.refresh(AbstractApplicationContext.java:621)
	at org.springframework.boot.SpringApplication.refresh(SpringApplication.java:756)
	at org.springframework.boot.SpringApplication.refreshContext(SpringApplication.java:445)
	at org.springframework.boot.SpringApplication.run(SpringApplication.java:321)
	at org.springframework.boot.test.context.SpringBootContextLoader.lambda$loadContext$2(SpringBootContextLoader.java:155)
	at org.springframework.util.function.ThrowingSupplier.get(ThrowingSupplier.java:58)
	at org.springframework.util.function.ThrowingSupplier.get(ThrowingSupplier.java:46)
	at org.springframework.boot.SpringApplication.withHook(SpringApplication.java:1465)
	at org.springframework.boot.test.context.SpringBootContextLoader$ContextLoaderHook.run(SpringBootContextLoader.java:600)
	at org.springframework.boot.test.context.SpringBootContextLoader.loadContext(SpringBootContextLoader.java:155)
	at org.springframework.boot.test.context.SpringBootContextLoader.loadContext(SpringBootContextLoader.java:114)
	at org.springframework.test.context.cache.DefaultCacheAwareContextLoaderDelegate.loadContextInternal(DefaultCacheAwareContextLoaderDelegate.java:247)
	at org.springframework.test.context.cache.DefaultCacheAwareContextLoaderDelegate.lambda$loadContext$0(DefaultCacheAwareContextLoaderDelegate.java:167)
	at org.springframework.test.context.cache.DefaultContextCache.put(DefaultContextCache.java:214)
	at org.springframework.test.context.cache.DefaultCacheAwareContextLoaderDelegate.loadContext(DefaultCacheAwareContextLoaderDelegate.java:160)
	at org.springframework.test.context.support.DefaultTestContext.getApplicationContext(DefaultTestContext.java:128)
	at org.springframework.test.context.web.ServletTestExecutionListener.setUpRequestContextIfNecessary(ServletTestExecutionListener.java:200)
	at org.springframework.test.context.web.ServletTestExecutionListener.prepareTestInstance(ServletTestExecutionListener.java:139)
	at org.springframework.test.context.TestContextManager.prepareTestInstance(TestContextManager.java:260)
	at org.springframework.test.context.junit.jupiter.SpringExtension.postProcessTestInstance(SpringExtension.java:242)
	at org.junit.jupiter.engine.descriptor.ClassBasedTestDescriptor.lambda$invokeTestInstancePostProcessors$1(ClassBasedTestDescriptor.java:423)
	at org.junit.jupiter.engine.descriptor.ClassBasedTestDescriptor.executeAndMaskThrowable(ClassBasedTestDescriptor.java:428)
	at org.junit.jupiter.engine.descriptor.ClassBasedTestDescriptor.lambda$invokeTestInstancePostProcessors$0(ClassBasedTestDescriptor.java:422)
	at java.base/java.util.stream.ForEachOps$ForEachOp$OfRef.accept(ForEachOps.java:183)
	at java.base/java.util.stream.ReferencePipeline$3$1.accept(ReferencePipeline.java:197)
	at java.base/java.util.stream.ReferencePipeline$2$1.accept(ReferencePipeline.java:179)
	at java.base/java.util.stream.ReferencePipeline$3$1.accept(ReferencePipeline.java:197)
	at java.base/java.util.ArrayList$ArrayListSpliterator.forEachRemaining(ArrayList.java:1625)
	at java.base/java.util.stream.AbstractPipeline.copyInto(AbstractPipeline.java:509)
	at java.base/java.util.stream.AbstractPipeline.wrapAndCopyInto(AbstractPipeline.java:499)
	at java.base/java.util.stream.ForEachOps$ForEachOp.evaluateSequential(ForEachOps.java:150)
	at java.base/java.util.stream.ForEachOps$ForEachOp$OfRef.evaluateSequential(ForEachOps.java:173)
	at java.base/java.util.stream.AbstractPipeline.evaluate(AbstractPipeline.java:234)
	at java.base/java.util.stream.ReferencePipeline.forEach(ReferencePipeline.java:596)
	at org.junit.jupiter.engine.descriptor.ClassBasedTestDescriptor.invokeTestInstancePostProcessors(ClassBasedTestDescriptor.java:422)
	at org.junit.jupiter.engine.descriptor.ClassBasedTestDescriptor.lambda$instantiateAndPostProcessTestInstance$0(ClassBasedTestDescriptor.java:334)
	at org.junit.platform.engine.support.hierarchical.ThrowableCollector.execute(ThrowableCollector.java:74)
	at org.junit.jupiter.engine.descriptor.ClassBasedTestDescriptor.instantiateAndPostProcessTestInstance(ClassBasedTestDescriptor.java:333)
	at org.junit.jupiter.engine.descriptor.ClassBasedTestDescriptor.lambda$testInstancesProvider$1(ClassBasedTestDescriptor.java:322)
	at java.base/java.util.Optional.orElseGet(Optional.java:364)
	at org.junit.jupiter.engine.descriptor.ClassBasedTestDescriptor.lambda$testInstancesProvider$0(ClassBasedTestDescriptor.java:321)
	at org.junit.jupiter.engine.execution.TestInstancesProvider.getTestInstances(TestInstancesProvider.java:27)
	at org.junit.jupiter.engine.descriptor.TestMethodTestDescriptor.lambda$prepare$0(TestMethodTestDescriptor.java:127)
	at org.junit.platform.engine.support.hierarchical.ThrowableCollector.execute(ThrowableCollector.java:74)
	at org.junit.jupiter.engine.descriptor.TestMethodTestDescriptor.prepare(TestMethodTestDescriptor.java:126)
	at org.junit.jupiter.engine.descriptor.TestMethodTestDescriptor.prepare(TestMethodTestDescriptor.java:70)
	at org.junit.platform.engine.support.hierarchical.NodeTestTask.lambda$prepare$0(NodeTestTask.java:144)
	at org.junit.platform.engine.support.hierarchical.ThrowableCollector.execute(ThrowableCollector.java:74)
	at org.junit.platform.engine.support.hierarchical.NodeTestTask.prepare(NodeTestTask.java:144)
	at org.junit.platform.engine.support.hierarchical.NodeTestTask.execute(NodeTestTask.java:110)
	at java.base/java.util.ArrayList.forEach(ArrayList.java:1511)
	at org.junit.platform.engine.support.hierarchical.SameThreadHierarchicalTestExecutorService.invokeAll(SameThreadHierarchicalTestExecutorService.java:42)
	at org.junit.platform.engine.support.hierarchical.NodeTestTask.lambda$executeRecursively$2(NodeTestTask.java:180)
	at org.junit.platform.engine.support.hierarchical.ThrowableCollector.execute(ThrowableCollector.java:74)
	at org.junit.platform.engine.support.hierarchical.NodeTestTask.lambda$executeRecursively$1(NodeTestTask.java:166)
	at org.junit.platform.engine.support.hierarchical.Node.around(Node.java:138)
	at org.junit.platform.engine.support.hierarchical.NodeTestTask.lambda$executeRecursively$0(NodeTestTask.java:164)
	at org.junit.platform.engine.support.hierarchical.ThrowableCollector.execute(ThrowableCollector.java:74)
	at org.junit.platform.engine.support.hierarchical.NodeTestTask.executeRecursively(NodeTestTask.java:163)
	at org.junit.platform.engine.support.hierarchical.NodeTestTask.execute(NodeTestTask.java:116)
	at java.base/java.util.ArrayList.forEach(ArrayList.java:1511)
	at org.junit.platform.engine.support.hierarchical.SameThreadHierarchicalTestExecutorService.invokeAll(SameThreadHierarchicalTestExecutorService.java:42)
	at org.junit.platform.engine.support.hierarchical.NodeTestTask.lambda$executeRecursively$2(NodeTestTask.java:180)
	at org.junit.platform.engine.support.hierarchical.ThrowableCollector.execute(ThrowableCollector.java:74)
	at org.junit.platform.engine.support.hierarchical.NodeTestTask.lambda$executeRecursively$1(NodeTestTask.java:166)
	at org.junit.platform.engine.support.hierarchical.Node.around(Node.java:138)
	at org.junit.platform.engine.support.hierarchical.NodeTestTask.lambda$executeRecursively$0(NodeTestTask.java:164)
	at org.junit.platform.engine.support.hierarchical.ThrowableCollector.execute(ThrowableCollector.java:74)
	at org.junit.platform.engine.support.hierarchical.NodeTestTask.executeRecursively(NodeTestTask.java:163)
	at org.junit.platform.engine.support.hierarchical.NodeTestTask.execute(NodeTestTask.java:116)
	at org.junit.platform.engine.support.hierarchical.SameThreadHierarchicalTestExecutorService.submit(SameThreadHierarchicalTestExecutorService.java:36)
	at org.junit.platform.engine.support.hierarchical.HierarchicalTestExecutor.execute(HierarchicalTestExecutor.java:52)
	at org.junit.platform.engine.support.hierarchical.HierarchicalTestEngine.execute(HierarchicalTestEngine.java:58)
	at org.junit.platform.launcher.core.EngineExecutionOrchestrator.executeEngine(EngineExecutionOrchestrator.java:246)
	at org.junit.platform.launcher.core.EngineExecutionOrchestrator.failOrExecuteEngine(EngineExecutionOrchestrator.java:218)
	at org.junit.platform.launcher.core.EngineExecutionOrchestrator.execute(EngineExecutionOrchestrator.java:179)
	at org.junit.platform.launcher.core.EngineExecutionOrchestrator.execute(EngineExecutionOrchestrator.java:108)
	at org.junit.platform.launcher.core.EngineExecutionOrchestrator.lambda$execute$0(EngineExecutionOrchestrator.java:66)
	at org.junit.platform.launcher.core.EngineExecutionOrchestrator.withInterceptedStreams(EngineExecutionOrchestrator.java:157)
	at org.junit.platform.launcher.core.EngineExecutionOrchestrator.execute(EngineExecutionOrchestrator.java:65)
	at org.junit.platform.launcher.core.DefaultLauncher.execute(DefaultLauncher.java:125)
	at org.junit.platform.launcher.core.DefaultLauncher.execute(DefaultLauncher.java:114)
	at org.junit.platform.launcher.core.DefaultLauncher.execute(DefaultLauncher.java:93)
	at org.junit.platform.launcher.core.DelegatingLauncher.execute(DelegatingLauncher.java:48)
	at org.junit.platform.launcher.core.InterceptingLauncher.lambda$execute$0(InterceptingLauncher.java:41)
	at org.junit.platform.launcher.core.ClasspathAlignmentCheckingLauncherInterceptor.intercept(ClasspathAlignmentCheckingLauncherInterceptor.java:25)
	at org.junit.platform.launcher.core.InterceptingLauncher.execute(InterceptingLauncher.java:40)
	at org.junit.platform.launcher.core.DelegatingLauncher.execute(DelegatingLauncher.java:48)
	at org.junit.platform.launcher.core.SessionPerRequestLauncher.execute(SessionPerRequestLauncher.java:67)
	at com.intellij.junit6.JUnit6IdeaTestRunner.startRunnerWithArgs(JUnit6IdeaTestRunner.java:67)
	at com.intellij.rt.junit.IdeaTestRunner$Repeater$1.execute(IdeaTestRunner.java:38)
	at com.intellij.rt.execution.junit.TestsRepeater.repeat(TestsRepeater.java:11)
	at com.intellij.rt.junit.IdeaTestRunner$Repeater.startRunnerWithArgs(IdeaTestRunner.java:35)
	at com.intellij.rt.junit.JUnitStarter.prepareStreamsAndStart(JUnitStarter.java:237)
	at com.intellij.rt.junit.JUnitStarter.main(JUnitStarter.java:58)
Caused by: org.springframework.beans.factory.BeanCreationException: Error creating bean with name 'liquibase' defined in class path resource [org/springframework/boot/liquibase/autoconfigure/LiquibaseAutoConfiguration$LiquibaseConfiguration.class]: liquibase.exception.DatabaseException: org.postgresql.util.PSQLException: Драйвер столкнулся с непредвиденной ошибкой. Сообщите об этом исключении.
	at org.springframework.beans.factory.support.AbstractAutowireCapableBeanFactory.initializeBean(AbstractAutowireCapableBeanFactory.java:1815)
	at org.springframework.beans.factory.support.AbstractAutowireCapableBeanFactory.doCreateBean(AbstractAutowireCapableBeanFactory.java:603)
	at org.springframework.beans.factory.support.AbstractAutowireCapableBeanFactory.createBean(AbstractAutowireCapableBeanFactory.java:525)
	at org.springframework.beans.factory.support.AbstractBeanFactory.lambda$doGetBean$0(AbstractBeanFactory.java:333)
	at org.springframework.beans.factory.support.DefaultSingletonBeanRegistry.getSingleton(DefaultSingletonBeanRegistry.java:371)
	at org.springframework.beans.factory.support.AbstractBeanFactory.doGetBean(AbstractBeanFactory.java:331)
	at org.springframework.beans.factory.support.AbstractBeanFactory.getBean(AbstractBeanFactory.java:196)
	at org.springframework.beans.factory.support.AbstractBeanFactory.doGetBean(AbstractBeanFactory.java:309)
	... 97 common frames omitted
Caused by: liquibase.exception.LiquibaseException: liquibase.exception.DatabaseException: org.postgresql.util.PSQLException: Драйвер столкнулся с непредвиденной ошибкой. Сообщите об этом исключении.
	at liquibase.integration.spring.SpringLiquibase.afterPropertiesSet(SpringLiquibase.java:289)
	at org.springframework.beans.factory.support.AbstractAutowireCapableBeanFactory.invokeInitMethods(AbstractAutowireCapableBeanFactory.java:1862)
	at org.springframework.beans.factory.support.AbstractAutowireCapableBeanFactory.initializeBean(AbstractAutowireCapableBeanFactory.java:1811)
	... 104 common frames omitted
Caused by: liquibase.exception.DatabaseException: org.postgresql.util.PSQLException: Драйвер столкнулся с непредвиденной ошибкой. Сообщите об этом исключении.
	at liquibase.integration.spring.SpringLiquibase.lambda$afterPropertiesSet$0(SpringLiquibase.java:281)
	at liquibase.Scope.lambda$child$0(Scope.java:243)
	at liquibase.Scope.child(Scope.java:252)
	at liquibase.Scope.child(Scope.java:242)
	at liquibase.Scope.child(Scope.java:221)
	at liquibase.integration.spring.SpringLiquibase.afterPropertiesSet(SpringLiquibase.java:272)
	... 106 common frames omitted
Caused by: org.postgresql.util.PSQLException: Драйвер столкнулся с непредвиденной ошибкой. Сообщите об этом исключении.
	at org.postgresql.Driver.connect(Driver.java:327)
	at com.zaxxer.hikari.util.DriverDataSource.getConnection(DriverDataSource.java:144)
	at com.zaxxer.hikari.pool.PoolBase.newConnection(PoolBase.java:373)
	at com.zaxxer.hikari.pool.PoolBase.newPoolEntry(PoolBase.java:210)
	at com.zaxxer.hikari.pool.HikariPool.createPoolEntry(HikariPool.java:488)
	at com.zaxxer.hikari.pool.HikariPool.checkFailFast(HikariPool.java:576)
	at com.zaxxer.hikari.pool.HikariPool.<init>(HikariPool.java:97)
	at com.zaxxer.hikari.HikariDataSource.getConnection(HikariDataSource.java:111)
	at liquibase.integration.spring.SpringLiquibase.lambda$afterPropertiesSet$0(SpringLiquibase.java:276)
	... 111 common frames omitted
Caused by: java.lang.StringIndexOutOfBoundsException: offset 5, count -269553430, length 8192
	at java.base/java.lang.String.checkBoundsOffCount(String.java:4591)
	at java.base/java.lang.String.<init>(String.java:523)
	at org.postgresql.core.Encoding.decode(Encoding.java:284)
	at org.postgresql.core.PGStream.receiveErrorString(PGStream.java:539)
	at org.postgresql.core.v3.ConnectionFactoryImpl.doAuthentication(ConnectionFactoryImpl.java:835)
	at org.postgresql.core.v3.ConnectionFactoryImpl.tryConnect(ConnectionFactoryImpl.java:309)
	at org.postgresql.core.v3.ConnectionFactoryImpl.openConnectionImpl(ConnectionFactoryImpl.java:367)
	at org.postgresql.core.ConnectionFactory.openConnection(ConnectionFactory.java:52)
	at org.postgresql.jdbc.PgConnection.<init>(PgConnection.java:295)
	at org.postgresql.Driver.makeConnection(Driver.java:437)
	at org.postgresql.Driver.connect(Driver.java:305)
	... 119 common frames omitted
2026-09-24 11:32:35 [main] DEBUG o.springframework.test.context.cache - Spring test ApplicationContext cache statistics: [DefaultContextCache@699d96bc size = 0, maxSize = 32, contextUsageCount = 0, parentContextCount = 0, hitCount = 0, missCount = 1, failureCount = 1]
2026-09-24 11:32:35 [main] WARN  o.s.test.context.TestContextManager - Caught exception while allowing TestExecutionListener [org.springframework.test.context.web.ServletTestExecutionListener] to prepare test instance [ru.aston.user.service.kafka.UserEventProducerTest@b5de9ac]
java.lang.IllegalStateException: Failed to load ApplicationContext for [WebMergedContextConfiguration@69ce14e6 testClass = ru.aston.user.service.kafka.UserEventProducerTest, locations = [], classes = [ru.aston.user.service.UserServiceApplication], contextInitializerClasses = [], activeProfiles = [], propertySourceDescriptors = [], propertySourceProperties = ["org.springframework.boot.test.context.SpringBootTestContextBootstrapper=true"], contextCustomizers = [org.springframework.test.context.support.DynamicPropertiesContextCustomizer@0, org.springframework.boot.test.context.PropertyMappingContextCustomizer@0, org.springframework.boot.test.context.filter.ExcludeFilterContextCustomizer@5300f14a, org.springframework.boot.test.json.DuplicateJsonObjectContextCustomizerFactory$DuplicateJsonObjectContextCustomizer@3c2772d1, org.springframework.boot.test.autoconfigure.OnFailureConditionReportContextCustomizerFactory$OnFailureConditionReportContextCustomizer@89c65d5, org.springframework.boot.webmvc.test.autoconfigure.WebDriverContextCustomizer@291120f4, org.springframework.boot.web.server.context.SpringBootTestRandomPortContextCustomizer@58f174d9, org.springframework.boot.test.context.SpringBootTestAnnotation@5a32286], resourceBasePath = "src/main/webapp", contextLoader = org.springframework.boot.test.context.SpringBootContextLoader, parent = null]
	at org.springframework.test.context.cache.DefaultCacheAwareContextLoaderDelegate.lambda$loadContext$0(DefaultCacheAwareContextLoaderDelegate.java:195)
	at org.springframework.test.context.cache.DefaultContextCache.put(DefaultContextCache.java:214)
	at org.springframework.test.context.cache.DefaultCacheAwareContextLoaderDelegate.loadContext(DefaultCacheAwareContextLoaderDelegate.java:160)
	at org.springframework.test.context.support.DefaultTestContext.getApplicationContext(DefaultTestContext.java:128)
	at org.springframework.test.context.web.ServletTestExecutionListener.setUpRequestContextIfNecessary(ServletTestExecutionListener.java:200)
	at org.springframework.test.context.web.ServletTestExecutionListener.prepareTestInstance(ServletTestExecutionListener.java:139)
	at org.springframework.test.context.TestContextManager.prepareTestInstance(TestContextManager.java:260)
	at org.springframework.test.context.junit.jupiter.SpringExtension.postProcessTestInstance(SpringExtension.java:242)
	at org.junit.jupiter.engine.descriptor.ClassBasedTestDescriptor.lambda$invokeTestInstancePostProcessors$1(ClassBasedTestDescriptor.java:423)
	at org.junit.jupiter.engine.descriptor.ClassBasedTestDescriptor.executeAndMaskThrowable(ClassBasedTestDescriptor.java:428)
	at org.junit.jupiter.engine.descriptor.ClassBasedTestDescriptor.lambda$invokeTestInstancePostProcessors$0(ClassBasedTestDescriptor.java:422)
	at java.base/java.util.stream.ForEachOps$ForEachOp$OfRef.accept(ForEachOps.java:183)
	at java.base/java.util.stream.ReferencePipeline$3$1.accept(ReferencePipeline.java:197)
	at java.base/java.util.stream.ReferencePipeline$2$1.accept(ReferencePipeline.java:179)
	at java.base/java.util.stream.ReferencePipeline$3$1.accept(ReferencePipeline.java:197)
	at java.base/java.util.ArrayList$ArrayListSpliterator.forEachRemaining(ArrayList.java:1625)
	at java.base/java.util.stream.AbstractPipeline.copyInto(AbstractPipeline.java:509)
	at java.base/java.util.stream.AbstractPipeline.wrapAndCopyInto(AbstractPipeline.java:499)
	at java.base/java.util.stream.ForEachOps$ForEachOp.evaluateSequential(ForEachOps.java:150)
	at java.base/java.util.stream.ForEachOps$ForEachOp$OfRef.evaluateSequential(ForEachOps.java:173)
	at java.base/java.util.stream.AbstractPipeline.evaluate(AbstractPipeline.java:234)
	at java.base/java.util.stream.ReferencePipeline.forEach(ReferencePipeline.java:596)
	at org.junit.jupiter.engine.descriptor.ClassBasedTestDescriptor.invokeTestInstancePostProcessors(ClassBasedTestDescriptor.java:422)
	at org.junit.jupiter.engine.descriptor.ClassBasedTestDescriptor.lambda$instantiateAndPostProcessTestInstance$0(ClassBasedTestDescriptor.java:334)
	at org.junit.platform.engine.support.hierarchical.ThrowableCollector.execute(ThrowableCollector.java:74)
	at org.junit.jupiter.engine.descriptor.ClassBasedTestDescriptor.instantiateAndPostProcessTestInstance(ClassBasedTestDescriptor.java:333)
	at org.junit.jupiter.engine.descriptor.ClassBasedTestDescriptor.lambda$testInstancesProvider$1(ClassBasedTestDescriptor.java:322)
	at java.base/java.util.Optional.orElseGet(Optional.java:364)
	at org.junit.jupiter.engine.descriptor.ClassBasedTestDescriptor.lambda$testInstancesProvider$0(ClassBasedTestDescriptor.java:321)
	at org.junit.jupiter.engine.execution.TestInstancesProvider.getTestInstances(TestInstancesProvider.java:27)
	at org.junit.jupiter.engine.descriptor.TestMethodTestDescriptor.lambda$prepare$0(TestMethodTestDescriptor.java:127)
	at org.junit.platform.engine.support.hierarchical.ThrowableCollector.execute(ThrowableCollector.java:74)
	at org.junit.jupiter.engine.descriptor.TestMethodTestDescriptor.prepare(TestMethodTestDescriptor.java:126)
	at org.junit.jupiter.engine.descriptor.TestMethodTestDescriptor.prepare(TestMethodTestDescriptor.java:70)
	at org.junit.platform.engine.support.hierarchical.NodeTestTask.lambda$prepare$0(NodeTestTask.java:144)
	at org.junit.platform.engine.support.hierarchical.ThrowableCollector.execute(ThrowableCollector.java:74)
	at org.junit.platform.engine.support.hierarchical.NodeTestTask.prepare(NodeTestTask.java:144)
	at org.junit.platform.engine.support.hierarchical.NodeTestTask.execute(NodeTestTask.java:110)
	at java.base/java.util.ArrayList.forEach(ArrayList.java:1511)
	at org.junit.platform.engine.support.hierarchical.SameThreadHierarchicalTestExecutorService.invokeAll(SameThreadHierarchicalTestExecutorService.java:42)
	at org.junit.platform.engine.support.hierarchical.NodeTestTask.lambda$executeRecursively$2(NodeTestTask.java:180)
	at org.junit.platform.engine.support.hierarchical.ThrowableCollector.execute(ThrowableCollector.java:74)
	at org.junit.platform.engine.support.hierarchical.NodeTestTask.lambda$executeRecursively$1(NodeTestTask.java:166)
	at org.junit.platform.engine.support.hierarchical.Node.around(Node.java:138)
	at org.junit.platform.engine.support.hierarchical.NodeTestTask.lambda$executeRecursively$0(NodeTestTask.java:164)
	at org.junit.platform.engine.support.hierarchical.ThrowableCollector.execute(ThrowableCollector.java:74)
	at org.junit.platform.engine.support.hierarchical.NodeTestTask.executeRecursively(NodeTestTask.java:163)
	at org.junit.platform.engine.support.hierarchical.NodeTestTask.execute(NodeTestTask.java:116)
	at java.base/java.util.ArrayList.forEach(ArrayList.java:1511)
	at org.junit.platform.engine.support.hierarchical.SameThreadHierarchicalTestExecutorService.invokeAll(SameThreadHierarchicalTestExecutorService.java:42)
	at org.junit.platform.engine.support.hierarchical.NodeTestTask.lambda$executeRecursively$2(NodeTestTask.java:180)
	at org.junit.platform.engine.support.hierarchical.ThrowableCollector.execute(ThrowableCollector.java:74)
	at org.junit.platform.engine.support.hierarchical.NodeTestTask.lambda$executeRecursively$1(NodeTestTask.java:166)
	at org.junit.platform.engine.support.hierarchical.Node.around(Node.java:138)
	at org.junit.platform.engine.support.hierarchical.NodeTestTask.lambda$executeRecursively$0(NodeTestTask.java:164)
	at org.junit.platform.engine.support.hierarchical.ThrowableCollector.execute(ThrowableCollector.java:74)
	at org.junit.platform.engine.support.hierarchical.NodeTestTask.executeRecursively(NodeTestTask.java:163)
	at org.junit.platform.engine.support.hierarchical.NodeTestTask.execute(NodeTestTask.java:116)
	at org.junit.platform.engine.support.hierarchical.SameThreadHierarchicalTestExecutorService.submit(SameThreadHierarchicalTestExecutorService.java:36)
	at org.junit.platform.engine.support.hierarchical.HierarchicalTestExecutor.execute(HierarchicalTestExecutor.java:52)
	at org.junit.platform.engine.support.hierarchical.HierarchicalTestEngine.execute(HierarchicalTestEngine.java:58)
	at org.junit.platform.launcher.core.EngineExecutionOrchestrator.executeEngine(EngineExecutionOrchestrator.java:246)
	at org.junit.platform.launcher.core.EngineExecutionOrchestrator.failOrExecuteEngine(EngineExecutionOrchestrator.java:218)
	at org.junit.platform.launcher.core.EngineExecutionOrchestrator.execute(EngineExecutionOrchestrator.java:179)
	at org.junit.platform.launcher.core.EngineExecutionOrchestrator.execute(EngineExecutionOrchestrator.java:108)
	at org.junit.platform.launcher.core.EngineExecutionOrchestrator.lambda$execute$0(EngineExecutionOrchestrator.java:66)
	at org.junit.platform.launcher.core.EngineExecutionOrchestrator.withInterceptedStreams(EngineExecutionOrchestrator.java:157)
	at org.junit.platform.launcher.core.EngineExecutionOrchestrator.execute(EngineExecutionOrchestrator.java:65)
	at org.junit.platform.launcher.core.DefaultLauncher.execute(DefaultLauncher.java:125)
	at org.junit.platform.launcher.core.DefaultLauncher.execute(DefaultLauncher.java:114)
	at org.junit.platform.launcher.core.DefaultLauncher.execute(DefaultLauncher.java:93)
	at org.junit.platform.launcher.core.DelegatingLauncher.execute(DelegatingLauncher.java:48)
	at org.junit.platform.launcher.core.InterceptingLauncher.lambda$execute$0(InterceptingLauncher.java:41)
	at org.junit.platform.launcher.core.ClasspathAlignmentCheckingLauncherInterceptor.intercept(ClasspathAlignmentCheckingLauncherInterceptor.java:25)
	at org.junit.platform.launcher.core.InterceptingLauncher.execute(InterceptingLauncher.java:40)
	at org.junit.platform.launcher.core.DelegatingLauncher.execute(DelegatingLauncher.java:48)
	at org.junit.platform.launcher.core.SessionPerRequestLauncher.execute(SessionPerRequestLauncher.java:67)
	at com.intellij.junit6.JUnit6IdeaTestRunner.startRunnerWithArgs(JUnit6IdeaTestRunner.java:67)
	at com.intellij.rt.junit.IdeaTestRunner$Repeater$1.execute(IdeaTestRunner.java:38)
	at com.intellij.rt.execution.junit.TestsRepeater.repeat(TestsRepeater.java:11)
	at com.intellij.rt.junit.IdeaTestRunner$Repeater.startRunnerWithArgs(IdeaTestRunner.java:35)
	at com.intellij.rt.junit.JUnitStarter.prepareStreamsAndStart(JUnitStarter.java:237)
	at com.intellij.rt.junit.JUnitStarter.main(JUnitStarter.java:58)
Caused by: org.springframework.beans.factory.BeanCreationException: Error creating bean with name 'entityManagerFactory' defined in class path resource [org/springframework/boot/hibernate/autoconfigure/HibernateJpaConfiguration.class]: Failed to initialize dependency 'liquibase' of LoadTimeWeaverAware bean 'entityManagerFactory': Error creating bean with name 'liquibase' defined in class path resource [org/springframework/boot/liquibase/autoconfigure/LiquibaseAutoConfiguration$LiquibaseConfiguration.class]: liquibase.exception.DatabaseException: org.postgresql.util.PSQLException: Драйвер столкнулся с непредвиденной ошибкой. Сообщите об этом исключении.
	at org.springframework.beans.factory.support.AbstractBeanFactory.doGetBean(AbstractBeanFactory.java:322)
	at org.springframework.beans.factory.support.AbstractBeanFactory.getBean(AbstractBeanFactory.java:201)
	at org.springframework.context.support.AbstractApplicationContext.finishBeanFactoryInitialization(AbstractApplicationContext.java:977)
	at org.springframework.context.support.AbstractApplicationContext.refresh(AbstractApplicationContext.java:621)
	at org.springframework.boot.SpringApplication.refresh(SpringApplication.java:756)
	at org.springframework.boot.SpringApplication.refreshContext(SpringApplication.java:445)
	at org.springframework.boot.SpringApplication.run(SpringApplication.java:321)
	at org.springframework.boot.test.context.SpringBootContextLoader.lambda$loadContext$2(SpringBootContextLoader.java:155)
	at org.springframework.util.function.ThrowingSupplier.get(ThrowingSupplier.java:58)
	at org.springframework.util.function.ThrowingSupplier.get(ThrowingSupplier.java:46)
	at org.springframework.boot.SpringApplication.withHook(SpringApplication.java:1465)
	at org.springframework.boot.test.context.SpringBootContextLoader$ContextLoaderHook.run(SpringBootContextLoader.java:600)
	at org.springframework.boot.test.context.SpringBootContextLoader.loadContext(SpringBootContextLoader.java:155)
	at org.springframework.boot.test.context.SpringBootContextLoader.loadContext(SpringBootContextLoader.java:114)
	at org.springframework.test.context.cache.DefaultCacheAwareContextLoaderDelegate.loadContextInternal(DefaultCacheAwareContextLoaderDelegate.java:247)
	at org.springframework.test.context.cache.DefaultCacheAwareContextLoaderDelegate.lambda$loadContext$0(DefaultCacheAwareContextLoaderDelegate.java:167)
	... 82 common frames omitted
Caused by: org.springframework.beans.factory.BeanCreationException: Error creating bean with name 'liquibase' defined in class path resource [org/springframework/boot/liquibase/autoconfigure/LiquibaseAutoConfiguration$LiquibaseConfiguration.class]: liquibase.exception.DatabaseException: org.postgresql.util.PSQLException: Драйвер столкнулся с непредвиденной ошибкой. Сообщите об этом исключении.
	at org.springframework.beans.factory.support.AbstractAutowireCapableBeanFactory.initializeBean(AbstractAutowireCapableBeanFactory.java:1815)
	at org.springframework.beans.factory.support.AbstractAutowireCapableBeanFactory.doCreateBean(AbstractAutowireCapableBeanFactory.java:603)
	at org.springframework.beans.factory.support.AbstractAutowireCapableBeanFactory.createBean(AbstractAutowireCapableBeanFactory.java:525)
	at org.springframework.beans.factory.support.AbstractBeanFactory.lambda$doGetBean$0(AbstractBeanFactory.java:333)
	at org.springframework.beans.factory.support.DefaultSingletonBeanRegistry.getSingleton(DefaultSingletonBeanRegistry.java:371)
	at org.springframework.beans.factory.support.AbstractBeanFactory.doGetBean(AbstractBeanFactory.java:331)
	at org.springframework.beans.factory.support.AbstractBeanFactory.getBean(AbstractBeanFactory.java:196)
	at org.springframework.beans.factory.support.AbstractBeanFactory.doGetBean(AbstractBeanFactory.java:309)
	... 97 common frames omitted
Caused by: liquibase.exception.LiquibaseException: liquibase.exception.DatabaseException: org.postgresql.util.PSQLException: Драйвер столкнулся с непредвиденной ошибкой. Сообщите об этом исключении.
	at liquibase.integration.spring.SpringLiquibase.afterPropertiesSet(SpringLiquibase.java:289)
	at org.springframework.beans.factory.support.AbstractAutowireCapableBeanFactory.invokeInitMethods(AbstractAutowireCapableBeanFactory.java:1862)
	at org.springframework.beans.factory.support.AbstractAutowireCapableBeanFactory.initializeBean(AbstractAutowireCapableBeanFactory.java:1811)
	... 104 common frames omitted
Caused by: liquibase.exception.DatabaseException: org.postgresql.util.PSQLException: Драйвер столкнулся с непредвиденной ошибкой. Сообщите об этом исключении.
	at liquibase.integration.spring.SpringLiquibase.lambda$afterPropertiesSet$0(SpringLiquibase.java:281)
	at liquibase.Scope.lambda$child$0(Scope.java:243)
	at liquibase.Scope.child(Scope.java:252)
	at liquibase.Scope.child(Scope.java:242)
	at liquibase.Scope.child(Scope.java:221)
	at liquibase.integration.spring.SpringLiquibase.afterPropertiesSet(SpringLiquibase.java:272)
	... 106 common frames omitted
Caused by: org.postgresql.util.PSQLException: Драйвер столкнулся с непредвиденной ошибкой. Сообщите об этом исключении.
	at org.postgresql.Driver.connect(Driver.java:327)
	at com.zaxxer.hikari.util.DriverDataSource.getConnection(DriverDataSource.java:144)
	at com.zaxxer.hikari.pool.PoolBase.newConnection(PoolBase.java:373)
	at com.zaxxer.hikari.pool.PoolBase.newPoolEntry(PoolBase.java:210)
	at com.zaxxer.hikari.pool.HikariPool.createPoolEntry(HikariPool.java:488)
	at com.zaxxer.hikari.pool.HikariPool.checkFailFast(HikariPool.java:576)
	at com.zaxxer.hikari.pool.HikariPool.<init>(HikariPool.java:97)
	at com.zaxxer.hikari.HikariDataSource.getConnection(HikariDataSource.java:111)
	at liquibase.integration.spring.SpringLiquibase.lambda$afterPropertiesSet$0(SpringLiquibase.java:276)
	... 111 common frames omitted
Caused by: java.lang.StringIndexOutOfBoundsException: offset 5, count -269553430, length 8192
	at java.base/java.lang.String.checkBoundsOffCount(String.java:4591)
	at java.base/java.lang.String.<init>(String.java:523)
	at org.postgresql.core.Encoding.decode(Encoding.java:284)
	at org.postgresql.core.PGStream.receiveErrorString(PGStream.java:539)
	at org.postgresql.core.v3.ConnectionFactoryImpl.doAuthentication(ConnectionFactoryImpl.java:835)
	at org.postgresql.core.v3.ConnectionFactoryImpl.tryConnect(ConnectionFactoryImpl.java:309)
	at org.postgresql.core.v3.ConnectionFactoryImpl.openConnectionImpl(ConnectionFactoryImpl.java:367)
	at org.postgresql.core.ConnectionFactory.openConnection(ConnectionFactory.java:52)
	at org.postgresql.jdbc.PgConnection.<init>(PgConnection.java:295)
	at org.postgresql.Driver.makeConnection(Driver.java:437)
	at org.postgresql.Driver.connect(Driver.java:305)
	... 119 common frames omitted
2026-09-24 11:32:35 [main] DEBUG o.s.t.c.s.DirtiesContextTestExecutionListener - After test class: class [UserEventProducerTest], class annotated with @DirtiesContext [false] with mode [null]
2026-09-24 11:33:27 [main] INFO  r.a.u.service.UserServiceApplication - Starting UserServiceApplication using Java 17.0.19 with PID 14360 (C:\Users\fursova.v\OpenideProjects\Intensive\target\classes started by fursova.v in C:\Users\fursova.v\OpenideProjects\Intensive)
2026-09-24 11:33:27 [main] DEBUG r.a.u.service.UserServiceApplication - Running with Spring Boot v4.1.1, Spring v7.0.9
2026-09-24 11:33:27 [main] INFO  r.a.u.service.UserServiceApplication - No active profile set, falling back to 1 default profile: "default"
2026-09-24 11:33:27 [main] DEBUG o.s.boot.SpringApplication - Loading source class ru.aston.user.service.UserServiceApplication
2026-09-24 11:33:27 [main] DEBUG o.s.b.w.s.s.c.AnnotationConfigServletWebServerApplicationContext - Refreshing org.springframework.boot.web.server.servlet.context.AnnotationConfigServletWebServerApplicationContext@fd46303
2026-09-24 11:33:27 [main] DEBUG o.s.b.f.s.DefaultListableBeanFactory - Creating shared instance of singleton bean 'org.springframework.context.annotation.internalConfigurationAnnotationProcessor'
2026-09-24 11:33:27 [main] DEBUG o.s.b.f.s.DefaultListableBeanFactory - Creating shared instance of singleton bean 'org.springframework.boot.autoconfigure.internalCachingMetadataReaderFactory'
2026-09-24 11:33:27 [main] DEBUG o.s.c.a.ClassPathBeanDefinitionScanner - Identified candidate component class: file [C:\Users\fursova.v\OpenideProjects\Intensive\target\classes\ru\aston\user\service\controller\GlobalExceptionHandler.class]
2026-09-24 11:33:27 [main] DEBUG o.s.c.a.ClassPathBeanDefinitionScanner - Identified candidate component class: file [C:\Users\fursova.v\OpenideProjects\Intensive\target\classes\ru\aston\user\service\controller\UserController.class]
2026-09-24 11:33:27 [main] DEBUG o.s.c.a.ClassPathBeanDefinitionScanner - Identified candidate component class: file [C:\Users\fursova.v\OpenideProjects\Intensive\target\classes\ru\aston\user\service\kafka\UserEventProducer.class]
2026-09-24 11:33:27 [main] DEBUG o.s.c.a.ClassPathBeanDefinitionScanner - Identified candidate component class: file [C:\Users\fursova.v\OpenideProjects\Intensive\target\classes\ru\aston\user\service\mapper\UserMapper.class]
2026-09-24 11:33:27 [main] DEBUG o.s.c.a.ClassPathBeanDefinitionScanner - Identified candidate component class: file [C:\Users\fursova.v\OpenideProjects\Intensive\target\classes\ru\aston\user\service\service\UserServiceImpl.class]
2026-09-24 11:33:28 [background-preinit] DEBUG org.jboss.logging - Logging Provider: org.jboss.logging.Slf4jLoggerProvider found via system property
2026-09-24 11:33:28 [background-preinit] INFO  o.h.validator.internal.util.Version - HV000001: Hibernate Validator 9.1.3.Final
2026-09-24 11:33:28 [background-preinit] DEBUG o.h.v.i.x.config.ValidationXmlParser - Trying to load META-INF/validation.xml for XML based Validator configuration.
2026-09-24 11:33:28 [background-preinit] DEBUG o.h.v.i.x.c.ResourceLoaderHelper - Trying to load META-INF/validation.xml via TCCL
2026-09-24 11:33:28 [background-preinit] DEBUG o.h.v.i.x.c.ResourceLoaderHelper - Trying to load META-INF/validation.xml via Hibernate Validator's class loader
2026-09-24 11:33:28 [background-preinit] DEBUG o.h.v.i.x.config.ValidationXmlParser - No META-INF/validation.xml found. Using annotation based configuration only.
2026-09-24 11:33:28 [background-preinit] DEBUG o.h.v.i.e.r.TraversableResolvers - Found jakarta.persistence.Persistence on classpath containing 'getPersistenceUtil'. Assuming Jakarta Persistence environment. Trying to instantiate Jakarta Persistence aware TraversableResolver
2026-09-24 11:33:28 [background-preinit] DEBUG o.h.v.i.e.r.TraversableResolvers - Instantiated Jakarta Persistence aware TraversableResolver of type org.hibernate.validator.internal.engine.resolver.JPATraversableResolver.
2026-09-24 11:33:28 [background-preinit] DEBUG o.h.v.m.ResourceBundleMessageInterpolator - Loaded expression factory via original TCCL
2026-09-24 11:33:28 [background-preinit] DEBUG o.h.v.i.e.ValidatorFactoryConfigurationHelper - HV000252: Using org.hibernate.validator.internal.engine.DefaultPropertyNodeNameProvider as property node name provider.
2026-09-24 11:33:28 [background-preinit] DEBUG o.h.v.i.e.ValidatorFactoryConfigurationHelper - HV000234: Using org.hibernate.validator.messageinterpolation.ResourceBundleMessageInterpolator as ValidatorFactory-scoped message interpolator.
2026-09-24 11:33:28 [background-preinit] DEBUG o.h.v.i.e.ValidatorFactoryConfigurationHelper - HV000234: Using org.hibernate.validator.internal.engine.resolver.JPATraversableResolver as ValidatorFactory-scoped traversable resolver.
2026-09-24 11:33:28 [background-preinit] DEBUG o.h.v.i.e.ValidatorFactoryConfigurationHelper - HV000234: Using org.hibernate.validator.internal.util.ExecutableParameterNameProvider as ValidatorFactory-scoped parameter name provider.
2026-09-24 11:33:28 [background-preinit] DEBUG o.h.v.i.e.ValidatorFactoryConfigurationHelper - HV000234: Using org.hibernate.validator.internal.engine.DefaultClockProvider as ValidatorFactory-scoped clock provider.
2026-09-24 11:33:28 [background-preinit] DEBUG o.h.v.i.e.ValidatorFactoryConfigurationHelper - HV000234: Using org.hibernate.validator.internal.engine.scripting.DefaultScriptEvaluatorFactory as ValidatorFactory-scoped script evaluator factory.
2026-09-24 11:33:28 [main] INFO  o.s.d.r.c.RepositoryConfigurationDelegate - Bootstrapping Spring Data JPA repositories in DEFAULT mode.
2026-09-24 11:33:28 [main] DEBUG o.s.b.f.s.DefaultListableBeanFactory - Creating shared instance of singleton bean 'org.springframework.boot.autoconfigure.AutoConfigurationPackages'
2026-09-24 11:33:28 [main] DEBUG o.s.b.a.AutoConfigurationPackages - @EnableAutoConfiguration was declared on a class in the package 'ru.aston.user.service'. Automatic @Repository and @Entity scanning is enabled.
2026-09-24 11:33:28 [main] DEBUG o.s.d.r.c.RepositoryConfigurationDelegate - Scanning for JPA repositories in packages ru.aston.user.service.
2026-09-24 11:33:28 [main] DEBUG o.s.d.r.c.RepositoryComponentProvider - Identified candidate component class: file [C:\Users\fursova.v\OpenideProjects\Intensive\target\classes\ru\aston\user\service\repository\UserRepository.class]
2026-09-24 11:33:28 [main] DEBUG o.s.c.a.ClassPathScanningCandidateComponentProvider - Identified candidate component class: file [C:\Users\fursova.v\OpenideProjects\Intensive\target\classes\ru\aston\user\service\service\UserServiceImpl.class]
2026-09-24 11:33:28 [main] INFO  o.s.d.r.c.RepositoryConfigurationDelegate - Finished Spring Data repository scanning in 69 ms. Found 1 JPA repository interface.
2026-09-24 11:33:29 [main] DEBUG o.s.b.f.s.DefaultListableBeanFactory - Creating shared instance of singleton bean 'propertySourcesPlaceholderConfigurer'
2026-09-24 11:33:29 [main] DEBUG o.s.b.f.s.DefaultListableBeanFactory - Creating shared instance of singleton bean 'org.springframework.boot.sql.init.dependency.DatabaseInitializationDependencyConfigurer$DependsOnDatabaseInitializationPostProcessor'
2026-09-24 11:33:29 [main] DEBUG o.s.b.f.s.DefaultListableBeanFactory - Creating shared instance of singleton bean 'org.springframework.context.event.internalEventListenerProcessor'
2026-09-24 11:33:29 [main] DEBUG o.s.b.f.s.DefaultListableBeanFactory - Creating shared instance of singleton bean 'bootstrapExecutorAliasPostProcessor'
2026-09-24 11:33:29 [main] DEBUG o.s.b.f.s.DefaultListableBeanFactory - Creating shared instance of singleton bean 'preserveErrorControllerTargetClassPostProcessor'
2026-09-24 11:33:29 [main] DEBUG o.s.b.f.s.DefaultListableBeanFactory - Creating shared instance of singleton bean 'org.springframework.context.event.internalEventListenerFactory'
2026-09-24 11:33:29 [main] DEBUG o.s.b.f.s.DefaultListableBeanFactory - Creating shared instance of singleton bean 'org.springframework.transaction.config.internalTransactionalEventListenerFactory'
2026-09-24 11:33:29 [main] DEBUG o.s.b.f.s.DefaultListableBeanFactory - Creating shared instance of singleton bean 'org.springframework.context.annotation.internalAutowiredAnnotationProcessor'
2026-09-24 11:33:29 [main] DEBUG o.s.b.f.s.DefaultListableBeanFactory - Creating shared instance of singleton bean 'org.springframework.context.annotation.internalCommonAnnotationProcessor'
2026-09-24 11:33:29 [main] DEBUG o.s.b.f.s.DefaultListableBeanFactory - Creating shared instance of singleton bean 'org.springframework.context.annotation.internalPersistenceAnnotationProcessor'
2026-09-24 11:33:29 [main] DEBUG o.s.b.f.s.DefaultListableBeanFactory - Creating shared instance of singleton bean 'org.springframework.boot.context.properties.ConfigurationPropertiesBindingPostProcessor'
2026-09-24 11:33:29 [main] DEBUG o.s.b.f.s.DefaultListableBeanFactory - Creating shared instance of singleton bean 'org.springframework.boot.context.internalConfigurationPropertiesBinder'
2026-09-24 11:33:29 [main] DEBUG o.s.b.f.s.DefaultListableBeanFactory - Creating shared instance of singleton bean 'jdbcConnectionDetailsHikariBeanPostProcessor'
2026-09-24 11:33:29 [main] DEBUG o.s.b.f.s.DefaultListableBeanFactory - Creating shared instance of singleton bean 'methodValidationPostProcessor'
2026-09-24 11:33:29 [main] DEBUG o.s.b.f.s.DefaultListableBeanFactory - Autowiring by type from bean name 'methodValidationPostProcessor' via factory method to bean named 'environment'
2026-09-24 11:33:29 [main] DEBUG o.s.b.f.s.DefaultListableBeanFactory - Creating shared instance of singleton bean 'org.springframework.boot.context.properties.EnableConfigurationPropertiesRegistrar.methodValidationExcludeFilter'
2026-09-24 11:33:29 [main] DEBUG o.s.b.f.s.DefaultListableBeanFactory - Creating shared instance of singleton bean 'org.springframework.aop.framework.autoproxy.defaultProxyConfig'
2026-09-24 11:33:29 [main] DEBUG o.s.b.f.s.DefaultListableBeanFactory - Creating shared instance of singleton bean 'org.springframework.aop.config.internalAutoProxyCreator'
2026-09-24 11:33:29 [main] DEBUG o.s.b.f.s.DefaultListableBeanFactory - Creating shared instance of singleton bean 'org.springframework.kafka.config.internalKafkaListenerAnnotationProcessor'
2026-09-24 11:33:29 [main] DEBUG o.s.b.f.s.DefaultListableBeanFactory - Creating shared instance of singleton bean 'persistenceExceptionTranslationPostProcessor'
2026-09-24 11:33:29 [main] DEBUG o.s.b.f.s.DefaultListableBeanFactory - Autowiring by type from bean name 'persistenceExceptionTranslationPostProcessor' via factory method to bean named 'environment'
2026-09-24 11:33:29 [main] DEBUG o.s.b.f.s.DefaultListableBeanFactory - Creating shared instance of singleton bean 'projectingArgumentResolverBeanPostProcessor'
2026-09-24 11:33:29 [main] DEBUG o.s.b.f.s.DefaultListableBeanFactory - Creating shared instance of singleton bean 'org.springframework.transaction.config.internalTransactionAdvisor'
2026-09-24 11:33:29 [main] DEBUG o.s.b.f.s.DefaultListableBeanFactory - Creating shared instance of singleton bean 'org.springframework.transaction.annotation.ProxyTransactionManagementConfiguration'
2026-09-24 11:33:29 [main] DEBUG o.s.b.f.s.DefaultListableBeanFactory - Creating shared instance of singleton bean 'transactionAttributeSource'
2026-09-24 11:33:29 [main] DEBUG o.s.b.f.s.DefaultListableBeanFactory - Creating shared instance of singleton bean 'transactionInterceptor'
2026-09-24 11:33:29 [main] DEBUG o.s.b.f.s.DefaultListableBeanFactory - Autowiring by type from bean name 'transactionInterceptor' via factory method to bean named 'transactionAttributeSource'
2026-09-24 11:33:29 [main] DEBUG o.s.b.f.s.DefaultListableBeanFactory - Autowiring by type from bean name 'org.springframework.transaction.config.internalTransactionAdvisor' via factory method to bean named 'transactionAttributeSource'
2026-09-24 11:33:29 [main] DEBUG o.s.b.f.s.DefaultListableBeanFactory - Autowiring by type from bean name 'org.springframework.transaction.config.internalTransactionAdvisor' via factory method to bean named 'transactionInterceptor'
2026-09-24 11:33:29 [main] DEBUG o.s.b.f.s.DefaultListableBeanFactory - Creating shared instance of singleton bean 'webServerFactoryCustomizerBeanPostProcessor'
2026-09-24 11:33:29 [main] DEBUG o.s.b.f.s.DefaultListableBeanFactory - Creating shared instance of singleton bean 'errorPageRegistrarBeanPostProcessor'
2026-09-24 11:33:29 [main] DEBUG o.s.b.f.s.DefaultListableBeanFactory - Creating shared instance of singleton bean 'tomcatServletWebServerFactory'
2026-09-24 11:33:29 [main] DEBUG o.s.b.f.s.DefaultListableBeanFactory - Creating shared instance of singleton bean 'org.springframework.boot.tomcat.autoconfigure.servlet.TomcatServletWebServerAutoConfiguration'
2026-09-24 11:33:29 [main] DEBUG o.s.b.f.s.DefaultListableBeanFactory - Creating shared instance of singleton bean 'server.tomcat-org.springframework.boot.tomcat.autoconfigure.TomcatServerProperties'
2026-09-24 11:33:29 [main] DEBUG o.s.b.f.s.DefaultListableBeanFactory - Creating shared instance of singleton bean 'org.springframework.boot.context.properties.BoundConfigurationProperties'
2026-09-24 11:33:29 [main] DEBUG o.s.b.f.s.DefaultListableBeanFactory - Autowiring by type from bean name 'org.springframework.boot.tomcat.autoconfigure.servlet.TomcatServletWebServerAutoConfiguration' via constructor to bean named 'server.tomcat-org.springframework.boot.tomcat.autoconfigure.TomcatServerProperties'
2026-09-24 11:33:29 [main] DEBUG o.s.b.f.s.DefaultListableBeanFactory - Creating shared instance of singleton bean 'servletWebServerFactoryCustomizer'
2026-09-24 11:33:29 [main] DEBUG o.s.b.f.s.DefaultListableBeanFactory - Creating shared instance of singleton bean 'org.springframework.boot.web.server.autoconfigure.servlet.ServletWebServerConfiguration'
2026-09-24 11:33:29 [main] DEBUG o.s.b.f.s.DefaultListableBeanFactory - Creating shared instance of singleton bean 'server-org.springframework.boot.web.server.autoconfigure.ServerProperties'
2026-09-24 11:33:29 [main] DEBUG o.s.b.f.s.DefaultListableBeanFactory - Autowiring by type from bean name 'servletWebServerFactoryCustomizer' via factory method to bean named 'server-org.springframework.boot.web.server.autoconfigure.ServerProperties'
2026-09-24 11:33:29 [main] DEBUG o.s.b.f.s.DefaultListableBeanFactory - Creating shared instance of singleton bean 'sslBundleRegistry'
2026-09-24 11:33:29 [main] DEBUG o.s.b.f.s.DefaultListableBeanFactory - Creating shared instance of singleton bean 'org.springframework.boot.autoconfigure.ssl.SslAutoConfiguration'
2026-09-24 11:33:29 [main] DEBUG o.s.b.f.s.DefaultListableBeanFactory - Creating shared instance of singleton bean 'spring.ssl-org.springframework.boot.autoconfigure.ssl.SslProperties'
2026-09-24 11:33:29 [main] DEBUG o.s.b.f.s.DefaultListableBeanFactory - Autowiring by type from bean name 'org.springframework.boot.autoconfigure.ssl.SslAutoConfiguration' via constructor to bean named 'org.springframework.boot.web.server.servlet.context.AnnotationConfigServletWebServerApplicationContext@fd46303'
2026-09-24 11:33:29 [main] DEBUG o.s.b.f.s.DefaultListableBeanFactory - Autowiring by type from bean name 'org.springframework.boot.autoconfigure.ssl.SslAutoConfiguration' via constructor to bean named 'spring.ssl-org.springframework.boot.autoconfigure.ssl.SslProperties'
2026-09-24 11:33:29 [main] DEBUG o.s.b.f.s.DefaultListableBeanFactory - Creating shared instance of singleton bean 'sslPropertiesSslBundleRegistrar'
2026-09-24 11:33:29 [main] DEBUG o.s.b.f.s.DefaultListableBeanFactory - Creating shared instance of singleton bean 'fileWatcher'
2026-09-24 11:33:29 [main] DEBUG o.s.b.f.s.DefaultListableBeanFactory - Autowiring by type from bean name 'sslPropertiesSslBundleRegistrar' via factory method to bean named 'fileWatcher'
2026-09-24 11:33:29 [main] DEBUG o.s.b.f.s.DefaultListableBeanFactory - Creating shared instance of singleton bean 'webSocketWebServerCustomizer'
2026-09-24 11:33:29 [main] DEBUG o.s.b.f.s.DefaultListableBeanFactory - Creating shared instance of singleton bean 'org.springframework.boot.tomcat.autoconfigure.TomcatWebServerConfiguration$TomcatWebSocketConfiguration'
2026-09-24 11:33:29 [main] DEBUG o.s.b.f.s.DefaultListableBeanFactory - Creating shared instance of singleton bean 'tomcatWebServerFactoryCustomizer'
2026-09-24 11:33:29 [main] DEBUG o.s.b.f.s.DefaultListableBeanFactory - Creating shared instance of singleton bean 'org.springframework.boot.tomcat.autoconfigure.TomcatWebServerConfiguration'
2026-09-24 11:33:29 [main] DEBUG o.s.b.f.s.DefaultListableBeanFactory - Creating shared instance of singleton bean 'spring.web-org.springframework.boot.autoconfigure.web.WebProperties'
2026-09-24 11:33:29 [main] DEBUG o.s.b.f.s.DefaultListableBeanFactory - Autowiring by type from bean name 'tomcatWebServerFactoryCustomizer' via factory method to bean named 'environment'
2026-09-24 11:33:29 [main] DEBUG o.s.b.f.s.DefaultListableBeanFactory - Autowiring by type from bean name 'tomcatWebServerFactoryCustomizer' via factory method to bean named 'server-org.springframework.boot.web.server.autoconfigure.ServerProperties'
2026-09-24 11:33:29 [main] DEBUG o.s.b.f.s.DefaultListableBeanFactory - Autowiring by type from bean name 'tomcatWebServerFactoryCustomizer' via factory method to bean named 'server.tomcat-org.springframework.boot.tomcat.autoconfigure.TomcatServerProperties'
2026-09-24 11:33:29 [main] DEBUG o.s.b.f.s.DefaultListableBeanFactory - Autowiring by type from bean name 'tomcatWebServerFactoryCustomizer' via factory method to bean named 'spring.web-org.springframework.boot.autoconfigure.web.WebProperties'
2026-09-24 11:33:29 [main] DEBUG o.s.b.f.s.DefaultListableBeanFactory - Creating shared instance of singleton bean 'tomcatServletWebServerFactoryCustomizer'
2026-09-24 11:33:29 [main] DEBUG o.s.b.f.s.DefaultListableBeanFactory - Autowiring by type from bean name 'tomcatServletWebServerFactoryCustomizer' via factory method to bean named 'server.tomcat-org.springframework.boot.tomcat.autoconfigure.TomcatServerProperties'
2026-09-24 11:33:29 [main] DEBUG o.s.b.f.s.DefaultListableBeanFactory - Creating shared instance of singleton bean 'errorPageCustomizer'
2026-09-24 11:33:29 [main] DEBUG o.s.b.f.s.DefaultListableBeanFactory - Creating shared instance of singleton bean 'org.springframework.boot.webmvc.autoconfigure.error.ErrorMvcAutoConfiguration'
2026-09-24 11:33:29 [main] DEBUG o.s.b.f.s.DefaultListableBeanFactory - Autowiring by type from bean name 'org.springframework.boot.webmvc.autoconfigure.error.ErrorMvcAutoConfiguration' via constructor to bean named 'spring.web-org.springframework.boot.autoconfigure.web.WebProperties'
2026-09-24 11:33:29 [main] DEBUG o.s.b.f.s.DefaultListableBeanFactory - Creating shared instance of singleton bean 'dispatcherServletRegistration'
2026-09-24 11:33:29 [main] DEBUG o.s.b.f.s.DefaultListableBeanFactory - Creating shared instance of singleton bean 'org.springframework.boot.webmvc.autoconfigure.DispatcherServletAutoConfiguration$DispatcherServletRegistrationConfiguration'
2026-09-24 11:33:29 [main] DEBUG o.s.b.f.s.DefaultListableBeanFactory - Creating shared instance of singleton bean 'dispatcherServlet'
2026-09-24 11:33:29 [main] DEBUG o.s.b.f.s.DefaultListableBeanFactory - Creating shared instance of singleton bean 'org.springframework.boot.webmvc.autoconfigure.DispatcherServletAutoConfiguration$DispatcherServletConfiguration'
2026-09-24 11:33:29 [main] DEBUG o.s.b.f.s.DefaultListableBeanFactory - Creating shared instance of singleton bean 'spring.mvc-org.springframework.boot.webmvc.autoconfigure.WebMvcProperties'
2026-09-24 11:33:29 [main] DEBUG o.s.b.f.s.DefaultListableBeanFactory - Autowiring by type from bean name 'dispatcherServlet' via factory method to bean named 'spring.mvc-org.springframework.boot.webmvc.autoconfigure.WebMvcProperties'
2026-09-24 11:33:29 [main] DEBUG o.s.b.f.s.DefaultListableBeanFactory - Autowiring by type from bean name 'dispatcherServletRegistration' via factory method to bean named 'dispatcherServlet'
2026-09-24 11:33:29 [main] DEBUG o.s.b.f.s.DefaultListableBeanFactory - Autowiring by type from bean name 'dispatcherServletRegistration' via factory method to bean named 'spring.mvc-org.springframework.boot.webmvc.autoconfigure.WebMvcProperties'
2026-09-24 11:33:29 [main] DEBUG o.s.b.f.s.DefaultListableBeanFactory - Creating shared instance of singleton bean 'multipartConfigElement'
2026-09-24 11:33:29 [main] DEBUG o.s.b.f.s.DefaultListableBeanFactory - Creating shared instance of singleton bean 'org.springframework.boot.servlet.autoconfigure.MultipartAutoConfiguration'
2026-09-24 11:33:29 [main] DEBUG o.s.b.f.s.DefaultListableBeanFactory - Creating shared instance of singleton bean 'spring.servlet.multipart-org.springframework.boot.servlet.autoconfigure.MultipartProperties'
2026-09-24 11:33:29 [main] DEBUG o.s.b.f.s.DefaultListableBeanFactory - Autowiring by type from bean name 'org.springframework.boot.servlet.autoconfigure.MultipartAutoConfiguration' via constructor to bean named 'spring.servlet.multipart-org.springframework.boot.servlet.autoconfigure.MultipartProperties'
2026-09-24 11:33:29 [main] DEBUG o.s.b.f.s.DefaultListableBeanFactory - Autowiring by type from bean name 'errorPageCustomizer' via factory method to bean named 'dispatcherServletRegistration'
2026-09-24 11:33:30 [main] DEBUG o.s.b.t.s.TomcatServletWebServerFactory - Code archive: C:\Users\fursova.v\.m2\repository\org\springframework\boot\spring-boot-web-server\4.1.1\spring-boot-web-server-4.1.1.jar
2026-09-24 11:33:30 [main] DEBUG o.s.b.t.s.TomcatServletWebServerFactory - Code archive: C:\Users\fursova.v\.m2\repository\org\springframework\boot\spring-boot-web-server\4.1.1\spring-boot-web-server-4.1.1.jar
2026-09-24 11:33:30 [main] DEBUG o.s.b.t.s.TomcatServletWebServerFactory - None of the document roots [src/main/webapp, public, static] point to a directory and will be ignored.
2026-09-24 11:33:30 [main] INFO  o.s.boot.tomcat.TomcatWebServer - Tomcat initialized with port 8080 (http)
2026-09-24 11:33:30 [main] INFO  o.a.coyote.http11.Http11NioProtocol - Initializing ProtocolHandler ["http-nio-8080"]
2026-09-24 11:33:30 [main] INFO  o.a.catalina.core.StandardService - Starting service [Tomcat]
2026-09-24 11:33:30 [main] INFO  o.a.catalina.core.StandardEngine - Starting Servlet engine: [Apache Tomcat/11.0.24]
2026-09-24 11:33:30 [main] DEBUG o.s.b.w.c.s.WebApplicationContextInitializer - Published root WebApplicationContext as ServletContext attribute with name [org.springframework.web.context.WebApplicationContext.ROOT]
2026-09-24 11:33:30 [main] INFO  o.s.b.w.c.s.WebApplicationContextInitializer - Root WebApplicationContext: initialization completed in 2823 ms
2026-09-24 11:33:30 [main] DEBUG o.s.b.f.s.DefaultListableBeanFactory - Creating shared instance of singleton bean 'requestContextFilter'
2026-09-24 11:33:30 [main] DEBUG o.s.b.f.s.DefaultListableBeanFactory - Creating shared instance of singleton bean 'formContentFilter'
2026-09-24 11:33:30 [main] DEBUG o.s.b.f.s.DefaultListableBeanFactory - Creating shared instance of singleton bean 'org.springframework.boot.webmvc.autoconfigure.WebMvcAutoConfiguration'
2026-09-24 11:33:30 [main] DEBUG o.s.b.f.s.DefaultListableBeanFactory - Creating shared instance of singleton bean 'characterEncodingFilter'
2026-09-24 11:33:30 [main] DEBUG o.s.b.f.s.DefaultListableBeanFactory - Creating shared instance of singleton bean 'org.springframework.boot.servlet.autoconfigure.HttpEncodingAutoConfiguration'
2026-09-24 11:33:30 [main] DEBUG o.s.b.f.s.DefaultListableBeanFactory - Creating shared instance of singleton bean 'spring.servlet.encoding-org.springframework.boot.servlet.autoconfigure.ServletEncodingProperties'
2026-09-24 11:33:30 [main] DEBUG o.s.b.f.s.DefaultListableBeanFactory - Autowiring by type from bean name 'characterEncodingFilter' via factory method to bean named 'spring.servlet.encoding-org.springframework.boot.servlet.autoconfigure.ServletEncodingProperties'
2026-09-24 11:33:30 [main] DEBUG o.s.b.w.s.ServletContextInitializerBeans - Mapping filters: characterEncodingFilter urls=[/*] order=-2147483648, formContentFilter urls=[/*] order=-9900, requestContextFilter urls=[/*] order=-105
2026-09-24 11:33:30 [main] DEBUG o.s.b.w.s.ServletContextInitializerBeans - Mapping servlets: dispatcherServlet urls=[/]
2026-09-24 11:33:30 [main] DEBUG o.s.b.s.f.OrderedRequestContextFilter - Filter 'requestContextFilter' configured for use
2026-09-24 11:33:30 [main] DEBUG o.s.b.s.f.OrderedCharacterEncodingFilter - Filter 'characterEncodingFilter' configured for use
2026-09-24 11:33:30 [main] DEBUG o.s.b.s.f.OrderedFormContentFilter - Filter 'formContentFilter' configured for use
2026-09-24 11:33:30 [main] DEBUG o.s.b.f.s.DefaultListableBeanFactory - Creating shared instance of singleton bean 'applicationTaskExecutor'
2026-09-24 11:33:30 [main] DEBUG o.s.b.f.s.DefaultListableBeanFactory - Creating shared instance of singleton bean 'org.springframework.boot.autoconfigure.task.TaskExecutorConfigurations$TaskExecutorConfiguration'
2026-09-24 11:33:30 [main] DEBUG o.s.b.f.s.DefaultListableBeanFactory - Creating shared instance of singleton bean 'threadPoolTaskExecutorBuilder'
2026-09-24 11:33:30 [main] DEBUG o.s.b.f.s.DefaultListableBeanFactory - Creating shared instance of singleton bean 'org.springframework.boot.autoconfigure.task.TaskExecutorConfigurations$ThreadPoolTaskExecutorBuilderConfiguration'
2026-09-24 11:33:30 [main] DEBUG o.s.b.f.s.DefaultListableBeanFactory - Creating shared instance of singleton bean 'spring.task.execution-org.springframework.boot.autoconfigure.task.TaskExecutionProperties'
2026-09-24 11:33:30 [main] DEBUG o.s.b.f.s.DefaultListableBeanFactory - Autowiring by type from bean name 'threadPoolTaskExecutorBuilder' via factory method to bean named 'spring.task.execution-org.springframework.boot.autoconfigure.task.TaskExecutionProperties'
2026-09-24 11:33:30 [main] DEBUG o.s.b.f.s.DefaultListableBeanFactory - Autowiring by type from bean name 'applicationTaskExecutor' via factory method to bean named 'threadPoolTaskExecutorBuilder'
2026-09-24 11:33:30 [main] DEBUG o.s.s.c.ThreadPoolTaskExecutor - Initializing ExecutorService 'applicationTaskExecutor'
2026-09-24 11:33:30 [main] DEBUG o.s.b.f.s.DefaultListableBeanFactory - Creating shared instance of singleton bean 'liquibase'
2026-09-24 11:33:30 [main] DEBUG o.s.b.f.s.DefaultListableBeanFactory - Creating shared instance of singleton bean 'org.springframework.boot.liquibase.autoconfigure.LiquibaseAutoConfiguration$LiquibaseConfiguration'
2026-09-24 11:33:30 [main] DEBUG o.s.b.f.s.DefaultListableBeanFactory - Creating shared instance of singleton bean 'spring.liquibase-org.springframework.boot.liquibase.autoconfigure.LiquibaseProperties'
2026-09-24 11:33:30 [main] DEBUG o.s.b.f.s.DefaultListableBeanFactory - Creating shared instance of singleton bean 'liquibaseConnectionDetails'
2026-09-24 11:33:30 [main] DEBUG o.s.b.f.s.DefaultListableBeanFactory - Autowiring by type from bean name 'liquibaseConnectionDetails' via factory method to bean named 'spring.liquibase-org.springframework.boot.liquibase.autoconfigure.LiquibaseProperties'
2026-09-24 11:33:30 [main] DEBUG o.s.b.f.s.DefaultListableBeanFactory - Autowiring by type from bean name 'liquibase' via factory method to bean named 'spring.liquibase-org.springframework.boot.liquibase.autoconfigure.LiquibaseProperties'
2026-09-24 11:33:30 [main] DEBUG o.s.b.f.s.DefaultListableBeanFactory - Autowiring by type from bean name 'liquibase' via factory method to bean named 'liquibaseConnectionDetails'
2026-09-24 11:33:30 [main] DEBUG o.s.b.f.s.DefaultListableBeanFactory - Creating shared instance of singleton bean 'dataSource'
2026-09-24 11:33:30 [main] DEBUG o.s.b.f.s.DefaultListableBeanFactory - Creating shared instance of singleton bean 'org.springframework.boot.jdbc.autoconfigure.DataSourceConfiguration$Hikari'
2026-09-24 11:33:30 [main] DEBUG o.s.b.f.s.DefaultListableBeanFactory - Creating shared instance of singleton bean 'spring.datasource-org.springframework.boot.jdbc.autoconfigure.DataSourceProperties'
2026-09-24 11:33:30 [main] DEBUG o.s.b.f.s.DefaultListableBeanFactory - Creating shared instance of singleton bean 'jdbcConnectionDetails'
2026-09-24 11:33:30 [main] DEBUG o.s.b.f.s.DefaultListableBeanFactory - Creating shared instance of singleton bean 'org.springframework.boot.jdbc.autoconfigure.DataSourceAutoConfiguration$PooledDataSourceConfiguration'
2026-09-24 11:33:30 [main] DEBUG o.s.b.f.s.DefaultListableBeanFactory - Autowiring by type from bean name 'jdbcConnectionDetails' via factory method to bean named 'spring.datasource-org.springframework.boot.jdbc.autoconfigure.DataSourceProperties'
2026-09-24 11:33:30 [main] DEBUG o.s.b.f.s.DefaultListableBeanFactory - Autowiring by type from bean name 'dataSource' via factory method to bean named 'spring.datasource-org.springframework.boot.jdbc.autoconfigure.DataSourceProperties'
2026-09-24 11:33:30 [main] DEBUG o.s.b.f.s.DefaultListableBeanFactory - Autowiring by type from bean name 'dataSource' via factory method to bean named 'jdbcConnectionDetails'
2026-09-24 11:33:30 [main] DEBUG o.s.b.f.s.DefaultListableBeanFactory - Autowiring by type from bean name 'dataSource' via factory method to bean named 'environment'
2026-09-24 11:33:30 [main] DEBUG com.zaxxer.hikari.util.UtilityElf - Class org.postgresql.Driver found in Thread context class loader jdk.internal.loader.ClassLoaders$AppClassLoader@1d44bcfa
2026-09-24 11:33:30 [main] DEBUG liquibase.servicelocator - Loaded liquibase.logging.LogService instance liquibase.logging.core.BufferedLogService
2026-09-24 11:33:30 [main] DEBUG liquibase.servicelocator - Loaded liquibase.logging.LogService instance liquibase.logging.core.CompositeLogService
2026-09-24 11:33:30 [main] DEBUG liquibase.servicelocator - Loaded liquibase.logging.LogService instance liquibase.logging.core.JavaLogService
2026-09-24 11:33:30 [main] DEBUG liquibase.servicelocator - Loaded liquibase.configuration.AutoloadedConfigurations instance liquibase.GlobalConfiguration
2026-09-24 11:33:30 [main] DEBUG liquibase.servicelocator - Loaded liquibase.configuration.AutoloadedConfigurations instance liquibase.integration.commandline.LiquibaseCommandLineConfiguration
2026-09-24 11:33:30 [main] DEBUG liquibase.servicelocator - Loaded liquibase.configuration.AutoloadedConfigurations instance liquibase.logging.core.DefaultLoggerConfiguration
2026-09-24 11:33:30 [main] DEBUG liquibase.servicelocator - Loaded liquibase.configuration.AutoloadedConfigurations instance liquibase.sql.SqlConfiguration
2026-09-24 11:33:30 [main] DEBUG liquibase.servicelocator - Loaded liquibase.configuration.AutoloadedConfigurations instance liquibase.parser.ChangeLogParserConfiguration
2026-09-24 11:33:30 [main] DEBUG liquibase.servicelocator - Loaded liquibase.configuration.AutoloadedConfigurations instance liquibase.analytics.configuration.AnalyticsArgs
2026-09-24 11:33:30 [main] DEBUG liquibase.servicelocator - Loaded liquibase.configuration.AutoloadedConfigurations instance liquibase.license.LicenseTrackingArgs
2026-09-24 11:33:30 [main] DEBUG liquibase.servicelocator - Loaded liquibase.configuration.AutoloadedConfigurations instance liquibase.database.core.MSSQLDatabase$SpecificConfiguration
2026-09-24 11:33:30 [main] DEBUG liquibase.configuration - Found ConfigurationDefinitions in liquibase.GlobalConfiguration
2026-09-24 11:33:30 [main] DEBUG liquibase.configuration - Found ConfigurationDefinitions in liquibase.integration.commandline.LiquibaseCommandLineConfiguration
2026-09-24 11:33:30 [main] DEBUG liquibase.configuration - Found ConfigurationDefinitions in liquibase.logging.core.DefaultLoggerConfiguration
2026-09-24 11:33:30 [main] DEBUG liquibase.configuration - Found ConfigurationDefinitions in liquibase.sql.SqlConfiguration
2026-09-24 11:33:30 [main] DEBUG liquibase.configuration - Found ConfigurationDefinitions in liquibase.parser.ChangeLogParserConfiguration
2026-09-24 11:33:30 [main] DEBUG liquibase.configuration - Found ConfigurationDefinitions in liquibase.analytics.configuration.AnalyticsArgs
2026-09-24 11:33:30 [main] DEBUG liquibase.configuration - Found ConfigurationDefinitions in liquibase.license.LicenseTrackingArgs
2026-09-24 11:33:30 [main] DEBUG liquibase.configuration - Found ConfigurationDefinitions in liquibase.database.core.MSSQLDatabase$SpecificConfiguration
2026-09-24 11:33:30 [main] DEBUG liquibase.servicelocator - Loaded liquibase.configuration.ConfigurationValueProvider instance liquibase.configuration.core.DeprecatedConfigurationValueProvider
2026-09-24 11:33:30 [main] DEBUG liquibase.servicelocator - Loaded liquibase.configuration.ConfigurationValueProvider instance liquibase.configuration.core.SystemPropertyValueProvider
2026-09-24 11:33:30 [main] DEBUG liquibase.servicelocator - Loaded liquibase.configuration.ConfigurationValueProvider instance liquibase.configuration.core.ScopeValueProvider
2026-09-24 11:33:30 [main] DEBUG liquibase.servicelocator - Loaded liquibase.configuration.ConfigurationValueProvider instance liquibase.configuration.core.EnvironmentValueProvider
2026-09-24 11:33:30 [main] DEBUG liquibase.servicelocator - Loaded liquibase.servicelocator.ServiceLocator instance liquibase.servicelocator.StandardServiceLocator
2026-09-24 11:33:30 [main] DEBUG liquibase.configuration - No configuration value for liquibase.shouldRun aka should.run found
2026-09-24 11:33:30 [main] DEBUG liquibase.configuration - Configuration liquibase.shouldRun is using the default value of true
2026-09-24 11:33:30 [main] DEBUG com.zaxxer.hikari.HikariConfig - HikariPool-1 - configuration:
2026-09-24 11:33:30 [main] DEBUG com.zaxxer.hikari.HikariConfig - allowPoolSuspension.............false
2026-09-24 11:33:30 [main] DEBUG com.zaxxer.hikari.HikariConfig - autoCommit......................true
2026-09-24 11:33:30 [main] DEBUG com.zaxxer.hikari.HikariConfig - catalog.........................none
2026-09-24 11:33:30 [main] DEBUG com.zaxxer.hikari.HikariConfig - connectionInitSql...............none
2026-09-24 11:33:30 [main] DEBUG com.zaxxer.hikari.HikariConfig - connectionTestQuery.............none
2026-09-24 11:33:30 [main] DEBUG com.zaxxer.hikari.HikariConfig - connectionTimeout...............30000
2026-09-24 11:33:30 [main] DEBUG com.zaxxer.hikari.HikariConfig - credentials.....................com.zaxxer.hikari.util.Credentials@445bce9a
2026-09-24 11:33:30 [main] DEBUG com.zaxxer.hikari.HikariConfig - credentialsProvider.............none
2026-09-24 11:33:30 [main] DEBUG com.zaxxer.hikari.HikariConfig - credentialsProviderClassName....none
2026-09-24 11:33:30 [main] DEBUG com.zaxxer.hikari.HikariConfig - dataSource......................none
2026-09-24 11:33:30 [main] DEBUG com.zaxxer.hikari.HikariConfig - dataSourceClassName.............none
2026-09-24 11:33:30 [main] DEBUG com.zaxxer.hikari.HikariConfig - dataSourceJNDI..................none
2026-09-24 11:33:30 [main] DEBUG com.zaxxer.hikari.HikariConfig - dataSourceProperties............{password=<masked>}
2026-09-24 11:33:30 [main] DEBUG com.zaxxer.hikari.HikariConfig - driverClassName................."org.postgresql.Driver"
2026-09-24 11:33:30 [main] DEBUG com.zaxxer.hikari.HikariConfig - exceptionOverride...............none
2026-09-24 11:33:30 [main] DEBUG com.zaxxer.hikari.HikariConfig - exceptionOverrideClassName......none
2026-09-24 11:33:30 [main] DEBUG com.zaxxer.hikari.HikariConfig - healthCheckProperties...........{}
2026-09-24 11:33:30 [main] DEBUG com.zaxxer.hikari.HikariConfig - healthCheckRegistry.............none
2026-09-24 11:33:30 [main] DEBUG com.zaxxer.hikari.HikariConfig - idleTimeout.....................600000
2026-09-24 11:33:30 [main] DEBUG com.zaxxer.hikari.HikariConfig - initializationFailTimeout.......1
2026-09-24 11:33:30 [main] DEBUG com.zaxxer.hikari.HikariConfig - isolateInternalQueries..........false
2026-09-24 11:33:30 [main] DEBUG com.zaxxer.hikari.HikariConfig - jdbcUrl.........................jdbc:postgresql://localhost:5432/user_service
2026-09-24 11:33:30 [main] DEBUG com.zaxxer.hikari.HikariConfig - keepaliveTime...................120000
2026-09-24 11:33:30 [main] DEBUG com.zaxxer.hikari.HikariConfig - leakDetectionThreshold..........0
2026-09-24 11:33:30 [main] DEBUG com.zaxxer.hikari.HikariConfig - maxLifetime.....................1800000
2026-09-24 11:33:30 [main] DEBUG com.zaxxer.hikari.HikariConfig - maximumPoolSize.................10
2026-09-24 11:33:30 [main] DEBUG com.zaxxer.hikari.HikariConfig - metricRegistry..................none
2026-09-24 11:33:30 [main] DEBUG com.zaxxer.hikari.HikariConfig - metricsTrackerFactory...........none
2026-09-24 11:33:30 [main] DEBUG com.zaxxer.hikari.HikariConfig - minimumIdle.....................10
2026-09-24 11:33:30 [main] DEBUG com.zaxxer.hikari.HikariConfig - password........................<masked>
2026-09-24 11:33:30 [main] DEBUG com.zaxxer.hikari.HikariConfig - poolName........................"HikariPool-1"
2026-09-24 11:33:30 [main] DEBUG com.zaxxer.hikari.HikariConfig - readOnly........................false
2026-09-24 11:33:30 [main] DEBUG com.zaxxer.hikari.HikariConfig - registerMbeans..................false
2026-09-24 11:33:30 [main] DEBUG com.zaxxer.hikari.HikariConfig - scheduledExecutor...............none
2026-09-24 11:33:30 [main] DEBUG com.zaxxer.hikari.HikariConfig - schema..........................none
2026-09-24 11:33:30 [main] DEBUG com.zaxxer.hikari.HikariConfig - threadFactory...................internal
2026-09-24 11:33:30 [main] DEBUG com.zaxxer.hikari.HikariConfig - transactionIsolation............default
2026-09-24 11:33:30 [main] DEBUG com.zaxxer.hikari.HikariConfig - username........................"postgres"
2026-09-24 11:33:30 [main] DEBUG com.zaxxer.hikari.HikariConfig - validationTimeout...............5000
2026-09-24 11:33:30 [main] INFO  com.zaxxer.hikari.HikariDataSource - HikariPool-1 - Starting...
2026-09-24 11:33:30 [main] DEBUG com.zaxxer.hikari.pool.PoolBase - HikariPool-1 - Attempting to create/setup new connection (5dc20430-848b-465d-901b-5afc41659e70)
2026-09-24 11:33:34 [main] DEBUG com.zaxxer.hikari.pool.PoolBase - HikariPool-1 - Failed to create/setup connection (5dc20430-848b-465d-901b-5afc41659e70): Драйвер столкнулся с непредвиденной ошибкой. Сообщите об этом исключении.
2026-09-24 11:33:34 [main] DEBUG com.zaxxer.hikari.pool.HikariPool - HikariPool-1 - Cannot acquire connection from data source
org.postgresql.util.PSQLException: Драйвер столкнулся с непредвиденной ошибкой. Сообщите об этом исключении.
	at org.postgresql.Driver.connect(Driver.java:327)
	at com.zaxxer.hikari.util.DriverDataSource.getConnection(DriverDataSource.java:144)
	at com.zaxxer.hikari.pool.PoolBase.newConnection(PoolBase.java:373)
	at com.zaxxer.hikari.pool.PoolBase.newPoolEntry(PoolBase.java:210)
	at com.zaxxer.hikari.pool.HikariPool.createPoolEntry(HikariPool.java:488)
	at com.zaxxer.hikari.pool.HikariPool.checkFailFast(HikariPool.java:576)
	at com.zaxxer.hikari.pool.HikariPool.<init>(HikariPool.java:97)
	at com.zaxxer.hikari.HikariDataSource.getConnection(HikariDataSource.java:111)
	at liquibase.integration.spring.SpringLiquibase.lambda$afterPropertiesSet$0(SpringLiquibase.java:276)
	at liquibase.Scope.lambda$child$0(Scope.java:243)
	at liquibase.Scope.child(Scope.java:252)
	at liquibase.Scope.child(Scope.java:242)
	at liquibase.Scope.child(Scope.java:221)
	at liquibase.integration.spring.SpringLiquibase.afterPropertiesSet(SpringLiquibase.java:272)
	at org.springframework.beans.factory.support.AbstractAutowireCapableBeanFactory.invokeInitMethods(AbstractAutowireCapableBeanFactory.java:1862)
	at org.springframework.beans.factory.support.AbstractAutowireCapableBeanFactory.initializeBean(AbstractAutowireCapableBeanFactory.java:1811)
	at org.springframework.beans.factory.support.AbstractAutowireCapableBeanFactory.doCreateBean(AbstractAutowireCapableBeanFactory.java:603)
	at org.springframework.beans.factory.support.AbstractAutowireCapableBeanFactory.createBean(AbstractAutowireCapableBeanFactory.java:525)
	at org.springframework.beans.factory.support.AbstractBeanFactory.lambda$doGetBean$0(AbstractBeanFactory.java:333)
	at org.springframework.beans.factory.support.DefaultSingletonBeanRegistry.getSingleton(DefaultSingletonBeanRegistry.java:371)
	at org.springframework.beans.factory.support.AbstractBeanFactory.doGetBean(AbstractBeanFactory.java:331)
	at org.springframework.beans.factory.support.AbstractBeanFactory.getBean(AbstractBeanFactory.java:196)
	at org.springframework.beans.factory.support.AbstractBeanFactory.doGetBean(AbstractBeanFactory.java:309)
	at org.springframework.beans.factory.support.AbstractBeanFactory.getBean(AbstractBeanFactory.java:201)
	at org.springframework.context.support.AbstractApplicationContext.finishBeanFactoryInitialization(AbstractApplicationContext.java:977)
	at org.springframework.context.support.AbstractApplicationContext.refresh(AbstractApplicationContext.java:621)
	at org.springframework.boot.web.server.servlet.context.ServletWebServerApplicationContext.refresh(ServletWebServerApplicationContext.java:143)
	at org.springframework.boot.SpringApplication.refresh(SpringApplication.java:756)
	at org.springframework.boot.SpringApplication.refreshContext(SpringApplication.java:445)
	at org.springframework.boot.SpringApplication.run(SpringApplication.java:321)
	at org.springframework.boot.SpringApplication.run(SpringApplication.java:1365)
	at org.springframework.boot.SpringApplication.run(SpringApplication.java:1354)
	at ru.aston.user.service.UserServiceApplication.main(UserServiceApplication.java:10)
Caused by: java.lang.StringIndexOutOfBoundsException: offset 5, count -269553430, length 8192
	at java.base/java.lang.String.checkBoundsOffCount(String.java:4591)
	at java.base/java.lang.String.<init>(String.java:523)
	at org.postgresql.core.Encoding.decode(Encoding.java:284)
	at org.postgresql.core.PGStream.receiveErrorString(PGStream.java:539)
	at org.postgresql.core.v3.ConnectionFactoryImpl.doAuthentication(ConnectionFactoryImpl.java:835)
	at org.postgresql.core.v3.ConnectionFactoryImpl.tryConnect(ConnectionFactoryImpl.java:309)
	at org.postgresql.core.v3.ConnectionFactoryImpl.openConnectionImpl(ConnectionFactoryImpl.java:367)
	at org.postgresql.core.ConnectionFactory.openConnection(ConnectionFactory.java:52)
	at org.postgresql.jdbc.PgConnection.<init>(PgConnection.java:295)
	at org.postgresql.Driver.makeConnection(Driver.java:437)
	at org.postgresql.Driver.connect(Driver.java:305)
	... 32 common frames omitted
2026-09-24 11:33:35 [main] WARN  o.s.b.w.s.s.c.AnnotationConfigServletWebServerApplicationContext - Exception encountered during context initialization - cancelling refresh attempt: org.springframework.beans.factory.BeanCreationException: Error creating bean with name 'entityManagerFactory' defined in class path resource [org/springframework/boot/hibernate/autoconfigure/HibernateJpaConfiguration.class]: Failed to initialize dependency 'liquibase' of LoadTimeWeaverAware bean 'entityManagerFactory': Error creating bean with name 'liquibase' defined in class path resource [org/springframework/boot/liquibase/autoconfigure/LiquibaseAutoConfiguration$LiquibaseConfiguration.class]: liquibase.exception.DatabaseException: org.postgresql.util.PSQLException: Драйвер столкнулся с непредвиденной ошибкой. Сообщите об этом исключении.
2026-09-24 11:33:35 [main] DEBUG o.s.s.c.ThreadPoolTaskExecutor - Shutting down ExecutorService 'applicationTaskExecutor'
2026-09-24 11:33:35 [main] INFO  o.a.catalina.core.StandardService - Stopping service [Tomcat]
2026-09-24 11:33:35 [main] DEBUG o.s.b.a.l.ConditionEvaluationReportLogger - 


============================
CONDITIONS EVALUATION REPORT
============================


Positive matches:
-----------------

   AopAutoConfiguration matched:
      - @ConditionalOnBooleanProperty (spring.aop.auto=true) matched (OnPropertyCondition)

   AopAutoConfiguration.AspectJAutoProxyingConfiguration matched:
      - @ConditionalOnClass found required class 'org.aspectj.weaver.Advice' (OnClassCondition)

   AopAutoConfiguration.AspectJAutoProxyingConfiguration.CglibAutoProxyConfiguration matched:
      - @ConditionalOnBooleanProperty (spring.aop.proxy-target-class=true) matched (OnPropertyCondition)

   ApplicationAvailabilityAutoConfiguration#applicationAvailability matched:
      - @ConditionalOnMissingBean (types: org.springframework.boot.availability.ApplicationAvailability; SearchStrategy: all) did not find any beans (OnBeanCondition)

   DataJpaRepositoriesAutoConfiguration matched:
      - @ConditionalOnClass found required class 'org.springframework.data.jpa.repository.JpaRepository' (OnClassCondition)
      - @ConditionalOnBooleanProperty (spring.data.jpa.repositories.enabled=true) matched (OnPropertyCondition)
      - @ConditionalOnBean (types: javax.sql.DataSource; SearchStrategy: all) found bean 'dataSource'; @ConditionalOnMissingBean (types: org.springframework.data.jpa.repository.support.JpaRepositoryFactoryBean,org.springframework.data.jpa.repository.config.JpaRepositoryConfigExtension; SearchStrategy: all) did not find any beans (OnBeanCondition)

   DataSourceAutoConfiguration matched:
      - @ConditionalOnClass found required classes 'javax.sql.DataSource', 'org.springframework.jdbc.datasource.embedded.EmbeddedDatabaseType' (OnClassCondition)
      - @ConditionalOnMissingBean (types: io.r2dbc.spi.ConnectionFactory; SearchStrategy: all) did not find any beans (OnBeanCondition)

   DataSourceAutoConfiguration.PooledDataSourceConfiguration matched:
      - AnyNestedCondition 1 matched 1 did not; NestedCondition on DataSourceAutoConfiguration.PooledDataSourceCondition.PooledDataSourceAvailable PooledDataSource found supported DataSource; NestedCondition on DataSourceAutoConfiguration.PooledDataSourceCondition.ExplicitType @ConditionalOnProperty (spring.datasource.type) did not find property 'spring.datasource.type' (DataSourceAutoConfiguration.PooledDataSourceCondition)
      - @ConditionalOnMissingBean (types: javax.sql.DataSource,javax.sql.XADataSource; SearchStrategy: all) did not find any beans (OnBeanCondition)

   DataSourceAutoConfiguration.PooledDataSourceConfiguration#jdbcConnectionDetails matched:
      - @ConditionalOnMissingBean (types: org.springframework.boot.jdbc.autoconfigure.JdbcConnectionDetails; SearchStrategy: all) did not find any beans (OnBeanCondition)

   DataSourceConfiguration.Hikari matched:
      - @ConditionalOnClass found required class 'com.zaxxer.hikari.HikariDataSource' (OnClassCondition)
      - @ConditionalOnProperty (spring.datasource.type=com.zaxxer.hikari.HikariDataSource) matched (OnPropertyCondition)
      - @ConditionalOnMissingBean (types: javax.sql.DataSource; SearchStrategy: all) did not find any beans (OnBeanCondition)

   DataSourceInitializationAutoConfiguration matched:
      - @ConditionalOnClass found required class 'org.springframework.jdbc.datasource.init.DatabasePopulator' (OnClassCondition)
      - SQL InitializationDatabase Initialization default value is EMBEDDED (OnSqlInitializationCondition)
      - @ConditionalOnSingleCandidate (types: javax.sql.DataSource; SearchStrategy: all) found a single bean 'dataSource'; @ConditionalOnMissingBean (types: org.springframework.boot.sql.autoconfigure.init.ApplicationScriptDatabaseInitializer; SearchStrategy: all) did not find any beans (OnBeanCondition)

   DataSourcePoolMetadataProvidersConfiguration.HikariPoolDataSourceMetadataProviderConfiguration matched:
      - @ConditionalOnClass found required class 'com.zaxxer.hikari.HikariDataSource' (OnClassCondition)

   DataSourceTransactionManagerAutoConfiguration matched:
      - @ConditionalOnClass found required classes 'javax.sql.DataSource', 'org.springframework.jdbc.core.JdbcTemplate', 'org.springframework.transaction.TransactionManager' (OnClassCondition)

   DataSourceTransactionManagerAutoConfiguration.JdbcTransactionManagerConfiguration matched:
      - @ConditionalOnSingleCandidate (types: javax.sql.DataSource; SearchStrategy: all) found a single bean 'dataSource' (OnBeanCondition)

   DataWebAutoConfiguration matched:
      - @ConditionalOnClass found required classes 'org.springframework.data.web.PageableHandlerMethodArgumentResolver', 'org.springframework.web.servlet.config.annotation.WebMvcConfigurer' (OnClassCondition)
      - found 'session' scope (OnWebApplicationCondition)
      - @ConditionalOnMissingBean (types: org.springframework.data.web.PageableHandlerMethodArgumentResolver; SearchStrategy: all) did not find any beans (OnBeanCondition)

   DataWebAutoConfiguration#pageableCustomizer matched:
      - @ConditionalOnMissingBean (types: org.springframework.data.web.config.PageableHandlerMethodArgumentResolverCustomizer; SearchStrategy: all) did not find any beans (OnBeanCondition)

   DataWebAutoConfiguration#sortCustomizer matched:
      - @ConditionalOnMissingBean (types: org.springframework.data.web.config.SortHandlerMethodArgumentResolverCustomizer; SearchStrategy: all) did not find any beans (OnBeanCondition)

   DataWebAutoConfiguration#springDataWebSettings matched:
      - @ConditionalOnMissingBean (types: org.springframework.data.web.config.SpringDataWebSettings; SearchStrategy: all) did not find any beans (OnBeanCondition)

   DispatcherServletAutoConfiguration matched:
      - @ConditionalOnClass found required class 'org.springframework.web.servlet.DispatcherServlet' (OnClassCondition)
      - found 'session' scope (OnWebApplicationCondition)

   DispatcherServletAutoConfiguration.DispatcherServletConfiguration matched:
      - @ConditionalOnClass found required class 'jakarta.servlet.ServletRegistration' (OnClassCondition)
      - Default DispatcherServlet did not find dispatcher servlet beans (DispatcherServletAutoConfiguration.DefaultDispatcherServletCondition)

   DispatcherServletAutoConfiguration.DispatcherServletRegistrationConfiguration matched:
      - @ConditionalOnClass found required class 'jakarta.servlet.ServletRegistration' (OnClassCondition)
      - DispatcherServlet Registration did not find servlet registration bean (DispatcherServletAutoConfiguration.DispatcherServletRegistrationCondition)

   DispatcherServletAutoConfiguration.DispatcherServletRegistrationConfiguration#dispatcherServletRegistration matched:
      - @ConditionalOnBean (names: dispatcherServlet types: org.springframework.web.servlet.DispatcherServlet; SearchStrategy: all) found bean 'dispatcherServlet' (OnBeanCondition)

   ErrorMvcAutoConfiguration matched:
      - @ConditionalOnClass found required classes 'jakarta.servlet.Servlet', 'org.springframework.web.servlet.DispatcherServlet' (OnClassCondition)
      - found 'session' scope (OnWebApplicationCondition)

   ErrorMvcAutoConfiguration#basicErrorController matched:
      - @ConditionalOnMissingBean (types: org.springframework.boot.webmvc.error.ErrorController; SearchStrategy: current) did not find any beans (OnBeanCondition)

   ErrorMvcAutoConfiguration#errorAttributes matched:
      - @ConditionalOnMissingBean (types: org.springframework.boot.webmvc.error.ErrorAttributes; SearchStrategy: current) did not find any beans (OnBeanCondition)

   ErrorMvcAutoConfiguration.DefaultErrorViewResolverConfiguration#conventionErrorViewResolver matched:
      - @ConditionalOnBean (types: org.springframework.web.servlet.DispatcherServlet; SearchStrategy: all) found bean 'dispatcherServlet'; @ConditionalOnMissingBean (types: org.springframework.boot.webmvc.autoconfigure.error.ErrorViewResolver; SearchStrategy: all) did not find any beans (OnBeanCondition)

   ErrorMvcAutoConfiguration.WhitelabelErrorViewConfiguration matched:
      - @ConditionalOnBooleanProperty (spring.web.error.whitelabel.enabled=true) matched (OnPropertyCondition)
      - ErrorTemplate Missing did not find error template view (ErrorMvcAutoConfiguration.ErrorTemplateMissingCondition)

   ErrorMvcAutoConfiguration.WhitelabelErrorViewConfiguration#beanNameViewResolver matched:
      - @ConditionalOnMissingBean (types: org.springframework.web.servlet.view.BeanNameViewResolver; SearchStrategy: all) did not find any beans (OnBeanCondition)

   ErrorMvcAutoConfiguration.WhitelabelErrorViewConfiguration#defaultErrorView matched:
      - @ConditionalOnMissingBean (names: error; SearchStrategy: all) did not find any beans (OnBeanCondition)

   HibernateJpaAutoConfiguration matched:
      - @ConditionalOnClass found required classes 'org.springframework.orm.jpa.LocalContainerEntityManagerFactoryBean', 'jakarta.persistence.EntityManager', 'org.hibernate.engine.spi.SessionImplementor' (OnClassCondition)

   HibernateJpaConfiguration matched:
      - @ConditionalOnSingleCandidate (types: javax.sql.DataSource; SearchStrategy: all) found a single bean 'dataSource' (OnBeanCondition)

   HttpEncodingAutoConfiguration matched:
      - @ConditionalOnClass found required class 'org.springframework.web.filter.CharacterEncodingFilter' (OnClassCondition)
      - found 'session' scope (OnWebApplicationCondition)
      - @ConditionalOnBooleanProperty (spring.servlet.encoding.enabled=true) matched (OnPropertyCondition)

   HttpEncodingAutoConfiguration#characterEncodingFilter matched:
      - @ConditionalOnMissingBean (types: org.springframework.web.filter.CharacterEncodingFilter; SearchStrategy: all) did not find any beans (OnBeanCondition)

   HttpMessageConvertersAutoConfiguration matched:
      - @ConditionalOnClass found required class 'org.springframework.http.converter.HttpMessageConverter' (OnClassCondition)
      - NoneNestedConditions 0 matched 1 did not; NestedCondition on HttpMessageConvertersAutoConfiguration.NotReactiveWebApplicationCondition.ReactiveWebApplication did not find reactive web application classes (HttpMessageConvertersAutoConfiguration.NotReactiveWebApplicationCondition)

   HttpMessageConvertersAutoConfiguration.StringHttpMessageConverterConfiguration#stringHttpMessageConvertersCustomizer matched:
      - @ConditionalOnMissingBean (types: org.springframework.http.converter.StringHttpMessageConverter; SearchStrategy: all) did not find any beans (OnBeanCondition)

   JacksonAutoConfiguration matched:
      - @ConditionalOnClass found required class 'tools.jackson.databind.json.JsonMapper' (OnClassCondition)

   JacksonAutoConfiguration#jacksonJsonMapper matched:
      - @ConditionalOnMissingBean (types: tools.jackson.databind.json.JsonMapper; SearchStrategy: all) did not find any beans (OnBeanCondition)

   JacksonAutoConfiguration#jsonFactory matched:
      - @ConditionalOnMissingBean (types: tools.jackson.core.json.JsonFactory; SearchStrategy: all) did not find any beans (OnBeanCondition)

   JacksonAutoConfiguration#jsonMapperBuilder matched:
      - @ConditionalOnMissingBean (types: tools.jackson.databind.json.JsonMapper$Builder; SearchStrategy: all) did not find any beans (OnBeanCondition)

   JacksonAutoConfiguration.JsonProblemDetailsConfiguration matched:
      - @ConditionalOnClass found required class 'org.springframework.http.ProblemDetail' (OnClassCondition)

   JacksonHttpMessageConvertersConfiguration.JacksonJsonHttpMessageConverterConfiguration matched:
      - @ConditionalOnClass found required class 'tools.jackson.databind.json.JsonMapper' (OnClassCondition)
      - @ConditionalOnProperty (spring.http.converters.preferred-json-mapper=jackson) matched (OnPropertyCondition)
      - @ConditionalOnBean (types: tools.jackson.databind.json.JsonMapper; SearchStrategy: all) found bean 'jacksonJsonMapper' (OnBeanCondition)

   JacksonHttpMessageConvertersConfiguration.JacksonJsonHttpMessageConverterConfiguration#jacksonJsonHttpMessageConvertersCustomizer matched:
      - @ConditionalOnMissingBean (types: org.springframework.http.converter.json.JacksonJsonHttpMessageConverter ignored: org.springframework.hateoas.server.mvc.TypeConstrainedJacksonJsonHttpMessageConverter,org.springframework.data.rest.webmvc.alps.AlpsJacksonJsonHttpMessageConverter; SearchStrategy: all) did not find any beans (OnBeanCondition)

   JdbcClientAutoConfiguration matched:
      - @ConditionalOnSingleCandidate (types: org.springframework.jdbc.core.namedparam.NamedParameterJdbcTemplate; SearchStrategy: all) found a single bean 'namedParameterJdbcTemplate'; @ConditionalOnMissingBean (types: org.springframework.jdbc.core.simple.JdbcClient; SearchStrategy: all) did not find any beans (OnBeanCondition)

   JdbcTemplateAutoConfiguration matched:
      - @ConditionalOnClass found required classes 'javax.sql.DataSource', 'org.springframework.jdbc.core.JdbcTemplate' (OnClassCondition)
      - @ConditionalOnSingleCandidate (types: javax.sql.DataSource; SearchStrategy: all) found a single bean 'dataSource' (OnBeanCondition)

   JdbcTemplateConfiguration matched:
      - @ConditionalOnMissingBean (types: org.springframework.jdbc.core.JdbcOperations; SearchStrategy: all) did not find any beans (OnBeanCondition)

   JpaBaseConfiguration#entityManagerFactory matched:
      - @ConditionalOnMissingBean (types: org.springframework.orm.jpa.LocalContainerEntityManagerFactoryBean,jakarta.persistence.EntityManagerFactory; SearchStrategy: all) did not find any beans (OnBeanCondition)

   JpaBaseConfiguration#entityManagerFactoryBuilder matched:
      - @ConditionalOnMissingBean (types: org.springframework.boot.jpa.EntityManagerFactoryBuilder; SearchStrategy: all) did not find any beans (OnBeanCondition)

   JpaBaseConfiguration#jpaVendorAdapter matched:
      - @ConditionalOnMissingBean (types: org.springframework.orm.jpa.JpaVendorAdapter; SearchStrategy: all) did not find any beans (OnBeanCondition)

   JpaBaseConfiguration#transactionManager matched:
      - @ConditionalOnMissingBean (types: org.springframework.transaction.TransactionManager; SearchStrategy: all) did not find any beans (OnBeanCondition)

   JpaBaseConfiguration.PersistenceManagedTypesConfiguration matched:
      - @ConditionalOnMissingBean (types: org.springframework.orm.jpa.LocalContainerEntityManagerFactoryBean,jakarta.persistence.EntityManagerFactory; SearchStrategy: all) did not find any beans (OnBeanCondition)

   JpaBaseConfiguration.PersistenceManagedTypesConfiguration#persistenceManagedTypes matched:
      - @ConditionalOnMissingBean (types: org.springframework.orm.jpa.persistenceunit.PersistenceManagedTypes; SearchStrategy: all) did not find any beans (OnBeanCondition)

   JtaAutoConfiguration matched:
      - @ConditionalOnClass found required class 'jakarta.transaction.Transaction' (OnClassCondition)
      - @ConditionalOnBooleanProperty (spring.jta.enabled=true) matched (OnPropertyCondition)

   KafkaAnnotationDrivenConfiguration matched:
      - @ConditionalOnClass found required class 'org.springframework.kafka.annotation.EnableKafka' (OnClassCondition)

   KafkaAnnotationDrivenConfiguration#kafkaListenerContainerFactory matched:
      - @ConditionalOnMissingBean (names: kafkaListenerContainerFactory; SearchStrategy: all) did not find any beans (OnBeanCondition)

   KafkaAnnotationDrivenConfiguration#kafkaListenerContainerFactoryConfigurer matched:
      - @ConditionalOnMissingBean (types: org.springframework.boot.kafka.autoconfigure.ConcurrentKafkaListenerContainerFactoryConfigurer; SearchStrategy: all) did not find any beans (OnBeanCondition)
      - @ConditionalOnThreading found PLATFORM (OnThreadingCondition)

   KafkaAnnotationDrivenConfiguration.EnableKafkaConfiguration matched:
      - @ConditionalOnMissingBean (names: org.springframework.kafka.config.internalKafkaListenerAnnotationProcessor; SearchStrategy: all) did not find any beans (OnBeanCondition)

   KafkaAutoConfiguration matched:
      - @ConditionalOnClass found required class 'org.springframework.kafka.core.KafkaTemplate' (OnClassCondition)

   KafkaAutoConfiguration#kafkaAdmin matched:
      - @ConditionalOnMissingBean (types: org.springframework.kafka.core.KafkaAdmin; SearchStrategy: all) did not find any beans (OnBeanCondition)

   KafkaAutoConfiguration#kafkaConnectionDetails matched:
      - @ConditionalOnMissingBean (types: org.springframework.boot.kafka.autoconfigure.KafkaConnectionDetails; SearchStrategy: all) did not find any beans (OnBeanCondition)

   KafkaAutoConfiguration#kafkaConsumerFactory matched:
      - @ConditionalOnMissingBean (types: org.springframework.kafka.core.ConsumerFactory; SearchStrategy: all) did not find any beans (OnBeanCondition)

   KafkaAutoConfiguration#kafkaProducerFactory matched:
      - @ConditionalOnMissingBean (types: org.springframework.kafka.core.ProducerFactory; SearchStrategy: all) did not find any beans (OnBeanCondition)

   KafkaAutoConfiguration#kafkaProducerListener matched:
      - @ConditionalOnMissingBean (types: org.springframework.kafka.support.ProducerListener; SearchStrategy: all) did not find any beans (OnBeanCondition)

   KafkaAutoConfiguration#kafkaTemplate matched:
      - @ConditionalOnMissingBean (types: org.springframework.kafka.core.KafkaTemplate; SearchStrategy: all) did not find any beans (OnBeanCondition)

   LifecycleAutoConfiguration#defaultLifecycleProcessor matched:
      - @ConditionalOnMissingBean (names: lifecycleProcessor; SearchStrategy: current) did not find any beans (OnBeanCondition)

   LiquibaseAutoConfiguration matched:
      - @ConditionalOnClass found required classes 'liquibase.integration.spring.SpringLiquibase', 'liquibase.change.DatabaseChange' (OnClassCondition)
      - @ConditionalOnBooleanProperty (spring.liquibase.enabled=true) matched (OnPropertyCondition)
      - AnyNestedCondition 2 matched 1 did not; NestedCondition on LiquibaseAutoConfiguration.LiquibaseDataSourceCondition.LiquibaseUrlCondition @ConditionalOnProperty (spring.liquibase.url) did not find property 'spring.liquibase.url'; NestedCondition on LiquibaseAutoConfiguration.LiquibaseDataSourceCondition.JdbcConnectionDetailsCondition @ConditionalOnBean (types: org.springframework.boot.jdbc.autoconfigure.JdbcConnectionDetails; SearchStrategy: all) found bean 'jdbcConnectionDetails'; NestedCondition on LiquibaseAutoConfiguration.LiquibaseDataSourceCondition.DataSourceBeanCondition @ConditionalOnBean (types: javax.sql.DataSource; SearchStrategy: all) found bean 'dataSource' (LiquibaseAutoConfiguration.LiquibaseDataSourceCondition)

   LiquibaseAutoConfiguration.CustomizerConfiguration matched:
      - @ConditionalOnClass found required class 'liquibase.integration.spring.Customizer' (OnClassCondition)

   LiquibaseAutoConfiguration.LiquibaseConfiguration matched:
      - @ConditionalOnClass found required class 'org.springframework.jdbc.core.ConnectionCallback' (OnClassCondition)
      - @ConditionalOnMissingBean (types: liquibase.integration.spring.SpringLiquibase; SearchStrategy: all) did not find any beans (OnBeanCondition)

   LiquibaseAutoConfiguration.LiquibaseConfiguration#liquibaseConnectionDetails matched:
      - @ConditionalOnMissingBean (types: org.springframework.boot.liquibase.autoconfigure.LiquibaseConnectionDetails; SearchStrategy: all) did not find any beans (OnBeanCondition)

   MultipartAutoConfiguration matched:
      - @ConditionalOnClass found required classes 'jakarta.servlet.Servlet', 'org.springframework.web.multipart.support.StandardServletMultipartResolver', 'jakarta.servlet.MultipartConfigElement' (OnClassCondition)
      - found 'session' scope (OnWebApplicationCondition)
      - @ConditionalOnBooleanProperty (spring.servlet.multipart.enabled=true) matched (OnPropertyCondition)

   MultipartAutoConfiguration#multipartConfigElement matched:
      - @ConditionalOnMissingBean (types: jakarta.servlet.MultipartConfigElement; SearchStrategy: all) did not find any beans (OnBeanCondition)

   MultipartAutoConfiguration#multipartResolver matched:
      - @ConditionalOnMissingBean (types: org.springframework.web.multipart.MultipartResolver; SearchStrategy: all) did not find any beans (OnBeanCondition)

   NamedParameterJdbcTemplateConfiguration matched:
      - @ConditionalOnSingleCandidate (types: org.springframework.jdbc.core.JdbcTemplate; SearchStrategy: all) found a single bean 'jdbcTemplate'; @ConditionalOnMissingBean (types: org.springframework.jdbc.core.namedparam.NamedParameterJdbcOperations; SearchStrategy: all) did not find any beans (OnBeanCondition)

   PersistenceExceptionTranslationAutoConfiguration matched:
      - @ConditionalOnClass found required class 'org.springframework.dao.annotation.PersistenceExceptionTranslationPostProcessor' (OnClassCondition)

   PersistenceExceptionTranslationAutoConfiguration#persistenceExceptionTranslationPostProcessor matched:
      - @ConditionalOnBooleanProperty (spring.persistence.exceptiontranslation.enabled=true) matched (OnPropertyCondition)
      - @ConditionalOnMissingBean (types: org.springframework.dao.annotation.PersistenceExceptionTranslationPostProcessor; SearchStrategy: all) did not find any beans (OnBeanCondition)

   PropertyPlaceholderAutoConfiguration#propertySourcesPlaceholderConfigurer matched:
      - @ConditionalOnMissingBean (types: org.springframework.context.support.PropertySourcesPlaceholderConfigurer; SearchStrategy: current) did not find any beans (OnBeanCondition)

   SslAutoConfiguration#sslBundleRegistry matched:
      - @ConditionalOnMissingBean (types: org.springframework.boot.ssl.SslBundleRegistry,org.springframework.boot.ssl.SslBundles; SearchStrategy: all) did not find any beans (OnBeanCondition)

   TaskExecutionAutoConfiguration matched:
      - @ConditionalOnClass found required class 'org.springframework.scheduling.concurrent.ThreadPoolTaskExecutor' (OnClassCondition)

   TaskExecutorConfigurations.AsyncConfigurerConfiguration matched:
      - @ConditionalOnMissingBean (types: org.springframework.scheduling.annotation.AsyncConfigurer; SearchStrategy: all) did not find any beans (OnBeanCondition)

   TaskExecutorConfigurations.SimpleAsyncTaskExecutorBuilderConfiguration#simpleAsyncTaskExecutorBuilder matched:
      - @ConditionalOnMissingBean (types: org.springframework.boot.task.SimpleAsyncTaskExecutorBuilder; SearchStrategy: all) did not find any beans (OnBeanCondition)
      - @ConditionalOnThreading found PLATFORM (OnThreadingCondition)

   TaskExecutorConfigurations.TaskExecutorConfiguration matched:
      - AnyNestedCondition 1 matched 1 did not; NestedCondition on TaskExecutorConfigurations.OnExecutorCondition.ModelCondition @ConditionalOnProperty (spring.task.execution.mode=force) did not find property 'spring.task.execution.mode'; NestedCondition on TaskExecutorConfigurations.OnExecutorCondition.ExecutorBeanCondition @ConditionalOnMissingBean (types: java.util.concurrent.Executor; SearchStrategy: all) did not find any beans (TaskExecutorConfigurations.OnExecutorCondition)

   TaskExecutorConfigurations.TaskExecutorConfiguration#applicationTaskExecutor matched:
      - @ConditionalOnThreading found PLATFORM (OnThreadingCondition)

   TaskExecutorConfigurations.ThreadPoolTaskExecutorBuilderConfiguration#threadPoolTaskExecutorBuilder matched:
      - @ConditionalOnMissingBean (types: org.springframework.boot.task.ThreadPoolTaskExecutorBuilder; SearchStrategy: all) did not find any beans (OnBeanCondition)

   TaskSchedulingAutoConfiguration matched:
      - @ConditionalOnClass found required class 'org.springframework.scheduling.concurrent.ThreadPoolTaskScheduler' (OnClassCondition)

   TaskSchedulingConfigurations.SimpleAsyncTaskSchedulerBuilderConfiguration#simpleAsyncTaskSchedulerBuilder matched:
      - @ConditionalOnMissingBean (types: org.springframework.boot.task.SimpleAsyncTaskSchedulerBuilder; SearchStrategy: all) did not find any beans (OnBeanCondition)
      - @ConditionalOnThreading found PLATFORM (OnThreadingCondition)

   TaskSchedulingConfigurations.ThreadPoolTaskSchedulerBuilderConfiguration#threadPoolTaskSchedulerBuilder matched:
      - @ConditionalOnMissingBean (types: org.springframework.boot.task.ThreadPoolTaskSchedulerBuilder; SearchStrategy: all) did not find any beans (OnBeanCondition)

   TomcatServletWebServerAutoConfiguration matched:
      - @ConditionalOnClass found required classes 'jakarta.servlet.ServletRequest', 'org.apache.catalina.startup.Tomcat', 'org.apache.coyote.UpgradeProtocol', 'org.springframework.boot.tomcat.servlet.TomcatServletWebServerFactory' (OnClassCondition)
      - found 'session' scope (OnWebApplicationCondition)

   TomcatServletWebServerAutoConfiguration#tomcatServletWebServerFactory matched:
      - @ConditionalOnMissingBean (types: org.springframework.boot.web.server.servlet.ServletWebServerFactory; SearchStrategy: current) did not find any beans (OnBeanCondition)

   TomcatWebServerConfiguration matched:
      - @ConditionalOnWarDeployment the application is not deployed as a WAR file. (OnWarDeploymentCondition)

   TomcatWebServerConfiguration.TomcatWebSocketConfiguration matched:
      - @ConditionalOnClass found required class 'org.apache.tomcat.websocket.server.WsSci' (OnClassCondition)

   TransactionAutoConfiguration matched:
      - @ConditionalOnClass found required class 'org.springframework.transaction.PlatformTransactionManager' (OnClassCondition)

   TransactionAutoConfiguration.EnableTransactionManagementConfiguration matched:
      - @ConditionalOnBean (types: org.springframework.transaction.TransactionManager; SearchStrategy: all) found bean 'transactionManager'; @ConditionalOnMissingBean (types: org.springframework.transaction.annotation.AbstractTransactionManagementConfiguration; SearchStrategy: all) did not find any beans (OnBeanCondition)

   TransactionAutoConfiguration.EnableTransactionManagementConfiguration.CglibAutoProxyConfiguration matched:
      - @ConditionalOnBooleanProperty (spring.aop.proxy-target-class=true) matched (OnPropertyCondition)

   TransactionAutoConfiguration.TransactionTemplateConfiguration matched:
      - @ConditionalOnSingleCandidate (types: org.springframework.transaction.PlatformTransactionManager; SearchStrategy: all) found a single bean 'transactionManager' (OnBeanCondition)

   TransactionAutoConfiguration.TransactionTemplateConfiguration#transactionTemplate matched:
      - @ConditionalOnMissingBean (types: org.springframework.transaction.support.TransactionOperations; SearchStrategy: all) did not find any beans (OnBeanCondition)

   TransactionManagerCustomizationAutoConfiguration matched:
      - @ConditionalOnClass found required class 'org.springframework.transaction.PlatformTransactionManager' (OnClassCondition)

   TransactionManagerCustomizationAutoConfiguration#platformTransactionManagerCustomizers matched:
      - @ConditionalOnMissingBean (types: org.springframework.boot.transaction.autoconfigure.TransactionManagerCustomizers; SearchStrategy: all) did not find any beans (OnBeanCondition)

   ValidationAutoConfiguration matched:
      - @ConditionalOnClass found required class 'jakarta.validation.executable.ExecutableValidator' (OnClassCondition)
      - @ConditionalOnResource found location classpath:META-INF/services/jakarta.validation.spi.ValidationProvider (OnResourceCondition)

   ValidationAutoConfiguration#defaultValidator matched:
      - @ConditionalOnMissingBean (types: jakarta.validation.Validator; SearchStrategy: all) did not find any beans (OnBeanCondition)

   ValidationAutoConfiguration#methodValidationPostProcessor matched:
      - @ConditionalOnMissingBean (types: org.springframework.validation.beanvalidation.MethodValidationPostProcessor; SearchStrategy: current) did not find any beans (OnBeanCondition)

   WebMvcAutoConfiguration matched:
      - @ConditionalOnClass found required classes 'jakarta.servlet.Servlet', 'org.springframework.web.servlet.DispatcherServlet', 'org.springframework.web.servlet.config.annotation.WebMvcConfigurer' (OnClassCondition)
      - found 'session' scope (OnWebApplicationCondition)
      - @ConditionalOnMissingBean (types: org.springframework.web.servlet.config.annotation.WebMvcConfigurationSupport; SearchStrategy: all) did not find any beans (OnBeanCondition)

   WebMvcAutoConfiguration#formContentFilter matched:
      - @ConditionalOnBooleanProperty (spring.mvc.formcontent.filter.enabled=true) matched (OnPropertyCondition)
      - @ConditionalOnMissingBean (types: org.springframework.web.filter.FormContentFilter; SearchStrategy: all) did not find any beans (OnBeanCondition)

   WebMvcAutoConfiguration.EnableWebMvcConfiguration#flashMapManager matched:
      - @ConditionalOnMissingBean (names: flashMapManager; SearchStrategy: all) did not find any beans (OnBeanCondition)

   WebMvcAutoConfiguration.EnableWebMvcConfiguration#localeResolver matched:
      - @ConditionalOnMissingBean (names: localeResolver; SearchStrategy: all) did not find any beans (OnBeanCondition)

   WebMvcAutoConfiguration.EnableWebMvcConfiguration#viewNameTranslator matched:
      - @ConditionalOnMissingBean (names: viewNameTranslator; SearchStrategy: all) did not find any beans (OnBeanCondition)

   WebMvcAutoConfiguration.WebMvcAutoConfigurationAdapter#defaultViewResolver matched:
      - @ConditionalOnMissingBean (types: org.springframework.web.servlet.view.InternalResourceViewResolver; SearchStrategy: all) did not find any beans (OnBeanCondition)

   WebMvcAutoConfiguration.WebMvcAutoConfigurationAdapter#requestContextFilter matched:
      - @ConditionalOnMissingBean (types: org.springframework.web.context.request.RequestContextListener,org.springframework.web.filter.RequestContextFilter; SearchStrategy: all) did not find any beans (OnBeanCondition)

   WebMvcAutoConfiguration.WebMvcAutoConfigurationAdapter#viewResolver matched:
      - @ConditionalOnBean (types: org.springframework.web.servlet.ViewResolver; SearchStrategy: all) found beans 'defaultViewResolver', 'beanNameViewResolver', 'mvcViewResolver'; @ConditionalOnMissingBean (names: viewResolver types: org.springframework.web.servlet.view.ContentNegotiatingViewResolver; SearchStrategy: all) did not find any beans (OnBeanCondition)


Negative matches:
-----------------

   AopAutoConfiguration.AspectJAutoProxyingConfiguration.JdkDynamicAutoProxyConfiguration:
      Did not match:
         - @ConditionalOnBooleanProperty (spring.aop.proxy-target-class=false) did not find property 'spring.aop.proxy-target-class' (OnPropertyCondition)

   AopAutoConfiguration.ClassProxyingConfiguration:
      Did not match:
         - @ConditionalOnMissingClass found unwanted class 'org.aspectj.weaver.Advice' (OnClassCondition)

   DataJpaRepositoriesAutoConfiguration#entityManagerFactoryBootstrapExecutorCustomizer:
      Did not match:
         - @ConditionalOnProperty (spring.data.jpa.repositories.bootstrap-mode=deferred) did not find property 'spring.data.jpa.repositories.bootstrap-mode' (OnPropertyCondition)

   DataRepositoryMetricsAutoConfiguration:
      Did not match:
         - @ConditionalOnBean did not find required type 'io.micrometer.core.instrument.MeterRegistry' (OnBeanCondition)

   DataSourceAutoConfiguration.EmbeddedDatabaseConfiguration:
      Did not match:
         - EmbeddedDataSource spring.datasource.url is set (DataSourceAutoConfiguration.EmbeddedDatabaseCondition)

   DataSourceCheckpointRestoreConfiguration:
      Did not match:
         - @ConditionalOnClass did not find required class 'org.crac.Resource' (OnClassCondition)

   DataSourceConfiguration.Dbcp2:
      Did not match:
         - @ConditionalOnClass did not find required class 'org.apache.commons.dbcp2.BasicDataSource' (OnClassCondition)

   DataSourceConfiguration.Generic:
      Did not match:
         - @ConditionalOnProperty (spring.datasource.type) did not find property 'spring.datasource.type' (OnPropertyCondition)

   DataSourceConfiguration.OracleUcp:
      Did not match:
         - @ConditionalOnClass did not find required classes 'oracle.ucp.jdbc.PoolDataSourceImpl', 'oracle.jdbc.OracleConnection' (OnClassCondition)

   DataSourceConfiguration.Tomcat:
      Did not match:
         - @ConditionalOnClass did not find required class 'org.apache.tomcat.jdbc.pool.DataSource' (OnClassCondition)

   DataSourceHealthContributorAutoConfiguration:
      Did not match:
         - @ConditionalOnClass did not find required class 'org.springframework.boot.health.autoconfigure.contributor.ConditionalOnEnabledHealthIndicator' (OnClassCondition)

   DataSourceJmxConfiguration:
      Did not match:
         - @ConditionalOnBooleanProperty (spring.jmx.enabled=true) did not find property 'spring.jmx.enabled' (OnPropertyCondition)

   DataSourcePoolMetadataProvidersConfiguration.CommonsDbcp2PoolDataSourceMetadataProviderConfiguration:
      Did not match:
         - @ConditionalOnClass did not find required class 'org.apache.commons.dbcp2.BasicDataSource' (OnClassCondition)

   DataSourcePoolMetadataProvidersConfiguration.OracleUcpPoolDataSourceMetadataProviderConfiguration:
      Did not match:
         - @ConditionalOnClass did not find required classes 'oracle.ucp.jdbc.PoolDataSource', 'oracle.jdbc.OracleConnection' (OnClassCondition)

   DataSourcePoolMetadataProvidersConfiguration.TomcatDataSourcePoolMetadataProviderConfiguration:
      Did not match:
         - @ConditionalOnClass did not find required class 'org.apache.tomcat.jdbc.pool.DataSource' (OnClassCondition)

   DataSourcePoolMetricsAutoConfiguration:
      Did not match:
         - @ConditionalOnClass did not find required class 'io.micrometer.core.instrument.MeterRegistry' (OnClassCondition)

   DataSourceTransactionManagerAutoConfiguration.JdbcTransactionManagerConfiguration#transactionManager:
      Did not match:
         - @ConditionalOnMissingBean (types: org.springframework.transaction.TransactionManager; SearchStrategy: all) found beans of type 'org.springframework.transaction.TransactionManager' transactionManager (OnBeanCondition)

   DispatcherServletAutoConfiguration.DispatcherServletConfiguration#multipartResolver:
      Did not match:
         - @ConditionalOnBean (types: org.springframework.web.multipart.MultipartResolver; SearchStrategy: all) did not find any beans of type org.springframework.web.multipart.MultipartResolver (OnBeanCondition)

   GsonHttpMessageConvertersConfiguration:
      Did not match:
         - @ConditionalOnClass did not find required class 'com.google.gson.Gson' (OnClassCondition)

   HibernateMetricsAutoConfiguration:
      Did not match:
         - @ConditionalOnClass did not find required class 'io.micrometer.core.instrument.MeterRegistry' (OnClassCondition)

   Jackson2HttpMessageConvertersConfiguration.MappingJackson2HttpMessageConverterConfiguration:
      Did not match:
         - AnyNestedCondition 0 matched 2 did not; NestedCondition on Jackson2HttpMessageConvertersConfiguration.PreferJackson2OrJacksonUnavailableCondition.JacksonUnavailable @ConditionalOnMissingBean (types: org.springframework.boot.http.converter.autoconfigure.JacksonHttpMessageConvertersConfiguration$JacksonJsonHttpMessageConvertersCustomizer; SearchStrategy: all) found beans of type 'org.springframework.boot.http.converter.autoconfigure.JacksonHttpMessageConvertersConfiguration$JacksonJsonHttpMessageConvertersCustomizer' jacksonJsonHttpMessageConvertersCustomizer; NestedCondition on Jackson2HttpMessageConvertersConfiguration.PreferJackson2OrJacksonUnavailableCondition.Jackson2Preferred @ConditionalOnProperty (spring.http.converters.preferred-json-mapper=jackson2) did not find property 'spring.http.converters.preferred-json-mapper' (Jackson2HttpMessageConvertersConfiguration.PreferJackson2OrJacksonUnavailableCondition)
      Matched:
         - @ConditionalOnClass found required class 'com.fasterxml.jackson.databind.ObjectMapper' (OnClassCondition)

   Jackson2HttpMessageConvertersConfiguration.MappingJackson2XmlHttpMessageConverterConfiguration:
      Did not match:
         - @ConditionalOnClass did not find required class 'com.fasterxml.jackson.dataformat.xml.XmlMapper' (OnClassCondition)

   JacksonAutoConfiguration.CborConfiguration:
      Did not match:
         - @ConditionalOnClass did not find required class 'tools.jackson.dataformat.cbor.CBORMapper' (OnClassCondition)

   JacksonAutoConfiguration.XmlConfiguration:
      Did not match:
         - @ConditionalOnClass did not find required class 'tools.jackson.dataformat.xml.XmlMapper' (OnClassCondition)

   JacksonHttpMessageConvertersConfiguration.JacksonXmlHttpMessageConverterConfiguration:
      Did not match:
         - @ConditionalOnClass did not find required class 'tools.jackson.dataformat.xml.XmlMapper' (OnClassCondition)

   JmxAutoConfiguration:
      Did not match:
         - @ConditionalOnBooleanProperty (spring.jmx.enabled=true) did not find property 'spring.jmx.enabled' (OnPropertyCondition)
      Matched:
         - @ConditionalOnClass found required class 'org.springframework.jmx.export.MBeanExporter' (OnClassCondition)

   JndiDataSourceAutoConfiguration:
      Did not match:
         - @ConditionalOnProperty (spring.datasource.jndi-name) did not find property 'spring.datasource.jndi-name' (OnPropertyCondition)
      Matched:
         - @ConditionalOnClass found required classes 'javax.sql.DataSource', 'org.springframework.jdbc.datasource.embedded.EmbeddedDatabaseType' (OnClassCondition)

   JndiJtaConfiguration:
      Did not match:
         - @ConditionalOnJndi JNDI environment is not available (OnJndiCondition)
      Matched:
         - @ConditionalOnClass found required class 'org.springframework.transaction.jta.JtaTransactionManager' (OnClassCondition)

   JpaBaseConfiguration.JpaWebConfiguration:
      Did not match:
         - @ConditionalOnBooleanProperty (spring.jpa.open-in-view=true) found different value in property 'spring.jpa.open-in-view' (OnPropertyCondition)
      Matched:
         - @ConditionalOnClass found required class 'org.springframework.web.servlet.config.annotation.WebMvcConfigurer' (OnClassCondition)
         - found 'session' scope (OnWebApplicationCondition)

   JsonbHttpMessageConvertersConfiguration:
      Did not match:
         - @ConditionalOnClass did not find required class 'jakarta.json.bind.Jsonb' (OnClassCondition)

   KafkaAnnotationDrivenConfiguration#kafkaListenerContainerFactoryConfigurerVirtualThreads:
      Did not match:
         - @ConditionalOnMissingBean (types: org.springframework.boot.kafka.autoconfigure.ConcurrentKafkaListenerContainerFactoryConfigurer; SearchStrategy: all) found beans of type 'org.springframework.boot.kafka.autoconfigure.ConcurrentKafkaListenerContainerFactoryConfigurer' kafkaListenerContainerFactoryConfigurer (OnBeanCondition)

   KafkaAutoConfiguration#kafkaJaasInitializer:
      Did not match:
         - @ConditionalOnBooleanProperty (spring.kafka.jaas.enabled=true) did not find property 'spring.kafka.jaas.enabled' (OnPropertyCondition)

   KafkaAutoConfiguration#kafkaRetryTopicConfiguration:
      Did not match:
         - @ConditionalOnBooleanProperty (spring.kafka.retry.topic.enabled=true) did not find property 'spring.kafka.retry.topic.enabled' (OnPropertyCondition)

   KafkaAutoConfiguration#kafkaTransactionManager:
      Did not match:
         - @ConditionalOnProperty (spring.kafka.producer.transaction-id-prefix) did not find property 'spring.kafka.producer.transaction-id-prefix' (OnPropertyCondition)

   KafkaMetricsAutoConfiguration:
      Did not match:
         - @ConditionalOnClass did not find required class 'io.micrometer.core.instrument.binder.kafka.KafkaClientMetrics' (OnClassCondition)

   KafkaStreamsAnnotationDrivenConfiguration:
      Did not match:
         - @ConditionalOnClass did not find required class 'org.apache.kafka.streams.StreamsBuilder' (OnClassCondition)

   KotlinSerializationHttpMessageConvertersConfiguration:
      Did not match:
         - @ConditionalOnClass did not find required classes 'kotlinx.serialization.Serializable', 'kotlinx.serialization.json.Json' (OnClassCondition)

   LazyConnectionDataSourceConfiguration:
      Did not match:
         - @ConditionalOnProperty (spring.datasource.connection-fetch=lazy) did not find property 'spring.datasource.connection-fetch' (OnPropertyCondition)

   LiquibaseAutoConfiguration.CustomizerConfiguration#springLiquibaseCustomizer:
      Did not match:
         - @ConditionalOnBean (types: liquibase.integration.spring.Customizer; SearchStrategy: all) did not find any beans of type liquibase.integration.spring.Customizer (OnBeanCondition)

   LiquibaseEndpointAutoConfiguration:
      Did not match:
         - @ConditionalOnClass did not find required class 'org.springframework.boot.actuate.autoconfigure.endpoint.condition.ConditionalOnAvailableEndpoint' (OnClassCondition)

   MessageSourceAutoConfiguration:
      Did not match:
         - ResourceBundle did not find bundle with basename messages (MessageSourceAutoConfiguration.ResourceBundleCondition)

   ProjectInfoAutoConfiguration#buildProperties:
      Did not match:
         - @ConditionalOnResource did not find resource '${spring.info.build.location:classpath:META-INF/build-info.properties}' (OnResourceCondition)

   ProjectInfoAutoConfiguration#gitProperties:
      Did not match:
         - GitResource did not find git info at classpath:git.properties (ProjectInfoAutoConfiguration.GitResourceAvailableCondition)

   ServletHttpExchangesAutoConfiguration:
      Did not match:
         - @ConditionalOnBean did not find required type 'org.springframework.boot.actuate.web.exchanges.HttpExchangeRepository' (OnBeanCondition)

   ServletManagementContextAutoConfiguration:
      Did not match:
         - @ConditionalOnClass did not find required class 'org.springframework.boot.actuate.autoconfigure.endpoint.web.WebEndpointProperties' (OnClassCondition)

   ServletMappingsAutoConfiguration:
      Did not match:
         - @ConditionalOnClass did not find required class 'org.springframework.boot.actuate.autoconfigure.endpoint.condition.ConditionalOnAvailableEndpoint' (OnClassCondition)

   ServletWebServerConfiguration#forwardedHeaderFilter:
      Did not match:
         - @ConditionalOnProperty (server.forward-headers-strategy=framework) did not find property 'server.forward-headers-strategy' (OnPropertyCondition)

   SpringApplicationAdminJmxAutoConfiguration:
      Did not match:
         - @ConditionalOnBooleanProperty (spring.application.admin.enabled=true) did not find property 'spring.application.admin.enabled' (OnPropertyCondition)

   TaskExecutorConfigurations.AsyncConfigurerWrapperConfiguration:
      Did not match:
         - @ConditionalOnBean (types: org.springframework.scheduling.annotation.AsyncConfigurer; SearchStrategy: all) did not find any beans of type org.springframework.scheduling.annotation.AsyncConfigurer (OnBeanCondition)

   TaskExecutorConfigurations.SimpleAsyncTaskExecutorBuilderConfiguration#simpleAsyncTaskExecutorBuilderVirtualThreads:
      Did not match:
         - @ConditionalOnMissingBean (types: org.springframework.boot.task.SimpleAsyncTaskExecutorBuilder; SearchStrategy: all) found beans of type 'org.springframework.boot.task.SimpleAsyncTaskExecutorBuilder' simpleAsyncTaskExecutorBuilder (OnBeanCondition)

   TaskExecutorConfigurations.TaskExecutorConfiguration#applicationTaskExecutorVirtualThreads:
      Did not match:
         - @ConditionalOnThreading did not find VIRTUAL (OnThreadingCondition)

   TaskExecutorConfigurations.TaskExecutorContextPropagationConfiguration:
      Did not match:
         - @ConditionalOnClass did not find required class 'io.micrometer.context.ContextSnapshot' (OnClassCondition)

   TaskSchedulingAutoConfiguration#scheduledBeanLazyInitializationExcludeFilter:
      Did not match:
         - @ConditionalOnBean (names: org.springframework.scheduling.config.internalScheduledAnnotationProcessor; SearchStrategy: all) did not find any beans named org.springframework.scheduling.config.internalScheduledAnnotationProcessor (OnBeanCondition)

   TaskSchedulingConfigurations.SimpleAsyncTaskSchedulerBuilderConfiguration#simpleAsyncTaskSchedulerBuilderVirtualThreads:
      Did not match:
         - @ConditionalOnMissingBean (types: org.springframework.boot.task.SimpleAsyncTaskSchedulerBuilder; SearchStrategy: all) found beans of type 'org.springframework.boot.task.SimpleAsyncTaskSchedulerBuilder' simpleAsyncTaskSchedulerBuilder (OnBeanCondition)

   TaskSchedulingConfigurations.TaskSchedulerConfiguration:
      Did not match:
         - @ConditionalOnBean (names: org.springframework.scheduling.config.internalScheduledAnnotationProcessor; SearchStrategy: all) did not find any beans named org.springframework.scheduling.config.internalScheduledAnnotationProcessor (OnBeanCondition)

   TomcatMetricsAutoConfiguration:
      Did not match:
         - @ConditionalOnClass did not find required class 'io.micrometer.core.instrument.binder.tomcat.TomcatMetrics' (OnClassCondition)

   TomcatReactiveManagementContextAutoConfiguration:
      Did not match:
         - @ConditionalOnClass did not find required class 'org.springframework.boot.actuate.autoconfigure.web.server.ManagementContextFactory' (OnClassCondition)

   TomcatReactiveWebServerAutoConfiguration:
      Did not match:
         - @ConditionalOnWebApplication did not find reactive web application classes (OnWebApplicationCondition)

   TomcatServletManagementContextAutoConfiguration:
      Did not match:
         - @ConditionalOnClass did not find required class 'org.springframework.boot.actuate.autoconfigure.web.server.ManagementContextFactory' (OnClassCondition)

   TomcatServletWebServerAutoConfiguration#tomcatForwardedHeaderFilterCustomizer:
      Did not match:
         - @ConditionalOnProperty (server.forward-headers-strategy=framework) did not find property 'server.forward-headers-strategy' (OnPropertyCondition)

   TomcatWebServerConfiguration#tomcatVirtualThreadsProtocolHandlerCustomizer:
      Did not match:
         - @ConditionalOnThreading did not find VIRTUAL (OnThreadingCondition)

   TransactionAutoConfiguration#transactionalOperator:
      Did not match:
         - @ConditionalOnSingleCandidate (types: org.springframework.transaction.ReactiveTransactionManager; SearchStrategy: all) did not find any beans (OnBeanCondition)

   TransactionAutoConfiguration.AspectJTransactionManagementConfiguration:
      Did not match:
         - @ConditionalOnBean (types: org.springframework.transaction.aspectj.AbstractTransactionAspect; SearchStrategy: all) did not find any beans of type org.springframework.transaction.aspectj.AbstractTransactionAspect (OnBeanCondition)

   TransactionAutoConfiguration.EnableTransactionManagementConfiguration.JdkDynamicAutoProxyConfiguration:
      Did not match:
         - @ConditionalOnBooleanProperty (spring.aop.proxy-target-class=false) did not find property 'spring.aop.proxy-target-class' (OnPropertyCondition)

   WebMvcAutoConfiguration#hiddenHttpMethodFilter:
      Did not match:
         - @ConditionalOnBooleanProperty (spring.mvc.hiddenmethod.filter.enabled=true) did not find property 'spring.mvc.hiddenmethod.filter.enabled' (OnPropertyCondition)

   WebMvcAutoConfiguration.ProblemDetailsErrorHandlingConfiguration:
      Did not match:
         - @ConditionalOnBooleanProperty (spring.mvc.problemdetails.enabled=true) did not find property 'spring.mvc.problemdetails.enabled' (OnPropertyCondition)

   WebMvcAutoConfiguration.ResourceChainCustomizerConfiguration:
      Did not match:
         - @ConditionalOnEnabledResourceChain did not find class org.webjars.WebJarVersionLocator (OnEnabledResourceChainCondition)

   WebMvcAutoConfiguration.WebMvcAutoConfigurationAdapter#beanNameViewResolver:
      Did not match:
         - @ConditionalOnMissingBean (types: org.springframework.web.servlet.view.BeanNameViewResolver; SearchStrategy: all) found beans of type 'org.springframework.web.servlet.view.BeanNameViewResolver' beanNameViewResolver (OnBeanCondition)

   WebMvcHealthEndpointExtensionAutoConfiguration:
      Did not match:
         - @ConditionalOnClass did not find required class 'org.springframework.boot.health.actuate.endpoint.HealthEndpoint' (OnClassCondition)

   WebMvcMappingsAutoConfiguration:
      Did not match:
         - @ConditionalOnClass did not find required class 'org.springframework.boot.actuate.autoconfigure.endpoint.condition.ConditionalOnAvailableEndpoint' (OnClassCondition)

   WebMvcObservationAutoConfiguration:
      Did not match:
         - @ConditionalOnClass did not find required class 'org.springframework.boot.micrometer.observation.autoconfigure.ObservationProperties' (OnClassCondition)

   XADataSourceAutoConfiguration:
      Did not match:
         - @ConditionalOnBean (types: org.springframework.boot.jdbc.XADataSourceWrapper; SearchStrategy: all) did not find any beans of type org.springframework.boot.jdbc.XADataSourceWrapper (OnBeanCondition)
      Matched:
         - @ConditionalOnClass found required classes 'javax.sql.DataSource', 'jakarta.transaction.TransactionManager', 'org.springframework.jdbc.datasource.embedded.EmbeddedDatabaseType' (OnClassCondition)


Exclusions:
-----------

    None


Unconditional classes:
----------------------

    org.springframework.boot.autoconfigure.context.ConfigurationPropertiesAutoConfiguration

    org.springframework.boot.autoconfigure.ssl.SslAutoConfiguration

    org.springframework.boot.autoconfigure.context.LifecycleAutoConfiguration

    org.springframework.boot.autoconfigure.context.PropertyPlaceholderAutoConfiguration

    org.springframework.boot.autoconfigure.availability.ApplicationAvailabilityAutoConfiguration

    org.springframework.boot.autoconfigure.info.ProjectInfoAutoConfiguration



2026-09-24 11:33:35 [main] ERROR o.s.boot.SpringApplication - Application run failed
org.springframework.beans.factory.BeanCreationException: Error creating bean with name 'entityManagerFactory' defined in class path resource [org/springframework/boot/hibernate/autoconfigure/HibernateJpaConfiguration.class]: Failed to initialize dependency 'liquibase' of LoadTimeWeaverAware bean 'entityManagerFactory': Error creating bean with name 'liquibase' defined in class path resource [org/springframework/boot/liquibase/autoconfigure/LiquibaseAutoConfiguration$LiquibaseConfiguration.class]: liquibase.exception.DatabaseException: org.postgresql.util.PSQLException: Драйвер столкнулся с непредвиденной ошибкой. Сообщите об этом исключении.
	at org.springframework.beans.factory.support.AbstractBeanFactory.doGetBean(AbstractBeanFactory.java:322)
	at org.springframework.beans.factory.support.AbstractBeanFactory.getBean(AbstractBeanFactory.java:201)
	at org.springframework.context.support.AbstractApplicationContext.finishBeanFactoryInitialization(AbstractApplicationContext.java:977)
	at org.springframework.context.support.AbstractApplicationContext.refresh(AbstractApplicationContext.java:621)
	at org.springframework.boot.web.server.servlet.context.ServletWebServerApplicationContext.refresh(ServletWebServerApplicationContext.java:143)
	at org.springframework.boot.SpringApplication.refresh(SpringApplication.java:756)
	at org.springframework.boot.SpringApplication.refreshContext(SpringApplication.java:445)
	at org.springframework.boot.SpringApplication.run(SpringApplication.java:321)
	at org.springframework.boot.SpringApplication.run(SpringApplication.java:1365)
	at org.springframework.boot.SpringApplication.run(SpringApplication.java:1354)
	at ru.aston.user.service.UserServiceApplication.main(UserServiceApplication.java:10)
Caused by: org.springframework.beans.factory.BeanCreationException: Error creating bean with name 'liquibase' defined in class path resource [org/springframework/boot/liquibase/autoconfigure/LiquibaseAutoConfiguration$LiquibaseConfiguration.class]: liquibase.exception.DatabaseException: org.postgresql.util.PSQLException: Драйвер столкнулся с непредвиденной ошибкой. Сообщите об этом исключении.
	at org.springframework.beans.factory.support.AbstractAutowireCapableBeanFactory.initializeBean(AbstractAutowireCapableBeanFactory.java:1815)
	at org.springframework.beans.factory.support.AbstractAutowireCapableBeanFactory.doCreateBean(AbstractAutowireCapableBeanFactory.java:603)
	at org.springframework.beans.factory.support.AbstractAutowireCapableBeanFactory.createBean(AbstractAutowireCapableBeanFactory.java:525)
	at org.springframework.beans.factory.support.AbstractBeanFactory.lambda$doGetBean$0(AbstractBeanFactory.java:333)
	at org.springframework.beans.factory.support.DefaultSingletonBeanRegistry.getSingleton(DefaultSingletonBeanRegistry.java:371)
	at org.springframework.beans.factory.support.AbstractBeanFactory.doGetBean(AbstractBeanFactory.java:331)
	at org.springframework.beans.factory.support.AbstractBeanFactory.getBean(AbstractBeanFactory.java:196)
	at org.springframework.beans.factory.support.AbstractBeanFactory.doGetBean(AbstractBeanFactory.java:309)
	... 10 common frames omitted
Caused by: liquibase.exception.LiquibaseException: liquibase.exception.DatabaseException: org.postgresql.util.PSQLException: Драйвер столкнулся с непредвиденной ошибкой. Сообщите об этом исключении.
	at liquibase.integration.spring.SpringLiquibase.afterPropertiesSet(SpringLiquibase.java:289)
	at org.springframework.beans.factory.support.AbstractAutowireCapableBeanFactory.invokeInitMethods(AbstractAutowireCapableBeanFactory.java:1862)
	at org.springframework.beans.factory.support.AbstractAutowireCapableBeanFactory.initializeBean(AbstractAutowireCapableBeanFactory.java:1811)
	... 17 common frames omitted
Caused by: liquibase.exception.DatabaseException: org.postgresql.util.PSQLException: Драйвер столкнулся с непредвиденной ошибкой. Сообщите об этом исключении.
	at liquibase.integration.spring.SpringLiquibase.lambda$afterPropertiesSet$0(SpringLiquibase.java:281)
	at liquibase.Scope.lambda$child$0(Scope.java:243)
	at liquibase.Scope.child(Scope.java:252)
	at liquibase.Scope.child(Scope.java:242)
	at liquibase.Scope.child(Scope.java:221)
	at liquibase.integration.spring.SpringLiquibase.afterPropertiesSet(SpringLiquibase.java:272)
	... 19 common frames omitted
Caused by: org.postgresql.util.PSQLException: Драйвер столкнулся с непредвиденной ошибкой. Сообщите об этом исключении.
	at org.postgresql.Driver.connect(Driver.java:327)
	at com.zaxxer.hikari.util.DriverDataSource.getConnection(DriverDataSource.java:144)
	at com.zaxxer.hikari.pool.PoolBase.newConnection(PoolBase.java:373)
	at com.zaxxer.hikari.pool.PoolBase.newPoolEntry(PoolBase.java:210)
	at com.zaxxer.hikari.pool.HikariPool.createPoolEntry(HikariPool.java:488)
	at com.zaxxer.hikari.pool.HikariPool.checkFailFast(HikariPool.java:576)
	at com.zaxxer.hikari.pool.HikariPool.<init>(HikariPool.java:97)
	at com.zaxxer.hikari.HikariDataSource.getConnection(HikariDataSource.java:111)
	at liquibase.integration.spring.SpringLiquibase.lambda$afterPropertiesSet$0(SpringLiquibase.java:276)
	... 24 common frames omitted
Caused by: java.lang.StringIndexOutOfBoundsException: offset 5, count -269553430, length 8192
	at java.base/java.lang.String.checkBoundsOffCount(String.java:4591)
	at java.base/java.lang.String.<init>(String.java:523)
	at org.postgresql.core.Encoding.decode(Encoding.java:284)
	at org.postgresql.core.PGStream.receiveErrorString(PGStream.java:539)
	at org.postgresql.core.v3.ConnectionFactoryImpl.doAuthentication(ConnectionFactoryImpl.java:835)
	at org.postgresql.core.v3.ConnectionFactoryImpl.tryConnect(ConnectionFactoryImpl.java:309)
	at org.postgresql.core.v3.ConnectionFactoryImpl.openConnectionImpl(ConnectionFactoryImpl.java:367)
	at org.postgresql.core.ConnectionFactory.openConnection(ConnectionFactory.java:52)
	at org.postgresql.jdbc.PgConnection.<init>(PgConnection.java:295)
	at org.postgresql.Driver.makeConnection(Driver.java:437)
	at org.postgresql.Driver.connect(Driver.java:305)
	... 32 common frames omitted
2026-09-24 11:37:52 [main] INFO  r.a.u.service.UserServiceApplication - Starting UserServiceApplication using Java 17.0.19 with PID 17984 (C:\Users\fursova.v\OpenideProjects\Intensive\target\classes started by fursova.v in C:\Users\fursova.v\OpenideProjects\Intensive)
2026-09-24 11:37:52 [main] DEBUG r.a.u.service.UserServiceApplication - Running with Spring Boot v4.1.1, Spring v7.0.9
2026-09-24 11:37:52 [main] INFO  r.a.u.service.UserServiceApplication - No active profile set, falling back to 1 default profile: "default"
2026-09-24 11:37:52 [main] DEBUG o.s.boot.SpringApplication - Loading source class ru.aston.user.service.UserServiceApplication
2026-09-24 11:37:52 [main] DEBUG o.s.b.w.s.s.c.AnnotationConfigServletWebServerApplicationContext - Refreshing org.springframework.boot.web.server.servlet.context.AnnotationConfigServletWebServerApplicationContext@fd46303
2026-09-24 11:37:52 [main] DEBUG o.s.b.f.s.DefaultListableBeanFactory - Creating shared instance of singleton bean 'org.springframework.context.annotation.internalConfigurationAnnotationProcessor'
2026-09-24 11:37:52 [main] DEBUG o.s.b.f.s.DefaultListableBeanFactory - Creating shared instance of singleton bean 'org.springframework.boot.autoconfigure.internalCachingMetadataReaderFactory'
2026-09-24 11:37:52 [main] DEBUG o.s.c.a.ClassPathBeanDefinitionScanner - Identified candidate component class: file [C:\Users\fursova.v\OpenideProjects\Intensive\target\classes\ru\aston\user\service\controller\GlobalExceptionHandler.class]
2026-09-24 11:37:52 [main] DEBUG o.s.c.a.ClassPathBeanDefinitionScanner - Identified candidate component class: file [C:\Users\fursova.v\OpenideProjects\Intensive\target\classes\ru\aston\user\service\controller\UserController.class]
2026-09-24 11:37:52 [main] DEBUG o.s.c.a.ClassPathBeanDefinitionScanner - Identified candidate component class: file [C:\Users\fursova.v\OpenideProjects\Intensive\target\classes\ru\aston\user\service\kafka\UserEventProducer.class]
2026-09-24 11:37:52 [main] DEBUG o.s.c.a.ClassPathBeanDefinitionScanner - Identified candidate component class: file [C:\Users\fursova.v\OpenideProjects\Intensive\target\classes\ru\aston\user\service\mapper\UserMapper.class]
2026-09-24 11:37:52 [main] DEBUG o.s.c.a.ClassPathBeanDefinitionScanner - Identified candidate component class: file [C:\Users\fursova.v\OpenideProjects\Intensive\target\classes\ru\aston\user\service\service\UserServiceImpl.class]
2026-09-24 11:37:52 [background-preinit] DEBUG org.jboss.logging - Logging Provider: org.jboss.logging.Slf4jLoggerProvider found via system property
2026-09-24 11:37:52 [background-preinit] INFO  o.h.validator.internal.util.Version - HV000001: Hibernate Validator 9.1.3.Final
2026-09-24 11:37:52 [background-preinit] DEBUG o.h.v.i.x.config.ValidationXmlParser - Trying to load META-INF/validation.xml for XML based Validator configuration.
2026-09-24 11:37:52 [background-preinit] DEBUG o.h.v.i.x.c.ResourceLoaderHelper - Trying to load META-INF/validation.xml via TCCL
2026-09-24 11:37:52 [background-preinit] DEBUG o.h.v.i.x.c.ResourceLoaderHelper - Trying to load META-INF/validation.xml via Hibernate Validator's class loader
2026-09-24 11:37:52 [background-preinit] DEBUG o.h.v.i.x.config.ValidationXmlParser - No META-INF/validation.xml found. Using annotation based configuration only.
2026-09-24 11:37:52 [background-preinit] DEBUG o.h.v.i.e.r.TraversableResolvers - Found jakarta.persistence.Persistence on classpath containing 'getPersistenceUtil'. Assuming Jakarta Persistence environment. Trying to instantiate Jakarta Persistence aware TraversableResolver
2026-09-24 11:37:52 [background-preinit] DEBUG o.h.v.i.e.r.TraversableResolvers - Instantiated Jakarta Persistence aware TraversableResolver of type org.hibernate.validator.internal.engine.resolver.JPATraversableResolver.
2026-09-24 11:37:52 [background-preinit] DEBUG o.h.v.m.ResourceBundleMessageInterpolator - Loaded expression factory via original TCCL
2026-09-24 11:37:52 [background-preinit] DEBUG o.h.v.i.e.ValidatorFactoryConfigurationHelper - HV000252: Using org.hibernate.validator.internal.engine.DefaultPropertyNodeNameProvider as property node name provider.
2026-09-24 11:37:52 [background-preinit] DEBUG o.h.v.i.e.ValidatorFactoryConfigurationHelper - HV000234: Using org.hibernate.validator.messageinterpolation.ResourceBundleMessageInterpolator as ValidatorFactory-scoped message interpolator.
2026-09-24 11:37:52 [background-preinit] DEBUG o.h.v.i.e.ValidatorFactoryConfigurationHelper - HV000234: Using org.hibernate.validator.internal.engine.resolver.JPATraversableResolver as ValidatorFactory-scoped traversable resolver.
2026-09-24 11:37:52 [background-preinit] DEBUG o.h.v.i.e.ValidatorFactoryConfigurationHelper - HV000234: Using org.hibernate.validator.internal.util.ExecutableParameterNameProvider as ValidatorFactory-scoped parameter name provider.
2026-09-24 11:37:52 [background-preinit] DEBUG o.h.v.i.e.ValidatorFactoryConfigurationHelper - HV000234: Using org.hibernate.validator.internal.engine.DefaultClockProvider as ValidatorFactory-scoped clock provider.
2026-09-24 11:37:52 [background-preinit] DEBUG o.h.v.i.e.ValidatorFactoryConfigurationHelper - HV000234: Using org.hibernate.validator.internal.engine.scripting.DefaultScriptEvaluatorFactory as ValidatorFactory-scoped script evaluator factory.
2026-09-24 11:37:53 [main] INFO  o.s.d.r.c.RepositoryConfigurationDelegate - Bootstrapping Spring Data JPA repositories in DEFAULT mode.
2026-09-24 11:37:53 [main] DEBUG o.s.b.f.s.DefaultListableBeanFactory - Creating shared instance of singleton bean 'org.springframework.boot.autoconfigure.AutoConfigurationPackages'
2026-09-24 11:37:53 [main] DEBUG o.s.b.a.AutoConfigurationPackages - @EnableAutoConfiguration was declared on a class in the package 'ru.aston.user.service'. Automatic @Repository and @Entity scanning is enabled.
2026-09-24 11:37:53 [main] DEBUG o.s.d.r.c.RepositoryConfigurationDelegate - Scanning for JPA repositories in packages ru.aston.user.service.
2026-09-24 11:37:53 [main] DEBUG o.s.d.r.c.RepositoryComponentProvider - Identified candidate component class: file [C:\Users\fursova.v\OpenideProjects\Intensive\target\classes\ru\aston\user\service\repository\UserRepository.class]
2026-09-24 11:37:53 [main] DEBUG o.s.c.a.ClassPathScanningCandidateComponentProvider - Identified candidate component class: file [C:\Users\fursova.v\OpenideProjects\Intensive\target\classes\ru\aston\user\service\service\UserServiceImpl.class]
2026-09-24 11:37:53 [main] INFO  o.s.d.r.c.RepositoryConfigurationDelegate - Finished Spring Data repository scanning in 101 ms. Found 1 JPA repository interface.
2026-09-24 11:37:53 [main] DEBUG o.s.b.f.s.DefaultListableBeanFactory - Creating shared instance of singleton bean 'propertySourcesPlaceholderConfigurer'
2026-09-24 11:37:53 [main] DEBUG o.s.b.f.s.DefaultListableBeanFactory - Creating shared instance of singleton bean 'org.springframework.boot.sql.init.dependency.DatabaseInitializationDependencyConfigurer$DependsOnDatabaseInitializationPostProcessor'
2026-09-24 11:37:53 [main] DEBUG o.s.b.f.s.DefaultListableBeanFactory - Creating shared instance of singleton bean 'org.springframework.context.event.internalEventListenerProcessor'
2026-09-24 11:37:53 [main] DEBUG o.s.b.f.s.DefaultListableBeanFactory - Creating shared instance of singleton bean 'bootstrapExecutorAliasPostProcessor'
2026-09-24 11:37:53 [main] DEBUG o.s.b.f.s.DefaultListableBeanFactory - Creating shared instance of singleton bean 'preserveErrorControllerTargetClassPostProcessor'
2026-09-24 11:37:53 [main] DEBUG o.s.b.f.s.DefaultListableBeanFactory - Creating shared instance of singleton bean 'org.springframework.context.event.internalEventListenerFactory'
2026-09-24 11:37:53 [main] DEBUG o.s.b.f.s.DefaultListableBeanFactory - Creating shared instance of singleton bean 'org.springframework.transaction.config.internalTransactionalEventListenerFactory'
2026-09-24 11:37:53 [main] DEBUG o.s.b.f.s.DefaultListableBeanFactory - Creating shared instance of singleton bean 'org.springframework.context.annotation.internalAutowiredAnnotationProcessor'
2026-09-24 11:37:53 [main] DEBUG o.s.b.f.s.DefaultListableBeanFactory - Creating shared instance of singleton bean 'org.springframework.context.annotation.internalCommonAnnotationProcessor'
2026-09-24 11:37:53 [main] DEBUG o.s.b.f.s.DefaultListableBeanFactory - Creating shared instance of singleton bean 'org.springframework.context.annotation.internalPersistenceAnnotationProcessor'
2026-09-24 11:37:53 [main] DEBUG o.s.b.f.s.DefaultListableBeanFactory - Creating shared instance of singleton bean 'org.springframework.boot.context.properties.ConfigurationPropertiesBindingPostProcessor'
2026-09-24 11:37:53 [main] DEBUG o.s.b.f.s.DefaultListableBeanFactory - Creating shared instance of singleton bean 'org.springframework.boot.context.internalConfigurationPropertiesBinder'
2026-09-24 11:37:53 [main] DEBUG o.s.b.f.s.DefaultListableBeanFactory - Creating shared instance of singleton bean 'jdbcConnectionDetailsHikariBeanPostProcessor'
2026-09-24 11:37:53 [main] DEBUG o.s.b.f.s.DefaultListableBeanFactory - Creating shared instance of singleton bean 'methodValidationPostProcessor'
2026-09-24 11:37:53 [main] DEBUG o.s.b.f.s.DefaultListableBeanFactory - Autowiring by type from bean name 'methodValidationPostProcessor' via factory method to bean named 'environment'
2026-09-24 11:37:53 [main] DEBUG o.s.b.f.s.DefaultListableBeanFactory - Creating shared instance of singleton bean 'org.springframework.boot.context.properties.EnableConfigurationPropertiesRegistrar.methodValidationExcludeFilter'
2026-09-24 11:37:53 [main] DEBUG o.s.b.f.s.DefaultListableBeanFactory - Creating shared instance of singleton bean 'org.springframework.aop.framework.autoproxy.defaultProxyConfig'
2026-09-24 11:37:53 [main] DEBUG o.s.b.f.s.DefaultListableBeanFactory - Creating shared instance of singleton bean 'org.springframework.aop.config.internalAutoProxyCreator'
2026-09-24 11:37:53 [main] DEBUG o.s.b.f.s.DefaultListableBeanFactory - Creating shared instance of singleton bean 'org.springframework.kafka.config.internalKafkaListenerAnnotationProcessor'
2026-09-24 11:37:53 [main] DEBUG o.s.b.f.s.DefaultListableBeanFactory - Creating shared instance of singleton bean 'persistenceExceptionTranslationPostProcessor'
2026-09-24 11:37:53 [main] DEBUG o.s.b.f.s.DefaultListableBeanFactory - Autowiring by type from bean name 'persistenceExceptionTranslationPostProcessor' via factory method to bean named 'environment'
2026-09-24 11:37:53 [main] DEBUG o.s.b.f.s.DefaultListableBeanFactory - Creating shared instance of singleton bean 'projectingArgumentResolverBeanPostProcessor'
2026-09-24 11:37:53 [main] DEBUG o.s.b.f.s.DefaultListableBeanFactory - Creating shared instance of singleton bean 'org.springframework.transaction.config.internalTransactionAdvisor'
2026-09-24 11:37:53 [main] DEBUG o.s.b.f.s.DefaultListableBeanFactory - Creating shared instance of singleton bean 'org.springframework.transaction.annotation.ProxyTransactionManagementConfiguration'
2026-09-24 11:37:53 [main] DEBUG o.s.b.f.s.DefaultListableBeanFactory - Creating shared instance of singleton bean 'transactionAttributeSource'
2026-09-24 11:37:53 [main] DEBUG o.s.b.f.s.DefaultListableBeanFactory - Creating shared instance of singleton bean 'transactionInterceptor'
2026-09-24 11:37:53 [main] DEBUG o.s.b.f.s.DefaultListableBeanFactory - Autowiring by type from bean name 'transactionInterceptor' via factory method to bean named 'transactionAttributeSource'
2026-09-24 11:37:53 [main] DEBUG o.s.b.f.s.DefaultListableBeanFactory - Autowiring by type from bean name 'org.springframework.transaction.config.internalTransactionAdvisor' via factory method to bean named 'transactionAttributeSource'
2026-09-24 11:37:53 [main] DEBUG o.s.b.f.s.DefaultListableBeanFactory - Autowiring by type from bean name 'org.springframework.transaction.config.internalTransactionAdvisor' via factory method to bean named 'transactionInterceptor'
2026-09-24 11:37:54 [main] DEBUG o.s.b.f.s.DefaultListableBeanFactory - Creating shared instance of singleton bean 'webServerFactoryCustomizerBeanPostProcessor'
2026-09-24 11:37:54 [main] DEBUG o.s.b.f.s.DefaultListableBeanFactory - Creating shared instance of singleton bean 'errorPageRegistrarBeanPostProcessor'
2026-09-24 11:37:54 [main] DEBUG o.s.b.f.s.DefaultListableBeanFactory - Creating shared instance of singleton bean 'tomcatServletWebServerFactory'
2026-09-24 11:37:54 [main] DEBUG o.s.b.f.s.DefaultListableBeanFactory - Creating shared instance of singleton bean 'org.springframework.boot.tomcat.autoconfigure.servlet.TomcatServletWebServerAutoConfiguration'
2026-09-24 11:37:54 [main] DEBUG o.s.b.f.s.DefaultListableBeanFactory - Creating shared instance of singleton bean 'server.tomcat-org.springframework.boot.tomcat.autoconfigure.TomcatServerProperties'
2026-09-24 11:37:54 [main] DEBUG o.s.b.f.s.DefaultListableBeanFactory - Creating shared instance of singleton bean 'org.springframework.boot.context.properties.BoundConfigurationProperties'
2026-09-24 11:37:54 [main] DEBUG o.s.b.f.s.DefaultListableBeanFactory - Autowiring by type from bean name 'org.springframework.boot.tomcat.autoconfigure.servlet.TomcatServletWebServerAutoConfiguration' via constructor to bean named 'server.tomcat-org.springframework.boot.tomcat.autoconfigure.TomcatServerProperties'
2026-09-24 11:37:54 [main] DEBUG o.s.b.f.s.DefaultListableBeanFactory - Creating shared instance of singleton bean 'servletWebServerFactoryCustomizer'
2026-09-24 11:37:54 [main] DEBUG o.s.b.f.s.DefaultListableBeanFactory - Creating shared instance of singleton bean 'org.springframework.boot.web.server.autoconfigure.servlet.ServletWebServerConfiguration'
2026-09-24 11:37:54 [main] DEBUG o.s.b.f.s.DefaultListableBeanFactory - Creating shared instance of singleton bean 'server-org.springframework.boot.web.server.autoconfigure.ServerProperties'
2026-09-24 11:37:54 [main] DEBUG o.s.b.f.s.DefaultListableBeanFactory - Autowiring by type from bean name 'servletWebServerFactoryCustomizer' via factory method to bean named 'server-org.springframework.boot.web.server.autoconfigure.ServerProperties'
2026-09-24 11:37:54 [main] DEBUG o.s.b.f.s.DefaultListableBeanFactory - Creating shared instance of singleton bean 'sslBundleRegistry'
2026-09-24 11:37:54 [main] DEBUG o.s.b.f.s.DefaultListableBeanFactory - Creating shared instance of singleton bean 'org.springframework.boot.autoconfigure.ssl.SslAutoConfiguration'
2026-09-24 11:37:54 [main] DEBUG o.s.b.f.s.DefaultListableBeanFactory - Creating shared instance of singleton bean 'spring.ssl-org.springframework.boot.autoconfigure.ssl.SslProperties'
2026-09-24 11:37:54 [main] DEBUG o.s.b.f.s.DefaultListableBeanFactory - Autowiring by type from bean name 'org.springframework.boot.autoconfigure.ssl.SslAutoConfiguration' via constructor to bean named 'org.springframework.boot.web.server.servlet.context.AnnotationConfigServletWebServerApplicationContext@fd46303'
2026-09-24 11:37:54 [main] DEBUG o.s.b.f.s.DefaultListableBeanFactory - Autowiring by type from bean name 'org.springframework.boot.autoconfigure.ssl.SslAutoConfiguration' via constructor to bean named 'spring.ssl-org.springframework.boot.autoconfigure.ssl.SslProperties'
2026-09-24 11:37:54 [main] DEBUG o.s.b.f.s.DefaultListableBeanFactory - Creating shared instance of singleton bean 'sslPropertiesSslBundleRegistrar'
2026-09-24 11:37:54 [main] DEBUG o.s.b.f.s.DefaultListableBeanFactory - Creating shared instance of singleton bean 'fileWatcher'
2026-09-24 11:37:54 [main] DEBUG o.s.b.f.s.DefaultListableBeanFactory - Autowiring by type from bean name 'sslPropertiesSslBundleRegistrar' via factory method to bean named 'fileWatcher'
2026-09-24 11:37:54 [main] DEBUG o.s.b.f.s.DefaultListableBeanFactory - Creating shared instance of singleton bean 'webSocketWebServerCustomizer'
2026-09-24 11:37:54 [main] DEBUG o.s.b.f.s.DefaultListableBeanFactory - Creating shared instance of singleton bean 'org.springframework.boot.tomcat.autoconfigure.TomcatWebServerConfiguration$TomcatWebSocketConfiguration'
2026-09-24 11:37:54 [main] DEBUG o.s.b.f.s.DefaultListableBeanFactory - Creating shared instance of singleton bean 'tomcatWebServerFactoryCustomizer'
2026-09-24 11:37:54 [main] DEBUG o.s.b.f.s.DefaultListableBeanFactory - Creating shared instance of singleton bean 'org.springframework.boot.tomcat.autoconfigure.TomcatWebServerConfiguration'
2026-09-24 11:37:54 [main] DEBUG o.s.b.f.s.DefaultListableBeanFactory - Creating shared instance of singleton bean 'spring.web-org.springframework.boot.autoconfigure.web.WebProperties'
2026-09-24 11:37:54 [main] DEBUG o.s.b.f.s.DefaultListableBeanFactory - Autowiring by type from bean name 'tomcatWebServerFactoryCustomizer' via factory method to bean named 'environment'
2026-09-24 11:37:54 [main] DEBUG o.s.b.f.s.DefaultListableBeanFactory - Autowiring by type from bean name 'tomcatWebServerFactoryCustomizer' via factory method to bean named 'server-org.springframework.boot.web.server.autoconfigure.ServerProperties'
2026-09-24 11:37:54 [main] DEBUG o.s.b.f.s.DefaultListableBeanFactory - Autowiring by type from bean name 'tomcatWebServerFactoryCustomizer' via factory method to bean named 'server.tomcat-org.springframework.boot.tomcat.autoconfigure.TomcatServerProperties'
2026-09-24 11:37:54 [main] DEBUG o.s.b.f.s.DefaultListableBeanFactory - Autowiring by type from bean name 'tomcatWebServerFactoryCustomizer' via factory method to bean named 'spring.web-org.springframework.boot.autoconfigure.web.WebProperties'
2026-09-24 11:37:54 [main] DEBUG o.s.b.f.s.DefaultListableBeanFactory - Creating shared instance of singleton bean 'tomcatServletWebServerFactoryCustomizer'
2026-09-24 11:37:54 [main] DEBUG o.s.b.f.s.DefaultListableBeanFactory - Autowiring by type from bean name 'tomcatServletWebServerFactoryCustomizer' via factory method to bean named 'server.tomcat-org.springframework.boot.tomcat.autoconfigure.TomcatServerProperties'
2026-09-24 11:37:54 [main] DEBUG o.s.b.f.s.DefaultListableBeanFactory - Creating shared instance of singleton bean 'errorPageCustomizer'
2026-09-24 11:37:54 [main] DEBUG o.s.b.f.s.DefaultListableBeanFactory - Creating shared instance of singleton bean 'org.springframework.boot.webmvc.autoconfigure.error.ErrorMvcAutoConfiguration'
2026-09-24 11:37:54 [main] DEBUG o.s.b.f.s.DefaultListableBeanFactory - Autowiring by type from bean name 'org.springframework.boot.webmvc.autoconfigure.error.ErrorMvcAutoConfiguration' via constructor to bean named 'spring.web-org.springframework.boot.autoconfigure.web.WebProperties'
2026-09-24 11:37:54 [main] DEBUG o.s.b.f.s.DefaultListableBeanFactory - Creating shared instance of singleton bean 'dispatcherServletRegistration'
2026-09-24 11:37:54 [main] DEBUG o.s.b.f.s.DefaultListableBeanFactory - Creating shared instance of singleton bean 'org.springframework.boot.webmvc.autoconfigure.DispatcherServletAutoConfiguration$DispatcherServletRegistrationConfiguration'
2026-09-24 11:37:54 [main] DEBUG o.s.b.f.s.DefaultListableBeanFactory - Creating shared instance of singleton bean 'dispatcherServlet'
2026-09-24 11:37:54 [main] DEBUG o.s.b.f.s.DefaultListableBeanFactory - Creating shared instance of singleton bean 'org.springframework.boot.webmvc.autoconfigure.DispatcherServletAutoConfiguration$DispatcherServletConfiguration'
2026-09-24 11:37:54 [main] DEBUG o.s.b.f.s.DefaultListableBeanFactory - Creating shared instance of singleton bean 'spring.mvc-org.springframework.boot.webmvc.autoconfigure.WebMvcProperties'
2026-09-24 11:37:54 [main] DEBUG o.s.b.f.s.DefaultListableBeanFactory - Autowiring by type from bean name 'dispatcherServlet' via factory method to bean named 'spring.mvc-org.springframework.boot.webmvc.autoconfigure.WebMvcProperties'
2026-09-24 11:37:54 [main] DEBUG o.s.b.f.s.DefaultListableBeanFactory - Autowiring by type from bean name 'dispatcherServletRegistration' via factory method to bean named 'dispatcherServlet'
2026-09-24 11:37:54 [main] DEBUG o.s.b.f.s.DefaultListableBeanFactory - Autowiring by type from bean name 'dispatcherServletRegistration' via factory method to bean named 'spring.mvc-org.springframework.boot.webmvc.autoconfigure.WebMvcProperties'
2026-09-24 11:37:54 [main] DEBUG o.s.b.f.s.DefaultListableBeanFactory - Creating shared instance of singleton bean 'multipartConfigElement'
2026-09-24 11:37:54 [main] DEBUG o.s.b.f.s.DefaultListableBeanFactory - Creating shared instance of singleton bean 'org.springframework.boot.servlet.autoconfigure.MultipartAutoConfiguration'
2026-09-24 11:37:54 [main] DEBUG o.s.b.f.s.DefaultListableBeanFactory - Creating shared instance of singleton bean 'spring.servlet.multipart-org.springframework.boot.servlet.autoconfigure.MultipartProperties'
2026-09-24 11:37:54 [main] DEBUG o.s.b.f.s.DefaultListableBeanFactory - Autowiring by type from bean name 'org.springframework.boot.servlet.autoconfigure.MultipartAutoConfiguration' via constructor to bean named 'spring.servlet.multipart-org.springframework.boot.servlet.autoconfigure.MultipartProperties'
2026-09-24 11:37:54 [main] DEBUG o.s.b.f.s.DefaultListableBeanFactory - Autowiring by type from bean name 'errorPageCustomizer' via factory method to bean named 'dispatcherServletRegistration'
2026-09-24 11:37:54 [main] DEBUG o.s.b.t.s.TomcatServletWebServerFactory - Code archive: C:\Users\fursova.v\.m2\repository\org\springframework\boot\spring-boot-web-server\4.1.1\spring-boot-web-server-4.1.1.jar
2026-09-24 11:37:54 [main] DEBUG o.s.b.t.s.TomcatServletWebServerFactory - Code archive: C:\Users\fursova.v\.m2\repository\org\springframework\boot\spring-boot-web-server\4.1.1\spring-boot-web-server-4.1.1.jar
2026-09-24 11:37:54 [main] DEBUG o.s.b.t.s.TomcatServletWebServerFactory - None of the document roots [src/main/webapp, public, static] point to a directory and will be ignored.
2026-09-24 11:37:55 [main] INFO  o.s.boot.tomcat.TomcatWebServer - Tomcat initialized with port 8080 (http)
2026-09-24 11:37:55 [main] INFO  o.a.coyote.http11.Http11NioProtocol - Initializing ProtocolHandler ["http-nio-8080"]
2026-09-24 11:37:55 [main] INFO  o.a.catalina.core.StandardService - Starting service [Tomcat]
2026-09-24 11:37:55 [main] INFO  o.a.catalina.core.StandardEngine - Starting Servlet engine: [Apache Tomcat/11.0.24]
2026-09-24 11:37:55 [main] DEBUG o.s.b.w.c.s.WebApplicationContextInitializer - Published root WebApplicationContext as ServletContext attribute with name [org.springframework.web.context.WebApplicationContext.ROOT]
2026-09-24 11:37:55 [main] INFO  o.s.b.w.c.s.WebApplicationContextInitializer - Root WebApplicationContext: initialization completed in 2929 ms
2026-09-24 11:37:55 [main] DEBUG o.s.b.f.s.DefaultListableBeanFactory - Creating shared instance of singleton bean 'requestContextFilter'
2026-09-24 11:37:55 [main] DEBUG o.s.b.f.s.DefaultListableBeanFactory - Creating shared instance of singleton bean 'formContentFilter'
2026-09-24 11:37:55 [main] DEBUG o.s.b.f.s.DefaultListableBeanFactory - Creating shared instance of singleton bean 'org.springframework.boot.webmvc.autoconfigure.WebMvcAutoConfiguration'
2026-09-24 11:37:55 [main] DEBUG o.s.b.f.s.DefaultListableBeanFactory - Creating shared instance of singleton bean 'characterEncodingFilter'
2026-09-24 11:37:55 [main] DEBUG o.s.b.f.s.DefaultListableBeanFactory - Creating shared instance of singleton bean 'org.springframework.boot.servlet.autoconfigure.HttpEncodingAutoConfiguration'
2026-09-24 11:37:55 [main] DEBUG o.s.b.f.s.DefaultListableBeanFactory - Creating shared instance of singleton bean 'spring.servlet.encoding-org.springframework.boot.servlet.autoconfigure.ServletEncodingProperties'
2026-09-24 11:37:55 [main] DEBUG o.s.b.f.s.DefaultListableBeanFactory - Autowiring by type from bean name 'characterEncodingFilter' via factory method to bean named 'spring.servlet.encoding-org.springframework.boot.servlet.autoconfigure.ServletEncodingProperties'
2026-09-24 11:37:55 [main] DEBUG o.s.b.w.s.ServletContextInitializerBeans - Mapping filters: characterEncodingFilter urls=[/*] order=-2147483648, formContentFilter urls=[/*] order=-9900, requestContextFilter urls=[/*] order=-105
2026-09-24 11:37:55 [main] DEBUG o.s.b.w.s.ServletContextInitializerBeans - Mapping servlets: dispatcherServlet urls=[/]
2026-09-24 11:37:55 [main] DEBUG o.s.b.s.f.OrderedRequestContextFilter - Filter 'requestContextFilter' configured for use
2026-09-24 11:37:55 [main] DEBUG o.s.b.s.f.OrderedCharacterEncodingFilter - Filter 'characterEncodingFilter' configured for use
2026-09-24 11:37:55 [main] DEBUG o.s.b.s.f.OrderedFormContentFilter - Filter 'formContentFilter' configured for use
2026-09-24 11:37:55 [main] DEBUG o.s.b.f.s.DefaultListableBeanFactory - Creating shared instance of singleton bean 'applicationTaskExecutor'
2026-09-24 11:37:55 [main] DEBUG o.s.b.f.s.DefaultListableBeanFactory - Creating shared instance of singleton bean 'org.springframework.boot.autoconfigure.task.TaskExecutorConfigurations$TaskExecutorConfiguration'
2026-09-24 11:37:55 [main] DEBUG o.s.b.f.s.DefaultListableBeanFactory - Creating shared instance of singleton bean 'threadPoolTaskExecutorBuilder'
2026-09-24 11:37:55 [main] DEBUG o.s.b.f.s.DefaultListableBeanFactory - Creating shared instance of singleton bean 'org.springframework.boot.autoconfigure.task.TaskExecutorConfigurations$ThreadPoolTaskExecutorBuilderConfiguration'
2026-09-24 11:37:55 [main] DEBUG o.s.b.f.s.DefaultListableBeanFactory - Creating shared instance of singleton bean 'spring.task.execution-org.springframework.boot.autoconfigure.task.TaskExecutionProperties'
2026-09-24 11:37:55 [main] DEBUG o.s.b.f.s.DefaultListableBeanFactory - Autowiring by type from bean name 'threadPoolTaskExecutorBuilder' via factory method to bean named 'spring.task.execution-org.springframework.boot.autoconfigure.task.TaskExecutionProperties'
2026-09-24 11:37:55 [main] DEBUG o.s.b.f.s.DefaultListableBeanFactory - Autowiring by type from bean name 'applicationTaskExecutor' via factory method to bean named 'threadPoolTaskExecutorBuilder'
2026-09-24 11:37:55 [main] DEBUG o.s.s.c.ThreadPoolTaskExecutor - Initializing ExecutorService 'applicationTaskExecutor'
2026-09-24 11:37:55 [main] DEBUG o.s.b.f.s.DefaultListableBeanFactory - Creating shared instance of singleton bean 'liquibase'
2026-09-24 11:37:55 [main] DEBUG o.s.b.f.s.DefaultListableBeanFactory - Creating shared instance of singleton bean 'org.springframework.boot.liquibase.autoconfigure.LiquibaseAutoConfiguration$LiquibaseConfiguration'
2026-09-24 11:37:55 [main] DEBUG o.s.b.f.s.DefaultListableBeanFactory - Creating shared instance of singleton bean 'spring.liquibase-org.springframework.boot.liquibase.autoconfigure.LiquibaseProperties'
2026-09-24 11:37:55 [main] DEBUG o.s.b.f.s.DefaultListableBeanFactory - Creating shared instance of singleton bean 'liquibaseConnectionDetails'
2026-09-24 11:37:55 [main] DEBUG o.s.b.f.s.DefaultListableBeanFactory - Autowiring by type from bean name 'liquibaseConnectionDetails' via factory method to bean named 'spring.liquibase-org.springframework.boot.liquibase.autoconfigure.LiquibaseProperties'
2026-09-24 11:37:55 [main] DEBUG o.s.b.f.s.DefaultListableBeanFactory - Autowiring by type from bean name 'liquibase' via factory method to bean named 'spring.liquibase-org.springframework.boot.liquibase.autoconfigure.LiquibaseProperties'
2026-09-24 11:37:55 [main] DEBUG o.s.b.f.s.DefaultListableBeanFactory - Autowiring by type from bean name 'liquibase' via factory method to bean named 'liquibaseConnectionDetails'
2026-09-24 11:37:55 [main] DEBUG o.s.b.f.s.DefaultListableBeanFactory - Creating shared instance of singleton bean 'dataSource'
2026-09-24 11:37:55 [main] DEBUG o.s.b.f.s.DefaultListableBeanFactory - Creating shared instance of singleton bean 'org.springframework.boot.jdbc.autoconfigure.DataSourceConfiguration$Hikari'
2026-09-24 11:37:55 [main] DEBUG o.s.b.f.s.DefaultListableBeanFactory - Creating shared instance of singleton bean 'spring.datasource-org.springframework.boot.jdbc.autoconfigure.DataSourceProperties'
2026-09-24 11:37:55 [main] DEBUG o.s.b.f.s.DefaultListableBeanFactory - Creating shared instance of singleton bean 'jdbcConnectionDetails'
2026-09-24 11:37:55 [main] DEBUG o.s.b.f.s.DefaultListableBeanFactory - Creating shared instance of singleton bean 'org.springframework.boot.jdbc.autoconfigure.DataSourceAutoConfiguration$PooledDataSourceConfiguration'
2026-09-24 11:37:55 [main] DEBUG o.s.b.f.s.DefaultListableBeanFactory - Autowiring by type from bean name 'jdbcConnectionDetails' via factory method to bean named 'spring.datasource-org.springframework.boot.jdbc.autoconfigure.DataSourceProperties'
2026-09-24 11:37:55 [main] DEBUG o.s.b.f.s.DefaultListableBeanFactory - Autowiring by type from bean name 'dataSource' via factory method to bean named 'spring.datasource-org.springframework.boot.jdbc.autoconfigure.DataSourceProperties'
2026-09-24 11:37:55 [main] DEBUG o.s.b.f.s.DefaultListableBeanFactory - Autowiring by type from bean name 'dataSource' via factory method to bean named 'jdbcConnectionDetails'
2026-09-24 11:37:55 [main] DEBUG o.s.b.f.s.DefaultListableBeanFactory - Autowiring by type from bean name 'dataSource' via factory method to bean named 'environment'
2026-09-24 11:37:55 [main] DEBUG com.zaxxer.hikari.util.UtilityElf - Class org.postgresql.Driver found in Thread context class loader jdk.internal.loader.ClassLoaders$AppClassLoader@1d44bcfa
2026-09-24 11:37:55 [main] DEBUG liquibase.servicelocator - Loaded liquibase.logging.LogService instance liquibase.logging.core.BufferedLogService
2026-09-24 11:37:55 [main] DEBUG liquibase.servicelocator - Loaded liquibase.logging.LogService instance liquibase.logging.core.CompositeLogService
2026-09-24 11:37:55 [main] DEBUG liquibase.servicelocator - Loaded liquibase.logging.LogService instance liquibase.logging.core.JavaLogService
2026-09-24 11:37:55 [main] DEBUG liquibase.servicelocator - Loaded liquibase.configuration.AutoloadedConfigurations instance liquibase.GlobalConfiguration
2026-09-24 11:37:55 [main] DEBUG liquibase.servicelocator - Loaded liquibase.configuration.AutoloadedConfigurations instance liquibase.integration.commandline.LiquibaseCommandLineConfiguration
2026-09-24 11:37:55 [main] DEBUG liquibase.servicelocator - Loaded liquibase.configuration.AutoloadedConfigurations instance liquibase.logging.core.DefaultLoggerConfiguration
2026-09-24 11:37:55 [main] DEBUG liquibase.servicelocator - Loaded liquibase.configuration.AutoloadedConfigurations instance liquibase.sql.SqlConfiguration
2026-09-24 11:37:55 [main] DEBUG liquibase.servicelocator - Loaded liquibase.configuration.AutoloadedConfigurations instance liquibase.parser.ChangeLogParserConfiguration
2026-09-24 11:37:55 [main] DEBUG liquibase.servicelocator - Loaded liquibase.configuration.AutoloadedConfigurations instance liquibase.analytics.configuration.AnalyticsArgs
2026-09-24 11:37:55 [main] DEBUG liquibase.servicelocator - Loaded liquibase.configuration.AutoloadedConfigurations instance liquibase.license.LicenseTrackingArgs
2026-09-24 11:37:55 [main] DEBUG liquibase.servicelocator - Loaded liquibase.configuration.AutoloadedConfigurations instance liquibase.database.core.MSSQLDatabase$SpecificConfiguration
2026-09-24 11:37:55 [main] DEBUG liquibase.configuration - Found ConfigurationDefinitions in liquibase.GlobalConfiguration
2026-09-24 11:37:55 [main] DEBUG liquibase.configuration - Found ConfigurationDefinitions in liquibase.integration.commandline.LiquibaseCommandLineConfiguration
2026-09-24 11:37:55 [main] DEBUG liquibase.configuration - Found ConfigurationDefinitions in liquibase.logging.core.DefaultLoggerConfiguration
2026-09-24 11:37:55 [main] DEBUG liquibase.configuration - Found ConfigurationDefinitions in liquibase.sql.SqlConfiguration
2026-09-24 11:37:55 [main] DEBUG liquibase.configuration - Found ConfigurationDefinitions in liquibase.parser.ChangeLogParserConfiguration
2026-09-24 11:37:55 [main] DEBUG liquibase.configuration - Found ConfigurationDefinitions in liquibase.analytics.configuration.AnalyticsArgs
2026-09-24 11:37:55 [main] DEBUG liquibase.configuration - Found ConfigurationDefinitions in liquibase.license.LicenseTrackingArgs
2026-09-24 11:37:55 [main] DEBUG liquibase.configuration - Found ConfigurationDefinitions in liquibase.database.core.MSSQLDatabase$SpecificConfiguration
2026-09-24 11:37:55 [main] DEBUG liquibase.servicelocator - Loaded liquibase.configuration.ConfigurationValueProvider instance liquibase.configuration.core.DeprecatedConfigurationValueProvider
2026-09-24 11:37:55 [main] DEBUG liquibase.servicelocator - Loaded liquibase.configuration.ConfigurationValueProvider instance liquibase.configuration.core.SystemPropertyValueProvider
2026-09-24 11:37:55 [main] DEBUG liquibase.servicelocator - Loaded liquibase.configuration.ConfigurationValueProvider instance liquibase.configuration.core.ScopeValueProvider
2026-09-24 11:37:55 [main] DEBUG liquibase.servicelocator - Loaded liquibase.configuration.ConfigurationValueProvider instance liquibase.configuration.core.EnvironmentValueProvider
2026-09-24 11:37:55 [main] DEBUG liquibase.servicelocator - Loaded liquibase.servicelocator.ServiceLocator instance liquibase.servicelocator.StandardServiceLocator
2026-09-24 11:37:55 [main] DEBUG liquibase.configuration - No configuration value for liquibase.shouldRun aka should.run found
2026-09-24 11:37:55 [main] DEBUG liquibase.configuration - Configuration liquibase.shouldRun is using the default value of true
2026-09-24 11:37:55 [main] DEBUG com.zaxxer.hikari.HikariConfig - HikariPool-1 - configuration:
2026-09-24 11:37:55 [main] DEBUG com.zaxxer.hikari.HikariConfig - allowPoolSuspension.............false
2026-09-24 11:37:55 [main] DEBUG com.zaxxer.hikari.HikariConfig - autoCommit......................true
2026-09-24 11:37:55 [main] DEBUG com.zaxxer.hikari.HikariConfig - catalog.........................none
2026-09-24 11:37:55 [main] DEBUG com.zaxxer.hikari.HikariConfig - connectionInitSql...............none
2026-09-24 11:37:55 [main] DEBUG com.zaxxer.hikari.HikariConfig - connectionTestQuery.............none
2026-09-24 11:37:55 [main] DEBUG com.zaxxer.hikari.HikariConfig - connectionTimeout...............30000
2026-09-24 11:37:55 [main] DEBUG com.zaxxer.hikari.HikariConfig - credentials.....................com.zaxxer.hikari.util.Credentials@739831a4
2026-09-24 11:37:55 [main] DEBUG com.zaxxer.hikari.HikariConfig - credentialsProvider.............none
2026-09-24 11:37:55 [main] DEBUG com.zaxxer.hikari.HikariConfig - credentialsProviderClassName....none
2026-09-24 11:37:55 [main] DEBUG com.zaxxer.hikari.HikariConfig - dataSource......................none
2026-09-24 11:37:55 [main] DEBUG com.zaxxer.hikari.HikariConfig - dataSourceClassName.............none
2026-09-24 11:37:55 [main] DEBUG com.zaxxer.hikari.HikariConfig - dataSourceJNDI..................none
2026-09-24 11:37:55 [main] DEBUG com.zaxxer.hikari.HikariConfig - dataSourceProperties............{password=<masked>}
2026-09-24 11:37:55 [main] DEBUG com.zaxxer.hikari.HikariConfig - driverClassName................."org.postgresql.Driver"
2026-09-24 11:37:55 [main] DEBUG com.zaxxer.hikari.HikariConfig - exceptionOverride...............none
2026-09-24 11:37:55 [main] DEBUG com.zaxxer.hikari.HikariConfig - exceptionOverrideClassName......none
2026-09-24 11:37:55 [main] DEBUG com.zaxxer.hikari.HikariConfig - healthCheckProperties...........{}
2026-09-24 11:37:55 [main] DEBUG com.zaxxer.hikari.HikariConfig - healthCheckRegistry.............none
2026-09-24 11:37:55 [main] DEBUG com.zaxxer.hikari.HikariConfig - idleTimeout.....................600000
2026-09-24 11:37:55 [main] DEBUG com.zaxxer.hikari.HikariConfig - initializationFailTimeout.......1
2026-09-24 11:37:55 [main] DEBUG com.zaxxer.hikari.HikariConfig - isolateInternalQueries..........false
2026-09-24 11:37:55 [main] DEBUG com.zaxxer.hikari.HikariConfig - jdbcUrl.........................jdbc:postgresql://localhost:5432/user_service
2026-09-24 11:37:55 [main] DEBUG com.zaxxer.hikari.HikariConfig - keepaliveTime...................120000
2026-09-24 11:37:55 [main] DEBUG com.zaxxer.hikari.HikariConfig - leakDetectionThreshold..........0
2026-09-24 11:37:55 [main] DEBUG com.zaxxer.hikari.HikariConfig - maxLifetime.....................1800000
2026-09-24 11:37:55 [main] DEBUG com.zaxxer.hikari.HikariConfig - maximumPoolSize.................10
2026-09-24 11:37:55 [main] DEBUG com.zaxxer.hikari.HikariConfig - metricRegistry..................none
2026-09-24 11:37:55 [main] DEBUG com.zaxxer.hikari.HikariConfig - metricsTrackerFactory...........none
2026-09-24 11:37:55 [main] DEBUG com.zaxxer.hikari.HikariConfig - minimumIdle.....................10
2026-09-24 11:37:55 [main] DEBUG com.zaxxer.hikari.HikariConfig - password........................<masked>
2026-09-24 11:37:55 [main] DEBUG com.zaxxer.hikari.HikariConfig - poolName........................"HikariPool-1"
2026-09-24 11:37:55 [main] DEBUG com.zaxxer.hikari.HikariConfig - readOnly........................false
2026-09-24 11:37:55 [main] DEBUG com.zaxxer.hikari.HikariConfig - registerMbeans..................false
2026-09-24 11:37:55 [main] DEBUG com.zaxxer.hikari.HikariConfig - scheduledExecutor...............none
2026-09-24 11:37:55 [main] DEBUG com.zaxxer.hikari.HikariConfig - schema..........................none
2026-09-24 11:37:55 [main] DEBUG com.zaxxer.hikari.HikariConfig - threadFactory...................internal
2026-09-24 11:37:55 [main] DEBUG com.zaxxer.hikari.HikariConfig - transactionIsolation............default
2026-09-24 11:37:55 [main] DEBUG com.zaxxer.hikari.HikariConfig - username........................"postgres"
2026-09-24 11:37:55 [main] DEBUG com.zaxxer.hikari.HikariConfig - validationTimeout...............5000
2026-09-24 11:37:55 [main] INFO  com.zaxxer.hikari.HikariDataSource - HikariPool-1 - Starting...
2026-09-24 11:37:55 [main] DEBUG com.zaxxer.hikari.pool.PoolBase - HikariPool-1 - Attempting to create/setup new connection (5358de43-d17f-499a-9c76-bf033781c366)
2026-09-24 11:37:57 [main] DEBUG com.zaxxer.hikari.pool.PoolBase - HikariPool-1 - Failed to create/setup connection (5358de43-d17f-499a-9c76-bf033781c366): Драйвер столкнулся с непредвиденной ошибкой. Сообщите об этом исключении.
2026-09-24 11:37:57 [main] DEBUG com.zaxxer.hikari.pool.HikariPool - HikariPool-1 - Cannot acquire connection from data source
org.postgresql.util.PSQLException: Драйвер столкнулся с непредвиденной ошибкой. Сообщите об этом исключении.
	at org.postgresql.Driver.connect(Driver.java:327)
	at com.zaxxer.hikari.util.DriverDataSource.getConnection(DriverDataSource.java:144)
	at com.zaxxer.hikari.pool.PoolBase.newConnection(PoolBase.java:373)
	at com.zaxxer.hikari.pool.PoolBase.newPoolEntry(PoolBase.java:210)
	at com.zaxxer.hikari.pool.HikariPool.createPoolEntry(HikariPool.java:488)
	at com.zaxxer.hikari.pool.HikariPool.checkFailFast(HikariPool.java:576)
	at com.zaxxer.hikari.pool.HikariPool.<init>(HikariPool.java:97)
	at com.zaxxer.hikari.HikariDataSource.getConnection(HikariDataSource.java:111)
	at liquibase.integration.spring.SpringLiquibase.lambda$afterPropertiesSet$0(SpringLiquibase.java:276)
	at liquibase.Scope.lambda$child$0(Scope.java:243)
	at liquibase.Scope.child(Scope.java:252)
	at liquibase.Scope.child(Scope.java:242)
	at liquibase.Scope.child(Scope.java:221)
	at liquibase.integration.spring.SpringLiquibase.afterPropertiesSet(SpringLiquibase.java:272)
	at org.springframework.beans.factory.support.AbstractAutowireCapableBeanFactory.invokeInitMethods(AbstractAutowireCapableBeanFactory.java:1862)
	at org.springframework.beans.factory.support.AbstractAutowireCapableBeanFactory.initializeBean(AbstractAutowireCapableBeanFactory.java:1811)
	at org.springframework.beans.factory.support.AbstractAutowireCapableBeanFactory.doCreateBean(AbstractAutowireCapableBeanFactory.java:603)
	at org.springframework.beans.factory.support.AbstractAutowireCapableBeanFactory.createBean(AbstractAutowireCapableBeanFactory.java:525)
	at org.springframework.beans.factory.support.AbstractBeanFactory.lambda$doGetBean$0(AbstractBeanFactory.java:333)
	at org.springframework.beans.factory.support.DefaultSingletonBeanRegistry.getSingleton(DefaultSingletonBeanRegistry.java:371)
	at org.springframework.beans.factory.support.AbstractBeanFactory.doGetBean(AbstractBeanFactory.java:331)
	at org.springframework.beans.factory.support.AbstractBeanFactory.getBean(AbstractBeanFactory.java:196)
	at org.springframework.beans.factory.support.AbstractBeanFactory.doGetBean(AbstractBeanFactory.java:309)
	at org.springframework.beans.factory.support.AbstractBeanFactory.getBean(AbstractBeanFactory.java:201)
	at org.springframework.context.support.AbstractApplicationContext.finishBeanFactoryInitialization(AbstractApplicationContext.java:977)
	at org.springframework.context.support.AbstractApplicationContext.refresh(AbstractApplicationContext.java:621)
	at org.springframework.boot.web.server.servlet.context.ServletWebServerApplicationContext.refresh(ServletWebServerApplicationContext.java:143)
	at org.springframework.boot.SpringApplication.refresh(SpringApplication.java:756)
	at org.springframework.boot.SpringApplication.refreshContext(SpringApplication.java:445)
	at org.springframework.boot.SpringApplication.run(SpringApplication.java:321)
	at org.springframework.boot.SpringApplication.run(SpringApplication.java:1365)
	at org.springframework.boot.SpringApplication.run(SpringApplication.java:1354)
	at ru.aston.user.service.UserServiceApplication.main(UserServiceApplication.java:10)
Caused by: java.lang.StringIndexOutOfBoundsException: offset 5, count -269553430, length 8192
	at java.base/java.lang.String.checkBoundsOffCount(String.java:4591)
	at java.base/java.lang.String.<init>(String.java:523)
	at org.postgresql.core.Encoding.decode(Encoding.java:284)
	at org.postgresql.core.PGStream.receiveErrorString(PGStream.java:539)
	at org.postgresql.core.v3.ConnectionFactoryImpl.doAuthentication(ConnectionFactoryImpl.java:835)
	at org.postgresql.core.v3.ConnectionFactoryImpl.tryConnect(ConnectionFactoryImpl.java:309)
	at org.postgresql.core.v3.ConnectionFactoryImpl.openConnectionImpl(ConnectionFactoryImpl.java:367)
	at org.postgresql.core.ConnectionFactory.openConnection(ConnectionFactory.java:52)
	at org.postgresql.jdbc.PgConnection.<init>(PgConnection.java:295)
	at org.postgresql.Driver.makeConnection(Driver.java:437)
	at org.postgresql.Driver.connect(Driver.java:305)
	... 32 common frames omitted
2026-09-24 11:37:58 [main] WARN  o.s.b.w.s.s.c.AnnotationConfigServletWebServerApplicationContext - Exception encountered during context initialization - cancelling refresh attempt: org.springframework.beans.factory.BeanCreationException: Error creating bean with name 'entityManagerFactory' defined in class path resource [org/springframework/boot/hibernate/autoconfigure/HibernateJpaConfiguration.class]: Failed to initialize dependency 'liquibase' of LoadTimeWeaverAware bean 'entityManagerFactory': Error creating bean with name 'liquibase' defined in class path resource [org/springframework/boot/liquibase/autoconfigure/LiquibaseAutoConfiguration$LiquibaseConfiguration.class]: liquibase.exception.DatabaseException: org.postgresql.util.PSQLException: Драйвер столкнулся с непредвиденной ошибкой. Сообщите об этом исключении.
2026-09-24 11:37:58 [main] DEBUG o.s.s.c.ThreadPoolTaskExecutor - Shutting down ExecutorService 'applicationTaskExecutor'
2026-09-24 11:37:58 [main] INFO  o.a.catalina.core.StandardService - Stopping service [Tomcat]
2026-09-24 11:37:58 [main] DEBUG o.s.b.a.l.ConditionEvaluationReportLogger - 


============================
CONDITIONS EVALUATION REPORT
============================


Positive matches:
-----------------

   AopAutoConfiguration matched:
      - @ConditionalOnBooleanProperty (spring.aop.auto=true) matched (OnPropertyCondition)

   AopAutoConfiguration.AspectJAutoProxyingConfiguration matched:
      - @ConditionalOnClass found required class 'org.aspectj.weaver.Advice' (OnClassCondition)

   AopAutoConfiguration.AspectJAutoProxyingConfiguration.CglibAutoProxyConfiguration matched:
      - @ConditionalOnBooleanProperty (spring.aop.proxy-target-class=true) matched (OnPropertyCondition)

   ApplicationAvailabilityAutoConfiguration#applicationAvailability matched:
      - @ConditionalOnMissingBean (types: org.springframework.boot.availability.ApplicationAvailability; SearchStrategy: all) did not find any beans (OnBeanCondition)

   DataJpaRepositoriesAutoConfiguration matched:
      - @ConditionalOnClass found required class 'org.springframework.data.jpa.repository.JpaRepository' (OnClassCondition)
      - @ConditionalOnBooleanProperty (spring.data.jpa.repositories.enabled=true) matched (OnPropertyCondition)
      - @ConditionalOnBean (types: javax.sql.DataSource; SearchStrategy: all) found bean 'dataSource'; @ConditionalOnMissingBean (types: org.springframework.data.jpa.repository.support.JpaRepositoryFactoryBean,org.springframework.data.jpa.repository.config.JpaRepositoryConfigExtension; SearchStrategy: all) did not find any beans (OnBeanCondition)

   DataSourceAutoConfiguration matched:
      - @ConditionalOnClass found required classes 'javax.sql.DataSource', 'org.springframework.jdbc.datasource.embedded.EmbeddedDatabaseType' (OnClassCondition)
      - @ConditionalOnMissingBean (types: io.r2dbc.spi.ConnectionFactory; SearchStrategy: all) did not find any beans (OnBeanCondition)

   DataSourceAutoConfiguration.PooledDataSourceConfiguration matched:
      - AnyNestedCondition 1 matched 1 did not; NestedCondition on DataSourceAutoConfiguration.PooledDataSourceCondition.PooledDataSourceAvailable PooledDataSource found supported DataSource; NestedCondition on DataSourceAutoConfiguration.PooledDataSourceCondition.ExplicitType @ConditionalOnProperty (spring.datasource.type) did not find property 'spring.datasource.type' (DataSourceAutoConfiguration.PooledDataSourceCondition)
      - @ConditionalOnMissingBean (types: javax.sql.DataSource,javax.sql.XADataSource; SearchStrategy: all) did not find any beans (OnBeanCondition)

   DataSourceAutoConfiguration.PooledDataSourceConfiguration#jdbcConnectionDetails matched:
      - @ConditionalOnMissingBean (types: org.springframework.boot.jdbc.autoconfigure.JdbcConnectionDetails; SearchStrategy: all) did not find any beans (OnBeanCondition)

   DataSourceConfiguration.Hikari matched:
      - @ConditionalOnClass found required class 'com.zaxxer.hikari.HikariDataSource' (OnClassCondition)
      - @ConditionalOnProperty (spring.datasource.type=com.zaxxer.hikari.HikariDataSource) matched (OnPropertyCondition)
      - @ConditionalOnMissingBean (types: javax.sql.DataSource; SearchStrategy: all) did not find any beans (OnBeanCondition)

   DataSourceInitializationAutoConfiguration matched:
      - @ConditionalOnClass found required class 'org.springframework.jdbc.datasource.init.DatabasePopulator' (OnClassCondition)
      - SQL InitializationDatabase Initialization default value is EMBEDDED (OnSqlInitializationCondition)
      - @ConditionalOnSingleCandidate (types: javax.sql.DataSource; SearchStrategy: all) found a single bean 'dataSource'; @ConditionalOnMissingBean (types: org.springframework.boot.sql.autoconfigure.init.ApplicationScriptDatabaseInitializer; SearchStrategy: all) did not find any beans (OnBeanCondition)

   DataSourcePoolMetadataProvidersConfiguration.HikariPoolDataSourceMetadataProviderConfiguration matched:
      - @ConditionalOnClass found required class 'com.zaxxer.hikari.HikariDataSource' (OnClassCondition)

   DataSourceTransactionManagerAutoConfiguration matched:
      - @ConditionalOnClass found required classes 'javax.sql.DataSource', 'org.springframework.jdbc.core.JdbcTemplate', 'org.springframework.transaction.TransactionManager' (OnClassCondition)

   DataSourceTransactionManagerAutoConfiguration.JdbcTransactionManagerConfiguration matched:
      - @ConditionalOnSingleCandidate (types: javax.sql.DataSource; SearchStrategy: all) found a single bean 'dataSource' (OnBeanCondition)

   DataWebAutoConfiguration matched:
      - @ConditionalOnClass found required classes 'org.springframework.data.web.PageableHandlerMethodArgumentResolver', 'org.springframework.web.servlet.config.annotation.WebMvcConfigurer' (OnClassCondition)
      - found 'session' scope (OnWebApplicationCondition)
      - @ConditionalOnMissingBean (types: org.springframework.data.web.PageableHandlerMethodArgumentResolver; SearchStrategy: all) did not find any beans (OnBeanCondition)

   DataWebAutoConfiguration#pageableCustomizer matched:
      - @ConditionalOnMissingBean (types: org.springframework.data.web.config.PageableHandlerMethodArgumentResolverCustomizer; SearchStrategy: all) did not find any beans (OnBeanCondition)

   DataWebAutoConfiguration#sortCustomizer matched:
      - @ConditionalOnMissingBean (types: org.springframework.data.web.config.SortHandlerMethodArgumentResolverCustomizer; SearchStrategy: all) did not find any beans (OnBeanCondition)

   DataWebAutoConfiguration#springDataWebSettings matched:
      - @ConditionalOnMissingBean (types: org.springframework.data.web.config.SpringDataWebSettings; SearchStrategy: all) did not find any beans (OnBeanCondition)

   DispatcherServletAutoConfiguration matched:
      - @ConditionalOnClass found required class 'org.springframework.web.servlet.DispatcherServlet' (OnClassCondition)
      - found 'session' scope (OnWebApplicationCondition)

   DispatcherServletAutoConfiguration.DispatcherServletConfiguration matched:
      - @ConditionalOnClass found required class 'jakarta.servlet.ServletRegistration' (OnClassCondition)
      - Default DispatcherServlet did not find dispatcher servlet beans (DispatcherServletAutoConfiguration.DefaultDispatcherServletCondition)

   DispatcherServletAutoConfiguration.DispatcherServletRegistrationConfiguration matched:
      - @ConditionalOnClass found required class 'jakarta.servlet.ServletRegistration' (OnClassCondition)
      - DispatcherServlet Registration did not find servlet registration bean (DispatcherServletAutoConfiguration.DispatcherServletRegistrationCondition)

   DispatcherServletAutoConfiguration.DispatcherServletRegistrationConfiguration#dispatcherServletRegistration matched:
      - @ConditionalOnBean (names: dispatcherServlet types: org.springframework.web.servlet.DispatcherServlet; SearchStrategy: all) found bean 'dispatcherServlet' (OnBeanCondition)

   ErrorMvcAutoConfiguration matched:
      - @ConditionalOnClass found required classes 'jakarta.servlet.Servlet', 'org.springframework.web.servlet.DispatcherServlet' (OnClassCondition)
      - found 'session' scope (OnWebApplicationCondition)

   ErrorMvcAutoConfiguration#basicErrorController matched:
      - @ConditionalOnMissingBean (types: org.springframework.boot.webmvc.error.ErrorController; SearchStrategy: current) did not find any beans (OnBeanCondition)

   ErrorMvcAutoConfiguration#errorAttributes matched:
      - @ConditionalOnMissingBean (types: org.springframework.boot.webmvc.error.ErrorAttributes; SearchStrategy: current) did not find any beans (OnBeanCondition)

   ErrorMvcAutoConfiguration.DefaultErrorViewResolverConfiguration#conventionErrorViewResolver matched:
      - @ConditionalOnBean (types: org.springframework.web.servlet.DispatcherServlet; SearchStrategy: all) found bean 'dispatcherServlet'; @ConditionalOnMissingBean (types: org.springframework.boot.webmvc.autoconfigure.error.ErrorViewResolver; SearchStrategy: all) did not find any beans (OnBeanCondition)

   ErrorMvcAutoConfiguration.WhitelabelErrorViewConfiguration matched:
      - @ConditionalOnBooleanProperty (spring.web.error.whitelabel.enabled=true) matched (OnPropertyCondition)
      - ErrorTemplate Missing did not find error template view (ErrorMvcAutoConfiguration.ErrorTemplateMissingCondition)

   ErrorMvcAutoConfiguration.WhitelabelErrorViewConfiguration#beanNameViewResolver matched:
      - @ConditionalOnMissingBean (types: org.springframework.web.servlet.view.BeanNameViewResolver; SearchStrategy: all) did not find any beans (OnBeanCondition)

   ErrorMvcAutoConfiguration.WhitelabelErrorViewConfiguration#defaultErrorView matched:
      - @ConditionalOnMissingBean (names: error; SearchStrategy: all) did not find any beans (OnBeanCondition)

   HibernateJpaAutoConfiguration matched:
      - @ConditionalOnClass found required classes 'org.springframework.orm.jpa.LocalContainerEntityManagerFactoryBean', 'jakarta.persistence.EntityManager', 'org.hibernate.engine.spi.SessionImplementor' (OnClassCondition)

   HibernateJpaConfiguration matched:
      - @ConditionalOnSingleCandidate (types: javax.sql.DataSource; SearchStrategy: all) found a single bean 'dataSource' (OnBeanCondition)

   HttpEncodingAutoConfiguration matched:
      - @ConditionalOnClass found required class 'org.springframework.web.filter.CharacterEncodingFilter' (OnClassCondition)
      - found 'session' scope (OnWebApplicationCondition)
      - @ConditionalOnBooleanProperty (spring.servlet.encoding.enabled=true) matched (OnPropertyCondition)

   HttpEncodingAutoConfiguration#characterEncodingFilter matched:
      - @ConditionalOnMissingBean (types: org.springframework.web.filter.CharacterEncodingFilter; SearchStrategy: all) did not find any beans (OnBeanCondition)

   HttpMessageConvertersAutoConfiguration matched:
      - @ConditionalOnClass found required class 'org.springframework.http.converter.HttpMessageConverter' (OnClassCondition)
      - NoneNestedConditions 0 matched 1 did not; NestedCondition on HttpMessageConvertersAutoConfiguration.NotReactiveWebApplicationCondition.ReactiveWebApplication did not find reactive web application classes (HttpMessageConvertersAutoConfiguration.NotReactiveWebApplicationCondition)

   HttpMessageConvertersAutoConfiguration.StringHttpMessageConverterConfiguration#stringHttpMessageConvertersCustomizer matched:
      - @ConditionalOnMissingBean (types: org.springframework.http.converter.StringHttpMessageConverter; SearchStrategy: all) did not find any beans (OnBeanCondition)

   JacksonAutoConfiguration matched:
      - @ConditionalOnClass found required class 'tools.jackson.databind.json.JsonMapper' (OnClassCondition)

   JacksonAutoConfiguration#jacksonJsonMapper matched:
      - @ConditionalOnMissingBean (types: tools.jackson.databind.json.JsonMapper; SearchStrategy: all) did not find any beans (OnBeanCondition)

   JacksonAutoConfiguration#jsonFactory matched:
      - @ConditionalOnMissingBean (types: tools.jackson.core.json.JsonFactory; SearchStrategy: all) did not find any beans (OnBeanCondition)

   JacksonAutoConfiguration#jsonMapperBuilder matched:
      - @ConditionalOnMissingBean (types: tools.jackson.databind.json.JsonMapper$Builder; SearchStrategy: all) did not find any beans (OnBeanCondition)

   JacksonAutoConfiguration.JsonProblemDetailsConfiguration matched:
      - @ConditionalOnClass found required class 'org.springframework.http.ProblemDetail' (OnClassCondition)

   JacksonHttpMessageConvertersConfiguration.JacksonJsonHttpMessageConverterConfiguration matched:
      - @ConditionalOnClass found required class 'tools.jackson.databind.json.JsonMapper' (OnClassCondition)
      - @ConditionalOnProperty (spring.http.converters.preferred-json-mapper=jackson) matched (OnPropertyCondition)
      - @ConditionalOnBean (types: tools.jackson.databind.json.JsonMapper; SearchStrategy: all) found bean 'jacksonJsonMapper' (OnBeanCondition)

   JacksonHttpMessageConvertersConfiguration.JacksonJsonHttpMessageConverterConfiguration#jacksonJsonHttpMessageConvertersCustomizer matched:
      - @ConditionalOnMissingBean (types: org.springframework.http.converter.json.JacksonJsonHttpMessageConverter ignored: org.springframework.hateoas.server.mvc.TypeConstrainedJacksonJsonHttpMessageConverter,org.springframework.data.rest.webmvc.alps.AlpsJacksonJsonHttpMessageConverter; SearchStrategy: all) did not find any beans (OnBeanCondition)

   JdbcClientAutoConfiguration matched:
      - @ConditionalOnSingleCandidate (types: org.springframework.jdbc.core.namedparam.NamedParameterJdbcTemplate; SearchStrategy: all) found a single bean 'namedParameterJdbcTemplate'; @ConditionalOnMissingBean (types: org.springframework.jdbc.core.simple.JdbcClient; SearchStrategy: all) did not find any beans (OnBeanCondition)

   JdbcTemplateAutoConfiguration matched:
      - @ConditionalOnClass found required classes 'javax.sql.DataSource', 'org.springframework.jdbc.core.JdbcTemplate' (OnClassCondition)
      - @ConditionalOnSingleCandidate (types: javax.sql.DataSource; SearchStrategy: all) found a single bean 'dataSource' (OnBeanCondition)

   JdbcTemplateConfiguration matched:
      - @ConditionalOnMissingBean (types: org.springframework.jdbc.core.JdbcOperations; SearchStrategy: all) did not find any beans (OnBeanCondition)

   JpaBaseConfiguration#entityManagerFactory matched:
      - @ConditionalOnMissingBean (types: org.springframework.orm.jpa.LocalContainerEntityManagerFactoryBean,jakarta.persistence.EntityManagerFactory; SearchStrategy: all) did not find any beans (OnBeanCondition)

   JpaBaseConfiguration#entityManagerFactoryBuilder matched:
      - @ConditionalOnMissingBean (types: org.springframework.boot.jpa.EntityManagerFactoryBuilder; SearchStrategy: all) did not find any beans (OnBeanCondition)

   JpaBaseConfiguration#jpaVendorAdapter matched:
      - @ConditionalOnMissingBean (types: org.springframework.orm.jpa.JpaVendorAdapter; SearchStrategy: all) did not find any beans (OnBeanCondition)

   JpaBaseConfiguration#transactionManager matched:
      - @ConditionalOnMissingBean (types: org.springframework.transaction.TransactionManager; SearchStrategy: all) did not find any beans (OnBeanCondition)

   JpaBaseConfiguration.PersistenceManagedTypesConfiguration matched:
      - @ConditionalOnMissingBean (types: org.springframework.orm.jpa.LocalContainerEntityManagerFactoryBean,jakarta.persistence.EntityManagerFactory; SearchStrategy: all) did not find any beans (OnBeanCondition)

   JpaBaseConfiguration.PersistenceManagedTypesConfiguration#persistenceManagedTypes matched:
      - @ConditionalOnMissingBean (types: org.springframework.orm.jpa.persistenceunit.PersistenceManagedTypes; SearchStrategy: all) did not find any beans (OnBeanCondition)

   JtaAutoConfiguration matched:
      - @ConditionalOnClass found required class 'jakarta.transaction.Transaction' (OnClassCondition)
      - @ConditionalOnBooleanProperty (spring.jta.enabled=true) matched (OnPropertyCondition)

   KafkaAnnotationDrivenConfiguration matched:
      - @ConditionalOnClass found required class 'org.springframework.kafka.annotation.EnableKafka' (OnClassCondition)

   KafkaAnnotationDrivenConfiguration#kafkaListenerContainerFactory matched:
      - @ConditionalOnMissingBean (names: kafkaListenerContainerFactory; SearchStrategy: all) did not find any beans (OnBeanCondition)

   KafkaAnnotationDrivenConfiguration#kafkaListenerContainerFactoryConfigurer matched:
      - @ConditionalOnMissingBean (types: org.springframework.boot.kafka.autoconfigure.ConcurrentKafkaListenerContainerFactoryConfigurer; SearchStrategy: all) did not find any beans (OnBeanCondition)
      - @ConditionalOnThreading found PLATFORM (OnThreadingCondition)

   KafkaAnnotationDrivenConfiguration.EnableKafkaConfiguration matched:
      - @ConditionalOnMissingBean (names: org.springframework.kafka.config.internalKafkaListenerAnnotationProcessor; SearchStrategy: all) did not find any beans (OnBeanCondition)

   KafkaAutoConfiguration matched:
      - @ConditionalOnClass found required class 'org.springframework.kafka.core.KafkaTemplate' (OnClassCondition)

   KafkaAutoConfiguration#kafkaAdmin matched:
      - @ConditionalOnMissingBean (types: org.springframework.kafka.core.KafkaAdmin; SearchStrategy: all) did not find any beans (OnBeanCondition)

   KafkaAutoConfiguration#kafkaConnectionDetails matched:
      - @ConditionalOnMissingBean (types: org.springframework.boot.kafka.autoconfigure.KafkaConnectionDetails; SearchStrategy: all) did not find any beans (OnBeanCondition)

   KafkaAutoConfiguration#kafkaConsumerFactory matched:
      - @ConditionalOnMissingBean (types: org.springframework.kafka.core.ConsumerFactory; SearchStrategy: all) did not find any beans (OnBeanCondition)

   KafkaAutoConfiguration#kafkaProducerFactory matched:
      - @ConditionalOnMissingBean (types: org.springframework.kafka.core.ProducerFactory; SearchStrategy: all) did not find any beans (OnBeanCondition)

   KafkaAutoConfiguration#kafkaProducerListener matched:
      - @ConditionalOnMissingBean (types: org.springframework.kafka.support.ProducerListener; SearchStrategy: all) did not find any beans (OnBeanCondition)

   KafkaAutoConfiguration#kafkaTemplate matched:
      - @ConditionalOnMissingBean (types: org.springframework.kafka.core.KafkaTemplate; SearchStrategy: all) did not find any beans (OnBeanCondition)

   LifecycleAutoConfiguration#defaultLifecycleProcessor matched:
      - @ConditionalOnMissingBean (names: lifecycleProcessor; SearchStrategy: current) did not find any beans (OnBeanCondition)

   LiquibaseAutoConfiguration matched:
      - @ConditionalOnClass found required classes 'liquibase.integration.spring.SpringLiquibase', 'liquibase.change.DatabaseChange' (OnClassCondition)
      - @ConditionalOnBooleanProperty (spring.liquibase.enabled=true) matched (OnPropertyCondition)
      - AnyNestedCondition 2 matched 1 did not; NestedCondition on LiquibaseAutoConfiguration.LiquibaseDataSourceCondition.LiquibaseUrlCondition @ConditionalOnProperty (spring.liquibase.url) did not find property 'spring.liquibase.url'; NestedCondition on LiquibaseAutoConfiguration.LiquibaseDataSourceCondition.JdbcConnectionDetailsCondition @ConditionalOnBean (types: org.springframework.boot.jdbc.autoconfigure.JdbcConnectionDetails; SearchStrategy: all) found bean 'jdbcConnectionDetails'; NestedCondition on LiquibaseAutoConfiguration.LiquibaseDataSourceCondition.DataSourceBeanCondition @ConditionalOnBean (types: javax.sql.DataSource; SearchStrategy: all) found bean 'dataSource' (LiquibaseAutoConfiguration.LiquibaseDataSourceCondition)

   LiquibaseAutoConfiguration.CustomizerConfiguration matched:
      - @ConditionalOnClass found required class 'liquibase.integration.spring.Customizer' (OnClassCondition)

   LiquibaseAutoConfiguration.LiquibaseConfiguration matched:
      - @ConditionalOnClass found required class 'org.springframework.jdbc.core.ConnectionCallback' (OnClassCondition)
      - @ConditionalOnMissingBean (types: liquibase.integration.spring.SpringLiquibase; SearchStrategy: all) did not find any beans (OnBeanCondition)

   LiquibaseAutoConfiguration.LiquibaseConfiguration#liquibaseConnectionDetails matched:
      - @ConditionalOnMissingBean (types: org.springframework.boot.liquibase.autoconfigure.LiquibaseConnectionDetails; SearchStrategy: all) did not find any beans (OnBeanCondition)

   MultipartAutoConfiguration matched:
      - @ConditionalOnClass found required classes 'jakarta.servlet.Servlet', 'org.springframework.web.multipart.support.StandardServletMultipartResolver', 'jakarta.servlet.MultipartConfigElement' (OnClassCondition)
      - found 'session' scope (OnWebApplicationCondition)
      - @ConditionalOnBooleanProperty (spring.servlet.multipart.enabled=true) matched (OnPropertyCondition)

   MultipartAutoConfiguration#multipartConfigElement matched:
      - @ConditionalOnMissingBean (types: jakarta.servlet.MultipartConfigElement; SearchStrategy: all) did not find any beans (OnBeanCondition)

   MultipartAutoConfiguration#multipartResolver matched:
      - @ConditionalOnMissingBean (types: org.springframework.web.multipart.MultipartResolver; SearchStrategy: all) did not find any beans (OnBeanCondition)

   NamedParameterJdbcTemplateConfiguration matched:
      - @ConditionalOnSingleCandidate (types: org.springframework.jdbc.core.JdbcTemplate; SearchStrategy: all) found a single bean 'jdbcTemplate'; @ConditionalOnMissingBean (types: org.springframework.jdbc.core.namedparam.NamedParameterJdbcOperations; SearchStrategy: all) did not find any beans (OnBeanCondition)

   PersistenceExceptionTranslationAutoConfiguration matched:
      - @ConditionalOnClass found required class 'org.springframework.dao.annotation.PersistenceExceptionTranslationPostProcessor' (OnClassCondition)

   PersistenceExceptionTranslationAutoConfiguration#persistenceExceptionTranslationPostProcessor matched:
      - @ConditionalOnBooleanProperty (spring.persistence.exceptiontranslation.enabled=true) matched (OnPropertyCondition)
      - @ConditionalOnMissingBean (types: org.springframework.dao.annotation.PersistenceExceptionTranslationPostProcessor; SearchStrategy: all) did not find any beans (OnBeanCondition)

   PropertyPlaceholderAutoConfiguration#propertySourcesPlaceholderConfigurer matched:
      - @ConditionalOnMissingBean (types: org.springframework.context.support.PropertySourcesPlaceholderConfigurer; SearchStrategy: current) did not find any beans (OnBeanCondition)

   SslAutoConfiguration#sslBundleRegistry matched:
      - @ConditionalOnMissingBean (types: org.springframework.boot.ssl.SslBundleRegistry,org.springframework.boot.ssl.SslBundles; SearchStrategy: all) did not find any beans (OnBeanCondition)

   TaskExecutionAutoConfiguration matched:
      - @ConditionalOnClass found required class 'org.springframework.scheduling.concurrent.ThreadPoolTaskExecutor' (OnClassCondition)

   TaskExecutorConfigurations.AsyncConfigurerConfiguration matched:
      - @ConditionalOnMissingBean (types: org.springframework.scheduling.annotation.AsyncConfigurer; SearchStrategy: all) did not find any beans (OnBeanCondition)

   TaskExecutorConfigurations.SimpleAsyncTaskExecutorBuilderConfiguration#simpleAsyncTaskExecutorBuilder matched:
      - @ConditionalOnMissingBean (types: org.springframework.boot.task.SimpleAsyncTaskExecutorBuilder; SearchStrategy: all) did not find any beans (OnBeanCondition)
      - @ConditionalOnThreading found PLATFORM (OnThreadingCondition)

   TaskExecutorConfigurations.TaskExecutorConfiguration matched:
      - AnyNestedCondition 1 matched 1 did not; NestedCondition on TaskExecutorConfigurations.OnExecutorCondition.ModelCondition @ConditionalOnProperty (spring.task.execution.mode=force) did not find property 'spring.task.execution.mode'; NestedCondition on TaskExecutorConfigurations.OnExecutorCondition.ExecutorBeanCondition @ConditionalOnMissingBean (types: java.util.concurrent.Executor; SearchStrategy: all) did not find any beans (TaskExecutorConfigurations.OnExecutorCondition)

   TaskExecutorConfigurations.TaskExecutorConfiguration#applicationTaskExecutor matched:
      - @ConditionalOnThreading found PLATFORM (OnThreadingCondition)

   TaskExecutorConfigurations.ThreadPoolTaskExecutorBuilderConfiguration#threadPoolTaskExecutorBuilder matched:
      - @ConditionalOnMissingBean (types: org.springframework.boot.task.ThreadPoolTaskExecutorBuilder; SearchStrategy: all) did not find any beans (OnBeanCondition)

   TaskSchedulingAutoConfiguration matched:
      - @ConditionalOnClass found required class 'org.springframework.scheduling.concurrent.ThreadPoolTaskScheduler' (OnClassCondition)

   TaskSchedulingConfigurations.SimpleAsyncTaskSchedulerBuilderConfiguration#simpleAsyncTaskSchedulerBuilder matched:
      - @ConditionalOnMissingBean (types: org.springframework.boot.task.SimpleAsyncTaskSchedulerBuilder; SearchStrategy: all) did not find any beans (OnBeanCondition)
      - @ConditionalOnThreading found PLATFORM (OnThreadingCondition)

   TaskSchedulingConfigurations.ThreadPoolTaskSchedulerBuilderConfiguration#threadPoolTaskSchedulerBuilder matched:
      - @ConditionalOnMissingBean (types: org.springframework.boot.task.ThreadPoolTaskSchedulerBuilder; SearchStrategy: all) did not find any beans (OnBeanCondition)

   TomcatServletWebServerAutoConfiguration matched:
      - @ConditionalOnClass found required classes 'jakarta.servlet.ServletRequest', 'org.apache.catalina.startup.Tomcat', 'org.apache.coyote.UpgradeProtocol', 'org.springframework.boot.tomcat.servlet.TomcatServletWebServerFactory' (OnClassCondition)
      - found 'session' scope (OnWebApplicationCondition)

   TomcatServletWebServerAutoConfiguration#tomcatServletWebServerFactory matched:
      - @ConditionalOnMissingBean (types: org.springframework.boot.web.server.servlet.ServletWebServerFactory; SearchStrategy: current) did not find any beans (OnBeanCondition)

   TomcatWebServerConfiguration matched:
      - @ConditionalOnWarDeployment the application is not deployed as a WAR file. (OnWarDeploymentCondition)

   TomcatWebServerConfiguration.TomcatWebSocketConfiguration matched:
      - @ConditionalOnClass found required class 'org.apache.tomcat.websocket.server.WsSci' (OnClassCondition)

   TransactionAutoConfiguration matched:
      - @ConditionalOnClass found required class 'org.springframework.transaction.PlatformTransactionManager' (OnClassCondition)

   TransactionAutoConfiguration.EnableTransactionManagementConfiguration matched:
      - @ConditionalOnBean (types: org.springframework.transaction.TransactionManager; SearchStrategy: all) found bean 'transactionManager'; @ConditionalOnMissingBean (types: org.springframework.transaction.annotation.AbstractTransactionManagementConfiguration; SearchStrategy: all) did not find any beans (OnBeanCondition)

   TransactionAutoConfiguration.EnableTransactionManagementConfiguration.CglibAutoProxyConfiguration matched:
      - @ConditionalOnBooleanProperty (spring.aop.proxy-target-class=true) matched (OnPropertyCondition)

   TransactionAutoConfiguration.TransactionTemplateConfiguration matched:
      - @ConditionalOnSingleCandidate (types: org.springframework.transaction.PlatformTransactionManager; SearchStrategy: all) found a single bean 'transactionManager' (OnBeanCondition)

   TransactionAutoConfiguration.TransactionTemplateConfiguration#transactionTemplate matched:
      - @ConditionalOnMissingBean (types: org.springframework.transaction.support.TransactionOperations; SearchStrategy: all) did not find any beans (OnBeanCondition)

   TransactionManagerCustomizationAutoConfiguration matched:
      - @ConditionalOnClass found required class 'org.springframework.transaction.PlatformTransactionManager' (OnClassCondition)

   TransactionManagerCustomizationAutoConfiguration#platformTransactionManagerCustomizers matched:
      - @ConditionalOnMissingBean (types: org.springframework.boot.transaction.autoconfigure.TransactionManagerCustomizers; SearchStrategy: all) did not find any beans (OnBeanCondition)

   ValidationAutoConfiguration matched:
      - @ConditionalOnClass found required class 'jakarta.validation.executable.ExecutableValidator' (OnClassCondition)
      - @ConditionalOnResource found location classpath:META-INF/services/jakarta.validation.spi.ValidationProvider (OnResourceCondition)

   ValidationAutoConfiguration#defaultValidator matched:
      - @ConditionalOnMissingBean (types: jakarta.validation.Validator; SearchStrategy: all) did not find any beans (OnBeanCondition)

   ValidationAutoConfiguration#methodValidationPostProcessor matched:
      - @ConditionalOnMissingBean (types: org.springframework.validation.beanvalidation.MethodValidationPostProcessor; SearchStrategy: current) did not find any beans (OnBeanCondition)

   WebMvcAutoConfiguration matched:
      - @ConditionalOnClass found required classes 'jakarta.servlet.Servlet', 'org.springframework.web.servlet.DispatcherServlet', 'org.springframework.web.servlet.config.annotation.WebMvcConfigurer' (OnClassCondition)
      - found 'session' scope (OnWebApplicationCondition)
      - @ConditionalOnMissingBean (types: org.springframework.web.servlet.config.annotation.WebMvcConfigurationSupport; SearchStrategy: all) did not find any beans (OnBeanCondition)

   WebMvcAutoConfiguration#formContentFilter matched:
      - @ConditionalOnBooleanProperty (spring.mvc.formcontent.filter.enabled=true) matched (OnPropertyCondition)
      - @ConditionalOnMissingBean (types: org.springframework.web.filter.FormContentFilter; SearchStrategy: all) did not find any beans (OnBeanCondition)

   WebMvcAutoConfiguration.EnableWebMvcConfiguration#flashMapManager matched:
      - @ConditionalOnMissingBean (names: flashMapManager; SearchStrategy: all) did not find any beans (OnBeanCondition)

   WebMvcAutoConfiguration.EnableWebMvcConfiguration#localeResolver matched:
      - @ConditionalOnMissingBean (names: localeResolver; SearchStrategy: all) did not find any beans (OnBeanCondition)

   WebMvcAutoConfiguration.EnableWebMvcConfiguration#viewNameTranslator matched:
      - @ConditionalOnMissingBean (names: viewNameTranslator; SearchStrategy: all) did not find any beans (OnBeanCondition)

   WebMvcAutoConfiguration.WebMvcAutoConfigurationAdapter#defaultViewResolver matched:
      - @ConditionalOnMissingBean (types: org.springframework.web.servlet.view.InternalResourceViewResolver; SearchStrategy: all) did not find any beans (OnBeanCondition)

   WebMvcAutoConfiguration.WebMvcAutoConfigurationAdapter#requestContextFilter matched:
      - @ConditionalOnMissingBean (types: org.springframework.web.context.request.RequestContextListener,org.springframework.web.filter.RequestContextFilter; SearchStrategy: all) did not find any beans (OnBeanCondition)

   WebMvcAutoConfiguration.WebMvcAutoConfigurationAdapter#viewResolver matched:
      - @ConditionalOnBean (types: org.springframework.web.servlet.ViewResolver; SearchStrategy: all) found beans 'defaultViewResolver', 'beanNameViewResolver', 'mvcViewResolver'; @ConditionalOnMissingBean (names: viewResolver types: org.springframework.web.servlet.view.ContentNegotiatingViewResolver; SearchStrategy: all) did not find any beans (OnBeanCondition)


Negative matches:
-----------------

   AopAutoConfiguration.AspectJAutoProxyingConfiguration.JdkDynamicAutoProxyConfiguration:
      Did not match:
         - @ConditionalOnBooleanProperty (spring.aop.proxy-target-class=false) did not find property 'spring.aop.proxy-target-class' (OnPropertyCondition)

   AopAutoConfiguration.ClassProxyingConfiguration:
      Did not match:
         - @ConditionalOnMissingClass found unwanted class 'org.aspectj.weaver.Advice' (OnClassCondition)

   DataJpaRepositoriesAutoConfiguration#entityManagerFactoryBootstrapExecutorCustomizer:
      Did not match:
         - @ConditionalOnProperty (spring.data.jpa.repositories.bootstrap-mode=deferred) did not find property 'spring.data.jpa.repositories.bootstrap-mode' (OnPropertyCondition)

   DataRepositoryMetricsAutoConfiguration:
      Did not match:
         - @ConditionalOnBean did not find required type 'io.micrometer.core.instrument.MeterRegistry' (OnBeanCondition)

   DataSourceAutoConfiguration.EmbeddedDatabaseConfiguration:
      Did not match:
         - EmbeddedDataSource spring.datasource.url is set (DataSourceAutoConfiguration.EmbeddedDatabaseCondition)

   DataSourceCheckpointRestoreConfiguration:
      Did not match:
         - @ConditionalOnClass did not find required class 'org.crac.Resource' (OnClassCondition)

   DataSourceConfiguration.Dbcp2:
      Did not match:
         - @ConditionalOnClass did not find required class 'org.apache.commons.dbcp2.BasicDataSource' (OnClassCondition)

   DataSourceConfiguration.Generic:
      Did not match:
         - @ConditionalOnProperty (spring.datasource.type) did not find property 'spring.datasource.type' (OnPropertyCondition)

   DataSourceConfiguration.OracleUcp:
      Did not match:
         - @ConditionalOnClass did not find required classes 'oracle.ucp.jdbc.PoolDataSourceImpl', 'oracle.jdbc.OracleConnection' (OnClassCondition)

   DataSourceConfiguration.Tomcat:
      Did not match:
         - @ConditionalOnClass did not find required class 'org.apache.tomcat.jdbc.pool.DataSource' (OnClassCondition)

   DataSourceHealthContributorAutoConfiguration:
      Did not match:
         - @ConditionalOnClass did not find required class 'org.springframework.boot.health.autoconfigure.contributor.ConditionalOnEnabledHealthIndicator' (OnClassCondition)

   DataSourceJmxConfiguration:
      Did not match:
         - @ConditionalOnBooleanProperty (spring.jmx.enabled=true) did not find property 'spring.jmx.enabled' (OnPropertyCondition)

   DataSourcePoolMetadataProvidersConfiguration.CommonsDbcp2PoolDataSourceMetadataProviderConfiguration:
      Did not match:
         - @ConditionalOnClass did not find required class 'org.apache.commons.dbcp2.BasicDataSource' (OnClassCondition)

   DataSourcePoolMetadataProvidersConfiguration.OracleUcpPoolDataSourceMetadataProviderConfiguration:
      Did not match:
         - @ConditionalOnClass did not find required classes 'oracle.ucp.jdbc.PoolDataSource', 'oracle.jdbc.OracleConnection' (OnClassCondition)

   DataSourcePoolMetadataProvidersConfiguration.TomcatDataSourcePoolMetadataProviderConfiguration:
      Did not match:
         - @ConditionalOnClass did not find required class 'org.apache.tomcat.jdbc.pool.DataSource' (OnClassCondition)

   DataSourcePoolMetricsAutoConfiguration:
      Did not match:
         - @ConditionalOnClass did not find required class 'io.micrometer.core.instrument.MeterRegistry' (OnClassCondition)

   DataSourceTransactionManagerAutoConfiguration.JdbcTransactionManagerConfiguration#transactionManager:
      Did not match:
         - @ConditionalOnMissingBean (types: org.springframework.transaction.TransactionManager; SearchStrategy: all) found beans of type 'org.springframework.transaction.TransactionManager' transactionManager (OnBeanCondition)

   DispatcherServletAutoConfiguration.DispatcherServletConfiguration#multipartResolver:
      Did not match:
         - @ConditionalOnBean (types: org.springframework.web.multipart.MultipartResolver; SearchStrategy: all) did not find any beans of type org.springframework.web.multipart.MultipartResolver (OnBeanCondition)

   GsonHttpMessageConvertersConfiguration:
      Did not match:
         - @ConditionalOnClass did not find required class 'com.google.gson.Gson' (OnClassCondition)

   HibernateMetricsAutoConfiguration:
      Did not match:
         - @ConditionalOnClass did not find required class 'io.micrometer.core.instrument.MeterRegistry' (OnClassCondition)

   Jackson2HttpMessageConvertersConfiguration.MappingJackson2HttpMessageConverterConfiguration:
      Did not match:
         - AnyNestedCondition 0 matched 2 did not; NestedCondition on Jackson2HttpMessageConvertersConfiguration.PreferJackson2OrJacksonUnavailableCondition.JacksonUnavailable @ConditionalOnMissingBean (types: org.springframework.boot.http.converter.autoconfigure.JacksonHttpMessageConvertersConfiguration$JacksonJsonHttpMessageConvertersCustomizer; SearchStrategy: all) found beans of type 'org.springframework.boot.http.converter.autoconfigure.JacksonHttpMessageConvertersConfiguration$JacksonJsonHttpMessageConvertersCustomizer' jacksonJsonHttpMessageConvertersCustomizer; NestedCondition on Jackson2HttpMessageConvertersConfiguration.PreferJackson2OrJacksonUnavailableCondition.Jackson2Preferred @ConditionalOnProperty (spring.http.converters.preferred-json-mapper=jackson2) did not find property 'spring.http.converters.preferred-json-mapper' (Jackson2HttpMessageConvertersConfiguration.PreferJackson2OrJacksonUnavailableCondition)
      Matched:
         - @ConditionalOnClass found required class 'com.fasterxml.jackson.databind.ObjectMapper' (OnClassCondition)

   Jackson2HttpMessageConvertersConfiguration.MappingJackson2XmlHttpMessageConverterConfiguration:
      Did not match:
         - @ConditionalOnClass did not find required class 'com.fasterxml.jackson.dataformat.xml.XmlMapper' (OnClassCondition)

   JacksonAutoConfiguration.CborConfiguration:
      Did not match:
         - @ConditionalOnClass did not find required class 'tools.jackson.dataformat.cbor.CBORMapper' (OnClassCondition)

   JacksonAutoConfiguration.XmlConfiguration:
      Did not match:
         - @ConditionalOnClass did not find required class 'tools.jackson.dataformat.xml.XmlMapper' (OnClassCondition)

   JacksonHttpMessageConvertersConfiguration.JacksonXmlHttpMessageConverterConfiguration:
      Did not match:
         - @ConditionalOnClass did not find required class 'tools.jackson.dataformat.xml.XmlMapper' (OnClassCondition)

   JmxAutoConfiguration:
      Did not match:
         - @ConditionalOnBooleanProperty (spring.jmx.enabled=true) did not find property 'spring.jmx.enabled' (OnPropertyCondition)
      Matched:
         - @ConditionalOnClass found required class 'org.springframework.jmx.export.MBeanExporter' (OnClassCondition)

   JndiDataSourceAutoConfiguration:
      Did not match:
         - @ConditionalOnProperty (spring.datasource.jndi-name) did not find property 'spring.datasource.jndi-name' (OnPropertyCondition)
      Matched:
         - @ConditionalOnClass found required classes 'javax.sql.DataSource', 'org.springframework.jdbc.datasource.embedded.EmbeddedDatabaseType' (OnClassCondition)

   JndiJtaConfiguration:
      Did not match:
         - @ConditionalOnJndi JNDI environment is not available (OnJndiCondition)
      Matched:
         - @ConditionalOnClass found required class 'org.springframework.transaction.jta.JtaTransactionManager' (OnClassCondition)

   JpaBaseConfiguration.JpaWebConfiguration:
      Did not match:
         - @ConditionalOnBooleanProperty (spring.jpa.open-in-view=true) found different value in property 'spring.jpa.open-in-view' (OnPropertyCondition)
      Matched:
         - @ConditionalOnClass found required class 'org.springframework.web.servlet.config.annotation.WebMvcConfigurer' (OnClassCondition)
         - found 'session' scope (OnWebApplicationCondition)

   JsonbHttpMessageConvertersConfiguration:
      Did not match:
         - @ConditionalOnClass did not find required class 'jakarta.json.bind.Jsonb' (OnClassCondition)

   KafkaAnnotationDrivenConfiguration#kafkaListenerContainerFactoryConfigurerVirtualThreads:
      Did not match:
         - @ConditionalOnMissingBean (types: org.springframework.boot.kafka.autoconfigure.ConcurrentKafkaListenerContainerFactoryConfigurer; SearchStrategy: all) found beans of type 'org.springframework.boot.kafka.autoconfigure.ConcurrentKafkaListenerContainerFactoryConfigurer' kafkaListenerContainerFactoryConfigurer (OnBeanCondition)

   KafkaAutoConfiguration#kafkaJaasInitializer:
      Did not match:
         - @ConditionalOnBooleanProperty (spring.kafka.jaas.enabled=true) did not find property 'spring.kafka.jaas.enabled' (OnPropertyCondition)

   KafkaAutoConfiguration#kafkaRetryTopicConfiguration:
      Did not match:
         - @ConditionalOnBooleanProperty (spring.kafka.retry.topic.enabled=true) did not find property 'spring.kafka.retry.topic.enabled' (OnPropertyCondition)

   KafkaAutoConfiguration#kafkaTransactionManager:
      Did not match:
         - @ConditionalOnProperty (spring.kafka.producer.transaction-id-prefix) did not find property 'spring.kafka.producer.transaction-id-prefix' (OnPropertyCondition)

   KafkaMetricsAutoConfiguration:
      Did not match:
         - @ConditionalOnClass did not find required class 'io.micrometer.core.instrument.binder.kafka.KafkaClientMetrics' (OnClassCondition)

   KafkaStreamsAnnotationDrivenConfiguration:
      Did not match:
         - @ConditionalOnClass did not find required class 'org.apache.kafka.streams.StreamsBuilder' (OnClassCondition)

   KotlinSerializationHttpMessageConvertersConfiguration:
      Did not match:
         - @ConditionalOnClass did not find required classes 'kotlinx.serialization.Serializable', 'kotlinx.serialization.json.Json' (OnClassCondition)

   LazyConnectionDataSourceConfiguration:
      Did not match:
         - @ConditionalOnProperty (spring.datasource.connection-fetch=lazy) did not find property 'spring.datasource.connection-fetch' (OnPropertyCondition)

   LiquibaseAutoConfiguration.CustomizerConfiguration#springLiquibaseCustomizer:
      Did not match:
         - @ConditionalOnBean (types: liquibase.integration.spring.Customizer; SearchStrategy: all) did not find any beans of type liquibase.integration.spring.Customizer (OnBeanCondition)

   LiquibaseEndpointAutoConfiguration:
      Did not match:
         - @ConditionalOnClass did not find required class 'org.springframework.boot.actuate.autoconfigure.endpoint.condition.ConditionalOnAvailableEndpoint' (OnClassCondition)

   MessageSourceAutoConfiguration:
      Did not match:
         - ResourceBundle did not find bundle with basename messages (MessageSourceAutoConfiguration.ResourceBundleCondition)

   ProjectInfoAutoConfiguration#buildProperties:
      Did not match:
         - @ConditionalOnResource did not find resource '${spring.info.build.location:classpath:META-INF/build-info.properties}' (OnResourceCondition)

   ProjectInfoAutoConfiguration#gitProperties:
      Did not match:
         - GitResource did not find git info at classpath:git.properties (ProjectInfoAutoConfiguration.GitResourceAvailableCondition)

   ServletHttpExchangesAutoConfiguration:
      Did not match:
         - @ConditionalOnBean did not find required type 'org.springframework.boot.actuate.web.exchanges.HttpExchangeRepository' (OnBeanCondition)

   ServletManagementContextAutoConfiguration:
      Did not match:
         - @ConditionalOnClass did not find required class 'org.springframework.boot.actuate.autoconfigure.endpoint.web.WebEndpointProperties' (OnClassCondition)

   ServletMappingsAutoConfiguration:
      Did not match:
         - @ConditionalOnClass did not find required class 'org.springframework.boot.actuate.autoconfigure.endpoint.condition.ConditionalOnAvailableEndpoint' (OnClassCondition)

   ServletWebServerConfiguration#forwardedHeaderFilter:
      Did not match:
         - @ConditionalOnProperty (server.forward-headers-strategy=framework) did not find property 'server.forward-headers-strategy' (OnPropertyCondition)

   SpringApplicationAdminJmxAutoConfiguration:
      Did not match:
         - @ConditionalOnBooleanProperty (spring.application.admin.enabled=true) did not find property 'spring.application.admin.enabled' (OnPropertyCondition)

   TaskExecutorConfigurations.AsyncConfigurerWrapperConfiguration:
      Did not match:
         - @ConditionalOnBean (types: org.springframework.scheduling.annotation.AsyncConfigurer; SearchStrategy: all) did not find any beans of type org.springframework.scheduling.annotation.AsyncConfigurer (OnBeanCondition)

   TaskExecutorConfigurations.SimpleAsyncTaskExecutorBuilderConfiguration#simpleAsyncTaskExecutorBuilderVirtualThreads:
      Did not match:
         - @ConditionalOnMissingBean (types: org.springframework.boot.task.SimpleAsyncTaskExecutorBuilder; SearchStrategy: all) found beans of type 'org.springframework.boot.task.SimpleAsyncTaskExecutorBuilder' simpleAsyncTaskExecutorBuilder (OnBeanCondition)

   TaskExecutorConfigurations.TaskExecutorConfiguration#applicationTaskExecutorVirtualThreads:
      Did not match:
         - @ConditionalOnThreading did not find VIRTUAL (OnThreadingCondition)

   TaskExecutorConfigurations.TaskExecutorContextPropagationConfiguration:
      Did not match:
         - @ConditionalOnClass did not find required class 'io.micrometer.context.ContextSnapshot' (OnClassCondition)

   TaskSchedulingAutoConfiguration#scheduledBeanLazyInitializationExcludeFilter:
      Did not match:
         - @ConditionalOnBean (names: org.springframework.scheduling.config.internalScheduledAnnotationProcessor; SearchStrategy: all) did not find any beans named org.springframework.scheduling.config.internalScheduledAnnotationProcessor (OnBeanCondition)

   TaskSchedulingConfigurations.SimpleAsyncTaskSchedulerBuilderConfiguration#simpleAsyncTaskSchedulerBuilderVirtualThreads:
      Did not match:
         - @ConditionalOnMissingBean (types: org.springframework.boot.task.SimpleAsyncTaskSchedulerBuilder; SearchStrategy: all) found beans of type 'org.springframework.boot.task.SimpleAsyncTaskSchedulerBuilder' simpleAsyncTaskSchedulerBuilder (OnBeanCondition)

   TaskSchedulingConfigurations.TaskSchedulerConfiguration:
      Did not match:
         - @ConditionalOnBean (names: org.springframework.scheduling.config.internalScheduledAnnotationProcessor; SearchStrategy: all) did not find any beans named org.springframework.scheduling.config.internalScheduledAnnotationProcessor (OnBeanCondition)

   TomcatMetricsAutoConfiguration:
      Did not match:
         - @ConditionalOnClass did not find required class 'io.micrometer.core.instrument.binder.tomcat.TomcatMetrics' (OnClassCondition)

   TomcatReactiveManagementContextAutoConfiguration:
      Did not match:
         - @ConditionalOnClass did not find required class 'org.springframework.boot.actuate.autoconfigure.web.server.ManagementContextFactory' (OnClassCondition)

   TomcatReactiveWebServerAutoConfiguration:
      Did not match:
         - @ConditionalOnWebApplication did not find reactive web application classes (OnWebApplicationCondition)

   TomcatServletManagementContextAutoConfiguration:
      Did not match:
         - @ConditionalOnClass did not find required class 'org.springframework.boot.actuate.autoconfigure.web.server.ManagementContextFactory' (OnClassCondition)

   TomcatServletWebServerAutoConfiguration#tomcatForwardedHeaderFilterCustomizer:
      Did not match:
         - @ConditionalOnProperty (server.forward-headers-strategy=framework) did not find property 'server.forward-headers-strategy' (OnPropertyCondition)

   TomcatWebServerConfiguration#tomcatVirtualThreadsProtocolHandlerCustomizer:
      Did not match:
         - @ConditionalOnThreading did not find VIRTUAL (OnThreadingCondition)

   TransactionAutoConfiguration#transactionalOperator:
      Did not match:
         - @ConditionalOnSingleCandidate (types: org.springframework.transaction.ReactiveTransactionManager; SearchStrategy: all) did not find any beans (OnBeanCondition)

   TransactionAutoConfiguration.AspectJTransactionManagementConfiguration:
      Did not match:
         - @ConditionalOnBean (types: org.springframework.transaction.aspectj.AbstractTransactionAspect; SearchStrategy: all) did not find any beans of type org.springframework.transaction.aspectj.AbstractTransactionAspect (OnBeanCondition)

   TransactionAutoConfiguration.EnableTransactionManagementConfiguration.JdkDynamicAutoProxyConfiguration:
      Did not match:
         - @ConditionalOnBooleanProperty (spring.aop.proxy-target-class=false) did not find property 'spring.aop.proxy-target-class' (OnPropertyCondition)

   WebMvcAutoConfiguration#hiddenHttpMethodFilter:
      Did not match:
         - @ConditionalOnBooleanProperty (spring.mvc.hiddenmethod.filter.enabled=true) did not find property 'spring.mvc.hiddenmethod.filter.enabled' (OnPropertyCondition)

   WebMvcAutoConfiguration.ProblemDetailsErrorHandlingConfiguration:
      Did not match:
         - @ConditionalOnBooleanProperty (spring.mvc.problemdetails.enabled=true) did not find property 'spring.mvc.problemdetails.enabled' (OnPropertyCondition)

   WebMvcAutoConfiguration.ResourceChainCustomizerConfiguration:
      Did not match:
         - @ConditionalOnEnabledResourceChain did not find class org.webjars.WebJarVersionLocator (OnEnabledResourceChainCondition)

   WebMvcAutoConfiguration.WebMvcAutoConfigurationAdapter#beanNameViewResolver:
      Did not match:
         - @ConditionalOnMissingBean (types: org.springframework.web.servlet.view.BeanNameViewResolver; SearchStrategy: all) found beans of type 'org.springframework.web.servlet.view.BeanNameViewResolver' beanNameViewResolver (OnBeanCondition)

   WebMvcHealthEndpointExtensionAutoConfiguration:
      Did not match:
         - @ConditionalOnClass did not find required class 'org.springframework.boot.health.actuate.endpoint.HealthEndpoint' (OnClassCondition)

   WebMvcMappingsAutoConfiguration:
      Did not match:
         - @ConditionalOnClass did not find required class 'org.springframework.boot.actuate.autoconfigure.endpoint.condition.ConditionalOnAvailableEndpoint' (OnClassCondition)

   WebMvcObservationAutoConfiguration:
      Did not match:
         - @ConditionalOnClass did not find required class 'org.springframework.boot.micrometer.observation.autoconfigure.ObservationProperties' (OnClassCondition)

   XADataSourceAutoConfiguration:
      Did not match:
         - @ConditionalOnBean (types: org.springframework.boot.jdbc.XADataSourceWrapper; SearchStrategy: all) did not find any beans of type org.springframework.boot.jdbc.XADataSourceWrapper (OnBeanCondition)
      Matched:
         - @ConditionalOnClass found required classes 'javax.sql.DataSource', 'jakarta.transaction.TransactionManager', 'org.springframework.jdbc.datasource.embedded.EmbeddedDatabaseType' (OnClassCondition)


Exclusions:
-----------

    None


Unconditional classes:
----------------------

    org.springframework.boot.autoconfigure.context.ConfigurationPropertiesAutoConfiguration

    org.springframework.boot.autoconfigure.ssl.SslAutoConfiguration

    org.springframework.boot.autoconfigure.context.LifecycleAutoConfiguration

    org.springframework.boot.autoconfigure.context.PropertyPlaceholderAutoConfiguration

    org.springframework.boot.autoconfigure.availability.ApplicationAvailabilityAutoConfiguration

    org.springframework.boot.autoconfigure.info.ProjectInfoAutoConfiguration



2026-09-24 11:37:58 [main] ERROR o.s.boot.SpringApplication - Application run failed
org.springframework.beans.factory.BeanCreationException: Error creating bean with name 'entityManagerFactory' defined in class path resource [org/springframework/boot/hibernate/autoconfigure/HibernateJpaConfiguration.class]: Failed to initialize dependency 'liquibase' of LoadTimeWeaverAware bean 'entityManagerFactory': Error creating bean with name 'liquibase' defined in class path resource [org/springframework/boot/liquibase/autoconfigure/LiquibaseAutoConfiguration$LiquibaseConfiguration.class]: liquibase.exception.DatabaseException: org.postgresql.util.PSQLException: Драйвер столкнулся с непредвиденной ошибкой. Сообщите об этом исключении.
	at org.springframework.beans.factory.support.AbstractBeanFactory.doGetBean(AbstractBeanFactory.java:322)
	at org.springframework.beans.factory.support.AbstractBeanFactory.getBean(AbstractBeanFactory.java:201)
	at org.springframework.context.support.AbstractApplicationContext.finishBeanFactoryInitialization(AbstractApplicationContext.java:977)
	at org.springframework.context.support.AbstractApplicationContext.refresh(AbstractApplicationContext.java:621)
	at org.springframework.boot.web.server.servlet.context.ServletWebServerApplicationContext.refresh(ServletWebServerApplicationContext.java:143)
	at org.springframework.boot.SpringApplication.refresh(SpringApplication.java:756)
	at org.springframework.boot.SpringApplication.refreshContext(SpringApplication.java:445)
	at org.springframework.boot.SpringApplication.run(SpringApplication.java:321)
	at org.springframework.boot.SpringApplication.run(SpringApplication.java:1365)
	at org.springframework.boot.SpringApplication.run(SpringApplication.java:1354)
	at ru.aston.user.service.UserServiceApplication.main(UserServiceApplication.java:10)
Caused by: org.springframework.beans.factory.BeanCreationException: Error creating bean with name 'liquibase' defined in class path resource [org/springframework/boot/liquibase/autoconfigure/LiquibaseAutoConfiguration$LiquibaseConfiguration.class]: liquibase.exception.DatabaseException: org.postgresql.util.PSQLException: Драйвер столкнулся с непредвиденной ошибкой. Сообщите об этом исключении.
	at org.springframework.beans.factory.support.AbstractAutowireCapableBeanFactory.initializeBean(AbstractAutowireCapableBeanFactory.java:1815)
	at org.springframework.beans.factory.support.AbstractAutowireCapableBeanFactory.doCreateBean(AbstractAutowireCapableBeanFactory.java:603)
	at org.springframework.beans.factory.support.AbstractAutowireCapableBeanFactory.createBean(AbstractAutowireCapableBeanFactory.java:525)
	at org.springframework.beans.factory.support.AbstractBeanFactory.lambda$doGetBean$0(AbstractBeanFactory.java:333)
	at org.springframework.beans.factory.support.DefaultSingletonBeanRegistry.getSingleton(DefaultSingletonBeanRegistry.java:371)
	at org.springframework.beans.factory.support.AbstractBeanFactory.doGetBean(AbstractBeanFactory.java:331)
	at org.springframework.beans.factory.support.AbstractBeanFactory.getBean(AbstractBeanFactory.java:196)
	at org.springframework.beans.factory.support.AbstractBeanFactory.doGetBean(AbstractBeanFactory.java:309)
	... 10 common frames omitted
Caused by: liquibase.exception.LiquibaseException: liquibase.exception.DatabaseException: org.postgresql.util.PSQLException: Драйвер столкнулся с непредвиденной ошибкой. Сообщите об этом исключении.
	at liquibase.integration.spring.SpringLiquibase.afterPropertiesSet(SpringLiquibase.java:289)
	at org.springframework.beans.factory.support.AbstractAutowireCapableBeanFactory.invokeInitMethods(AbstractAutowireCapableBeanFactory.java:1862)
	at org.springframework.beans.factory.support.AbstractAutowireCapableBeanFactory.initializeBean(AbstractAutowireCapableBeanFactory.java:1811)
	... 17 common frames omitted
Caused by: liquibase.exception.DatabaseException: org.postgresql.util.PSQLException: Драйвер столкнулся с непредвиденной ошибкой. Сообщите об этом исключении.
	at liquibase.integration.spring.SpringLiquibase.lambda$afterPropertiesSet$0(SpringLiquibase.java:281)
	at liquibase.Scope.lambda$child$0(Scope.java:243)
	at liquibase.Scope.child(Scope.java:252)
	at liquibase.Scope.child(Scope.java:242)
	at liquibase.Scope.child(Scope.java:221)
	at liquibase.integration.spring.SpringLiquibase.afterPropertiesSet(SpringLiquibase.java:272)
	... 19 common frames omitted
Caused by: org.postgresql.util.PSQLException: Драйвер столкнулся с непредвиденной ошибкой. Сообщите об этом исключении.
	at org.postgresql.Driver.connect(Driver.java:327)
	at com.zaxxer.hikari.util.DriverDataSource.getConnection(DriverDataSource.java:144)
	at com.zaxxer.hikari.pool.PoolBase.newConnection(PoolBase.java:373)
	at com.zaxxer.hikari.pool.PoolBase.newPoolEntry(PoolBase.java:210)
	at com.zaxxer.hikari.pool.HikariPool.createPoolEntry(HikariPool.java:488)
	at com.zaxxer.hikari.pool.HikariPool.checkFailFast(HikariPool.java:576)
	at com.zaxxer.hikari.pool.HikariPool.<init>(HikariPool.java:97)
	at com.zaxxer.hikari.HikariDataSource.getConnection(HikariDataSource.java:111)
	at liquibase.integration.spring.SpringLiquibase.lambda$afterPropertiesSet$0(SpringLiquibase.java:276)
	... 24 common frames omitted
Caused by: java.lang.StringIndexOutOfBoundsException: offset 5, count -269553430, length 8192
	at java.base/java.lang.String.checkBoundsOffCount(String.java:4591)
	at java.base/java.lang.String.<init>(String.java:523)
	at org.postgresql.core.Encoding.decode(Encoding.java:284)
	at org.postgresql.core.PGStream.receiveErrorString(PGStream.java:539)
	at org.postgresql.core.v3.ConnectionFactoryImpl.doAuthentication(ConnectionFactoryImpl.java:835)
	at org.postgresql.core.v3.ConnectionFactoryImpl.tryConnect(ConnectionFactoryImpl.java:309)
	at org.postgresql.core.v3.ConnectionFactoryImpl.openConnectionImpl(ConnectionFactoryImpl.java:367)
	at org.postgresql.core.ConnectionFactory.openConnection(ConnectionFactory.java:52)
	at org.postgresql.jdbc.PgConnection.<init>(PgConnection.java:295)
	at org.postgresql.Driver.makeConnection(Driver.java:437)
	at org.postgresql.Driver.connect(Driver.java:305)
	... 32 common frames omitted
2026-09-24 11:39:04 [main] DEBUG o.s.t.c.s.AbstractContextLoader - Could not detect default resource locations for test class [ru.aston.user.service.kafka.UserEventProducerTest]: no resource found for suffixes {-context.xml, Context.groovy}.
2026-09-24 11:39:04 [main] INFO  o.s.t.c.s.AnnotationConfigContextLoaderUtils - Could not detect default configuration classes for test class [ru.aston.user.service.kafka.UserEventProducerTest]: UserEventProducerTest does not declare any static, non-private, non-final, nested classes annotated with @Configuration.
2026-09-24 11:39:04 [main] DEBUG o.s.b.t.c.SpringBootTestContextBootstrapper - Using ContextCustomizerFactory implementations for test class [UserEventProducerTest]: [EmbeddedKafkaContextCustomizerFactory, BeanOverrideContextCustomizerFactory, MockServerContainerContextCustomizerFactory, DynamicPropertiesContextCustomizerFactory, ImportsContextCustomizerFactory, PropertyMappingContextCustomizerFactory, ExcludeFilterContextCustomizerFactory, TypeExcludeFiltersContextCustomizerFactory, DisableReactorResourceFactoryGlobalResourcesContextCustomizerFactory, DuplicateJsonObjectContextCustomizerFactory, OnFailureConditionReportContextCustomizerFactory, OverrideAutoConfigurationContextCustomizerFactory, WebDriverContextCustomizerFactory, SpringBootTestRandomPortContextCustomizerFactory]
2026-09-24 11:39:04 [main] DEBUG o.s.b.t.c.SpringBootTestContextBootstrapper - Using ContextCustomizers for test class [UserEventProducerTest]: [DynamicPropertiesContextCustomizer, PropertyMappingContextCustomizer, ExcludeFilterContextCustomizer, DuplicateJsonObjectContextCustomizer, OnFailureConditionReportContextCustomizer, WebDriverContextCustomizer, SpringBootTestRandomPortContextCustomizer]
2026-09-24 11:39:04 [main] DEBUG o.s.c.a.ClassPathScanningCandidateComponentProvider - Identified candidate component class: file [C:\Users\fursova.v\OpenideProjects\Intensive\target\classes\ru\aston\user\service\UserServiceApplication.class]
2026-09-24 11:39:04 [main] INFO  o.s.b.t.c.SpringBootTestContextBootstrapper - Found @SpringBootConfiguration ru.aston.user.service.UserServiceApplication for test class ru.aston.user.service.kafka.UserEventProducerTest
2026-09-24 11:39:04 [main] DEBUG o.s.t.c.s.AbstractContextLoader - Could not detect default resource locations for test class [ru.aston.user.service.kafka.UserEventProducerTest]: no resource found for suffixes {-context.xml, Context.groovy}.
2026-09-24 11:39:04 [main] INFO  o.s.t.c.s.AnnotationConfigContextLoaderUtils - Could not detect default configuration classes for test class [ru.aston.user.service.kafka.UserEventProducerTest]: UserEventProducerTest does not declare any static, non-private, non-final, nested classes annotated with @Configuration.
2026-09-24 11:39:04 [main] DEBUG o.s.b.t.c.SpringBootTestContextBootstrapper - Using ContextCustomizerFactory implementations for test class [UserEventProducerTest]: [EmbeddedKafkaContextCustomizerFactory, BeanOverrideContextCustomizerFactory, MockServerContainerContextCustomizerFactory, DynamicPropertiesContextCustomizerFactory, ImportsContextCustomizerFactory, PropertyMappingContextCustomizerFactory, ExcludeFilterContextCustomizerFactory, TypeExcludeFiltersContextCustomizerFactory, DisableReactorResourceFactoryGlobalResourcesContextCustomizerFactory, DuplicateJsonObjectContextCustomizerFactory, OnFailureConditionReportContextCustomizerFactory, OverrideAutoConfigurationContextCustomizerFactory, WebDriverContextCustomizerFactory, SpringBootTestRandomPortContextCustomizerFactory]
2026-09-24 11:39:04 [main] DEBUG o.s.b.t.c.SpringBootTestContextBootstrapper - Using ContextCustomizers for test class [UserEventProducerTest]: [DynamicPropertiesContextCustomizer, PropertyMappingContextCustomizer, ExcludeFilterContextCustomizer, DuplicateJsonObjectContextCustomizer, OnFailureConditionReportContextCustomizer, WebDriverContextCustomizer, SpringBootTestRandomPortContextCustomizer]
2026-09-24 11:39:04 [main] INFO  o.s.b.t.c.SpringBootTestContextBootstrapper - Found @SpringBootConfiguration ru.aston.user.service.UserServiceApplication for test class ru.aston.user.service.kafka.UserEventProducerTest
2026-09-24 11:39:04 [main] DEBUG o.s.b.t.c.SpringBootTestContextBootstrapper - Neither @ContextConfiguration nor @ContextHierarchy found for test class [UserEventProducerTest]: using SpringBootContextLoader
2026-09-24 11:39:04 [main] DEBUG o.s.t.c.u.TestContextSpringFactoriesUtils - Skipping candidate TestExecutionListener [org.springframework.test.context.observation.MicrometerObservationRegistryTestExecutionListener] due to a missing dependency. Specify custom TestExecutionListener classes or make the default TestExecutionListener classes and their required dependencies available. Offending class: io.micrometer.context.ThreadLocalAccessor. MicrometerObservationRegistryTestExecutionListener requires io.micrometer:micrometer-observation:1.10.8 or higher and io.micrometer:context-propagation:1.0.3 or higher.
2026-09-24 11:39:04 [main] DEBUG o.s.b.t.c.SpringBootTestContextBootstrapper - Using TestExecutionListeners for test class [UserEventProducerTest]: [ServletTestExecutionListener, DirtiesContextBeforeModesTestExecutionListener, ApplicationEventsTestExecutionListener, BeanOverrideTestExecutionListener, DependencyInjectionTestExecutionListener, DirtiesContextTestExecutionListener, CommonCachesTestExecutionListener, TransactionalTestExecutionListener, SqlScriptsTestExecutionListener, EventPublishingTestExecutionListener, MockitoResetTestExecutionListener, MockMvcPrintOnlyOnFailureTestExecutionListener, WebDriverTestExecutionListener]
2026-09-24 11:39:04 [main] DEBUG o.s.t.c.s.DirtiesContextBeforeModesTestExecutionListener - Before test class: class [UserEventProducerTest], class annotated with @DirtiesContext [false] with mode [null]
2026-09-24 11:39:05 [main] INFO  r.a.u.s.kafka.UserEventProducerTest - Starting UserEventProducerTest using Java 17.0.19 with PID 22500 (started by fursova.v in C:\Users\fursova.v\OpenideProjects\Intensive)
2026-09-24 11:39:05 [main] DEBUG r.a.u.s.kafka.UserEventProducerTest - Running with Spring Boot v4.1.1, Spring v7.0.9
2026-09-24 11:39:05 [main] INFO  r.a.u.s.kafka.UserEventProducerTest - No active profile set, falling back to 1 default profile: "default"
2026-09-24 11:39:05 [main] DEBUG o.s.boot.SpringApplication - Loading source class ru.aston.user.service.UserServiceApplication
2026-09-24 11:39:05 [main] DEBUG o.s.w.c.s.GenericWebApplicationContext - Refreshing org.springframework.web.context.support.GenericWebApplicationContext@79a04e5f
2026-09-24 11:39:05 [main] DEBUG o.s.b.f.s.DefaultListableBeanFactory - Creating shared instance of singleton bean 'org.springframework.context.annotation.internalConfigurationAnnotationProcessor'
2026-09-24 11:39:05 [main] DEBUG o.s.b.f.s.DefaultListableBeanFactory - Creating shared instance of singleton bean 'org.springframework.boot.autoconfigure.internalCachingMetadataReaderFactory'
2026-09-24 11:39:05 [main] DEBUG o.s.c.a.ClassPathBeanDefinitionScanner - Identified candidate component class: file [C:\Users\fursova.v\OpenideProjects\Intensive\target\classes\ru\aston\user\service\controller\GlobalExceptionHandler.class]
2026-09-24 11:39:05 [main] DEBUG o.s.c.a.ClassPathBeanDefinitionScanner - Identified candidate component class: file [C:\Users\fursova.v\OpenideProjects\Intensive\target\classes\ru\aston\user\service\controller\UserController.class]
2026-09-24 11:39:05 [main] DEBUG o.s.c.a.ClassPathBeanDefinitionScanner - Identified candidate component class: file [C:\Users\fursova.v\OpenideProjects\Intensive\target\classes\ru\aston\user\service\kafka\UserEventProducer.class]
2026-09-24 11:39:05 [main] DEBUG o.s.c.a.ClassPathBeanDefinitionScanner - Identified candidate component class: file [C:\Users\fursova.v\OpenideProjects\Intensive\target\classes\ru\aston\user\service\mapper\UserMapper.class]
2026-09-24 11:39:05 [main] DEBUG o.s.c.a.ClassPathBeanDefinitionScanner - Identified candidate component class: file [C:\Users\fursova.v\OpenideProjects\Intensive\target\classes\ru\aston\user\service\service\UserServiceImpl.class]
2026-09-24 11:39:06 [background-preinit] DEBUG org.jboss.logging - Logging Provider: org.jboss.logging.Slf4jLoggerProvider found via system property
2026-09-24 11:39:06 [background-preinit] INFO  o.h.validator.internal.util.Version - HV000001: Hibernate Validator 9.1.3.Final
2026-09-24 11:39:06 [background-preinit] DEBUG o.h.v.i.x.config.ValidationXmlParser - Trying to load META-INF/validation.xml for XML based Validator configuration.
2026-09-24 11:39:06 [background-preinit] DEBUG o.h.v.i.x.c.ResourceLoaderHelper - Trying to load META-INF/validation.xml via TCCL
2026-09-24 11:39:06 [background-preinit] DEBUG o.h.v.i.x.c.ResourceLoaderHelper - Trying to load META-INF/validation.xml via Hibernate Validator's class loader
2026-09-24 11:39:06 [background-preinit] DEBUG o.h.v.i.x.config.ValidationXmlParser - No META-INF/validation.xml found. Using annotation based configuration only.
2026-09-24 11:39:06 [background-preinit] DEBUG o.h.v.i.e.r.TraversableResolvers - Found jakarta.persistence.Persistence on classpath containing 'getPersistenceUtil'. Assuming Jakarta Persistence environment. Trying to instantiate Jakarta Persistence aware TraversableResolver
2026-09-24 11:39:06 [background-preinit] DEBUG o.h.v.i.e.r.TraversableResolvers - Instantiated Jakarta Persistence aware TraversableResolver of type org.hibernate.validator.internal.engine.resolver.JPATraversableResolver.
2026-09-24 11:39:06 [background-preinit] DEBUG o.h.v.m.ResourceBundleMessageInterpolator - Loaded expression factory via original TCCL
2026-09-24 11:39:07 [background-preinit] DEBUG o.h.v.i.e.ValidatorFactoryConfigurationHelper - HV000252: Using org.hibernate.validator.internal.engine.DefaultPropertyNodeNameProvider as property node name provider.
2026-09-24 11:39:07 [background-preinit] DEBUG o.h.v.i.e.ValidatorFactoryConfigurationHelper - HV000234: Using org.hibernate.validator.messageinterpolation.ResourceBundleMessageInterpolator as ValidatorFactory-scoped message interpolator.
2026-09-24 11:39:07 [background-preinit] DEBUG o.h.v.i.e.ValidatorFactoryConfigurationHelper - HV000234: Using org.hibernate.validator.internal.engine.resolver.JPATraversableResolver as ValidatorFactory-scoped traversable resolver.
2026-09-24 11:39:07 [background-preinit] DEBUG o.h.v.i.e.ValidatorFactoryConfigurationHelper - HV000234: Using org.hibernate.validator.internal.util.ExecutableParameterNameProvider as ValidatorFactory-scoped parameter name provider.
2026-09-24 11:39:07 [background-preinit] DEBUG o.h.v.i.e.ValidatorFactoryConfigurationHelper - HV000234: Using org.hibernate.validator.internal.engine.DefaultClockProvider as ValidatorFactory-scoped clock provider.
2026-09-24 11:39:07 [background-preinit] DEBUG o.h.v.i.e.ValidatorFactoryConfigurationHelper - HV000234: Using org.hibernate.validator.internal.engine.scripting.DefaultScriptEvaluatorFactory as ValidatorFactory-scoped script evaluator factory.
2026-09-24 11:39:07 [main] INFO  o.s.d.r.c.RepositoryConfigurationDelegate - Bootstrapping Spring Data JPA repositories in DEFAULT mode.
2026-09-24 11:39:07 [main] DEBUG o.s.b.f.s.DefaultListableBeanFactory - Creating shared instance of singleton bean 'org.springframework.boot.autoconfigure.AutoConfigurationPackages'
2026-09-24 11:39:07 [main] DEBUG o.s.b.a.AutoConfigurationPackages - @EnableAutoConfiguration was declared on a class in the package 'ru.aston.user.service'. Automatic @Repository and @Entity scanning is enabled.
2026-09-24 11:39:07 [main] DEBUG o.s.d.r.c.RepositoryConfigurationDelegate - Scanning for JPA repositories in packages ru.aston.user.service.
2026-09-24 11:39:07 [main] DEBUG o.s.d.r.c.RepositoryComponentProvider - Identified candidate component class: file [C:\Users\fursova.v\OpenideProjects\Intensive\target\classes\ru\aston\user\service\repository\UserRepository.class]
2026-09-24 11:39:07 [main] DEBUG o.s.c.a.ClassPathScanningCandidateComponentProvider - Identified candidate component class: file [C:\Users\fursova.v\OpenideProjects\Intensive\target\classes\ru\aston\user\service\service\UserServiceImpl.class]
2026-09-24 11:39:07 [main] INFO  o.s.d.r.c.RepositoryConfigurationDelegate - Finished Spring Data repository scanning in 104 ms. Found 1 JPA repository interface.
2026-09-24 11:39:07 [main] DEBUG o.s.b.f.s.DefaultListableBeanFactory - Creating shared instance of singleton bean 'propertySourcesPlaceholderConfigurer'
2026-09-24 11:39:07 [main] DEBUG o.s.b.f.s.DefaultListableBeanFactory - Creating shared instance of singleton bean 'org.springframework.boot.sql.init.dependency.DatabaseInitializationDependencyConfigurer$DependsOnDatabaseInitializationPostProcessor'
2026-09-24 11:39:07 [main] DEBUG o.s.b.f.s.DefaultListableBeanFactory - Creating shared instance of singleton bean 'org.springframework.context.event.internalEventListenerProcessor'
2026-09-24 11:39:07 [main] DEBUG o.s.b.f.s.DefaultListableBeanFactory - Creating shared instance of singleton bean 'bootstrapExecutorAliasPostProcessor'
2026-09-24 11:39:07 [main] DEBUG o.s.b.f.s.DefaultListableBeanFactory - Creating shared instance of singleton bean 'preserveErrorControllerTargetClassPostProcessor'
2026-09-24 11:39:07 [main] DEBUG o.s.b.f.s.DefaultListableBeanFactory - Creating shared instance of singleton bean 'org.springframework.context.event.internalEventListenerFactory'
2026-09-24 11:39:07 [main] DEBUG o.s.b.f.s.DefaultListableBeanFactory - Creating shared instance of singleton bean 'org.springframework.transaction.config.internalTransactionalEventListenerFactory'
2026-09-24 11:39:07 [main] DEBUG o.s.b.f.s.DefaultListableBeanFactory - Creating shared instance of singleton bean 'org.springframework.context.annotation.internalAutowiredAnnotationProcessor'
2026-09-24 11:39:07 [main] DEBUG o.s.b.f.s.DefaultListableBeanFactory - Creating shared instance of singleton bean 'org.springframework.context.annotation.internalCommonAnnotationProcessor'
2026-09-24 11:39:07 [main] DEBUG o.s.b.f.s.DefaultListableBeanFactory - Creating shared instance of singleton bean 'org.springframework.context.annotation.internalPersistenceAnnotationProcessor'
2026-09-24 11:39:07 [main] DEBUG o.s.b.f.s.DefaultListableBeanFactory - Creating shared instance of singleton bean 'org.springframework.boot.context.properties.ConfigurationPropertiesBindingPostProcessor'
2026-09-24 11:39:07 [main] DEBUG o.s.b.f.s.DefaultListableBeanFactory - Creating shared instance of singleton bean 'org.springframework.boot.context.internalConfigurationPropertiesBinder'
2026-09-24 11:39:07 [main] DEBUG o.s.b.f.s.DefaultListableBeanFactory - Creating shared instance of singleton bean 'jdbcConnectionDetailsHikariBeanPostProcessor'
2026-09-24 11:39:07 [main] DEBUG o.s.b.f.s.DefaultListableBeanFactory - Creating shared instance of singleton bean 'methodValidationPostProcessor'
2026-09-24 11:39:07 [main] DEBUG o.s.b.f.s.DefaultListableBeanFactory - Autowiring by type from bean name 'methodValidationPostProcessor' via factory method to bean named 'environment'
2026-09-24 11:39:07 [main] DEBUG o.s.b.f.s.DefaultListableBeanFactory - Creating shared instance of singleton bean 'org.springframework.boot.context.properties.EnableConfigurationPropertiesRegistrar.methodValidationExcludeFilter'
2026-09-24 11:39:07 [main] DEBUG o.s.b.f.s.DefaultListableBeanFactory - Creating shared instance of singleton bean 'org.springframework.aop.framework.autoproxy.defaultProxyConfig'
2026-09-24 11:39:07 [main] DEBUG o.s.b.f.s.DefaultListableBeanFactory - Creating shared instance of singleton bean 'org.springframework.aop.config.internalAutoProxyCreator'
2026-09-24 11:39:07 [main] DEBUG o.s.b.f.s.DefaultListableBeanFactory - Creating shared instance of singleton bean 'org.springframework.kafka.config.internalKafkaListenerAnnotationProcessor'
2026-09-24 11:39:07 [main] DEBUG o.s.b.f.s.DefaultListableBeanFactory - Creating shared instance of singleton bean 'persistenceExceptionTranslationPostProcessor'
2026-09-24 11:39:07 [main] DEBUG o.s.b.f.s.DefaultListableBeanFactory - Autowiring by type from bean name 'persistenceExceptionTranslationPostProcessor' via factory method to bean named 'environment'
2026-09-24 11:39:07 [main] DEBUG o.s.b.f.s.DefaultListableBeanFactory - Creating shared instance of singleton bean 'projectingArgumentResolverBeanPostProcessor'
2026-09-24 11:39:07 [main] DEBUG o.s.b.f.s.DefaultListableBeanFactory - Creating shared instance of singleton bean 'org.springframework.transaction.config.internalTransactionAdvisor'
2026-09-24 11:39:07 [main] DEBUG o.s.b.f.s.DefaultListableBeanFactory - Creating shared instance of singleton bean 'org.springframework.transaction.annotation.ProxyTransactionManagementConfiguration'
2026-09-24 11:39:07 [main] DEBUG o.s.b.f.s.DefaultListableBeanFactory - Creating shared instance of singleton bean 'transactionAttributeSource'
2026-09-24 11:39:07 [main] DEBUG o.s.b.f.s.DefaultListableBeanFactory - Creating shared instance of singleton bean 'transactionInterceptor'
2026-09-24 11:39:07 [main] DEBUG o.s.b.f.s.DefaultListableBeanFactory - Autowiring by type from bean name 'transactionInterceptor' via factory method to bean named 'transactionAttributeSource'
2026-09-24 11:39:08 [main] DEBUG o.s.b.f.s.DefaultListableBeanFactory - Autowiring by type from bean name 'org.springframework.transaction.config.internalTransactionAdvisor' via factory method to bean named 'transactionAttributeSource'
2026-09-24 11:39:08 [main] DEBUG o.s.b.f.s.DefaultListableBeanFactory - Autowiring by type from bean name 'org.springframework.transaction.config.internalTransactionAdvisor' via factory method to bean named 'transactionInterceptor'
2026-09-24 11:39:08 [main] DEBUG o.s.b.f.s.DefaultListableBeanFactory - Creating shared instance of singleton bean 'webServerFactoryCustomizerBeanPostProcessor'
2026-09-24 11:39:08 [main] DEBUG o.s.b.f.s.DefaultListableBeanFactory - Creating shared instance of singleton bean 'errorPageRegistrarBeanPostProcessor'
2026-09-24 11:39:08 [main] DEBUG o.s.b.f.s.DefaultListableBeanFactory - Creating shared instance of singleton bean 'applicationTaskExecutor'
2026-09-24 11:39:08 [main] DEBUG o.s.b.f.s.DefaultListableBeanFactory - Creating shared instance of singleton bean 'org.springframework.boot.autoconfigure.task.TaskExecutorConfigurations$TaskExecutorConfiguration'
2026-09-24 11:39:08 [main] DEBUG o.s.b.f.s.DefaultListableBeanFactory - Creating shared instance of singleton bean 'threadPoolTaskExecutorBuilder'
2026-09-24 11:39:08 [main] DEBUG o.s.b.f.s.DefaultListableBeanFactory - Creating shared instance of singleton bean 'org.springframework.boot.autoconfigure.task.TaskExecutorConfigurations$ThreadPoolTaskExecutorBuilderConfiguration'
2026-09-24 11:39:08 [main] DEBUG o.s.b.f.s.DefaultListableBeanFactory - Creating shared instance of singleton bean 'spring.task.execution-org.springframework.boot.autoconfigure.task.TaskExecutionProperties'
2026-09-24 11:39:08 [main] DEBUG o.s.b.f.s.DefaultListableBeanFactory - Creating shared instance of singleton bean 'org.springframework.boot.context.properties.BoundConfigurationProperties'
2026-09-24 11:39:08 [main] DEBUG o.s.b.f.s.DefaultListableBeanFactory - Autowiring by type from bean name 'threadPoolTaskExecutorBuilder' via factory method to bean named 'spring.task.execution-org.springframework.boot.autoconfigure.task.TaskExecutionProperties'
2026-09-24 11:39:08 [main] DEBUG o.s.b.f.s.DefaultListableBeanFactory - Autowiring by type from bean name 'applicationTaskExecutor' via factory method to bean named 'threadPoolTaskExecutorBuilder'
2026-09-24 11:39:08 [main] DEBUG o.s.s.c.ThreadPoolTaskExecutor - Initializing ExecutorService 'applicationTaskExecutor'
2026-09-24 11:39:08 [main] DEBUG o.s.b.f.s.DefaultListableBeanFactory - Creating shared instance of singleton bean 'org.springframework.test.context.support.internalDynamicPropertyRegistrarBeanInitializer'
2026-09-24 11:39:08 [main] DEBUG o.s.b.f.s.DefaultListableBeanFactory - Creating shared instance of singleton bean 'liquibase'
2026-09-24 11:39:08 [main] DEBUG o.s.b.f.s.DefaultListableBeanFactory - Creating shared instance of singleton bean 'org.springframework.boot.liquibase.autoconfigure.LiquibaseAutoConfiguration$LiquibaseConfiguration'
2026-09-24 11:39:08 [main] DEBUG o.s.b.f.s.DefaultListableBeanFactory - Creating shared instance of singleton bean 'spring.liquibase-org.springframework.boot.liquibase.autoconfigure.LiquibaseProperties'
2026-09-24 11:39:08 [main] DEBUG o.s.b.f.s.DefaultListableBeanFactory - Creating shared instance of singleton bean 'liquibaseConnectionDetails'
2026-09-24 11:39:08 [main] DEBUG o.s.b.f.s.DefaultListableBeanFactory - Autowiring by type from bean name 'liquibaseConnectionDetails' via factory method to bean named 'spring.liquibase-org.springframework.boot.liquibase.autoconfigure.LiquibaseProperties'
2026-09-24 11:39:08 [main] DEBUG o.s.b.f.s.DefaultListableBeanFactory - Autowiring by type from bean name 'liquibase' via factory method to bean named 'spring.liquibase-org.springframework.boot.liquibase.autoconfigure.LiquibaseProperties'
2026-09-24 11:39:08 [main] DEBUG o.s.b.f.s.DefaultListableBeanFactory - Autowiring by type from bean name 'liquibase' via factory method to bean named 'liquibaseConnectionDetails'
2026-09-24 11:39:08 [main] DEBUG o.s.b.f.s.DefaultListableBeanFactory - Creating shared instance of singleton bean 'dataSource'
2026-09-24 11:39:08 [main] DEBUG o.s.b.f.s.DefaultListableBeanFactory - Creating shared instance of singleton bean 'org.springframework.boot.jdbc.autoconfigure.DataSourceConfiguration$Hikari'
2026-09-24 11:39:08 [main] DEBUG o.s.b.f.s.DefaultListableBeanFactory - Creating shared instance of singleton bean 'spring.datasource-org.springframework.boot.jdbc.autoconfigure.DataSourceProperties'
2026-09-24 11:39:08 [main] DEBUG o.s.b.f.s.DefaultListableBeanFactory - Creating shared instance of singleton bean 'jdbcConnectionDetails'
2026-09-24 11:39:08 [main] DEBUG o.s.b.f.s.DefaultListableBeanFactory - Creating shared instance of singleton bean 'org.springframework.boot.jdbc.autoconfigure.DataSourceAutoConfiguration$PooledDataSourceConfiguration'
2026-09-24 11:39:08 [main] DEBUG o.s.b.f.s.DefaultListableBeanFactory - Autowiring by type from bean name 'jdbcConnectionDetails' via factory method to bean named 'spring.datasource-org.springframework.boot.jdbc.autoconfigure.DataSourceProperties'
2026-09-24 11:39:08 [main] DEBUG o.s.b.f.s.DefaultListableBeanFactory - Autowiring by type from bean name 'dataSource' via factory method to bean named 'spring.datasource-org.springframework.boot.jdbc.autoconfigure.DataSourceProperties'
2026-09-24 11:39:08 [main] DEBUG o.s.b.f.s.DefaultListableBeanFactory - Autowiring by type from bean name 'dataSource' via factory method to bean named 'jdbcConnectionDetails'
2026-09-24 11:39:08 [main] DEBUG o.s.b.f.s.DefaultListableBeanFactory - Autowiring by type from bean name 'dataSource' via factory method to bean named 'environment'
2026-09-24 11:39:08 [main] DEBUG com.zaxxer.hikari.util.UtilityElf - Class org.postgresql.Driver found in Thread context class loader jdk.internal.loader.ClassLoaders$AppClassLoader@1d44bcfa
2026-09-24 11:39:08 [main] DEBUG liquibase.servicelocator - Loaded liquibase.logging.LogService instance liquibase.logging.core.BufferedLogService
2026-09-24 11:39:08 [main] DEBUG liquibase.servicelocator - Loaded liquibase.logging.LogService instance liquibase.logging.core.CompositeLogService
2026-09-24 11:39:08 [main] DEBUG liquibase.servicelocator - Loaded liquibase.logging.LogService instance liquibase.logging.core.JavaLogService
2026-09-24 11:39:08 [main] DEBUG liquibase.servicelocator - Loaded liquibase.configuration.AutoloadedConfigurations instance liquibase.GlobalConfiguration
2026-09-24 11:39:08 [main] DEBUG liquibase.servicelocator - Loaded liquibase.configuration.AutoloadedConfigurations instance liquibase.integration.commandline.LiquibaseCommandLineConfiguration
2026-09-24 11:39:08 [main] DEBUG liquibase.servicelocator - Loaded liquibase.configuration.AutoloadedConfigurations instance liquibase.logging.core.DefaultLoggerConfiguration
2026-09-24 11:39:08 [main] DEBUG liquibase.servicelocator - Loaded liquibase.configuration.AutoloadedConfigurations instance liquibase.sql.SqlConfiguration
2026-09-24 11:39:08 [main] DEBUG liquibase.servicelocator - Loaded liquibase.configuration.AutoloadedConfigurations instance liquibase.parser.ChangeLogParserConfiguration
2026-09-24 11:39:08 [main] DEBUG liquibase.servicelocator - Loaded liquibase.configuration.AutoloadedConfigurations instance liquibase.analytics.configuration.AnalyticsArgs
2026-09-24 11:39:08 [main] DEBUG liquibase.servicelocator - Loaded liquibase.configuration.AutoloadedConfigurations instance liquibase.license.LicenseTrackingArgs
2026-09-24 11:39:08 [main] DEBUG liquibase.servicelocator - Loaded liquibase.configuration.AutoloadedConfigurations instance liquibase.database.core.MSSQLDatabase$SpecificConfiguration
2026-09-24 11:39:08 [main] DEBUG liquibase.configuration - Found ConfigurationDefinitions in liquibase.GlobalConfiguration
2026-09-24 11:39:08 [main] DEBUG liquibase.configuration - Found ConfigurationDefinitions in liquibase.integration.commandline.LiquibaseCommandLineConfiguration
2026-09-24 11:39:08 [main] DEBUG liquibase.configuration - Found ConfigurationDefinitions in liquibase.logging.core.DefaultLoggerConfiguration
2026-09-24 11:39:08 [main] DEBUG liquibase.configuration - Found ConfigurationDefinitions in liquibase.sql.SqlConfiguration
2026-09-24 11:39:08 [main] DEBUG liquibase.configuration - Found ConfigurationDefinitions in liquibase.parser.ChangeLogParserConfiguration
2026-09-24 11:39:08 [main] DEBUG liquibase.configuration - Found ConfigurationDefinitions in liquibase.analytics.configuration.AnalyticsArgs
2026-09-24 11:39:08 [main] DEBUG liquibase.configuration - Found ConfigurationDefinitions in liquibase.license.LicenseTrackingArgs
2026-09-24 11:39:08 [main] DEBUG liquibase.configuration - Found ConfigurationDefinitions in liquibase.database.core.MSSQLDatabase$SpecificConfiguration
2026-09-24 11:39:08 [main] DEBUG liquibase.servicelocator - Loaded liquibase.configuration.ConfigurationValueProvider instance liquibase.configuration.core.DeprecatedConfigurationValueProvider
2026-09-24 11:39:08 [main] DEBUG liquibase.servicelocator - Loaded liquibase.configuration.ConfigurationValueProvider instance liquibase.configuration.core.SystemPropertyValueProvider
2026-09-24 11:39:08 [main] DEBUG liquibase.servicelocator - Loaded liquibase.configuration.ConfigurationValueProvider instance liquibase.configuration.core.ScopeValueProvider
2026-09-24 11:39:08 [main] DEBUG liquibase.servicelocator - Loaded liquibase.configuration.ConfigurationValueProvider instance liquibase.configuration.core.EnvironmentValueProvider
2026-09-24 11:39:08 [main] DEBUG liquibase.servicelocator - Loaded liquibase.servicelocator.ServiceLocator instance liquibase.servicelocator.StandardServiceLocator
2026-09-24 11:39:08 [main] DEBUG liquibase.configuration - No configuration value for liquibase.shouldRun aka should.run found
2026-09-24 11:39:08 [main] DEBUG liquibase.configuration - Configuration liquibase.shouldRun is using the default value of true
2026-09-24 11:39:08 [main] DEBUG com.zaxxer.hikari.HikariConfig - HikariPool-1 - configuration:
2026-09-24 11:39:08 [main] DEBUG com.zaxxer.hikari.HikariConfig - allowPoolSuspension.............false
2026-09-24 11:39:08 [main] DEBUG com.zaxxer.hikari.HikariConfig - autoCommit......................true
2026-09-24 11:39:08 [main] DEBUG com.zaxxer.hikari.HikariConfig - catalog.........................none
2026-09-24 11:39:08 [main] DEBUG com.zaxxer.hikari.HikariConfig - connectionInitSql...............none
2026-09-24 11:39:08 [main] DEBUG com.zaxxer.hikari.HikariConfig - connectionTestQuery.............none
2026-09-24 11:39:08 [main] DEBUG com.zaxxer.hikari.HikariConfig - connectionTimeout...............30000
2026-09-24 11:39:08 [main] DEBUG com.zaxxer.hikari.HikariConfig - credentials.....................com.zaxxer.hikari.util.Credentials@605c7a9e
2026-09-24 11:39:08 [main] DEBUG com.zaxxer.hikari.HikariConfig - credentialsProvider.............none
2026-09-24 11:39:08 [main] DEBUG com.zaxxer.hikari.HikariConfig - credentialsProviderClassName....none
2026-09-24 11:39:08 [main] DEBUG com.zaxxer.hikari.HikariConfig - dataSource......................none
2026-09-24 11:39:08 [main] DEBUG com.zaxxer.hikari.HikariConfig - dataSourceClassName.............none
2026-09-24 11:39:08 [main] DEBUG com.zaxxer.hikari.HikariConfig - dataSourceJNDI..................none
2026-09-24 11:39:08 [main] DEBUG com.zaxxer.hikari.HikariConfig - dataSourceProperties............{password=<masked>}
2026-09-24 11:39:08 [main] DEBUG com.zaxxer.hikari.HikariConfig - driverClassName................."org.postgresql.Driver"
2026-09-24 11:39:08 [main] DEBUG com.zaxxer.hikari.HikariConfig - exceptionOverride...............none
2026-09-24 11:39:08 [main] DEBUG com.zaxxer.hikari.HikariConfig - exceptionOverrideClassName......none
2026-09-24 11:39:08 [main] DEBUG com.zaxxer.hikari.HikariConfig - healthCheckProperties...........{}
2026-09-24 11:39:08 [main] DEBUG com.zaxxer.hikari.HikariConfig - healthCheckRegistry.............none
2026-09-24 11:39:08 [main] DEBUG com.zaxxer.hikari.HikariConfig - idleTimeout.....................600000
2026-09-24 11:39:08 [main] DEBUG com.zaxxer.hikari.HikariConfig - initializationFailTimeout.......1
2026-09-24 11:39:08 [main] DEBUG com.zaxxer.hikari.HikariConfig - isolateInternalQueries..........false
2026-09-24 11:39:08 [main] DEBUG com.zaxxer.hikari.HikariConfig - jdbcUrl.........................jdbc:postgresql://localhost:5432/user_service
2026-09-24 11:39:08 [main] DEBUG com.zaxxer.hikari.HikariConfig - keepaliveTime...................120000
2026-09-24 11:39:08 [main] DEBUG com.zaxxer.hikari.HikariConfig - leakDetectionThreshold..........0
2026-09-24 11:39:08 [main] DEBUG com.zaxxer.hikari.HikariConfig - maxLifetime.....................1800000
2026-09-24 11:39:08 [main] DEBUG com.zaxxer.hikari.HikariConfig - maximumPoolSize.................10
2026-09-24 11:39:08 [main] DEBUG com.zaxxer.hikari.HikariConfig - metricRegistry..................none
2026-09-24 11:39:08 [main] DEBUG com.zaxxer.hikari.HikariConfig - metricsTrackerFactory...........none
2026-09-24 11:39:08 [main] DEBUG com.zaxxer.hikari.HikariConfig - minimumIdle.....................10
2026-09-24 11:39:08 [main] DEBUG com.zaxxer.hikari.HikariConfig - password........................<masked>
2026-09-24 11:39:08 [main] DEBUG com.zaxxer.hikari.HikariConfig - poolName........................"HikariPool-1"
2026-09-24 11:39:08 [main] DEBUG com.zaxxer.hikari.HikariConfig - readOnly........................false
2026-09-24 11:39:08 [main] DEBUG com.zaxxer.hikari.HikariConfig - registerMbeans..................false
2026-09-24 11:39:08 [main] DEBUG com.zaxxer.hikari.HikariConfig - scheduledExecutor...............none
2026-09-24 11:39:08 [main] DEBUG com.zaxxer.hikari.HikariConfig - schema..........................none
2026-09-24 11:39:08 [main] DEBUG com.zaxxer.hikari.HikariConfig - threadFactory...................internal
2026-09-24 11:39:08 [main] DEBUG com.zaxxer.hikari.HikariConfig - transactionIsolation............default
2026-09-24 11:39:08 [main] DEBUG com.zaxxer.hikari.HikariConfig - username........................"postgres"
2026-09-24 11:39:08 [main] DEBUG com.zaxxer.hikari.HikariConfig - validationTimeout...............5000
2026-09-24 11:39:08 [main] INFO  com.zaxxer.hikari.HikariDataSource - HikariPool-1 - Starting...
2026-09-24 11:39:08 [main] DEBUG com.zaxxer.hikari.pool.PoolBase - HikariPool-1 - Attempting to create/setup new connection (86cc4a2a-5a8e-4adb-83d8-e6955afdc154)
2026-09-24 11:39:12 [main] DEBUG com.zaxxer.hikari.pool.PoolBase - HikariPool-1 - Failed to create/setup connection (86cc4a2a-5a8e-4adb-83d8-e6955afdc154): Драйвер столкнулся с непредвиденной ошибкой. Сообщите об этом исключении.
2026-09-24 11:39:12 [main] DEBUG com.zaxxer.hikari.pool.HikariPool - HikariPool-1 - Cannot acquire connection from data source
org.postgresql.util.PSQLException: Драйвер столкнулся с непредвиденной ошибкой. Сообщите об этом исключении.
	at org.postgresql.Driver.connect(Driver.java:327)
	at com.zaxxer.hikari.util.DriverDataSource.getConnection(DriverDataSource.java:144)
	at com.zaxxer.hikari.pool.PoolBase.newConnection(PoolBase.java:373)
	at com.zaxxer.hikari.pool.PoolBase.newPoolEntry(PoolBase.java:210)
	at com.zaxxer.hikari.pool.HikariPool.createPoolEntry(HikariPool.java:488)
	at com.zaxxer.hikari.pool.HikariPool.checkFailFast(HikariPool.java:576)
	at com.zaxxer.hikari.pool.HikariPool.<init>(HikariPool.java:97)
	at com.zaxxer.hikari.HikariDataSource.getConnection(HikariDataSource.java:111)
	at liquibase.integration.spring.SpringLiquibase.lambda$afterPropertiesSet$0(SpringLiquibase.java:276)
	at liquibase.Scope.lambda$child$0(Scope.java:243)
	at liquibase.Scope.child(Scope.java:252)
	at liquibase.Scope.child(Scope.java:242)
	at liquibase.Scope.child(Scope.java:221)
	at liquibase.integration.spring.SpringLiquibase.afterPropertiesSet(SpringLiquibase.java:272)
	at org.springframework.beans.factory.support.AbstractAutowireCapableBeanFactory.invokeInitMethods(AbstractAutowireCapableBeanFactory.java:1862)
	at org.springframework.beans.factory.support.AbstractAutowireCapableBeanFactory.initializeBean(AbstractAutowireCapableBeanFactory.java:1811)
	at org.springframework.beans.factory.support.AbstractAutowireCapableBeanFactory.doCreateBean(AbstractAutowireCapableBeanFactory.java:603)
	at org.springframework.beans.factory.support.AbstractAutowireCapableBeanFactory.createBean(AbstractAutowireCapableBeanFactory.java:525)
	at org.springframework.beans.factory.support.AbstractBeanFactory.lambda$doGetBean$0(AbstractBeanFactory.java:333)
	at org.springframework.beans.factory.support.DefaultSingletonBeanRegistry.getSingleton(DefaultSingletonBeanRegistry.java:371)
	at org.springframework.beans.factory.support.AbstractBeanFactory.doGetBean(AbstractBeanFactory.java:331)
	at org.springframework.beans.factory.support.AbstractBeanFactory.getBean(AbstractBeanFactory.java:196)
	at org.springframework.beans.factory.support.AbstractBeanFactory.doGetBean(AbstractBeanFactory.java:309)
	at org.springframework.beans.factory.support.AbstractBeanFactory.getBean(AbstractBeanFactory.java:201)
	at org.springframework.context.support.AbstractApplicationContext.finishBeanFactoryInitialization(AbstractApplicationContext.java:977)
	at org.springframework.context.support.AbstractApplicationContext.refresh(AbstractApplicationContext.java:621)
	at org.springframework.boot.SpringApplication.refresh(SpringApplication.java:756)
	at org.springframework.boot.SpringApplication.refreshContext(SpringApplication.java:445)
	at org.springframework.boot.SpringApplication.run(SpringApplication.java:321)
	at org.springframework.boot.test.context.SpringBootContextLoader.lambda$loadContext$2(SpringBootContextLoader.java:155)
	at org.springframework.util.function.ThrowingSupplier.get(ThrowingSupplier.java:58)
	at org.springframework.util.function.ThrowingSupplier.get(ThrowingSupplier.java:46)
	at org.springframework.boot.SpringApplication.withHook(SpringApplication.java:1465)
	at org.springframework.boot.test.context.SpringBootContextLoader$ContextLoaderHook.run(SpringBootContextLoader.java:600)
	at org.springframework.boot.test.context.SpringBootContextLoader.loadContext(SpringBootContextLoader.java:155)
	at org.springframework.boot.test.context.SpringBootContextLoader.loadContext(SpringBootContextLoader.java:114)
	at org.springframework.test.context.cache.DefaultCacheAwareContextLoaderDelegate.loadContextInternal(DefaultCacheAwareContextLoaderDelegate.java:247)
	at org.springframework.test.context.cache.DefaultCacheAwareContextLoaderDelegate.lambda$loadContext$0(DefaultCacheAwareContextLoaderDelegate.java:167)
	at org.springframework.test.context.cache.DefaultContextCache.put(DefaultContextCache.java:214)
	at org.springframework.test.context.cache.DefaultCacheAwareContextLoaderDelegate.loadContext(DefaultCacheAwareContextLoaderDelegate.java:160)
	at org.springframework.test.context.support.DefaultTestContext.getApplicationContext(DefaultTestContext.java:128)
	at org.springframework.test.context.web.ServletTestExecutionListener.setUpRequestContextIfNecessary(ServletTestExecutionListener.java:200)
	at org.springframework.test.context.web.ServletTestExecutionListener.prepareTestInstance(ServletTestExecutionListener.java:139)
	at org.springframework.test.context.TestContextManager.prepareTestInstance(TestContextManager.java:260)
	at org.springframework.test.context.junit.jupiter.SpringExtension.postProcessTestInstance(SpringExtension.java:242)
	at org.junit.jupiter.engine.descriptor.ClassBasedTestDescriptor.lambda$invokeTestInstancePostProcessors$1(ClassBasedTestDescriptor.java:423)
	at org.junit.jupiter.engine.descriptor.ClassBasedTestDescriptor.executeAndMaskThrowable(ClassBasedTestDescriptor.java:428)
	at org.junit.jupiter.engine.descriptor.ClassBasedTestDescriptor.lambda$invokeTestInstancePostProcessors$0(ClassBasedTestDescriptor.java:422)
	at java.base/java.util.stream.ForEachOps$ForEachOp$OfRef.accept(ForEachOps.java:183)
	at java.base/java.util.stream.ReferencePipeline$3$1.accept(ReferencePipeline.java:197)
	at java.base/java.util.stream.ReferencePipeline$2$1.accept(ReferencePipeline.java:179)
	at java.base/java.util.stream.ReferencePipeline$3$1.accept(ReferencePipeline.java:197)
	at java.base/java.util.ArrayList$ArrayListSpliterator.forEachRemaining(ArrayList.java:1625)
	at java.base/java.util.stream.AbstractPipeline.copyInto(AbstractPipeline.java:509)
	at java.base/java.util.stream.AbstractPipeline.wrapAndCopyInto(AbstractPipeline.java:499)
	at java.base/java.util.stream.ForEachOps$ForEachOp.evaluateSequential(ForEachOps.java:150)
	at java.base/java.util.stream.ForEachOps$ForEachOp$OfRef.evaluateSequential(ForEachOps.java:173)
	at java.base/java.util.stream.AbstractPipeline.evaluate(AbstractPipeline.java:234)
	at java.base/java.util.stream.ReferencePipeline.forEach(ReferencePipeline.java:596)
	at org.junit.jupiter.engine.descriptor.ClassBasedTestDescriptor.invokeTestInstancePostProcessors(ClassBasedTestDescriptor.java:422)
	at org.junit.jupiter.engine.descriptor.ClassBasedTestDescriptor.lambda$instantiateAndPostProcessTestInstance$0(ClassBasedTestDescriptor.java:334)
	at org.junit.platform.engine.support.hierarchical.ThrowableCollector.execute(ThrowableCollector.java:74)
	at org.junit.jupiter.engine.descriptor.ClassBasedTestDescriptor.instantiateAndPostProcessTestInstance(ClassBasedTestDescriptor.java:333)
	at org.junit.jupiter.engine.descriptor.ClassBasedTestDescriptor.lambda$testInstancesProvider$1(ClassBasedTestDescriptor.java:322)
	at java.base/java.util.Optional.orElseGet(Optional.java:364)
	at org.junit.jupiter.engine.descriptor.ClassBasedTestDescriptor.lambda$testInstancesProvider$0(ClassBasedTestDescriptor.java:321)
	at org.junit.jupiter.engine.execution.TestInstancesProvider.getTestInstances(TestInstancesProvider.java:27)
	at org.junit.jupiter.engine.descriptor.TestMethodTestDescriptor.lambda$prepare$0(TestMethodTestDescriptor.java:127)
	at org.junit.platform.engine.support.hierarchical.ThrowableCollector.execute(ThrowableCollector.java:74)
	at org.junit.jupiter.engine.descriptor.TestMethodTestDescriptor.prepare(TestMethodTestDescriptor.java:126)
	at org.junit.jupiter.engine.descriptor.TestMethodTestDescriptor.prepare(TestMethodTestDescriptor.java:70)
	at org.junit.platform.engine.support.hierarchical.NodeTestTask.lambda$prepare$0(NodeTestTask.java:144)
	at org.junit.platform.engine.support.hierarchical.ThrowableCollector.execute(ThrowableCollector.java:74)
	at org.junit.platform.engine.support.hierarchical.NodeTestTask.prepare(NodeTestTask.java:144)
	at org.junit.platform.engine.support.hierarchical.NodeTestTask.execute(NodeTestTask.java:110)
	at java.base/java.util.ArrayList.forEach(ArrayList.java:1511)
	at org.junit.platform.engine.support.hierarchical.SameThreadHierarchicalTestExecutorService.invokeAll(SameThreadHierarchicalTestExecutorService.java:42)
	at org.junit.platform.engine.support.hierarchical.NodeTestTask.lambda$executeRecursively$2(NodeTestTask.java:180)
	at org.junit.platform.engine.support.hierarchical.ThrowableCollector.execute(ThrowableCollector.java:74)
	at org.junit.platform.engine.support.hierarchical.NodeTestTask.lambda$executeRecursively$1(NodeTestTask.java:166)
	at org.junit.platform.engine.support.hierarchical.Node.around(Node.java:138)
	at org.junit.platform.engine.support.hierarchical.NodeTestTask.lambda$executeRecursively$0(NodeTestTask.java:164)
	at org.junit.platform.engine.support.hierarchical.ThrowableCollector.execute(ThrowableCollector.java:74)
	at org.junit.platform.engine.support.hierarchical.NodeTestTask.executeRecursively(NodeTestTask.java:163)
	at org.junit.platform.engine.support.hierarchical.NodeTestTask.execute(NodeTestTask.java:116)
	at java.base/java.util.ArrayList.forEach(ArrayList.java:1511)
	at org.junit.platform.engine.support.hierarchical.SameThreadHierarchicalTestExecutorService.invokeAll(SameThreadHierarchicalTestExecutorService.java:42)
	at org.junit.platform.engine.support.hierarchical.NodeTestTask.lambda$executeRecursively$2(NodeTestTask.java:180)
	at org.junit.platform.engine.support.hierarchical.ThrowableCollector.execute(ThrowableCollector.java:74)
	at org.junit.platform.engine.support.hierarchical.NodeTestTask.lambda$executeRecursively$1(NodeTestTask.java:166)
	at org.junit.platform.engine.support.hierarchical.Node.around(Node.java:138)
	at org.junit.platform.engine.support.hierarchical.NodeTestTask.lambda$executeRecursively$0(NodeTestTask.java:164)
	at org.junit.platform.engine.support.hierarchical.ThrowableCollector.execute(ThrowableCollector.java:74)
	at org.junit.platform.engine.support.hierarchical.NodeTestTask.executeRecursively(NodeTestTask.java:163)
	at org.junit.platform.engine.support.hierarchical.NodeTestTask.execute(NodeTestTask.java:116)
	at org.junit.platform.engine.support.hierarchical.SameThreadHierarchicalTestExecutorService.submit(SameThreadHierarchicalTestExecutorService.java:36)
	at org.junit.platform.engine.support.hierarchical.HierarchicalTestExecutor.execute(HierarchicalTestExecutor.java:52)
	at org.junit.platform.engine.support.hierarchical.HierarchicalTestEngine.execute(HierarchicalTestEngine.java:58)
	at org.junit.platform.launcher.core.EngineExecutionOrchestrator.executeEngine(EngineExecutionOrchestrator.java:246)
	at org.junit.platform.launcher.core.EngineExecutionOrchestrator.failOrExecuteEngine(EngineExecutionOrchestrator.java:218)
	at org.junit.platform.launcher.core.EngineExecutionOrchestrator.execute(EngineExecutionOrchestrator.java:179)
	at org.junit.platform.launcher.core.EngineExecutionOrchestrator.execute(EngineExecutionOrchestrator.java:108)
	at org.junit.platform.launcher.core.EngineExecutionOrchestrator.lambda$execute$0(EngineExecutionOrchestrator.java:66)
	at org.junit.platform.launcher.core.EngineExecutionOrchestrator.withInterceptedStreams(EngineExecutionOrchestrator.java:157)
	at org.junit.platform.launcher.core.EngineExecutionOrchestrator.execute(EngineExecutionOrchestrator.java:65)
	at org.junit.platform.launcher.core.DefaultLauncher.execute(DefaultLauncher.java:125)
	at org.junit.platform.launcher.core.DefaultLauncher.execute(DefaultLauncher.java:114)
	at org.junit.platform.launcher.core.DefaultLauncher.execute(DefaultLauncher.java:93)
	at org.junit.platform.launcher.core.DelegatingLauncher.execute(DelegatingLauncher.java:48)
	at org.junit.platform.launcher.core.InterceptingLauncher.lambda$execute$0(InterceptingLauncher.java:41)
	at org.junit.platform.launcher.core.ClasspathAlignmentCheckingLauncherInterceptor.intercept(ClasspathAlignmentCheckingLauncherInterceptor.java:25)
	at org.junit.platform.launcher.core.InterceptingLauncher.execute(InterceptingLauncher.java:40)
	at org.junit.platform.launcher.core.DelegatingLauncher.execute(DelegatingLauncher.java:48)
	at org.junit.platform.launcher.core.SessionPerRequestLauncher.execute(SessionPerRequestLauncher.java:67)
	at com.intellij.junit6.JUnit6IdeaTestRunner.startRunnerWithArgs(JUnit6IdeaTestRunner.java:67)
	at com.intellij.rt.junit.IdeaTestRunner$Repeater$1.execute(IdeaTestRunner.java:38)
	at com.intellij.rt.execution.junit.TestsRepeater.repeat(TestsRepeater.java:11)
	at com.intellij.rt.junit.IdeaTestRunner$Repeater.startRunnerWithArgs(IdeaTestRunner.java:35)
	at com.intellij.rt.junit.JUnitStarter.prepareStreamsAndStart(JUnitStarter.java:237)
	at com.intellij.rt.junit.JUnitStarter.main(JUnitStarter.java:58)
Caused by: java.lang.StringIndexOutOfBoundsException: offset 5, count -269553430, length 8192
	at java.base/java.lang.String.checkBoundsOffCount(String.java:4591)
	at java.base/java.lang.String.<init>(String.java:523)
	at org.postgresql.core.Encoding.decode(Encoding.java:284)
	at org.postgresql.core.PGStream.receiveErrorString(PGStream.java:539)
	at org.postgresql.core.v3.ConnectionFactoryImpl.doAuthentication(ConnectionFactoryImpl.java:835)
	at org.postgresql.core.v3.ConnectionFactoryImpl.tryConnect(ConnectionFactoryImpl.java:309)
	at org.postgresql.core.v3.ConnectionFactoryImpl.openConnectionImpl(ConnectionFactoryImpl.java:367)
	at org.postgresql.core.ConnectionFactory.openConnection(ConnectionFactory.java:52)
	at org.postgresql.jdbc.PgConnection.<init>(PgConnection.java:295)
	at org.postgresql.Driver.makeConnection(Driver.java:437)
	at org.postgresql.Driver.connect(Driver.java:305)
	... 119 common frames omitted
2026-09-24 11:39:13 [main] WARN  o.s.w.c.s.GenericWebApplicationContext - Exception encountered during context initialization - cancelling refresh attempt: org.springframework.beans.factory.BeanCreationException: Error creating bean with name 'entityManagerFactory' defined in class path resource [org/springframework/boot/hibernate/autoconfigure/HibernateJpaConfiguration.class]: Failed to initialize dependency 'liquibase' of LoadTimeWeaverAware bean 'entityManagerFactory': Error creating bean with name 'liquibase' defined in class path resource [org/springframework/boot/liquibase/autoconfigure/LiquibaseAutoConfiguration$LiquibaseConfiguration.class]: liquibase.exception.DatabaseException: org.postgresql.util.PSQLException: Драйвер столкнулся с непредвиденной ошибкой. Сообщите об этом исключении.
2026-09-24 11:39:13 [main] DEBUG o.s.s.c.ThreadPoolTaskExecutor - Shutting down ExecutorService 'applicationTaskExecutor'
2026-09-24 11:39:13 [main] DEBUG o.s.b.a.l.ConditionEvaluationReportLogger - 


============================
CONDITIONS EVALUATION REPORT
============================


Positive matches:
-----------------

   AopAutoConfiguration matched:
      - @ConditionalOnBooleanProperty (spring.aop.auto=true) matched (OnPropertyCondition)

   AopAutoConfiguration.AspectJAutoProxyingConfiguration matched:
      - @ConditionalOnClass found required class 'org.aspectj.weaver.Advice' (OnClassCondition)

   AopAutoConfiguration.AspectJAutoProxyingConfiguration.CglibAutoProxyConfiguration matched:
      - @ConditionalOnBooleanProperty (spring.aop.proxy-target-class=true) matched (OnPropertyCondition)

   ApplicationAvailabilityAutoConfiguration#applicationAvailability matched:
      - @ConditionalOnMissingBean (types: org.springframework.boot.availability.ApplicationAvailability; SearchStrategy: all) did not find any beans (OnBeanCondition)

   DataJpaRepositoriesAutoConfiguration matched:
      - @ConditionalOnClass found required class 'org.springframework.data.jpa.repository.JpaRepository' (OnClassCondition)
      - @ConditionalOnBooleanProperty (spring.data.jpa.repositories.enabled=true) matched (OnPropertyCondition)
      - @ConditionalOnBean (types: javax.sql.DataSource; SearchStrategy: all) found bean 'dataSource'; @ConditionalOnMissingBean (types: org.springframework.data.jpa.repository.support.JpaRepositoryFactoryBean,org.springframework.data.jpa.repository.config.JpaRepositoryConfigExtension; SearchStrategy: all) did not find any beans (OnBeanCondition)

   DataSourceAutoConfiguration matched:
      - @ConditionalOnClass found required classes 'javax.sql.DataSource', 'org.springframework.jdbc.datasource.embedded.EmbeddedDatabaseType' (OnClassCondition)
      - @ConditionalOnMissingBean (types: io.r2dbc.spi.ConnectionFactory; SearchStrategy: all) did not find any beans (OnBeanCondition)

   DataSourceAutoConfiguration.PooledDataSourceConfiguration matched:
      - AnyNestedCondition 1 matched 1 did not; NestedCondition on DataSourceAutoConfiguration.PooledDataSourceCondition.PooledDataSourceAvailable PooledDataSource found supported DataSource; NestedCondition on DataSourceAutoConfiguration.PooledDataSourceCondition.ExplicitType @ConditionalOnProperty (spring.datasource.type) did not find property 'spring.datasource.type' (DataSourceAutoConfiguration.PooledDataSourceCondition)
      - @ConditionalOnMissingBean (types: javax.sql.DataSource,javax.sql.XADataSource; SearchStrategy: all) did not find any beans (OnBeanCondition)

   DataSourceAutoConfiguration.PooledDataSourceConfiguration#jdbcConnectionDetails matched:
      - @ConditionalOnMissingBean (types: org.springframework.boot.jdbc.autoconfigure.JdbcConnectionDetails; SearchStrategy: all) did not find any beans (OnBeanCondition)

   DataSourceConfiguration.Hikari matched:
      - @ConditionalOnClass found required class 'com.zaxxer.hikari.HikariDataSource' (OnClassCondition)
      - @ConditionalOnProperty (spring.datasource.type=com.zaxxer.hikari.HikariDataSource) matched (OnPropertyCondition)
      - @ConditionalOnMissingBean (types: javax.sql.DataSource; SearchStrategy: all) did not find any beans (OnBeanCondition)

   DataSourceInitializationAutoConfiguration matched:
      - @ConditionalOnClass found required class 'org.springframework.jdbc.datasource.init.DatabasePopulator' (OnClassCondition)
      - SQL InitializationDatabase Initialization default value is EMBEDDED (OnSqlInitializationCondition)
      - @ConditionalOnSingleCandidate (types: javax.sql.DataSource; SearchStrategy: all) found a single bean 'dataSource'; @ConditionalOnMissingBean (types: org.springframework.boot.sql.autoconfigure.init.ApplicationScriptDatabaseInitializer; SearchStrategy: all) did not find any beans (OnBeanCondition)

   DataSourcePoolMetadataProvidersConfiguration.HikariPoolDataSourceMetadataProviderConfiguration matched:
      - @ConditionalOnClass found required class 'com.zaxxer.hikari.HikariDataSource' (OnClassCondition)

   DataSourceTransactionManagerAutoConfiguration matched:
      - @ConditionalOnClass found required classes 'javax.sql.DataSource', 'org.springframework.jdbc.core.JdbcTemplate', 'org.springframework.transaction.TransactionManager' (OnClassCondition)

   DataSourceTransactionManagerAutoConfiguration.JdbcTransactionManagerConfiguration matched:
      - @ConditionalOnSingleCandidate (types: javax.sql.DataSource; SearchStrategy: all) found a single bean 'dataSource' (OnBeanCondition)

   DataWebAutoConfiguration matched:
      - @ConditionalOnClass found required classes 'org.springframework.data.web.PageableHandlerMethodArgumentResolver', 'org.springframework.web.servlet.config.annotation.WebMvcConfigurer' (OnClassCondition)
      - found 'session' scope (OnWebApplicationCondition)
      - @ConditionalOnMissingBean (types: org.springframework.data.web.PageableHandlerMethodArgumentResolver; SearchStrategy: all) did not find any beans (OnBeanCondition)

   DataWebAutoConfiguration#pageableCustomizer matched:
      - @ConditionalOnMissingBean (types: org.springframework.data.web.config.PageableHandlerMethodArgumentResolverCustomizer; SearchStrategy: all) did not find any beans (OnBeanCondition)

   DataWebAutoConfiguration#sortCustomizer matched:
      - @ConditionalOnMissingBean (types: org.springframework.data.web.config.SortHandlerMethodArgumentResolverCustomizer; SearchStrategy: all) did not find any beans (OnBeanCondition)

   DataWebAutoConfiguration#springDataWebSettings matched:
      - @ConditionalOnMissingBean (types: org.springframework.data.web.config.SpringDataWebSettings; SearchStrategy: all) did not find any beans (OnBeanCondition)

   DispatcherServletAutoConfiguration matched:
      - @ConditionalOnClass found required class 'org.springframework.web.servlet.DispatcherServlet' (OnClassCondition)
      - found 'session' scope (OnWebApplicationCondition)

   DispatcherServletAutoConfiguration.DispatcherServletConfiguration matched:
      - @ConditionalOnClass found required class 'jakarta.servlet.ServletRegistration' (OnClassCondition)
      - Default DispatcherServlet did not find dispatcher servlet beans (DispatcherServletAutoConfiguration.DefaultDispatcherServletCondition)

   DispatcherServletAutoConfiguration.DispatcherServletRegistrationConfiguration matched:
      - @ConditionalOnClass found required class 'jakarta.servlet.ServletRegistration' (OnClassCondition)
      - DispatcherServlet Registration did not find servlet registration bean (DispatcherServletAutoConfiguration.DispatcherServletRegistrationCondition)

   DispatcherServletAutoConfiguration.DispatcherServletRegistrationConfiguration#dispatcherServletRegistration matched:
      - @ConditionalOnBean (names: dispatcherServlet types: org.springframework.web.servlet.DispatcherServlet; SearchStrategy: all) found bean 'dispatcherServlet' (OnBeanCondition)

   ErrorMvcAutoConfiguration matched:
      - @ConditionalOnClass found required classes 'jakarta.servlet.Servlet', 'org.springframework.web.servlet.DispatcherServlet' (OnClassCondition)
      - found 'session' scope (OnWebApplicationCondition)

   ErrorMvcAutoConfiguration#basicErrorController matched:
      - @ConditionalOnMissingBean (types: org.springframework.boot.webmvc.error.ErrorController; SearchStrategy: current) did not find any beans (OnBeanCondition)

   ErrorMvcAutoConfiguration#errorAttributes matched:
      - @ConditionalOnMissingBean (types: org.springframework.boot.webmvc.error.ErrorAttributes; SearchStrategy: current) did not find any beans (OnBeanCondition)

   ErrorMvcAutoConfiguration.DefaultErrorViewResolverConfiguration#conventionErrorViewResolver matched:
      - @ConditionalOnBean (types: org.springframework.web.servlet.DispatcherServlet; SearchStrategy: all) found bean 'dispatcherServlet'; @ConditionalOnMissingBean (types: org.springframework.boot.webmvc.autoconfigure.error.ErrorViewResolver; SearchStrategy: all) did not find any beans (OnBeanCondition)

   ErrorMvcAutoConfiguration.WhitelabelErrorViewConfiguration matched:
      - @ConditionalOnBooleanProperty (spring.web.error.whitelabel.enabled=true) matched (OnPropertyCondition)
      - ErrorTemplate Missing did not find error template view (ErrorMvcAutoConfiguration.ErrorTemplateMissingCondition)

   ErrorMvcAutoConfiguration.WhitelabelErrorViewConfiguration#beanNameViewResolver matched:
      - @ConditionalOnMissingBean (types: org.springframework.web.servlet.view.BeanNameViewResolver; SearchStrategy: all) did not find any beans (OnBeanCondition)

   ErrorMvcAutoConfiguration.WhitelabelErrorViewConfiguration#defaultErrorView matched:
      - @ConditionalOnMissingBean (names: error; SearchStrategy: all) did not find any beans (OnBeanCondition)

   HibernateJpaAutoConfiguration matched:
      - @ConditionalOnClass found required classes 'org.springframework.orm.jpa.LocalContainerEntityManagerFactoryBean', 'jakarta.persistence.EntityManager', 'org.hibernate.engine.spi.SessionImplementor' (OnClassCondition)

   HibernateJpaConfiguration matched:
      - @ConditionalOnSingleCandidate (types: javax.sql.DataSource; SearchStrategy: all) found a single bean 'dataSource' (OnBeanCondition)

   HttpEncodingAutoConfiguration matched:
      - @ConditionalOnClass found required class 'org.springframework.web.filter.CharacterEncodingFilter' (OnClassCondition)
      - found 'session' scope (OnWebApplicationCondition)
      - @ConditionalOnBooleanProperty (spring.servlet.encoding.enabled=true) matched (OnPropertyCondition)

   HttpEncodingAutoConfiguration#characterEncodingFilter matched:
      - @ConditionalOnMissingBean (types: org.springframework.web.filter.CharacterEncodingFilter; SearchStrategy: all) did not find any beans (OnBeanCondition)

   HttpMessageConvertersAutoConfiguration matched:
      - @ConditionalOnClass found required class 'org.springframework.http.converter.HttpMessageConverter' (OnClassCondition)
      - NoneNestedConditions 0 matched 1 did not; NestedCondition on HttpMessageConvertersAutoConfiguration.NotReactiveWebApplicationCondition.ReactiveWebApplication did not find reactive web application classes (HttpMessageConvertersAutoConfiguration.NotReactiveWebApplicationCondition)

   HttpMessageConvertersAutoConfiguration.StringHttpMessageConverterConfiguration#stringHttpMessageConvertersCustomizer matched:
      - @ConditionalOnMissingBean (types: org.springframework.http.converter.StringHttpMessageConverter; SearchStrategy: all) did not find any beans (OnBeanCondition)

   JacksonAutoConfiguration matched:
      - @ConditionalOnClass found required class 'tools.jackson.databind.json.JsonMapper' (OnClassCondition)

   JacksonAutoConfiguration#jacksonJsonMapper matched:
      - @ConditionalOnMissingBean (types: tools.jackson.databind.json.JsonMapper; SearchStrategy: all) did not find any beans (OnBeanCondition)

   JacksonAutoConfiguration#jsonFactory matched:
      - @ConditionalOnMissingBean (types: tools.jackson.core.json.JsonFactory; SearchStrategy: all) did not find any beans (OnBeanCondition)

   JacksonAutoConfiguration#jsonMapperBuilder matched:
      - @ConditionalOnMissingBean (types: tools.jackson.databind.json.JsonMapper$Builder; SearchStrategy: all) did not find any beans (OnBeanCondition)

   JacksonAutoConfiguration.JsonProblemDetailsConfiguration matched:
      - @ConditionalOnClass found required class 'org.springframework.http.ProblemDetail' (OnClassCondition)

   JacksonHttpMessageConvertersConfiguration.JacksonJsonHttpMessageConverterConfiguration matched:
      - @ConditionalOnClass found required class 'tools.jackson.databind.json.JsonMapper' (OnClassCondition)
      - @ConditionalOnProperty (spring.http.converters.preferred-json-mapper=jackson) matched (OnPropertyCondition)
      - @ConditionalOnBean (types: tools.jackson.databind.json.JsonMapper; SearchStrategy: all) found bean 'jacksonJsonMapper' (OnBeanCondition)

   JacksonHttpMessageConvertersConfiguration.JacksonJsonHttpMessageConverterConfiguration#jacksonJsonHttpMessageConvertersCustomizer matched:
      - @ConditionalOnMissingBean (types: org.springframework.http.converter.json.JacksonJsonHttpMessageConverter ignored: org.springframework.hateoas.server.mvc.TypeConstrainedJacksonJsonHttpMessageConverter,org.springframework.data.rest.webmvc.alps.AlpsJacksonJsonHttpMessageConverter; SearchStrategy: all) did not find any beans (OnBeanCondition)

   JdbcClientAutoConfiguration matched:
      - @ConditionalOnSingleCandidate (types: org.springframework.jdbc.core.namedparam.NamedParameterJdbcTemplate; SearchStrategy: all) found a single bean 'namedParameterJdbcTemplate'; @ConditionalOnMissingBean (types: org.springframework.jdbc.core.simple.JdbcClient; SearchStrategy: all) did not find any beans (OnBeanCondition)

   JdbcTemplateAutoConfiguration matched:
      - @ConditionalOnClass found required classes 'javax.sql.DataSource', 'org.springframework.jdbc.core.JdbcTemplate' (OnClassCondition)
      - @ConditionalOnSingleCandidate (types: javax.sql.DataSource; SearchStrategy: all) found a single bean 'dataSource' (OnBeanCondition)

   JdbcTemplateConfiguration matched:
      - @ConditionalOnMissingBean (types: org.springframework.jdbc.core.JdbcOperations; SearchStrategy: all) did not find any beans (OnBeanCondition)

   JpaBaseConfiguration#entityManagerFactory matched:
      - @ConditionalOnMissingBean (types: org.springframework.orm.jpa.LocalContainerEntityManagerFactoryBean,jakarta.persistence.EntityManagerFactory; SearchStrategy: all) did not find any beans (OnBeanCondition)

   JpaBaseConfiguration#entityManagerFactoryBuilder matched:
      - @ConditionalOnMissingBean (types: org.springframework.boot.jpa.EntityManagerFactoryBuilder; SearchStrategy: all) did not find any beans (OnBeanCondition)

   JpaBaseConfiguration#jpaVendorAdapter matched:
      - @ConditionalOnMissingBean (types: org.springframework.orm.jpa.JpaVendorAdapter; SearchStrategy: all) did not find any beans (OnBeanCondition)

   JpaBaseConfiguration#transactionManager matched:
      - @ConditionalOnMissingBean (types: org.springframework.transaction.TransactionManager; SearchStrategy: all) did not find any beans (OnBeanCondition)

   JpaBaseConfiguration.PersistenceManagedTypesConfiguration matched:
      - @ConditionalOnMissingBean (types: org.springframework.orm.jpa.LocalContainerEntityManagerFactoryBean,jakarta.persistence.EntityManagerFactory; SearchStrategy: all) did not find any beans (OnBeanCondition)

   JpaBaseConfiguration.PersistenceManagedTypesConfiguration#persistenceManagedTypes matched:
      - @ConditionalOnMissingBean (types: org.springframework.orm.jpa.persistenceunit.PersistenceManagedTypes; SearchStrategy: all) did not find any beans (OnBeanCondition)

   JtaAutoConfiguration matched:
      - @ConditionalOnClass found required class 'jakarta.transaction.Transaction' (OnClassCondition)
      - @ConditionalOnBooleanProperty (spring.jta.enabled=true) matched (OnPropertyCondition)

   KafkaAnnotationDrivenConfiguration matched:
      - @ConditionalOnClass found required class 'org.springframework.kafka.annotation.EnableKafka' (OnClassCondition)

   KafkaAnnotationDrivenConfiguration#kafkaListenerContainerFactory matched:
      - @ConditionalOnMissingBean (names: kafkaListenerContainerFactory; SearchStrategy: all) did not find any beans (OnBeanCondition)

   KafkaAnnotationDrivenConfiguration#kafkaListenerContainerFactoryConfigurer matched:
      - @ConditionalOnMissingBean (types: org.springframework.boot.kafka.autoconfigure.ConcurrentKafkaListenerContainerFactoryConfigurer; SearchStrategy: all) did not find any beans (OnBeanCondition)
      - @ConditionalOnThreading found PLATFORM (OnThreadingCondition)

   KafkaAnnotationDrivenConfiguration.EnableKafkaConfiguration matched:
      - @ConditionalOnMissingBean (names: org.springframework.kafka.config.internalKafkaListenerAnnotationProcessor; SearchStrategy: all) did not find any beans (OnBeanCondition)

   KafkaAutoConfiguration matched:
      - @ConditionalOnClass found required class 'org.springframework.kafka.core.KafkaTemplate' (OnClassCondition)

   KafkaAutoConfiguration#kafkaAdmin matched:
      - @ConditionalOnMissingBean (types: org.springframework.kafka.core.KafkaAdmin; SearchStrategy: all) did not find any beans (OnBeanCondition)

   KafkaAutoConfiguration#kafkaConnectionDetails matched:
      - @ConditionalOnMissingBean (types: org.springframework.boot.kafka.autoconfigure.KafkaConnectionDetails; SearchStrategy: all) did not find any beans (OnBeanCondition)

   KafkaAutoConfiguration#kafkaConsumerFactory matched:
      - @ConditionalOnMissingBean (types: org.springframework.kafka.core.ConsumerFactory; SearchStrategy: all) did not find any beans (OnBeanCondition)

   KafkaAutoConfiguration#kafkaProducerFactory matched:
      - @ConditionalOnMissingBean (types: org.springframework.kafka.core.ProducerFactory; SearchStrategy: all) did not find any beans (OnBeanCondition)

   KafkaAutoConfiguration#kafkaProducerListener matched:
      - @ConditionalOnMissingBean (types: org.springframework.kafka.support.ProducerListener; SearchStrategy: all) did not find any beans (OnBeanCondition)

   KafkaAutoConfiguration#kafkaTemplate matched:
      - @ConditionalOnMissingBean (types: org.springframework.kafka.core.KafkaTemplate; SearchStrategy: all) did not find any beans (OnBeanCondition)

   LifecycleAutoConfiguration#defaultLifecycleProcessor matched:
      - @ConditionalOnMissingBean (names: lifecycleProcessor; SearchStrategy: current) did not find any beans (OnBeanCondition)

   LiquibaseAutoConfiguration matched:
      - @ConditionalOnClass found required classes 'liquibase.integration.spring.SpringLiquibase', 'liquibase.change.DatabaseChange' (OnClassCondition)
      - @ConditionalOnBooleanProperty (spring.liquibase.enabled=true) matched (OnPropertyCondition)
      - AnyNestedCondition 2 matched 1 did not; NestedCondition on LiquibaseAutoConfiguration.LiquibaseDataSourceCondition.LiquibaseUrlCondition @ConditionalOnProperty (spring.liquibase.url) did not find property 'spring.liquibase.url'; NestedCondition on LiquibaseAutoConfiguration.LiquibaseDataSourceCondition.JdbcConnectionDetailsCondition @ConditionalOnBean (types: org.springframework.boot.jdbc.autoconfigure.JdbcConnectionDetails; SearchStrategy: all) found bean 'jdbcConnectionDetails'; NestedCondition on LiquibaseAutoConfiguration.LiquibaseDataSourceCondition.DataSourceBeanCondition @ConditionalOnBean (types: javax.sql.DataSource; SearchStrategy: all) found bean 'dataSource' (LiquibaseAutoConfiguration.LiquibaseDataSourceCondition)

   LiquibaseAutoConfiguration.CustomizerConfiguration matched:
      - @ConditionalOnClass found required class 'liquibase.integration.spring.Customizer' (OnClassCondition)

   LiquibaseAutoConfiguration.LiquibaseConfiguration matched:
      - @ConditionalOnClass found required class 'org.springframework.jdbc.core.ConnectionCallback' (OnClassCondition)
      - @ConditionalOnMissingBean (types: liquibase.integration.spring.SpringLiquibase; SearchStrategy: all) did not find any beans (OnBeanCondition)

   LiquibaseAutoConfiguration.LiquibaseConfiguration#liquibaseConnectionDetails matched:
      - @ConditionalOnMissingBean (types: org.springframework.boot.liquibase.autoconfigure.LiquibaseConnectionDetails; SearchStrategy: all) did not find any beans (OnBeanCondition)

   MultipartAutoConfiguration matched:
      - @ConditionalOnClass found required classes 'jakarta.servlet.Servlet', 'org.springframework.web.multipart.support.StandardServletMultipartResolver', 'jakarta.servlet.MultipartConfigElement' (OnClassCondition)
      - found 'session' scope (OnWebApplicationCondition)
      - @ConditionalOnBooleanProperty (spring.servlet.multipart.enabled=true) matched (OnPropertyCondition)

   MultipartAutoConfiguration#multipartConfigElement matched:
      - @ConditionalOnMissingBean (types: jakarta.servlet.MultipartConfigElement; SearchStrategy: all) did not find any beans (OnBeanCondition)

   MultipartAutoConfiguration#multipartResolver matched:
      - @ConditionalOnMissingBean (types: org.springframework.web.multipart.MultipartResolver; SearchStrategy: all) did not find any beans (OnBeanCondition)

   NamedParameterJdbcTemplateConfiguration matched:
      - @ConditionalOnSingleCandidate (types: org.springframework.jdbc.core.JdbcTemplate; SearchStrategy: all) found a single bean 'jdbcTemplate'; @ConditionalOnMissingBean (types: org.springframework.jdbc.core.namedparam.NamedParameterJdbcOperations; SearchStrategy: all) did not find any beans (OnBeanCondition)

   PersistenceExceptionTranslationAutoConfiguration matched:
      - @ConditionalOnClass found required class 'org.springframework.dao.annotation.PersistenceExceptionTranslationPostProcessor' (OnClassCondition)

   PersistenceExceptionTranslationAutoConfiguration#persistenceExceptionTranslationPostProcessor matched:
      - @ConditionalOnBooleanProperty (spring.persistence.exceptiontranslation.enabled=true) matched (OnPropertyCondition)
      - @ConditionalOnMissingBean (types: org.springframework.dao.annotation.PersistenceExceptionTranslationPostProcessor; SearchStrategy: all) did not find any beans (OnBeanCondition)

   PropertyPlaceholderAutoConfiguration#propertySourcesPlaceholderConfigurer matched:
      - @ConditionalOnMissingBean (types: org.springframework.context.support.PropertySourcesPlaceholderConfigurer; SearchStrategy: current) did not find any beans (OnBeanCondition)

   SslAutoConfiguration#sslBundleRegistry matched:
      - @ConditionalOnMissingBean (types: org.springframework.boot.ssl.SslBundleRegistry,org.springframework.boot.ssl.SslBundles; SearchStrategy: all) did not find any beans (OnBeanCondition)

   TaskExecutionAutoConfiguration matched:
      - @ConditionalOnClass found required class 'org.springframework.scheduling.concurrent.ThreadPoolTaskExecutor' (OnClassCondition)

   TaskExecutorConfigurations.AsyncConfigurerConfiguration matched:
      - @ConditionalOnMissingBean (types: org.springframework.scheduling.annotation.AsyncConfigurer; SearchStrategy: all) did not find any beans (OnBeanCondition)

   TaskExecutorConfigurations.SimpleAsyncTaskExecutorBuilderConfiguration#simpleAsyncTaskExecutorBuilder matched:
      - @ConditionalOnMissingBean (types: org.springframework.boot.task.SimpleAsyncTaskExecutorBuilder; SearchStrategy: all) did not find any beans (OnBeanCondition)
      - @ConditionalOnThreading found PLATFORM (OnThreadingCondition)

   TaskExecutorConfigurations.TaskExecutorConfiguration matched:
      - AnyNestedCondition 1 matched 1 did not; NestedCondition on TaskExecutorConfigurations.OnExecutorCondition.ModelCondition @ConditionalOnProperty (spring.task.execution.mode=force) did not find property 'spring.task.execution.mode'; NestedCondition on TaskExecutorConfigurations.OnExecutorCondition.ExecutorBeanCondition @ConditionalOnMissingBean (types: java.util.concurrent.Executor; SearchStrategy: all) did not find any beans (TaskExecutorConfigurations.OnExecutorCondition)

   TaskExecutorConfigurations.TaskExecutorConfiguration#applicationTaskExecutor matched:
      - @ConditionalOnThreading found PLATFORM (OnThreadingCondition)

   TaskExecutorConfigurations.ThreadPoolTaskExecutorBuilderConfiguration#threadPoolTaskExecutorBuilder matched:
      - @ConditionalOnMissingBean (types: org.springframework.boot.task.ThreadPoolTaskExecutorBuilder; SearchStrategy: all) did not find any beans (OnBeanCondition)

   TaskSchedulingAutoConfiguration matched:
      - @ConditionalOnClass found required class 'org.springframework.scheduling.concurrent.ThreadPoolTaskScheduler' (OnClassCondition)

   TaskSchedulingConfigurations.SimpleAsyncTaskSchedulerBuilderConfiguration#simpleAsyncTaskSchedulerBuilder matched:
      - @ConditionalOnMissingBean (types: org.springframework.boot.task.SimpleAsyncTaskSchedulerBuilder; SearchStrategy: all) did not find any beans (OnBeanCondition)
      - @ConditionalOnThreading found PLATFORM (OnThreadingCondition)

   TaskSchedulingConfigurations.ThreadPoolTaskSchedulerBuilderConfiguration#threadPoolTaskSchedulerBuilder matched:
      - @ConditionalOnMissingBean (types: org.springframework.boot.task.ThreadPoolTaskSchedulerBuilder; SearchStrategy: all) did not find any beans (OnBeanCondition)

   TomcatServletWebServerAutoConfiguration matched:
      - @ConditionalOnClass found required classes 'jakarta.servlet.ServletRequest', 'org.apache.catalina.startup.Tomcat', 'org.apache.coyote.UpgradeProtocol', 'org.springframework.boot.tomcat.servlet.TomcatServletWebServerFactory' (OnClassCondition)
      - found 'session' scope (OnWebApplicationCondition)

   TomcatServletWebServerAutoConfiguration#tomcatServletWebServerFactory matched:
      - @ConditionalOnMissingBean (types: org.springframework.boot.web.server.servlet.ServletWebServerFactory; SearchStrategy: current) did not find any beans (OnBeanCondition)

   TransactionAutoConfiguration matched:
      - @ConditionalOnClass found required class 'org.springframework.transaction.PlatformTransactionManager' (OnClassCondition)

   TransactionAutoConfiguration.EnableTransactionManagementConfiguration matched:
      - @ConditionalOnBean (types: org.springframework.transaction.TransactionManager; SearchStrategy: all) found bean 'transactionManager'; @ConditionalOnMissingBean (types: org.springframework.transaction.annotation.AbstractTransactionManagementConfiguration; SearchStrategy: all) did not find any beans (OnBeanCondition)

   TransactionAutoConfiguration.EnableTransactionManagementConfiguration.CglibAutoProxyConfiguration matched:
      - @ConditionalOnBooleanProperty (spring.aop.proxy-target-class=true) matched (OnPropertyCondition)

   TransactionAutoConfiguration.TransactionTemplateConfiguration matched:
      - @ConditionalOnSingleCandidate (types: org.springframework.transaction.PlatformTransactionManager; SearchStrategy: all) found a single bean 'transactionManager' (OnBeanCondition)

   TransactionAutoConfiguration.TransactionTemplateConfiguration#transactionTemplate matched:
      - @ConditionalOnMissingBean (types: org.springframework.transaction.support.TransactionOperations; SearchStrategy: all) did not find any beans (OnBeanCondition)

   TransactionManagerCustomizationAutoConfiguration matched:
      - @ConditionalOnClass found required class 'org.springframework.transaction.PlatformTransactionManager' (OnClassCondition)

   TransactionManagerCustomizationAutoConfiguration#platformTransactionManagerCustomizers matched:
      - @ConditionalOnMissingBean (types: org.springframework.boot.transaction.autoconfigure.TransactionManagerCustomizers; SearchStrategy: all) did not find any beans (OnBeanCondition)

   ValidationAutoConfiguration matched:
      - @ConditionalOnClass found required class 'jakarta.validation.executable.ExecutableValidator' (OnClassCondition)
      - @ConditionalOnResource found location classpath:META-INF/services/jakarta.validation.spi.ValidationProvider (OnResourceCondition)

   ValidationAutoConfiguration#defaultValidator matched:
      - @ConditionalOnMissingBean (types: jakarta.validation.Validator; SearchStrategy: all) did not find any beans (OnBeanCondition)

   ValidationAutoConfiguration#methodValidationPostProcessor matched:
      - @ConditionalOnMissingBean (types: org.springframework.validation.beanvalidation.MethodValidationPostProcessor; SearchStrategy: current) did not find any beans (OnBeanCondition)

   WebMvcAutoConfiguration matched:
      - @ConditionalOnClass found required classes 'jakarta.servlet.Servlet', 'org.springframework.web.servlet.DispatcherServlet', 'org.springframework.web.servlet.config.annotation.WebMvcConfigurer' (OnClassCondition)
      - found 'session' scope (OnWebApplicationCondition)
      - @ConditionalOnMissingBean (types: org.springframework.web.servlet.config.annotation.WebMvcConfigurationSupport; SearchStrategy: all) did not find any beans (OnBeanCondition)

   WebMvcAutoConfiguration#formContentFilter matched:
      - @ConditionalOnBooleanProperty (spring.mvc.formcontent.filter.enabled=true) matched (OnPropertyCondition)
      - @ConditionalOnMissingBean (types: org.springframework.web.filter.FormContentFilter; SearchStrategy: all) did not find any beans (OnBeanCondition)

   WebMvcAutoConfiguration.EnableWebMvcConfiguration#flashMapManager matched:
      - @ConditionalOnMissingBean (names: flashMapManager; SearchStrategy: all) did not find any beans (OnBeanCondition)

   WebMvcAutoConfiguration.EnableWebMvcConfiguration#localeResolver matched:
      - @ConditionalOnMissingBean (names: localeResolver; SearchStrategy: all) did not find any beans (OnBeanCondition)

   WebMvcAutoConfiguration.EnableWebMvcConfiguration#viewNameTranslator matched:
      - @ConditionalOnMissingBean (names: viewNameTranslator; SearchStrategy: all) did not find any beans (OnBeanCondition)

   WebMvcAutoConfiguration.WebMvcAutoConfigurationAdapter#defaultViewResolver matched:
      - @ConditionalOnMissingBean (types: org.springframework.web.servlet.view.InternalResourceViewResolver; SearchStrategy: all) did not find any beans (OnBeanCondition)

   WebMvcAutoConfiguration.WebMvcAutoConfigurationAdapter#requestContextFilter matched:
      - @ConditionalOnMissingBean (types: org.springframework.web.context.request.RequestContextListener,org.springframework.web.filter.RequestContextFilter; SearchStrategy: all) did not find any beans (OnBeanCondition)

   WebMvcAutoConfiguration.WebMvcAutoConfigurationAdapter#viewResolver matched:
      - @ConditionalOnBean (types: org.springframework.web.servlet.ViewResolver; SearchStrategy: all) found beans 'defaultViewResolver', 'beanNameViewResolver', 'mvcViewResolver'; @ConditionalOnMissingBean (names: viewResolver types: org.springframework.web.servlet.view.ContentNegotiatingViewResolver; SearchStrategy: all) did not find any beans (OnBeanCondition)


Negative matches:
-----------------

   AopAutoConfiguration.AspectJAutoProxyingConfiguration.JdkDynamicAutoProxyConfiguration:
      Did not match:
         - @ConditionalOnBooleanProperty (spring.aop.proxy-target-class=false) did not find property 'spring.aop.proxy-target-class' (OnPropertyCondition)

   AopAutoConfiguration.ClassProxyingConfiguration:
      Did not match:
         - @ConditionalOnMissingClass found unwanted class 'org.aspectj.weaver.Advice' (OnClassCondition)

   DataJpaRepositoriesAutoConfiguration#entityManagerFactoryBootstrapExecutorCustomizer:
      Did not match:
         - @ConditionalOnProperty (spring.data.jpa.repositories.bootstrap-mode=deferred) did not find property 'spring.data.jpa.repositories.bootstrap-mode' (OnPropertyCondition)

   DataRepositoryMetricsAutoConfiguration:
      Did not match:
         - @ConditionalOnBean did not find required type 'io.micrometer.core.instrument.MeterRegistry' (OnBeanCondition)

   DataSourceAutoConfiguration.EmbeddedDatabaseConfiguration:
      Did not match:
         - EmbeddedDataSource spring.datasource.url is set (DataSourceAutoConfiguration.EmbeddedDatabaseCondition)

   DataSourceCheckpointRestoreConfiguration:
      Did not match:
         - @ConditionalOnClass did not find required class 'org.crac.Resource' (OnClassCondition)

   DataSourceConfiguration.Dbcp2:
      Did not match:
         - @ConditionalOnClass did not find required class 'org.apache.commons.dbcp2.BasicDataSource' (OnClassCondition)

   DataSourceConfiguration.Generic:
      Did not match:
         - @ConditionalOnProperty (spring.datasource.type) did not find property 'spring.datasource.type' (OnPropertyCondition)

   DataSourceConfiguration.OracleUcp:
      Did not match:
         - @ConditionalOnClass did not find required classes 'oracle.ucp.jdbc.PoolDataSourceImpl', 'oracle.jdbc.OracleConnection' (OnClassCondition)

   DataSourceConfiguration.Tomcat:
      Did not match:
         - @ConditionalOnClass did not find required class 'org.apache.tomcat.jdbc.pool.DataSource' (OnClassCondition)

   DataSourceHealthContributorAutoConfiguration:
      Did not match:
         - @ConditionalOnClass did not find required class 'org.springframework.boot.health.autoconfigure.contributor.ConditionalOnEnabledHealthIndicator' (OnClassCondition)

   DataSourceJmxConfiguration:
      Did not match:
         - @ConditionalOnBooleanProperty (spring.jmx.enabled=true) found different value in property 'spring.jmx.enabled' (OnPropertyCondition)

   DataSourcePoolMetadataProvidersConfiguration.CommonsDbcp2PoolDataSourceMetadataProviderConfiguration:
      Did not match:
         - @ConditionalOnClass did not find required class 'org.apache.commons.dbcp2.BasicDataSource' (OnClassCondition)

   DataSourcePoolMetadataProvidersConfiguration.OracleUcpPoolDataSourceMetadataProviderConfiguration:
      Did not match:
         - @ConditionalOnClass did not find required classes 'oracle.ucp.jdbc.PoolDataSource', 'oracle.jdbc.OracleConnection' (OnClassCondition)

   DataSourcePoolMetadataProvidersConfiguration.TomcatDataSourcePoolMetadataProviderConfiguration:
      Did not match:
         - @ConditionalOnClass did not find required class 'org.apache.tomcat.jdbc.pool.DataSource' (OnClassCondition)

   DataSourcePoolMetricsAutoConfiguration:
      Did not match:
         - @ConditionalOnClass did not find required class 'io.micrometer.core.instrument.MeterRegistry' (OnClassCondition)

   DataSourceTransactionManagerAutoConfiguration.JdbcTransactionManagerConfiguration#transactionManager:
      Did not match:
         - @ConditionalOnMissingBean (types: org.springframework.transaction.TransactionManager; SearchStrategy: all) found beans of type 'org.springframework.transaction.TransactionManager' transactionManager (OnBeanCondition)

   DispatcherServletAutoConfiguration.DispatcherServletConfiguration#multipartResolver:
      Did not match:
         - @ConditionalOnBean (types: org.springframework.web.multipart.MultipartResolver; SearchStrategy: all) did not find any beans of type org.springframework.web.multipart.MultipartResolver (OnBeanCondition)

   GsonHttpMessageConvertersConfiguration:
      Did not match:
         - @ConditionalOnClass did not find required class 'com.google.gson.Gson' (OnClassCondition)

   HibernateMetricsAutoConfiguration:
      Did not match:
         - @ConditionalOnClass did not find required class 'io.micrometer.core.instrument.MeterRegistry' (OnClassCondition)

   Jackson2HttpMessageConvertersConfiguration.MappingJackson2HttpMessageConverterConfiguration:
      Did not match:
         - AnyNestedCondition 0 matched 2 did not; NestedCondition on Jackson2HttpMessageConvertersConfiguration.PreferJackson2OrJacksonUnavailableCondition.JacksonUnavailable @ConditionalOnMissingBean (types: org.springframework.boot.http.converter.autoconfigure.JacksonHttpMessageConvertersConfiguration$JacksonJsonHttpMessageConvertersCustomizer; SearchStrategy: all) found beans of type 'org.springframework.boot.http.converter.autoconfigure.JacksonHttpMessageConvertersConfiguration$JacksonJsonHttpMessageConvertersCustomizer' jacksonJsonHttpMessageConvertersCustomizer; NestedCondition on Jackson2HttpMessageConvertersConfiguration.PreferJackson2OrJacksonUnavailableCondition.Jackson2Preferred @ConditionalOnProperty (spring.http.converters.preferred-json-mapper=jackson2) did not find property 'spring.http.converters.preferred-json-mapper' (Jackson2HttpMessageConvertersConfiguration.PreferJackson2OrJacksonUnavailableCondition)
      Matched:
         - @ConditionalOnClass found required class 'com.fasterxml.jackson.databind.ObjectMapper' (OnClassCondition)

   Jackson2HttpMessageConvertersConfiguration.MappingJackson2XmlHttpMessageConverterConfiguration:
      Did not match:
         - @ConditionalOnClass did not find required class 'com.fasterxml.jackson.dataformat.xml.XmlMapper' (OnClassCondition)

   JacksonAutoConfiguration.CborConfiguration:
      Did not match:
         - @ConditionalOnClass did not find required class 'tools.jackson.dataformat.cbor.CBORMapper' (OnClassCondition)

   JacksonAutoConfiguration.XmlConfiguration:
      Did not match:
         - @ConditionalOnClass did not find required class 'tools.jackson.dataformat.xml.XmlMapper' (OnClassCondition)

   JacksonHttpMessageConvertersConfiguration.JacksonXmlHttpMessageConverterConfiguration:
      Did not match:
         - @ConditionalOnClass did not find required class 'tools.jackson.dataformat.xml.XmlMapper' (OnClassCondition)

   JmxAutoConfiguration:
      Did not match:
         - @ConditionalOnBooleanProperty (spring.jmx.enabled=true) found different value in property 'spring.jmx.enabled' (OnPropertyCondition)
      Matched:
         - @ConditionalOnClass found required class 'org.springframework.jmx.export.MBeanExporter' (OnClassCondition)

   JndiDataSourceAutoConfiguration:
      Did not match:
         - @ConditionalOnProperty (spring.datasource.jndi-name) did not find property 'spring.datasource.jndi-name' (OnPropertyCondition)
      Matched:
         - @ConditionalOnClass found required classes 'javax.sql.DataSource', 'org.springframework.jdbc.datasource.embedded.EmbeddedDatabaseType' (OnClassCondition)

   JndiJtaConfiguration:
      Did not match:
         - @ConditionalOnJndi JNDI environment is not available (OnJndiCondition)
      Matched:
         - @ConditionalOnClass found required class 'org.springframework.transaction.jta.JtaTransactionManager' (OnClassCondition)

   JpaBaseConfiguration.JpaWebConfiguration:
      Did not match:
         - @ConditionalOnBooleanProperty (spring.jpa.open-in-view=true) found different value in property 'spring.jpa.open-in-view' (OnPropertyCondition)
      Matched:
         - @ConditionalOnClass found required class 'org.springframework.web.servlet.config.annotation.WebMvcConfigurer' (OnClassCondition)
         - found 'session' scope (OnWebApplicationCondition)

   JsonbHttpMessageConvertersConfiguration:
      Did not match:
         - @ConditionalOnClass did not find required class 'jakarta.json.bind.Jsonb' (OnClassCondition)

   KafkaAnnotationDrivenConfiguration#kafkaListenerContainerFactoryConfigurerVirtualThreads:
      Did not match:
         - @ConditionalOnMissingBean (types: org.springframework.boot.kafka.autoconfigure.ConcurrentKafkaListenerContainerFactoryConfigurer; SearchStrategy: all) found beans of type 'org.springframework.boot.kafka.autoconfigure.ConcurrentKafkaListenerContainerFactoryConfigurer' kafkaListenerContainerFactoryConfigurer (OnBeanCondition)

   KafkaAutoConfiguration#kafkaJaasInitializer:
      Did not match:
         - @ConditionalOnBooleanProperty (spring.kafka.jaas.enabled=true) did not find property 'spring.kafka.jaas.enabled' (OnPropertyCondition)

   KafkaAutoConfiguration#kafkaRetryTopicConfiguration:
      Did not match:
         - @ConditionalOnBooleanProperty (spring.kafka.retry.topic.enabled=true) did not find property 'spring.kafka.retry.topic.enabled' (OnPropertyCondition)

   KafkaAutoConfiguration#kafkaTransactionManager:
      Did not match:
         - @ConditionalOnProperty (spring.kafka.producer.transaction-id-prefix) did not find property 'spring.kafka.producer.transaction-id-prefix' (OnPropertyCondition)

   KafkaMetricsAutoConfiguration:
      Did not match:
         - @ConditionalOnClass did not find required class 'io.micrometer.core.instrument.binder.kafka.KafkaClientMetrics' (OnClassCondition)

   KafkaStreamsAnnotationDrivenConfiguration:
      Did not match:
         - @ConditionalOnBean (names: defaultKafkaStreamsBuilder; SearchStrategy: all) did not find any beans named defaultKafkaStreamsBuilder (OnBeanCondition)
      Matched:
         - @ConditionalOnClass found required class 'org.apache.kafka.streams.StreamsBuilder' (OnClassCondition)

   KotlinSerializationHttpMessageConvertersConfiguration:
      Did not match:
         - @ConditionalOnClass did not find required classes 'kotlinx.serialization.Serializable', 'kotlinx.serialization.json.Json' (OnClassCondition)

   LazyConnectionDataSourceConfiguration:
      Did not match:
         - @ConditionalOnProperty (spring.datasource.connection-fetch=lazy) did not find property 'spring.datasource.connection-fetch' (OnPropertyCondition)

   LiquibaseAutoConfiguration.CustomizerConfiguration#springLiquibaseCustomizer:
      Did not match:
         - @ConditionalOnBean (types: liquibase.integration.spring.Customizer; SearchStrategy: all) did not find any beans of type liquibase.integration.spring.Customizer (OnBeanCondition)

   LiquibaseEndpointAutoConfiguration:
      Did not match:
         - @ConditionalOnClass did not find required class 'org.springframework.boot.actuate.autoconfigure.endpoint.condition.ConditionalOnAvailableEndpoint' (OnClassCondition)

   MessageSourceAutoConfiguration:
      Did not match:
         - ResourceBundle did not find bundle with basename messages (MessageSourceAutoConfiguration.ResourceBundleCondition)

   ProjectInfoAutoConfiguration#buildProperties:
      Did not match:
         - @ConditionalOnResource did not find resource '${spring.info.build.location:classpath:META-INF/build-info.properties}' (OnResourceCondition)

   ProjectInfoAutoConfiguration#gitProperties:
      Did not match:
         - GitResource did not find git info at classpath:git.properties (ProjectInfoAutoConfiguration.GitResourceAvailableCondition)

   ServletHttpExchangesAutoConfiguration:
      Did not match:
         - @ConditionalOnBean did not find required type 'org.springframework.boot.actuate.web.exchanges.HttpExchangeRepository' (OnBeanCondition)

   ServletManagementContextAutoConfiguration:
      Did not match:
         - @ConditionalOnClass did not find required class 'org.springframework.boot.actuate.autoconfigure.endpoint.web.WebEndpointProperties' (OnClassCondition)

   ServletMappingsAutoConfiguration:
      Did not match:
         - @ConditionalOnClass did not find required class 'org.springframework.boot.actuate.autoconfigure.endpoint.condition.ConditionalOnAvailableEndpoint' (OnClassCondition)

   ServletWebServerConfiguration#forwardedHeaderFilter:
      Did not match:
         - @ConditionalOnProperty (server.forward-headers-strategy=framework) did not find property 'server.forward-headers-strategy' (OnPropertyCondition)

   SpringApplicationAdminJmxAutoConfiguration:
      Did not match:
         - @ConditionalOnBooleanProperty (spring.application.admin.enabled=true) did not find property 'spring.application.admin.enabled' (OnPropertyCondition)

   TaskExecutorConfigurations.AsyncConfigurerWrapperConfiguration:
      Did not match:
         - @ConditionalOnBean (types: org.springframework.scheduling.annotation.AsyncConfigurer; SearchStrategy: all) did not find any beans of type org.springframework.scheduling.annotation.AsyncConfigurer (OnBeanCondition)

   TaskExecutorConfigurations.SimpleAsyncTaskExecutorBuilderConfiguration#simpleAsyncTaskExecutorBuilderVirtualThreads:
      Did not match:
         - @ConditionalOnMissingBean (types: org.springframework.boot.task.SimpleAsyncTaskExecutorBuilder; SearchStrategy: all) found beans of type 'org.springframework.boot.task.SimpleAsyncTaskExecutorBuilder' simpleAsyncTaskExecutorBuilder (OnBeanCondition)

   TaskExecutorConfigurations.TaskExecutorConfiguration#applicationTaskExecutorVirtualThreads:
      Did not match:
         - @ConditionalOnThreading did not find VIRTUAL (OnThreadingCondition)

   TaskExecutorConfigurations.TaskExecutorContextPropagationConfiguration:
      Did not match:
         - @ConditionalOnClass did not find required class 'io.micrometer.context.ContextSnapshot' (OnClassCondition)

   TaskSchedulingAutoConfiguration#scheduledBeanLazyInitializationExcludeFilter:
      Did not match:
         - @ConditionalOnBean (names: org.springframework.scheduling.config.internalScheduledAnnotationProcessor; SearchStrategy: all) did not find any beans named org.springframework.scheduling.config.internalScheduledAnnotationProcessor (OnBeanCondition)

   TaskSchedulingConfigurations.SimpleAsyncTaskSchedulerBuilderConfiguration#simpleAsyncTaskSchedulerBuilderVirtualThreads:
      Did not match:
         - @ConditionalOnMissingBean (types: org.springframework.boot.task.SimpleAsyncTaskSchedulerBuilder; SearchStrategy: all) found beans of type 'org.springframework.boot.task.SimpleAsyncTaskSchedulerBuilder' simpleAsyncTaskSchedulerBuilder (OnBeanCondition)

   TaskSchedulingConfigurations.TaskSchedulerConfiguration:
      Did not match:
         - @ConditionalOnBean (names: org.springframework.scheduling.config.internalScheduledAnnotationProcessor; SearchStrategy: all) did not find any beans named org.springframework.scheduling.config.internalScheduledAnnotationProcessor (OnBeanCondition)

   TomcatMetricsAutoConfiguration:
      Did not match:
         - @ConditionalOnClass did not find required class 'io.micrometer.core.instrument.binder.tomcat.TomcatMetrics' (OnClassCondition)

   TomcatReactiveManagementContextAutoConfiguration:
      Did not match:
         - @ConditionalOnClass did not find required class 'org.springframework.boot.actuate.autoconfigure.web.server.ManagementContextFactory' (OnClassCondition)

   TomcatReactiveWebServerAutoConfiguration:
      Did not match:
         - @ConditionalOnWebApplication did not find reactive web application classes (OnWebApplicationCondition)

   TomcatServletManagementContextAutoConfiguration:
      Did not match:
         - @ConditionalOnClass did not find required class 'org.springframework.boot.actuate.autoconfigure.web.server.ManagementContextFactory' (OnClassCondition)

   TomcatServletWebServerAutoConfiguration#tomcatForwardedHeaderFilterCustomizer:
      Did not match:
         - @ConditionalOnProperty (server.forward-headers-strategy=framework) did not find property 'server.forward-headers-strategy' (OnPropertyCondition)

   TomcatWebServerConfiguration:
      Did not match:
         - Application is deployed as a WAR file. (OnWarDeploymentCondition)

   TransactionAutoConfiguration#transactionalOperator:
      Did not match:
         - @ConditionalOnSingleCandidate (types: org.springframework.transaction.ReactiveTransactionManager; SearchStrategy: all) did not find any beans (OnBeanCondition)

   TransactionAutoConfiguration.AspectJTransactionManagementConfiguration:
      Did not match:
         - @ConditionalOnBean (types: org.springframework.transaction.aspectj.AbstractTransactionAspect; SearchStrategy: all) did not find any beans of type org.springframework.transaction.aspectj.AbstractTransactionAspect (OnBeanCondition)

   TransactionAutoConfiguration.EnableTransactionManagementConfiguration.JdkDynamicAutoProxyConfiguration:
      Did not match:
         - @ConditionalOnBooleanProperty (spring.aop.proxy-target-class=false) did not find property 'spring.aop.proxy-target-class' (OnPropertyCondition)

   WebMvcAutoConfiguration#hiddenHttpMethodFilter:
      Did not match:
         - @ConditionalOnBooleanProperty (spring.mvc.hiddenmethod.filter.enabled=true) did not find property 'spring.mvc.hiddenmethod.filter.enabled' (OnPropertyCondition)

   WebMvcAutoConfiguration.ProblemDetailsErrorHandlingConfiguration:
      Did not match:
         - @ConditionalOnBooleanProperty (spring.mvc.problemdetails.enabled=true) did not find property 'spring.mvc.problemdetails.enabled' (OnPropertyCondition)

   WebMvcAutoConfiguration.ResourceChainCustomizerConfiguration:
      Did not match:
         - @ConditionalOnEnabledResourceChain did not find class org.webjars.WebJarVersionLocator (OnEnabledResourceChainCondition)

   WebMvcAutoConfiguration.WebMvcAutoConfigurationAdapter#beanNameViewResolver:
      Did not match:
         - @ConditionalOnMissingBean (types: org.springframework.web.servlet.view.BeanNameViewResolver; SearchStrategy: all) found beans of type 'org.springframework.web.servlet.view.BeanNameViewResolver' beanNameViewResolver (OnBeanCondition)

   WebMvcHealthEndpointExtensionAutoConfiguration:
      Did not match:
         - @ConditionalOnClass did not find required class 'org.springframework.boot.health.actuate.endpoint.HealthEndpoint' (OnClassCondition)

   WebMvcMappingsAutoConfiguration:
      Did not match:
         - @ConditionalOnClass did not find required class 'org.springframework.boot.actuate.autoconfigure.endpoint.condition.ConditionalOnAvailableEndpoint' (OnClassCondition)

   WebMvcObservationAutoConfiguration:
      Did not match:
         - @ConditionalOnClass did not find required class 'org.springframework.boot.micrometer.observation.autoconfigure.ObservationProperties' (OnClassCondition)

   XADataSourceAutoConfiguration:
      Did not match:
         - @ConditionalOnBean (types: org.springframework.boot.jdbc.XADataSourceWrapper; SearchStrategy: all) did not find any beans of type org.springframework.boot.jdbc.XADataSourceWrapper (OnBeanCondition)
      Matched:
         - @ConditionalOnClass found required classes 'javax.sql.DataSource', 'jakarta.transaction.TransactionManager', 'org.springframework.jdbc.datasource.embedded.EmbeddedDatabaseType' (OnClassCondition)


Exclusions:
-----------

    None


Unconditional classes:
----------------------

    org.springframework.boot.autoconfigure.context.ConfigurationPropertiesAutoConfiguration

    org.springframework.boot.autoconfigure.ssl.SslAutoConfiguration

    org.springframework.boot.autoconfigure.context.LifecycleAutoConfiguration

    org.springframework.boot.autoconfigure.context.PropertyPlaceholderAutoConfiguration

    org.springframework.boot.autoconfigure.availability.ApplicationAvailabilityAutoConfiguration

    org.springframework.boot.autoconfigure.info.ProjectInfoAutoConfiguration



2026-09-24 11:39:13 [main] ERROR o.s.boot.SpringApplication - Application run failed
org.springframework.beans.factory.BeanCreationException: Error creating bean with name 'entityManagerFactory' defined in class path resource [org/springframework/boot/hibernate/autoconfigure/HibernateJpaConfiguration.class]: Failed to initialize dependency 'liquibase' of LoadTimeWeaverAware bean 'entityManagerFactory': Error creating bean with name 'liquibase' defined in class path resource [org/springframework/boot/liquibase/autoconfigure/LiquibaseAutoConfiguration$LiquibaseConfiguration.class]: liquibase.exception.DatabaseException: org.postgresql.util.PSQLException: Драйвер столкнулся с непредвиденной ошибкой. Сообщите об этом исключении.
	at org.springframework.beans.factory.support.AbstractBeanFactory.doGetBean(AbstractBeanFactory.java:322)
	at org.springframework.beans.factory.support.AbstractBeanFactory.getBean(AbstractBeanFactory.java:201)
	at org.springframework.context.support.AbstractApplicationContext.finishBeanFactoryInitialization(AbstractApplicationContext.java:977)
	at org.springframework.context.support.AbstractApplicationContext.refresh(AbstractApplicationContext.java:621)
	at org.springframework.boot.SpringApplication.refresh(SpringApplication.java:756)
	at org.springframework.boot.SpringApplication.refreshContext(SpringApplication.java:445)
	at org.springframework.boot.SpringApplication.run(SpringApplication.java:321)
	at org.springframework.boot.test.context.SpringBootContextLoader.lambda$loadContext$2(SpringBootContextLoader.java:155)
	at org.springframework.util.function.ThrowingSupplier.get(ThrowingSupplier.java:58)
	at org.springframework.util.function.ThrowingSupplier.get(ThrowingSupplier.java:46)
	at org.springframework.boot.SpringApplication.withHook(SpringApplication.java:1465)
	at org.springframework.boot.test.context.SpringBootContextLoader$ContextLoaderHook.run(SpringBootContextLoader.java:600)
	at org.springframework.boot.test.context.SpringBootContextLoader.loadContext(SpringBootContextLoader.java:155)
	at org.springframework.boot.test.context.SpringBootContextLoader.loadContext(SpringBootContextLoader.java:114)
	at org.springframework.test.context.cache.DefaultCacheAwareContextLoaderDelegate.loadContextInternal(DefaultCacheAwareContextLoaderDelegate.java:247)
	at org.springframework.test.context.cache.DefaultCacheAwareContextLoaderDelegate.lambda$loadContext$0(DefaultCacheAwareContextLoaderDelegate.java:167)
	at org.springframework.test.context.cache.DefaultContextCache.put(DefaultContextCache.java:214)
	at org.springframework.test.context.cache.DefaultCacheAwareContextLoaderDelegate.loadContext(DefaultCacheAwareContextLoaderDelegate.java:160)
	at org.springframework.test.context.support.DefaultTestContext.getApplicationContext(DefaultTestContext.java:128)
	at org.springframework.test.context.web.ServletTestExecutionListener.setUpRequestContextIfNecessary(ServletTestExecutionListener.java:200)
	at org.springframework.test.context.web.ServletTestExecutionListener.prepareTestInstance(ServletTestExecutionListener.java:139)
	at org.springframework.test.context.TestContextManager.prepareTestInstance(TestContextManager.java:260)
	at org.springframework.test.context.junit.jupiter.SpringExtension.postProcessTestInstance(SpringExtension.java:242)
	at org.junit.jupiter.engine.descriptor.ClassBasedTestDescriptor.lambda$invokeTestInstancePostProcessors$1(ClassBasedTestDescriptor.java:423)
	at org.junit.jupiter.engine.descriptor.ClassBasedTestDescriptor.executeAndMaskThrowable(ClassBasedTestDescriptor.java:428)
	at org.junit.jupiter.engine.descriptor.ClassBasedTestDescriptor.lambda$invokeTestInstancePostProcessors$0(ClassBasedTestDescriptor.java:422)
	at java.base/java.util.stream.ForEachOps$ForEachOp$OfRef.accept(ForEachOps.java:183)
	at java.base/java.util.stream.ReferencePipeline$3$1.accept(ReferencePipeline.java:197)
	at java.base/java.util.stream.ReferencePipeline$2$1.accept(ReferencePipeline.java:179)
	at java.base/java.util.stream.ReferencePipeline$3$1.accept(ReferencePipeline.java:197)
	at java.base/java.util.ArrayList$ArrayListSpliterator.forEachRemaining(ArrayList.java:1625)
	at java.base/java.util.stream.AbstractPipeline.copyInto(AbstractPipeline.java:509)
	at java.base/java.util.stream.AbstractPipeline.wrapAndCopyInto(AbstractPipeline.java:499)
	at java.base/java.util.stream.ForEachOps$ForEachOp.evaluateSequential(ForEachOps.java:150)
	at java.base/java.util.stream.ForEachOps$ForEachOp$OfRef.evaluateSequential(ForEachOps.java:173)
	at java.base/java.util.stream.AbstractPipeline.evaluate(AbstractPipeline.java:234)
	at java.base/java.util.stream.ReferencePipeline.forEach(ReferencePipeline.java:596)
	at org.junit.jupiter.engine.descriptor.ClassBasedTestDescriptor.invokeTestInstancePostProcessors(ClassBasedTestDescriptor.java:422)
	at org.junit.jupiter.engine.descriptor.ClassBasedTestDescriptor.lambda$instantiateAndPostProcessTestInstance$0(ClassBasedTestDescriptor.java:334)
	at org.junit.platform.engine.support.hierarchical.ThrowableCollector.execute(ThrowableCollector.java:74)
	at org.junit.jupiter.engine.descriptor.ClassBasedTestDescriptor.instantiateAndPostProcessTestInstance(ClassBasedTestDescriptor.java:333)
	at org.junit.jupiter.engine.descriptor.ClassBasedTestDescriptor.lambda$testInstancesProvider$1(ClassBasedTestDescriptor.java:322)
	at java.base/java.util.Optional.orElseGet(Optional.java:364)
	at org.junit.jupiter.engine.descriptor.ClassBasedTestDescriptor.lambda$testInstancesProvider$0(ClassBasedTestDescriptor.java:321)
	at org.junit.jupiter.engine.execution.TestInstancesProvider.getTestInstances(TestInstancesProvider.java:27)
	at org.junit.jupiter.engine.descriptor.TestMethodTestDescriptor.lambda$prepare$0(TestMethodTestDescriptor.java:127)
	at org.junit.platform.engine.support.hierarchical.ThrowableCollector.execute(ThrowableCollector.java:74)
	at org.junit.jupiter.engine.descriptor.TestMethodTestDescriptor.prepare(TestMethodTestDescriptor.java:126)
	at org.junit.jupiter.engine.descriptor.TestMethodTestDescriptor.prepare(TestMethodTestDescriptor.java:70)
	at org.junit.platform.engine.support.hierarchical.NodeTestTask.lambda$prepare$0(NodeTestTask.java:144)
	at org.junit.platform.engine.support.hierarchical.ThrowableCollector.execute(ThrowableCollector.java:74)
	at org.junit.platform.engine.support.hierarchical.NodeTestTask.prepare(NodeTestTask.java:144)
	at org.junit.platform.engine.support.hierarchical.NodeTestTask.execute(NodeTestTask.java:110)
	at java.base/java.util.ArrayList.forEach(ArrayList.java:1511)
	at org.junit.platform.engine.support.hierarchical.SameThreadHierarchicalTestExecutorService.invokeAll(SameThreadHierarchicalTestExecutorService.java:42)
	at org.junit.platform.engine.support.hierarchical.NodeTestTask.lambda$executeRecursively$2(NodeTestTask.java:180)
	at org.junit.platform.engine.support.hierarchical.ThrowableCollector.execute(ThrowableCollector.java:74)
	at org.junit.platform.engine.support.hierarchical.NodeTestTask.lambda$executeRecursively$1(NodeTestTask.java:166)
	at org.junit.platform.engine.support.hierarchical.Node.around(Node.java:138)
	at org.junit.platform.engine.support.hierarchical.NodeTestTask.lambda$executeRecursively$0(NodeTestTask.java:164)
	at org.junit.platform.engine.support.hierarchical.ThrowableCollector.execute(ThrowableCollector.java:74)
	at org.junit.platform.engine.support.hierarchical.NodeTestTask.executeRecursively(NodeTestTask.java:163)
	at org.junit.platform.engine.support.hierarchical.NodeTestTask.execute(NodeTestTask.java:116)
	at java.base/java.util.ArrayList.forEach(ArrayList.java:1511)
	at org.junit.platform.engine.support.hierarchical.SameThreadHierarchicalTestExecutorService.invokeAll(SameThreadHierarchicalTestExecutorService.java:42)
	at org.junit.platform.engine.support.hierarchical.NodeTestTask.lambda$executeRecursively$2(NodeTestTask.java:180)
	at org.junit.platform.engine.support.hierarchical.ThrowableCollector.execute(ThrowableCollector.java:74)
	at org.junit.platform.engine.support.hierarchical.NodeTestTask.lambda$executeRecursively$1(NodeTestTask.java:166)
	at org.junit.platform.engine.support.hierarchical.Node.around(Node.java:138)
	at org.junit.platform.engine.support.hierarchical.NodeTestTask.lambda$executeRecursively$0(NodeTestTask.java:164)
	at org.junit.platform.engine.support.hierarchical.ThrowableCollector.execute(ThrowableCollector.java:74)
	at org.junit.platform.engine.support.hierarchical.NodeTestTask.executeRecursively(NodeTestTask.java:163)
	at org.junit.platform.engine.support.hierarchical.NodeTestTask.execute(NodeTestTask.java:116)
	at org.junit.platform.engine.support.hierarchical.SameThreadHierarchicalTestExecutorService.submit(SameThreadHierarchicalTestExecutorService.java:36)
	at org.junit.platform.engine.support.hierarchical.HierarchicalTestExecutor.execute(HierarchicalTestExecutor.java:52)
	at org.junit.platform.engine.support.hierarchical.HierarchicalTestEngine.execute(HierarchicalTestEngine.java:58)
	at org.junit.platform.launcher.core.EngineExecutionOrchestrator.executeEngine(EngineExecutionOrchestrator.java:246)
	at org.junit.platform.launcher.core.EngineExecutionOrchestrator.failOrExecuteEngine(EngineExecutionOrchestrator.java:218)
	at org.junit.platform.launcher.core.EngineExecutionOrchestrator.execute(EngineExecutionOrchestrator.java:179)
	at org.junit.platform.launcher.core.EngineExecutionOrchestrator.execute(EngineExecutionOrchestrator.java:108)
	at org.junit.platform.launcher.core.EngineExecutionOrchestrator.lambda$execute$0(EngineExecutionOrchestrator.java:66)
	at org.junit.platform.launcher.core.EngineExecutionOrchestrator.withInterceptedStreams(EngineExecutionOrchestrator.java:157)
	at org.junit.platform.launcher.core.EngineExecutionOrchestrator.execute(EngineExecutionOrchestrator.java:65)
	at org.junit.platform.launcher.core.DefaultLauncher.execute(DefaultLauncher.java:125)
	at org.junit.platform.launcher.core.DefaultLauncher.execute(DefaultLauncher.java:114)
	at org.junit.platform.launcher.core.DefaultLauncher.execute(DefaultLauncher.java:93)
	at org.junit.platform.launcher.core.DelegatingLauncher.execute(DelegatingLauncher.java:48)
	at org.junit.platform.launcher.core.InterceptingLauncher.lambda$execute$0(InterceptingLauncher.java:41)
	at org.junit.platform.launcher.core.ClasspathAlignmentCheckingLauncherInterceptor.intercept(ClasspathAlignmentCheckingLauncherInterceptor.java:25)
	at org.junit.platform.launcher.core.InterceptingLauncher.execute(InterceptingLauncher.java:40)
	at org.junit.platform.launcher.core.DelegatingLauncher.execute(DelegatingLauncher.java:48)
	at org.junit.platform.launcher.core.SessionPerRequestLauncher.execute(SessionPerRequestLauncher.java:67)
	at com.intellij.junit6.JUnit6IdeaTestRunner.startRunnerWithArgs(JUnit6IdeaTestRunner.java:67)
	at com.intellij.rt.junit.IdeaTestRunner$Repeater$1.execute(IdeaTestRunner.java:38)
	at com.intellij.rt.execution.junit.TestsRepeater.repeat(TestsRepeater.java:11)
	at com.intellij.rt.junit.IdeaTestRunner$Repeater.startRunnerWithArgs(IdeaTestRunner.java:35)
	at com.intellij.rt.junit.JUnitStarter.prepareStreamsAndStart(JUnitStarter.java:237)
	at com.intellij.rt.junit.JUnitStarter.main(JUnitStarter.java:58)
Caused by: org.springframework.beans.factory.BeanCreationException: Error creating bean with name 'liquibase' defined in class path resource [org/springframework/boot/liquibase/autoconfigure/LiquibaseAutoConfiguration$LiquibaseConfiguration.class]: liquibase.exception.DatabaseException: org.postgresql.util.PSQLException: Драйвер столкнулся с непредвиденной ошибкой. Сообщите об этом исключении.
	at org.springframework.beans.factory.support.AbstractAutowireCapableBeanFactory.initializeBean(AbstractAutowireCapableBeanFactory.java:1815)
	at org.springframework.beans.factory.support.AbstractAutowireCapableBeanFactory.doCreateBean(AbstractAutowireCapableBeanFactory.java:603)
	at org.springframework.beans.factory.support.AbstractAutowireCapableBeanFactory.createBean(AbstractAutowireCapableBeanFactory.java:525)
	at org.springframework.beans.factory.support.AbstractBeanFactory.lambda$doGetBean$0(AbstractBeanFactory.java:333)
	at org.springframework.beans.factory.support.DefaultSingletonBeanRegistry.getSingleton(DefaultSingletonBeanRegistry.java:371)
	at org.springframework.beans.factory.support.AbstractBeanFactory.doGetBean(AbstractBeanFactory.java:331)
	at org.springframework.beans.factory.support.AbstractBeanFactory.getBean(AbstractBeanFactory.java:196)
	at org.springframework.beans.factory.support.AbstractBeanFactory.doGetBean(AbstractBeanFactory.java:309)
	... 97 common frames omitted
Caused by: liquibase.exception.LiquibaseException: liquibase.exception.DatabaseException: org.postgresql.util.PSQLException: Драйвер столкнулся с непредвиденной ошибкой. Сообщите об этом исключении.
	at liquibase.integration.spring.SpringLiquibase.afterPropertiesSet(SpringLiquibase.java:289)
	at org.springframework.beans.factory.support.AbstractAutowireCapableBeanFactory.invokeInitMethods(AbstractAutowireCapableBeanFactory.java:1862)
	at org.springframework.beans.factory.support.AbstractAutowireCapableBeanFactory.initializeBean(AbstractAutowireCapableBeanFactory.java:1811)
	... 104 common frames omitted
Caused by: liquibase.exception.DatabaseException: org.postgresql.util.PSQLException: Драйвер столкнулся с непредвиденной ошибкой. Сообщите об этом исключении.
	at liquibase.integration.spring.SpringLiquibase.lambda$afterPropertiesSet$0(SpringLiquibase.java:281)
	at liquibase.Scope.lambda$child$0(Scope.java:243)
	at liquibase.Scope.child(Scope.java:252)
	at liquibase.Scope.child(Scope.java:242)
	at liquibase.Scope.child(Scope.java:221)
	at liquibase.integration.spring.SpringLiquibase.afterPropertiesSet(SpringLiquibase.java:272)
	... 106 common frames omitted
Caused by: org.postgresql.util.PSQLException: Драйвер столкнулся с непредвиденной ошибкой. Сообщите об этом исключении.
	at org.postgresql.Driver.connect(Driver.java:327)
	at com.zaxxer.hikari.util.DriverDataSource.getConnection(DriverDataSource.java:144)
	at com.zaxxer.hikari.pool.PoolBase.newConnection(PoolBase.java:373)
	at com.zaxxer.hikari.pool.PoolBase.newPoolEntry(PoolBase.java:210)
	at com.zaxxer.hikari.pool.HikariPool.createPoolEntry(HikariPool.java:488)
	at com.zaxxer.hikari.pool.HikariPool.checkFailFast(HikariPool.java:576)
	at com.zaxxer.hikari.pool.HikariPool.<init>(HikariPool.java:97)
	at com.zaxxer.hikari.HikariDataSource.getConnection(HikariDataSource.java:111)
	at liquibase.integration.spring.SpringLiquibase.lambda$afterPropertiesSet$0(SpringLiquibase.java:276)
	... 111 common frames omitted
Caused by: java.lang.StringIndexOutOfBoundsException: offset 5, count -269553430, length 8192
	at java.base/java.lang.String.checkBoundsOffCount(String.java:4591)
	at java.base/java.lang.String.<init>(String.java:523)
	at org.postgresql.core.Encoding.decode(Encoding.java:284)
	at org.postgresql.core.PGStream.receiveErrorString(PGStream.java:539)
	at org.postgresql.core.v3.ConnectionFactoryImpl.doAuthentication(ConnectionFactoryImpl.java:835)
	at org.postgresql.core.v3.ConnectionFactoryImpl.tryConnect(ConnectionFactoryImpl.java:309)
	at org.postgresql.core.v3.ConnectionFactoryImpl.openConnectionImpl(ConnectionFactoryImpl.java:367)
	at org.postgresql.core.ConnectionFactory.openConnection(ConnectionFactory.java:52)
	at org.postgresql.jdbc.PgConnection.<init>(PgConnection.java:295)
	at org.postgresql.Driver.makeConnection(Driver.java:437)
	at org.postgresql.Driver.connect(Driver.java:305)
	... 119 common frames omitted
2026-09-24 11:39:13 [main] DEBUG o.springframework.test.context.cache - Spring test ApplicationContext cache statistics: [DefaultContextCache@25cde5bb size = 0, maxSize = 32, contextUsageCount = 0, parentContextCount = 0, hitCount = 0, missCount = 1, failureCount = 1]
2026-09-24 11:39:13 [main] WARN  o.s.test.context.TestContextManager - Caught exception while allowing TestExecutionListener [org.springframework.test.context.web.ServletTestExecutionListener] to prepare test instance [ru.aston.user.service.kafka.UserEventProducerTest@38a96593]
java.lang.IllegalStateException: Failed to load ApplicationContext for [WebMergedContextConfiguration@485deee1 testClass = ru.aston.user.service.kafka.UserEventProducerTest, locations = [], classes = [ru.aston.user.service.UserServiceApplication], contextInitializerClasses = [], activeProfiles = [], propertySourceDescriptors = [], propertySourceProperties = ["org.springframework.boot.test.context.SpringBootTestContextBootstrapper=true"], contextCustomizers = [org.springframework.test.context.support.DynamicPropertiesContextCustomizer@0, org.springframework.boot.test.context.PropertyMappingContextCustomizer@0, org.springframework.boot.test.context.filter.ExcludeFilterContextCustomizer@4248ed58, org.springframework.boot.test.json.DuplicateJsonObjectContextCustomizerFactory$DuplicateJsonObjectContextCustomizer@62515a47, org.springframework.boot.test.autoconfigure.OnFailureConditionReportContextCustomizerFactory$OnFailureConditionReportContextCustomizer@291120f4, org.springframework.boot.webmvc.test.autoconfigure.WebDriverContextCustomizer@4d6f623d, org.springframework.boot.web.server.context.SpringBootTestRandomPortContextCustomizer@4cee7fa0, org.springframework.boot.test.context.SpringBootTestAnnotation@6b85bb11], resourceBasePath = "src/main/webapp", contextLoader = org.springframework.boot.test.context.SpringBootContextLoader, parent = null]
	at org.springframework.test.context.cache.DefaultCacheAwareContextLoaderDelegate.lambda$loadContext$0(DefaultCacheAwareContextLoaderDelegate.java:195)
	at org.springframework.test.context.cache.DefaultContextCache.put(DefaultContextCache.java:214)
	at org.springframework.test.context.cache.DefaultCacheAwareContextLoaderDelegate.loadContext(DefaultCacheAwareContextLoaderDelegate.java:160)
	at org.springframework.test.context.support.DefaultTestContext.getApplicationContext(DefaultTestContext.java:128)
	at org.springframework.test.context.web.ServletTestExecutionListener.setUpRequestContextIfNecessary(ServletTestExecutionListener.java:200)
	at org.springframework.test.context.web.ServletTestExecutionListener.prepareTestInstance(ServletTestExecutionListener.java:139)
	at org.springframework.test.context.TestContextManager.prepareTestInstance(TestContextManager.java:260)
	at org.springframework.test.context.junit.jupiter.SpringExtension.postProcessTestInstance(SpringExtension.java:242)
	at org.junit.jupiter.engine.descriptor.ClassBasedTestDescriptor.lambda$invokeTestInstancePostProcessors$1(ClassBasedTestDescriptor.java:423)
	at org.junit.jupiter.engine.descriptor.ClassBasedTestDescriptor.executeAndMaskThrowable(ClassBasedTestDescriptor.java:428)
	at org.junit.jupiter.engine.descriptor.ClassBasedTestDescriptor.lambda$invokeTestInstancePostProcessors$0(ClassBasedTestDescriptor.java:422)
	at java.base/java.util.stream.ForEachOps$ForEachOp$OfRef.accept(ForEachOps.java:183)
	at java.base/java.util.stream.ReferencePipeline$3$1.accept(ReferencePipeline.java:197)
	at java.base/java.util.stream.ReferencePipeline$2$1.accept(ReferencePipeline.java:179)
	at java.base/java.util.stream.ReferencePipeline$3$1.accept(ReferencePipeline.java:197)
	at java.base/java.util.ArrayList$ArrayListSpliterator.forEachRemaining(ArrayList.java:1625)
	at java.base/java.util.stream.AbstractPipeline.copyInto(AbstractPipeline.java:509)
	at java.base/java.util.stream.AbstractPipeline.wrapAndCopyInto(AbstractPipeline.java:499)
	at java.base/java.util.stream.ForEachOps$ForEachOp.evaluateSequential(ForEachOps.java:150)
	at java.base/java.util.stream.ForEachOps$ForEachOp$OfRef.evaluateSequential(ForEachOps.java:173)
	at java.base/java.util.stream.AbstractPipeline.evaluate(AbstractPipeline.java:234)
	at java.base/java.util.stream.ReferencePipeline.forEach(ReferencePipeline.java:596)
	at org.junit.jupiter.engine.descriptor.ClassBasedTestDescriptor.invokeTestInstancePostProcessors(ClassBasedTestDescriptor.java:422)
	at org.junit.jupiter.engine.descriptor.ClassBasedTestDescriptor.lambda$instantiateAndPostProcessTestInstance$0(ClassBasedTestDescriptor.java:334)
	at org.junit.platform.engine.support.hierarchical.ThrowableCollector.execute(ThrowableCollector.java:74)
	at org.junit.jupiter.engine.descriptor.ClassBasedTestDescriptor.instantiateAndPostProcessTestInstance(ClassBasedTestDescriptor.java:333)
	at org.junit.jupiter.engine.descriptor.ClassBasedTestDescriptor.lambda$testInstancesProvider$1(ClassBasedTestDescriptor.java:322)
	at java.base/java.util.Optional.orElseGet(Optional.java:364)
	at org.junit.jupiter.engine.descriptor.ClassBasedTestDescriptor.lambda$testInstancesProvider$0(ClassBasedTestDescriptor.java:321)
	at org.junit.jupiter.engine.execution.TestInstancesProvider.getTestInstances(TestInstancesProvider.java:27)
	at org.junit.jupiter.engine.descriptor.TestMethodTestDescriptor.lambda$prepare$0(TestMethodTestDescriptor.java:127)
	at org.junit.platform.engine.support.hierarchical.ThrowableCollector.execute(ThrowableCollector.java:74)
	at org.junit.jupiter.engine.descriptor.TestMethodTestDescriptor.prepare(TestMethodTestDescriptor.java:126)
	at org.junit.jupiter.engine.descriptor.TestMethodTestDescriptor.prepare(TestMethodTestDescriptor.java:70)
	at org.junit.platform.engine.support.hierarchical.NodeTestTask.lambda$prepare$0(NodeTestTask.java:144)
	at org.junit.platform.engine.support.hierarchical.ThrowableCollector.execute(ThrowableCollector.java:74)
	at org.junit.platform.engine.support.hierarchical.NodeTestTask.prepare(NodeTestTask.java:144)
	at org.junit.platform.engine.support.hierarchical.NodeTestTask.execute(NodeTestTask.java:110)
	at java.base/java.util.ArrayList.forEach(ArrayList.java:1511)
	at org.junit.platform.engine.support.hierarchical.SameThreadHierarchicalTestExecutorService.invokeAll(SameThreadHierarchicalTestExecutorService.java:42)
	at org.junit.platform.engine.support.hierarchical.NodeTestTask.lambda$executeRecursively$2(NodeTestTask.java:180)
	at org.junit.platform.engine.support.hierarchical.ThrowableCollector.execute(ThrowableCollector.java:74)
	at org.junit.platform.engine.support.hierarchical.NodeTestTask.lambda$executeRecursively$1(NodeTestTask.java:166)
	at org.junit.platform.engine.support.hierarchical.Node.around(Node.java:138)
	at org.junit.platform.engine.support.hierarchical.NodeTestTask.lambda$executeRecursively$0(NodeTestTask.java:164)
	at org.junit.platform.engine.support.hierarchical.ThrowableCollector.execute(ThrowableCollector.java:74)
	at org.junit.platform.engine.support.hierarchical.NodeTestTask.executeRecursively(NodeTestTask.java:163)
	at org.junit.platform.engine.support.hierarchical.NodeTestTask.execute(NodeTestTask.java:116)
	at java.base/java.util.ArrayList.forEach(ArrayList.java:1511)
	at org.junit.platform.engine.support.hierarchical.SameThreadHierarchicalTestExecutorService.invokeAll(SameThreadHierarchicalTestExecutorService.java:42)
	at org.junit.platform.engine.support.hierarchical.NodeTestTask.lambda$executeRecursively$2(NodeTestTask.java:180)
	at org.junit.platform.engine.support.hierarchical.ThrowableCollector.execute(ThrowableCollector.java:74)
	at org.junit.platform.engine.support.hierarchical.NodeTestTask.lambda$executeRecursively$1(NodeTestTask.java:166)
	at org.junit.platform.engine.support.hierarchical.Node.around(Node.java:138)
	at org.junit.platform.engine.support.hierarchical.NodeTestTask.lambda$executeRecursively$0(NodeTestTask.java:164)
	at org.junit.platform.engine.support.hierarchical.ThrowableCollector.execute(ThrowableCollector.java:74)
	at org.junit.platform.engine.support.hierarchical.NodeTestTask.executeRecursively(NodeTestTask.java:163)
	at org.junit.platform.engine.support.hierarchical.NodeTestTask.execute(NodeTestTask.java:116)
	at org.junit.platform.engine.support.hierarchical.SameThreadHierarchicalTestExecutorService.submit(SameThreadHierarchicalTestExecutorService.java:36)
	at org.junit.platform.engine.support.hierarchical.HierarchicalTestExecutor.execute(HierarchicalTestExecutor.java:52)
	at org.junit.platform.engine.support.hierarchical.HierarchicalTestEngine.execute(HierarchicalTestEngine.java:58)
	at org.junit.platform.launcher.core.EngineExecutionOrchestrator.executeEngine(EngineExecutionOrchestrator.java:246)
	at org.junit.platform.launcher.core.EngineExecutionOrchestrator.failOrExecuteEngine(EngineExecutionOrchestrator.java:218)
	at org.junit.platform.launcher.core.EngineExecutionOrchestrator.execute(EngineExecutionOrchestrator.java:179)
	at org.junit.platform.launcher.core.EngineExecutionOrchestrator.execute(EngineExecutionOrchestrator.java:108)
	at org.junit.platform.launcher.core.EngineExecutionOrchestrator.lambda$execute$0(EngineExecutionOrchestrator.java:66)
	at org.junit.platform.launcher.core.EngineExecutionOrchestrator.withInterceptedStreams(EngineExecutionOrchestrator.java:157)
	at org.junit.platform.launcher.core.EngineExecutionOrchestrator.execute(EngineExecutionOrchestrator.java:65)
	at org.junit.platform.launcher.core.DefaultLauncher.execute(DefaultLauncher.java:125)
	at org.junit.platform.launcher.core.DefaultLauncher.execute(DefaultLauncher.java:114)
	at org.junit.platform.launcher.core.DefaultLauncher.execute(DefaultLauncher.java:93)
	at org.junit.platform.launcher.core.DelegatingLauncher.execute(DelegatingLauncher.java:48)
	at org.junit.platform.launcher.core.InterceptingLauncher.lambda$execute$0(InterceptingLauncher.java:41)
	at org.junit.platform.launcher.core.ClasspathAlignmentCheckingLauncherInterceptor.intercept(ClasspathAlignmentCheckingLauncherInterceptor.java:25)
	at org.junit.platform.launcher.core.InterceptingLauncher.execute(InterceptingLauncher.java:40)
	at org.junit.platform.launcher.core.DelegatingLauncher.execute(DelegatingLauncher.java:48)
	at org.junit.platform.launcher.core.SessionPerRequestLauncher.execute(SessionPerRequestLauncher.java:67)
	at com.intellij.junit6.JUnit6IdeaTestRunner.startRunnerWithArgs(JUnit6IdeaTestRunner.java:67)
	at com.intellij.rt.junit.IdeaTestRunner$Repeater$1.execute(IdeaTestRunner.java:38)
	at com.intellij.rt.execution.junit.TestsRepeater.repeat(TestsRepeater.java:11)
	at com.intellij.rt.junit.IdeaTestRunner$Repeater.startRunnerWithArgs(IdeaTestRunner.java:35)
	at com.intellij.rt.junit.JUnitStarter.prepareStreamsAndStart(JUnitStarter.java:237)
	at com.intellij.rt.junit.JUnitStarter.main(JUnitStarter.java:58)
Caused by: org.springframework.beans.factory.BeanCreationException: Error creating bean with name 'entityManagerFactory' defined in class path resource [org/springframework/boot/hibernate/autoconfigure/HibernateJpaConfiguration.class]: Failed to initialize dependency 'liquibase' of LoadTimeWeaverAware bean 'entityManagerFactory': Error creating bean with name 'liquibase' defined in class path resource [org/springframework/boot/liquibase/autoconfigure/LiquibaseAutoConfiguration$LiquibaseConfiguration.class]: liquibase.exception.DatabaseException: org.postgresql.util.PSQLException: Драйвер столкнулся с непредвиденной ошибкой. Сообщите об этом исключении.
	at org.springframework.beans.factory.support.AbstractBeanFactory.doGetBean(AbstractBeanFactory.java:322)
	at org.springframework.beans.factory.support.AbstractBeanFactory.getBean(AbstractBeanFactory.java:201)
	at org.springframework.context.support.AbstractApplicationContext.finishBeanFactoryInitialization(AbstractApplicationContext.java:977)
	at org.springframework.context.support.AbstractApplicationContext.refresh(AbstractApplicationContext.java:621)
	at org.springframework.boot.SpringApplication.refresh(SpringApplication.java:756)
	at org.springframework.boot.SpringApplication.refreshContext(SpringApplication.java:445)
	at org.springframework.boot.SpringApplication.run(SpringApplication.java:321)
	at org.springframework.boot.test.context.SpringBootContextLoader.lambda$loadContext$2(SpringBootContextLoader.java:155)
	at org.springframework.util.function.ThrowingSupplier.get(ThrowingSupplier.java:58)
	at org.springframework.util.function.ThrowingSupplier.get(ThrowingSupplier.java:46)
	at org.springframework.boot.SpringApplication.withHook(SpringApplication.java:1465)
	at org.springframework.boot.test.context.SpringBootContextLoader$ContextLoaderHook.run(SpringBootContextLoader.java:600)
	at org.springframework.boot.test.context.SpringBootContextLoader.loadContext(SpringBootContextLoader.java:155)
	at org.springframework.boot.test.context.SpringBootContextLoader.loadContext(SpringBootContextLoader.java:114)
	at org.springframework.test.context.cache.DefaultCacheAwareContextLoaderDelegate.loadContextInternal(DefaultCacheAwareContextLoaderDelegate.java:247)
	at org.springframework.test.context.cache.DefaultCacheAwareContextLoaderDelegate.lambda$loadContext$0(DefaultCacheAwareContextLoaderDelegate.java:167)
	... 82 common frames omitted
Caused by: org.springframework.beans.factory.BeanCreationException: Error creating bean with name 'liquibase' defined in class path resource [org/springframework/boot/liquibase/autoconfigure/LiquibaseAutoConfiguration$LiquibaseConfiguration.class]: liquibase.exception.DatabaseException: org.postgresql.util.PSQLException: Драйвер столкнулся с непредвиденной ошибкой. Сообщите об этом исключении.
	at org.springframework.beans.factory.support.AbstractAutowireCapableBeanFactory.initializeBean(AbstractAutowireCapableBeanFactory.java:1815)
	at org.springframework.beans.factory.support.AbstractAutowireCapableBeanFactory.doCreateBean(AbstractAutowireCapableBeanFactory.java:603)
	at org.springframework.beans.factory.support.AbstractAutowireCapableBeanFactory.createBean(AbstractAutowireCapableBeanFactory.java:525)
	at org.springframework.beans.factory.support.AbstractBeanFactory.lambda$doGetBean$0(AbstractBeanFactory.java:333)
	at org.springframework.beans.factory.support.DefaultSingletonBeanRegistry.getSingleton(DefaultSingletonBeanRegistry.java:371)
	at org.springframework.beans.factory.support.AbstractBeanFactory.doGetBean(AbstractBeanFactory.java:331)
	at org.springframework.beans.factory.support.AbstractBeanFactory.getBean(AbstractBeanFactory.java:196)
	at org.springframework.beans.factory.support.AbstractBeanFactory.doGetBean(AbstractBeanFactory.java:309)
	... 97 common frames omitted
Caused by: liquibase.exception.LiquibaseException: liquibase.exception.DatabaseException: org.postgresql.util.PSQLException: Драйвер столкнулся с непредвиденной ошибкой. Сообщите об этом исключении.
	at liquibase.integration.spring.SpringLiquibase.afterPropertiesSet(SpringLiquibase.java:289)
	at org.springframework.beans.factory.support.AbstractAutowireCapableBeanFactory.invokeInitMethods(AbstractAutowireCapableBeanFactory.java:1862)
	at org.springframework.beans.factory.support.AbstractAutowireCapableBeanFactory.initializeBean(AbstractAutowireCapableBeanFactory.java:1811)
	... 104 common frames omitted
Caused by: liquibase.exception.DatabaseException: org.postgresql.util.PSQLException: Драйвер столкнулся с непредвиденной ошибкой. Сообщите об этом исключении.
	at liquibase.integration.spring.SpringLiquibase.lambda$afterPropertiesSet$0(SpringLiquibase.java:281)
	at liquibase.Scope.lambda$child$0(Scope.java:243)
	at liquibase.Scope.child(Scope.java:252)
	at liquibase.Scope.child(Scope.java:242)
	at liquibase.Scope.child(Scope.java:221)
	at liquibase.integration.spring.SpringLiquibase.afterPropertiesSet(SpringLiquibase.java:272)
	... 106 common frames omitted
Caused by: org.postgresql.util.PSQLException: Драйвер столкнулся с непредвиденной ошибкой. Сообщите об этом исключении.
	at org.postgresql.Driver.connect(Driver.java:327)
	at com.zaxxer.hikari.util.DriverDataSource.getConnection(DriverDataSource.java:144)
	at com.zaxxer.hikari.pool.PoolBase.newConnection(PoolBase.java:373)
	at com.zaxxer.hikari.pool.PoolBase.newPoolEntry(PoolBase.java:210)
	at com.zaxxer.hikari.pool.HikariPool.createPoolEntry(HikariPool.java:488)
	at com.zaxxer.hikari.pool.HikariPool.checkFailFast(HikariPool.java:576)
	at com.zaxxer.hikari.pool.HikariPool.<init>(HikariPool.java:97)
	at com.zaxxer.hikari.HikariDataSource.getConnection(HikariDataSource.java:111)
	at liquibase.integration.spring.SpringLiquibase.lambda$afterPropertiesSet$0(SpringLiquibase.java:276)
	... 111 common frames omitted
Caused by: java.lang.StringIndexOutOfBoundsException: offset 5, count -269553430, length 8192
	at java.base/java.lang.String.checkBoundsOffCount(String.java:4591)
	at java.base/java.lang.String.<init>(String.java:523)
	at org.postgresql.core.Encoding.decode(Encoding.java:284)
	at org.postgresql.core.PGStream.receiveErrorString(PGStream.java:539)
	at org.postgresql.core.v3.ConnectionFactoryImpl.doAuthentication(ConnectionFactoryImpl.java:835)
	at org.postgresql.core.v3.ConnectionFactoryImpl.tryConnect(ConnectionFactoryImpl.java:309)
	at org.postgresql.core.v3.ConnectionFactoryImpl.openConnectionImpl(ConnectionFactoryImpl.java:367)
	at org.postgresql.core.ConnectionFactory.openConnection(ConnectionFactory.java:52)
	at org.postgresql.jdbc.PgConnection.<init>(PgConnection.java:295)
	at org.postgresql.Driver.makeConnection(Driver.java:437)
	at org.postgresql.Driver.connect(Driver.java:305)
	... 119 common frames omitted
2026-09-24 11:39:13 [main] DEBUG o.s.t.c.s.DirtiesContextTestExecutionListener - After test class: class [UserEventProducerTest], class annotated with @DirtiesContext [false] with mode [null]
2026-09-24 12:42:37 [main] DEBUG o.s.t.c.s.AbstractContextLoader - Could not detect default resource locations for test class [ru.aston.user.service.kafka.UserEventProducerTest]: no resource found for suffixes {-context.xml, Context.groovy}.
2026-09-24 12:42:37 [main] INFO  o.s.t.c.s.AnnotationConfigContextLoaderUtils - Could not detect default configuration classes for test class [ru.aston.user.service.kafka.UserEventProducerTest]: UserEventProducerTest does not declare any static, non-private, non-final, nested classes annotated with @Configuration.
2026-09-24 12:42:37 [main] DEBUG o.s.b.t.c.SpringBootTestContextBootstrapper - Using ContextCustomizerFactory implementations for test class [UserEventProducerTest]: [EmbeddedKafkaContextCustomizerFactory, BeanOverrideContextCustomizerFactory, MockServerContainerContextCustomizerFactory, DynamicPropertiesContextCustomizerFactory, ImportsContextCustomizerFactory, PropertyMappingContextCustomizerFactory, ExcludeFilterContextCustomizerFactory, TypeExcludeFiltersContextCustomizerFactory, DisableReactorResourceFactoryGlobalResourcesContextCustomizerFactory, DuplicateJsonObjectContextCustomizerFactory, OnFailureConditionReportContextCustomizerFactory, OverrideAutoConfigurationContextCustomizerFactory, WebDriverContextCustomizerFactory, SpringBootTestRandomPortContextCustomizerFactory]
2026-09-24 12:42:37 [main] DEBUG o.s.b.t.c.SpringBootTestContextBootstrapper - Using ContextCustomizers for test class [UserEventProducerTest]: [DynamicPropertiesContextCustomizer, PropertyMappingContextCustomizer, ExcludeFilterContextCustomizer, DuplicateJsonObjectContextCustomizer, OnFailureConditionReportContextCustomizer, WebDriverContextCustomizer, SpringBootTestRandomPortContextCustomizer]
2026-09-24 12:42:37 [main] DEBUG o.s.c.a.ClassPathScanningCandidateComponentProvider - Identified candidate component class: file [C:\Users\fursova.v\OpenideProjects\Intensive\target\classes\ru\aston\user\service\UserServiceApplication.class]
2026-09-24 12:42:37 [main] INFO  o.s.b.t.c.SpringBootTestContextBootstrapper - Found @SpringBootConfiguration ru.aston.user.service.UserServiceApplication for test class ru.aston.user.service.kafka.UserEventProducerTest
2026-09-24 12:42:38 [main] DEBUG o.s.t.c.s.AbstractContextLoader - Could not detect default resource locations for test class [ru.aston.user.service.kafka.UserEventProducerTest]: no resource found for suffixes {-context.xml, Context.groovy}.
2026-09-24 12:42:38 [main] INFO  o.s.t.c.s.AnnotationConfigContextLoaderUtils - Could not detect default configuration classes for test class [ru.aston.user.service.kafka.UserEventProducerTest]: UserEventProducerTest does not declare any static, non-private, non-final, nested classes annotated with @Configuration.
2026-09-24 12:42:38 [main] DEBUG o.s.b.t.c.SpringBootTestContextBootstrapper - Using ContextCustomizerFactory implementations for test class [UserEventProducerTest]: [EmbeddedKafkaContextCustomizerFactory, BeanOverrideContextCustomizerFactory, MockServerContainerContextCustomizerFactory, DynamicPropertiesContextCustomizerFactory, ImportsContextCustomizerFactory, PropertyMappingContextCustomizerFactory, ExcludeFilterContextCustomizerFactory, TypeExcludeFiltersContextCustomizerFactory, DisableReactorResourceFactoryGlobalResourcesContextCustomizerFactory, DuplicateJsonObjectContextCustomizerFactory, OnFailureConditionReportContextCustomizerFactory, OverrideAutoConfigurationContextCustomizerFactory, WebDriverContextCustomizerFactory, SpringBootTestRandomPortContextCustomizerFactory]
2026-09-24 12:42:38 [main] DEBUG o.s.b.t.c.SpringBootTestContextBootstrapper - Using ContextCustomizers for test class [UserEventProducerTest]: [DynamicPropertiesContextCustomizer, PropertyMappingContextCustomizer, ExcludeFilterContextCustomizer, DuplicateJsonObjectContextCustomizer, OnFailureConditionReportContextCustomizer, WebDriverContextCustomizer, SpringBootTestRandomPortContextCustomizer]
2026-09-24 12:42:38 [main] INFO  o.s.b.t.c.SpringBootTestContextBootstrapper - Found @SpringBootConfiguration ru.aston.user.service.UserServiceApplication for test class ru.aston.user.service.kafka.UserEventProducerTest
2026-09-24 12:42:38 [main] DEBUG o.s.b.t.c.SpringBootTestContextBootstrapper - Neither @ContextConfiguration nor @ContextHierarchy found for test class [UserEventProducerTest]: using SpringBootContextLoader
2026-09-24 12:42:38 [main] DEBUG o.s.t.c.u.TestContextSpringFactoriesUtils - Skipping candidate TestExecutionListener [org.springframework.test.context.observation.MicrometerObservationRegistryTestExecutionListener] due to a missing dependency. Specify custom TestExecutionListener classes or make the default TestExecutionListener classes and their required dependencies available. Offending class: io.micrometer.context.ThreadLocalAccessor. MicrometerObservationRegistryTestExecutionListener requires io.micrometer:micrometer-observation:1.10.8 or higher and io.micrometer:context-propagation:1.0.3 or higher.
2026-09-24 12:42:38 [main] DEBUG o.s.b.t.c.SpringBootTestContextBootstrapper - Using TestExecutionListeners for test class [UserEventProducerTest]: [ServletTestExecutionListener, DirtiesContextBeforeModesTestExecutionListener, ApplicationEventsTestExecutionListener, BeanOverrideTestExecutionListener, DependencyInjectionTestExecutionListener, DirtiesContextTestExecutionListener, CommonCachesTestExecutionListener, TransactionalTestExecutionListener, SqlScriptsTestExecutionListener, EventPublishingTestExecutionListener, MockitoResetTestExecutionListener, MockMvcPrintOnlyOnFailureTestExecutionListener, WebDriverTestExecutionListener]
2026-09-24 12:42:38 [main] DEBUG o.s.t.c.s.DirtiesContextBeforeModesTestExecutionListener - Before test class: class [UserEventProducerTest], class annotated with @DirtiesContext [false] with mode [null]
2026-09-24 12:42:39 [main] INFO  r.a.u.s.kafka.UserEventProducerTest - Starting UserEventProducerTest using Java 17.0.19 with PID 45232 (started by fursova.v in C:\Users\fursova.v\OpenideProjects\Intensive)
2026-09-24 12:42:39 [main] DEBUG r.a.u.s.kafka.UserEventProducerTest - Running with Spring Boot v4.1.1, Spring v7.0.9
2026-09-24 12:42:39 [main] INFO  r.a.u.s.kafka.UserEventProducerTest - No active profile set, falling back to 1 default profile: "default"
2026-09-24 12:42:39 [main] DEBUG o.s.boot.SpringApplication - Loading source class ru.aston.user.service.UserServiceApplication
2026-09-24 12:42:39 [main] DEBUG o.s.w.c.s.GenericWebApplicationContext - Refreshing org.springframework.web.context.support.GenericWebApplicationContext@3f1ed068
2026-09-24 12:42:39 [main] DEBUG o.s.b.f.s.DefaultListableBeanFactory - Creating shared instance of singleton bean 'org.springframework.context.annotation.internalConfigurationAnnotationProcessor'
2026-09-24 12:42:39 [main] DEBUG o.s.b.f.s.DefaultListableBeanFactory - Creating shared instance of singleton bean 'org.springframework.boot.autoconfigure.internalCachingMetadataReaderFactory'
2026-09-24 12:42:39 [main] DEBUG o.s.c.a.ClassPathBeanDefinitionScanner - Identified candidate component class: file [C:\Users\fursova.v\OpenideProjects\Intensive\target\classes\ru\aston\user\service\controller\GlobalExceptionHandler.class]
2026-09-24 12:42:39 [main] DEBUG o.s.c.a.ClassPathBeanDefinitionScanner - Identified candidate component class: file [C:\Users\fursova.v\OpenideProjects\Intensive\target\classes\ru\aston\user\service\controller\UserController.class]
2026-09-24 12:42:39 [main] DEBUG o.s.c.a.ClassPathBeanDefinitionScanner - Identified candidate component class: file [C:\Users\fursova.v\OpenideProjects\Intensive\target\classes\ru\aston\user\service\kafka\UserEventProducer.class]
2026-09-24 12:42:39 [main] DEBUG o.s.c.a.ClassPathBeanDefinitionScanner - Identified candidate component class: file [C:\Users\fursova.v\OpenideProjects\Intensive\target\classes\ru\aston\user\service\mapper\UserMapper.class]
2026-09-24 12:42:39 [main] DEBUG o.s.c.a.ClassPathBeanDefinitionScanner - Identified candidate component class: file [C:\Users\fursova.v\OpenideProjects\Intensive\target\classes\ru\aston\user\service\service\UserServiceImpl.class]
2026-09-24 12:42:40 [background-preinit] DEBUG org.jboss.logging - Logging Provider: org.jboss.logging.Slf4jLoggerProvider found via system property
2026-09-24 12:42:40 [background-preinit] INFO  o.h.validator.internal.util.Version - HV000001: Hibernate Validator 9.1.3.Final
2026-09-24 12:42:40 [background-preinit] DEBUG o.h.v.i.x.config.ValidationXmlParser - Trying to load META-INF/validation.xml for XML based Validator configuration.
2026-09-24 12:42:40 [background-preinit] DEBUG o.h.v.i.x.c.ResourceLoaderHelper - Trying to load META-INF/validation.xml via TCCL
2026-09-24 12:42:40 [background-preinit] DEBUG o.h.v.i.x.c.ResourceLoaderHelper - Trying to load META-INF/validation.xml via Hibernate Validator's class loader
2026-09-24 12:42:40 [background-preinit] DEBUG o.h.v.i.x.config.ValidationXmlParser - No META-INF/validation.xml found. Using annotation based configuration only.
2026-09-24 12:42:40 [background-preinit] DEBUG o.h.v.i.e.r.TraversableResolvers - Found jakarta.persistence.Persistence on classpath containing 'getPersistenceUtil'. Assuming Jakarta Persistence environment. Trying to instantiate Jakarta Persistence aware TraversableResolver
2026-09-24 12:42:40 [background-preinit] DEBUG o.h.v.i.e.r.TraversableResolvers - Instantiated Jakarta Persistence aware TraversableResolver of type org.hibernate.validator.internal.engine.resolver.JPATraversableResolver.
2026-09-24 12:42:40 [background-preinit] DEBUG o.h.v.m.ResourceBundleMessageInterpolator - Loaded expression factory via original TCCL
2026-09-24 12:42:40 [main] INFO  o.s.d.r.c.RepositoryConfigurationDelegate - Bootstrapping Spring Data JPA repositories in DEFAULT mode.
2026-09-24 12:42:40 [main] DEBUG o.s.b.f.s.DefaultListableBeanFactory - Creating shared instance of singleton bean 'org.springframework.boot.autoconfigure.AutoConfigurationPackages'
2026-09-24 12:42:40 [background-preinit] DEBUG o.h.v.i.e.ValidatorFactoryConfigurationHelper - HV000252: Using org.hibernate.validator.internal.engine.DefaultPropertyNodeNameProvider as property node name provider.
2026-09-24 12:42:40 [main] DEBUG o.s.b.a.AutoConfigurationPackages - @EnableAutoConfiguration was declared on a class in the package 'ru.aston.user.service'. Automatic @Repository and @Entity scanning is enabled.
2026-09-24 12:42:40 [main] DEBUG o.s.d.r.c.RepositoryConfigurationDelegate - Scanning for JPA repositories in packages ru.aston.user.service.
2026-09-24 12:42:40 [background-preinit] DEBUG o.h.v.i.e.ValidatorFactoryConfigurationHelper - HV000234: Using org.hibernate.validator.messageinterpolation.ResourceBundleMessageInterpolator as ValidatorFactory-scoped message interpolator.
2026-09-24 12:42:40 [background-preinit] DEBUG o.h.v.i.e.ValidatorFactoryConfigurationHelper - HV000234: Using org.hibernate.validator.internal.engine.resolver.JPATraversableResolver as ValidatorFactory-scoped traversable resolver.
2026-09-24 12:42:40 [background-preinit] DEBUG o.h.v.i.e.ValidatorFactoryConfigurationHelper - HV000234: Using org.hibernate.validator.internal.util.ExecutableParameterNameProvider as ValidatorFactory-scoped parameter name provider.
2026-09-24 12:42:40 [background-preinit] DEBUG o.h.v.i.e.ValidatorFactoryConfigurationHelper - HV000234: Using org.hibernate.validator.internal.engine.DefaultClockProvider as ValidatorFactory-scoped clock provider.
2026-09-24 12:42:40 [background-preinit] DEBUG o.h.v.i.e.ValidatorFactoryConfigurationHelper - HV000234: Using org.hibernate.validator.internal.engine.scripting.DefaultScriptEvaluatorFactory as ValidatorFactory-scoped script evaluator factory.
2026-09-24 12:42:40 [main] DEBUG o.s.d.r.c.RepositoryComponentProvider - Identified candidate component class: file [C:\Users\fursova.v\OpenideProjects\Intensive\target\classes\ru\aston\user\service\repository\UserRepository.class]
2026-09-24 12:42:41 [main] DEBUG o.s.c.a.ClassPathScanningCandidateComponentProvider - Identified candidate component class: file [C:\Users\fursova.v\OpenideProjects\Intensive\target\classes\ru\aston\user\service\service\UserServiceImpl.class]
2026-09-24 12:42:41 [main] INFO  o.s.d.r.c.RepositoryConfigurationDelegate - Finished Spring Data repository scanning in 135 ms. Found 1 JPA repository interface.
2026-09-24 12:42:41 [main] DEBUG o.s.b.f.s.DefaultListableBeanFactory - Creating shared instance of singleton bean 'propertySourcesPlaceholderConfigurer'
2026-09-24 12:42:41 [main] DEBUG o.s.b.f.s.DefaultListableBeanFactory - Creating shared instance of singleton bean 'org.springframework.boot.sql.init.dependency.DatabaseInitializationDependencyConfigurer$DependsOnDatabaseInitializationPostProcessor'
2026-09-24 12:42:41 [main] DEBUG o.s.b.f.s.DefaultListableBeanFactory - Creating shared instance of singleton bean 'org.springframework.context.event.internalEventListenerProcessor'
2026-09-24 12:42:41 [main] DEBUG o.s.b.f.s.DefaultListableBeanFactory - Creating shared instance of singleton bean 'bootstrapExecutorAliasPostProcessor'
2026-09-24 12:42:41 [main] DEBUG o.s.b.f.s.DefaultListableBeanFactory - Creating shared instance of singleton bean 'preserveErrorControllerTargetClassPostProcessor'
2026-09-24 12:42:41 [main] DEBUG o.s.b.f.s.DefaultListableBeanFactory - Creating shared instance of singleton bean 'org.springframework.context.event.internalEventListenerFactory'
2026-09-24 12:42:41 [main] DEBUG o.s.b.f.s.DefaultListableBeanFactory - Creating shared instance of singleton bean 'org.springframework.transaction.config.internalTransactionalEventListenerFactory'
2026-09-24 12:42:41 [main] DEBUG o.s.b.f.s.DefaultListableBeanFactory - Creating shared instance of singleton bean 'org.springframework.context.annotation.internalAutowiredAnnotationProcessor'
2026-09-24 12:42:41 [main] DEBUG o.s.b.f.s.DefaultListableBeanFactory - Creating shared instance of singleton bean 'org.springframework.context.annotation.internalCommonAnnotationProcessor'
2026-09-24 12:42:41 [main] DEBUG o.s.b.f.s.DefaultListableBeanFactory - Creating shared instance of singleton bean 'org.springframework.context.annotation.internalPersistenceAnnotationProcessor'
2026-09-24 12:42:41 [main] DEBUG o.s.b.f.s.DefaultListableBeanFactory - Creating shared instance of singleton bean 'org.springframework.boot.context.properties.ConfigurationPropertiesBindingPostProcessor'
2026-09-24 12:42:41 [main] DEBUG o.s.b.f.s.DefaultListableBeanFactory - Creating shared instance of singleton bean 'org.springframework.boot.context.internalConfigurationPropertiesBinder'
2026-09-24 12:42:41 [main] DEBUG o.s.b.f.s.DefaultListableBeanFactory - Creating shared instance of singleton bean 'jdbcConnectionDetailsHikariBeanPostProcessor'
2026-09-24 12:42:41 [main] DEBUG o.s.b.f.s.DefaultListableBeanFactory - Creating shared instance of singleton bean 'methodValidationPostProcessor'
2026-09-24 12:42:41 [main] DEBUG o.s.b.f.s.DefaultListableBeanFactory - Autowiring by type from bean name 'methodValidationPostProcessor' via factory method to bean named 'environment'
2026-09-24 12:42:41 [main] DEBUG o.s.b.f.s.DefaultListableBeanFactory - Creating shared instance of singleton bean 'org.springframework.boot.context.properties.EnableConfigurationPropertiesRegistrar.methodValidationExcludeFilter'
2026-09-24 12:42:41 [main] DEBUG o.s.b.f.s.DefaultListableBeanFactory - Creating shared instance of singleton bean 'org.springframework.aop.framework.autoproxy.defaultProxyConfig'
2026-09-24 12:42:41 [main] DEBUG o.s.b.f.s.DefaultListableBeanFactory - Creating shared instance of singleton bean 'org.springframework.aop.config.internalAutoProxyCreator'
2026-09-24 12:42:41 [main] DEBUG o.s.b.f.s.DefaultListableBeanFactory - Creating shared instance of singleton bean 'org.springframework.kafka.config.internalKafkaListenerAnnotationProcessor'
2026-09-24 12:42:41 [main] DEBUG o.s.b.f.s.DefaultListableBeanFactory - Creating shared instance of singleton bean 'persistenceExceptionTranslationPostProcessor'
2026-09-24 12:42:41 [main] DEBUG o.s.b.f.s.DefaultListableBeanFactory - Autowiring by type from bean name 'persistenceExceptionTranslationPostProcessor' via factory method to bean named 'environment'
2026-09-24 12:42:41 [main] DEBUG o.s.b.f.s.DefaultListableBeanFactory - Creating shared instance of singleton bean 'projectingArgumentResolverBeanPostProcessor'
2026-09-24 12:42:41 [main] DEBUG o.s.b.f.s.DefaultListableBeanFactory - Creating shared instance of singleton bean 'org.springframework.transaction.config.internalTransactionAdvisor'
2026-09-24 12:42:41 [main] DEBUG o.s.b.f.s.DefaultListableBeanFactory - Creating shared instance of singleton bean 'org.springframework.transaction.annotation.ProxyTransactionManagementConfiguration'
2026-09-24 12:42:41 [main] DEBUG o.s.b.f.s.DefaultListableBeanFactory - Creating shared instance of singleton bean 'transactionAttributeSource'
2026-09-24 12:42:41 [main] DEBUG o.s.b.f.s.DefaultListableBeanFactory - Creating shared instance of singleton bean 'transactionInterceptor'
2026-09-24 12:42:41 [main] DEBUG o.s.b.f.s.DefaultListableBeanFactory - Autowiring by type from bean name 'transactionInterceptor' via factory method to bean named 'transactionAttributeSource'
2026-09-24 12:42:41 [main] DEBUG o.s.b.f.s.DefaultListableBeanFactory - Autowiring by type from bean name 'org.springframework.transaction.config.internalTransactionAdvisor' via factory method to bean named 'transactionAttributeSource'
2026-09-24 12:42:41 [main] DEBUG o.s.b.f.s.DefaultListableBeanFactory - Autowiring by type from bean name 'org.springframework.transaction.config.internalTransactionAdvisor' via factory method to bean named 'transactionInterceptor'
2026-09-24 12:42:41 [main] DEBUG o.s.b.f.s.DefaultListableBeanFactory - Creating shared instance of singleton bean 'webServerFactoryCustomizerBeanPostProcessor'
2026-09-24 12:42:41 [main] DEBUG o.s.b.f.s.DefaultListableBeanFactory - Creating shared instance of singleton bean 'errorPageRegistrarBeanPostProcessor'
2026-09-24 12:42:41 [main] DEBUG o.s.b.f.s.DefaultListableBeanFactory - Creating shared instance of singleton bean 'applicationTaskExecutor'
2026-09-24 12:42:41 [main] DEBUG o.s.b.f.s.DefaultListableBeanFactory - Creating shared instance of singleton bean 'org.springframework.boot.autoconfigure.task.TaskExecutorConfigurations$TaskExecutorConfiguration'
2026-09-24 12:42:41 [main] DEBUG o.s.b.f.s.DefaultListableBeanFactory - Creating shared instance of singleton bean 'threadPoolTaskExecutorBuilder'
2026-09-24 12:42:41 [main] DEBUG o.s.b.f.s.DefaultListableBeanFactory - Creating shared instance of singleton bean 'org.springframework.boot.autoconfigure.task.TaskExecutorConfigurations$ThreadPoolTaskExecutorBuilderConfiguration'
2026-09-24 12:42:41 [main] DEBUG o.s.b.f.s.DefaultListableBeanFactory - Creating shared instance of singleton bean 'spring.task.execution-org.springframework.boot.autoconfigure.task.TaskExecutionProperties'
2026-09-24 12:42:41 [main] DEBUG o.s.b.f.s.DefaultListableBeanFactory - Creating shared instance of singleton bean 'org.springframework.boot.context.properties.BoundConfigurationProperties'
2026-09-24 12:42:41 [main] DEBUG o.s.b.f.s.DefaultListableBeanFactory - Autowiring by type from bean name 'threadPoolTaskExecutorBuilder' via factory method to bean named 'spring.task.execution-org.springframework.boot.autoconfigure.task.TaskExecutionProperties'
2026-09-24 12:42:41 [main] DEBUG o.s.b.f.s.DefaultListableBeanFactory - Autowiring by type from bean name 'applicationTaskExecutor' via factory method to bean named 'threadPoolTaskExecutorBuilder'
2026-09-24 12:42:41 [main] DEBUG o.s.s.c.ThreadPoolTaskExecutor - Initializing ExecutorService 'applicationTaskExecutor'
2026-09-24 12:42:41 [main] DEBUG o.s.b.f.s.DefaultListableBeanFactory - Creating shared instance of singleton bean 'org.springframework.test.context.support.internalDynamicPropertyRegistrarBeanInitializer'
2026-09-24 12:42:41 [main] DEBUG o.s.b.f.s.DefaultListableBeanFactory - Creating shared instance of singleton bean 'liquibase'
2026-09-24 12:42:41 [main] DEBUG o.s.b.f.s.DefaultListableBeanFactory - Creating shared instance of singleton bean 'org.springframework.boot.liquibase.autoconfigure.LiquibaseAutoConfiguration$LiquibaseConfiguration'
2026-09-24 12:42:41 [main] DEBUG o.s.b.f.s.DefaultListableBeanFactory - Creating shared instance of singleton bean 'spring.liquibase-org.springframework.boot.liquibase.autoconfigure.LiquibaseProperties'
2026-09-24 12:42:41 [main] DEBUG o.s.b.f.s.DefaultListableBeanFactory - Creating shared instance of singleton bean 'liquibaseConnectionDetails'
2026-09-24 12:42:41 [main] DEBUG o.s.b.f.s.DefaultListableBeanFactory - Autowiring by type from bean name 'liquibaseConnectionDetails' via factory method to bean named 'spring.liquibase-org.springframework.boot.liquibase.autoconfigure.LiquibaseProperties'
2026-09-24 12:42:41 [main] DEBUG o.s.b.f.s.DefaultListableBeanFactory - Autowiring by type from bean name 'liquibase' via factory method to bean named 'spring.liquibase-org.springframework.boot.liquibase.autoconfigure.LiquibaseProperties'
2026-09-24 12:42:41 [main] DEBUG o.s.b.f.s.DefaultListableBeanFactory - Autowiring by type from bean name 'liquibase' via factory method to bean named 'liquibaseConnectionDetails'
2026-09-24 12:42:41 [main] DEBUG o.s.b.f.s.DefaultListableBeanFactory - Creating shared instance of singleton bean 'dataSource'
2026-09-24 12:42:41 [main] DEBUG o.s.b.f.s.DefaultListableBeanFactory - Creating shared instance of singleton bean 'org.springframework.boot.jdbc.autoconfigure.DataSourceConfiguration$Hikari'
2026-09-24 12:42:41 [main] DEBUG o.s.b.f.s.DefaultListableBeanFactory - Creating shared instance of singleton bean 'spring.datasource-org.springframework.boot.jdbc.autoconfigure.DataSourceProperties'
2026-09-24 12:42:41 [main] DEBUG o.s.b.f.s.DefaultListableBeanFactory - Creating shared instance of singleton bean 'jdbcConnectionDetails'
2026-09-24 12:42:41 [main] DEBUG o.s.b.f.s.DefaultListableBeanFactory - Creating shared instance of singleton bean 'org.springframework.boot.jdbc.autoconfigure.DataSourceAutoConfiguration$PooledDataSourceConfiguration'
2026-09-24 12:42:41 [main] DEBUG o.s.b.f.s.DefaultListableBeanFactory - Autowiring by type from bean name 'jdbcConnectionDetails' via factory method to bean named 'spring.datasource-org.springframework.boot.jdbc.autoconfigure.DataSourceProperties'
2026-09-24 12:42:41 [main] DEBUG o.s.b.f.s.DefaultListableBeanFactory - Autowiring by type from bean name 'dataSource' via factory method to bean named 'spring.datasource-org.springframework.boot.jdbc.autoconfigure.DataSourceProperties'
2026-09-24 12:42:41 [main] DEBUG o.s.b.f.s.DefaultListableBeanFactory - Autowiring by type from bean name 'dataSource' via factory method to bean named 'jdbcConnectionDetails'
2026-09-24 12:42:41 [main] DEBUG o.s.b.f.s.DefaultListableBeanFactory - Autowiring by type from bean name 'dataSource' via factory method to bean named 'environment'
2026-09-24 12:42:41 [main] DEBUG com.zaxxer.hikari.util.UtilityElf - Class org.postgresql.Driver found in Thread context class loader jdk.internal.loader.ClassLoaders$AppClassLoader@1d44bcfa
2026-09-24 12:42:41 [main] DEBUG liquibase.servicelocator - Loaded liquibase.logging.LogService instance liquibase.logging.core.BufferedLogService
2026-09-24 12:42:41 [main] DEBUG liquibase.servicelocator - Loaded liquibase.logging.LogService instance liquibase.logging.core.CompositeLogService
2026-09-24 12:42:41 [main] DEBUG liquibase.servicelocator - Loaded liquibase.logging.LogService instance liquibase.logging.core.JavaLogService
2026-09-24 12:42:41 [main] DEBUG liquibase.servicelocator - Loaded liquibase.configuration.AutoloadedConfigurations instance liquibase.GlobalConfiguration
2026-09-24 12:42:41 [main] DEBUG liquibase.servicelocator - Loaded liquibase.configuration.AutoloadedConfigurations instance liquibase.integration.commandline.LiquibaseCommandLineConfiguration
2026-09-24 12:42:41 [main] DEBUG liquibase.servicelocator - Loaded liquibase.configuration.AutoloadedConfigurations instance liquibase.logging.core.DefaultLoggerConfiguration
2026-09-24 12:42:41 [main] DEBUG liquibase.servicelocator - Loaded liquibase.configuration.AutoloadedConfigurations instance liquibase.sql.SqlConfiguration
2026-09-24 12:42:41 [main] DEBUG liquibase.servicelocator - Loaded liquibase.configuration.AutoloadedConfigurations instance liquibase.parser.ChangeLogParserConfiguration
2026-09-24 12:42:41 [main] DEBUG liquibase.servicelocator - Loaded liquibase.configuration.AutoloadedConfigurations instance liquibase.analytics.configuration.AnalyticsArgs
2026-09-24 12:42:42 [main] DEBUG liquibase.servicelocator - Loaded liquibase.configuration.AutoloadedConfigurations instance liquibase.license.LicenseTrackingArgs
2026-09-24 12:42:42 [main] DEBUG liquibase.servicelocator - Loaded liquibase.configuration.AutoloadedConfigurations instance liquibase.database.core.MSSQLDatabase$SpecificConfiguration
2026-09-24 12:42:42 [main] DEBUG liquibase.configuration - Found ConfigurationDefinitions in liquibase.GlobalConfiguration
2026-09-24 12:42:42 [main] DEBUG liquibase.configuration - Found ConfigurationDefinitions in liquibase.integration.commandline.LiquibaseCommandLineConfiguration
2026-09-24 12:42:42 [main] DEBUG liquibase.configuration - Found ConfigurationDefinitions in liquibase.logging.core.DefaultLoggerConfiguration
2026-09-24 12:42:42 [main] DEBUG liquibase.configuration - Found ConfigurationDefinitions in liquibase.sql.SqlConfiguration
2026-09-24 12:42:42 [main] DEBUG liquibase.configuration - Found ConfigurationDefinitions in liquibase.parser.ChangeLogParserConfiguration
2026-09-24 12:42:42 [main] DEBUG liquibase.configuration - Found ConfigurationDefinitions in liquibase.analytics.configuration.AnalyticsArgs
2026-09-24 12:42:42 [main] DEBUG liquibase.configuration - Found ConfigurationDefinitions in liquibase.license.LicenseTrackingArgs
2026-09-24 12:42:42 [main] DEBUG liquibase.configuration - Found ConfigurationDefinitions in liquibase.database.core.MSSQLDatabase$SpecificConfiguration
2026-09-24 12:42:42 [main] DEBUG liquibase.servicelocator - Loaded liquibase.configuration.ConfigurationValueProvider instance liquibase.configuration.core.DeprecatedConfigurationValueProvider
2026-09-24 12:42:42 [main] DEBUG liquibase.servicelocator - Loaded liquibase.configuration.ConfigurationValueProvider instance liquibase.configuration.core.SystemPropertyValueProvider
2026-09-24 12:42:42 [main] DEBUG liquibase.servicelocator - Loaded liquibase.configuration.ConfigurationValueProvider instance liquibase.configuration.core.ScopeValueProvider
2026-09-24 12:42:42 [main] DEBUG liquibase.servicelocator - Loaded liquibase.configuration.ConfigurationValueProvider instance liquibase.configuration.core.EnvironmentValueProvider
2026-09-24 12:42:42 [main] DEBUG liquibase.servicelocator - Loaded liquibase.servicelocator.ServiceLocator instance liquibase.servicelocator.StandardServiceLocator
2026-09-24 12:42:42 [main] DEBUG liquibase.configuration - No configuration value for liquibase.shouldRun aka should.run found
2026-09-24 12:42:42 [main] DEBUG liquibase.configuration - Configuration liquibase.shouldRun is using the default value of true
2026-09-24 12:42:42 [main] DEBUG com.zaxxer.hikari.HikariConfig - HikariPool-1 - configuration:
2026-09-24 12:42:42 [main] DEBUG com.zaxxer.hikari.HikariConfig - allowPoolSuspension.............false
2026-09-24 12:42:42 [main] DEBUG com.zaxxer.hikari.HikariConfig - autoCommit......................true
2026-09-24 12:42:42 [main] DEBUG com.zaxxer.hikari.HikariConfig - catalog.........................none
2026-09-24 12:42:42 [main] DEBUG com.zaxxer.hikari.HikariConfig - connectionInitSql...............none
2026-09-24 12:42:42 [main] DEBUG com.zaxxer.hikari.HikariConfig - connectionTestQuery.............none
2026-09-24 12:42:42 [main] DEBUG com.zaxxer.hikari.HikariConfig - connectionTimeout...............30000
2026-09-24 12:42:42 [main] DEBUG com.zaxxer.hikari.HikariConfig - credentials.....................com.zaxxer.hikari.util.Credentials@76596288
2026-09-24 12:42:42 [main] DEBUG com.zaxxer.hikari.HikariConfig - credentialsProvider.............none
2026-09-24 12:42:42 [main] DEBUG com.zaxxer.hikari.HikariConfig - credentialsProviderClassName....none
2026-09-24 12:42:42 [main] DEBUG com.zaxxer.hikari.HikariConfig - dataSource......................none
2026-09-24 12:42:42 [main] DEBUG com.zaxxer.hikari.HikariConfig - dataSourceClassName.............none
2026-09-24 12:42:42 [main] DEBUG com.zaxxer.hikari.HikariConfig - dataSourceJNDI..................none
2026-09-24 12:42:42 [main] DEBUG com.zaxxer.hikari.HikariConfig - dataSourceProperties............{password=<masked>}
2026-09-24 12:42:42 [main] DEBUG com.zaxxer.hikari.HikariConfig - driverClassName................."org.postgresql.Driver"
2026-09-24 12:42:42 [main] DEBUG com.zaxxer.hikari.HikariConfig - exceptionOverride...............none
2026-09-24 12:42:42 [main] DEBUG com.zaxxer.hikari.HikariConfig - exceptionOverrideClassName......none
2026-09-24 12:42:42 [main] DEBUG com.zaxxer.hikari.HikariConfig - healthCheckProperties...........{}
2026-09-24 12:42:42 [main] DEBUG com.zaxxer.hikari.HikariConfig - healthCheckRegistry.............none
2026-09-24 12:42:42 [main] DEBUG com.zaxxer.hikari.HikariConfig - idleTimeout.....................600000
2026-09-24 12:42:42 [main] DEBUG com.zaxxer.hikari.HikariConfig - initializationFailTimeout.......1
2026-09-24 12:42:42 [main] DEBUG com.zaxxer.hikari.HikariConfig - isolateInternalQueries..........false
2026-09-24 12:42:42 [main] DEBUG com.zaxxer.hikari.HikariConfig - jdbcUrl.........................jdbc:postgresql://localhost:5432/user_service
2026-09-24 12:42:42 [main] DEBUG com.zaxxer.hikari.HikariConfig - keepaliveTime...................120000
2026-09-24 12:42:42 [main] DEBUG com.zaxxer.hikari.HikariConfig - leakDetectionThreshold..........0
2026-09-24 12:42:42 [main] DEBUG com.zaxxer.hikari.HikariConfig - maxLifetime.....................1800000
2026-09-24 12:42:42 [main] DEBUG com.zaxxer.hikari.HikariConfig - maximumPoolSize.................10
2026-09-24 12:42:42 [main] DEBUG com.zaxxer.hikari.HikariConfig - metricRegistry..................none
2026-09-24 12:42:42 [main] DEBUG com.zaxxer.hikari.HikariConfig - metricsTrackerFactory...........none
2026-09-24 12:42:42 [main] DEBUG com.zaxxer.hikari.HikariConfig - minimumIdle.....................10
2026-09-24 12:42:42 [main] DEBUG com.zaxxer.hikari.HikariConfig - password........................<masked>
2026-09-24 12:42:42 [main] DEBUG com.zaxxer.hikari.HikariConfig - poolName........................"HikariPool-1"
2026-09-24 12:42:42 [main] DEBUG com.zaxxer.hikari.HikariConfig - readOnly........................false
2026-09-24 12:42:42 [main] DEBUG com.zaxxer.hikari.HikariConfig - registerMbeans..................false
2026-09-24 12:42:42 [main] DEBUG com.zaxxer.hikari.HikariConfig - scheduledExecutor...............none
2026-09-24 12:42:42 [main] DEBUG com.zaxxer.hikari.HikariConfig - schema..........................none
2026-09-24 12:42:42 [main] DEBUG com.zaxxer.hikari.HikariConfig - threadFactory...................internal
2026-09-24 12:42:42 [main] DEBUG com.zaxxer.hikari.HikariConfig - transactionIsolation............default
2026-09-24 12:42:42 [main] DEBUG com.zaxxer.hikari.HikariConfig - username........................"postgres"
2026-09-24 12:42:42 [main] DEBUG com.zaxxer.hikari.HikariConfig - validationTimeout...............5000
2026-09-24 12:42:42 [main] INFO  com.zaxxer.hikari.HikariDataSource - HikariPool-1 - Starting...
2026-09-24 12:42:42 [main] DEBUG com.zaxxer.hikari.pool.PoolBase - HikariPool-1 - Attempting to create/setup new connection (992a11ec-d2fe-4eb3-a80c-3e61533e4447)
2026-09-24 12:42:45 [main] DEBUG com.zaxxer.hikari.pool.PoolBase - HikariPool-1 - Failed to create/setup connection (992a11ec-d2fe-4eb3-a80c-3e61533e4447): Драйвер столкнулся с непредвиденной ошибкой. Сообщите об этом исключении.
2026-09-24 12:42:45 [main] DEBUG com.zaxxer.hikari.pool.HikariPool - HikariPool-1 - Cannot acquire connection from data source
org.postgresql.util.PSQLException: Драйвер столкнулся с непредвиденной ошибкой. Сообщите об этом исключении.
	at org.postgresql.Driver.connect(Driver.java:327)
	at com.zaxxer.hikari.util.DriverDataSource.getConnection(DriverDataSource.java:144)
	at com.zaxxer.hikari.pool.PoolBase.newConnection(PoolBase.java:373)
	at com.zaxxer.hikari.pool.PoolBase.newPoolEntry(PoolBase.java:210)
	at com.zaxxer.hikari.pool.HikariPool.createPoolEntry(HikariPool.java:488)
	at com.zaxxer.hikari.pool.HikariPool.checkFailFast(HikariPool.java:576)
	at com.zaxxer.hikari.pool.HikariPool.<init>(HikariPool.java:97)
	at com.zaxxer.hikari.HikariDataSource.getConnection(HikariDataSource.java:111)
	at liquibase.integration.spring.SpringLiquibase.lambda$afterPropertiesSet$0(SpringLiquibase.java:276)
	at liquibase.Scope.lambda$child$0(Scope.java:243)
	at liquibase.Scope.child(Scope.java:252)
	at liquibase.Scope.child(Scope.java:242)
	at liquibase.Scope.child(Scope.java:221)
	at liquibase.integration.spring.SpringLiquibase.afterPropertiesSet(SpringLiquibase.java:272)
	at org.springframework.beans.factory.support.AbstractAutowireCapableBeanFactory.invokeInitMethods(AbstractAutowireCapableBeanFactory.java:1862)
	at org.springframework.beans.factory.support.AbstractAutowireCapableBeanFactory.initializeBean(AbstractAutowireCapableBeanFactory.java:1811)
	at org.springframework.beans.factory.support.AbstractAutowireCapableBeanFactory.doCreateBean(AbstractAutowireCapableBeanFactory.java:603)
	at org.springframework.beans.factory.support.AbstractAutowireCapableBeanFactory.createBean(AbstractAutowireCapableBeanFactory.java:525)
	at org.springframework.beans.factory.support.AbstractBeanFactory.lambda$doGetBean$0(AbstractBeanFactory.java:333)
	at org.springframework.beans.factory.support.DefaultSingletonBeanRegistry.getSingleton(DefaultSingletonBeanRegistry.java:371)
	at org.springframework.beans.factory.support.AbstractBeanFactory.doGetBean(AbstractBeanFactory.java:331)
	at org.springframework.beans.factory.support.AbstractBeanFactory.getBean(AbstractBeanFactory.java:196)
	at org.springframework.beans.factory.support.AbstractBeanFactory.doGetBean(AbstractBeanFactory.java:309)
	at org.springframework.beans.factory.support.AbstractBeanFactory.getBean(AbstractBeanFactory.java:201)
	at org.springframework.context.support.AbstractApplicationContext.finishBeanFactoryInitialization(AbstractApplicationContext.java:977)
	at org.springframework.context.support.AbstractApplicationContext.refresh(AbstractApplicationContext.java:621)
	at org.springframework.boot.SpringApplication.refresh(SpringApplication.java:756)
	at org.springframework.boot.SpringApplication.refreshContext(SpringApplication.java:445)
	at org.springframework.boot.SpringApplication.run(SpringApplication.java:321)
	at org.springframework.boot.test.context.SpringBootContextLoader.lambda$loadContext$2(SpringBootContextLoader.java:155)
	at org.springframework.util.function.ThrowingSupplier.get(ThrowingSupplier.java:58)
	at org.springframework.util.function.ThrowingSupplier.get(ThrowingSupplier.java:46)
	at org.springframework.boot.SpringApplication.withHook(SpringApplication.java:1465)
	at org.springframework.boot.test.context.SpringBootContextLoader$ContextLoaderHook.run(SpringBootContextLoader.java:600)
	at org.springframework.boot.test.context.SpringBootContextLoader.loadContext(SpringBootContextLoader.java:155)
	at org.springframework.boot.test.context.SpringBootContextLoader.loadContext(SpringBootContextLoader.java:114)
	at org.springframework.test.context.cache.DefaultCacheAwareContextLoaderDelegate.loadContextInternal(DefaultCacheAwareContextLoaderDelegate.java:247)
	at org.springframework.test.context.cache.DefaultCacheAwareContextLoaderDelegate.lambda$loadContext$0(DefaultCacheAwareContextLoaderDelegate.java:167)
	at org.springframework.test.context.cache.DefaultContextCache.put(DefaultContextCache.java:214)
	at org.springframework.test.context.cache.DefaultCacheAwareContextLoaderDelegate.loadContext(DefaultCacheAwareContextLoaderDelegate.java:160)
	at org.springframework.test.context.support.DefaultTestContext.getApplicationContext(DefaultTestContext.java:128)
	at org.springframework.test.context.web.ServletTestExecutionListener.setUpRequestContextIfNecessary(ServletTestExecutionListener.java:200)
	at org.springframework.test.context.web.ServletTestExecutionListener.prepareTestInstance(ServletTestExecutionListener.java:139)
	at org.springframework.test.context.TestContextManager.prepareTestInstance(TestContextManager.java:260)
	at org.springframework.test.context.junit.jupiter.SpringExtension.postProcessTestInstance(SpringExtension.java:242)
	at org.junit.jupiter.engine.descriptor.ClassBasedTestDescriptor.lambda$invokeTestInstancePostProcessors$1(ClassBasedTestDescriptor.java:423)
	at org.junit.jupiter.engine.descriptor.ClassBasedTestDescriptor.executeAndMaskThrowable(ClassBasedTestDescriptor.java:428)
	at org.junit.jupiter.engine.descriptor.ClassBasedTestDescriptor.lambda$invokeTestInstancePostProcessors$0(ClassBasedTestDescriptor.java:422)
	at java.base/java.util.stream.ForEachOps$ForEachOp$OfRef.accept(ForEachOps.java:183)
	at java.base/java.util.stream.ReferencePipeline$3$1.accept(ReferencePipeline.java:197)
	at java.base/java.util.stream.ReferencePipeline$2$1.accept(ReferencePipeline.java:179)
	at java.base/java.util.stream.ReferencePipeline$3$1.accept(ReferencePipeline.java:197)
	at java.base/java.util.ArrayList$ArrayListSpliterator.forEachRemaining(ArrayList.java:1625)
	at java.base/java.util.stream.AbstractPipeline.copyInto(AbstractPipeline.java:509)
	at java.base/java.util.stream.AbstractPipeline.wrapAndCopyInto(AbstractPipeline.java:499)
	at java.base/java.util.stream.ForEachOps$ForEachOp.evaluateSequential(ForEachOps.java:150)
	at java.base/java.util.stream.ForEachOps$ForEachOp$OfRef.evaluateSequential(ForEachOps.java:173)
	at java.base/java.util.stream.AbstractPipeline.evaluate(AbstractPipeline.java:234)
	at java.base/java.util.stream.ReferencePipeline.forEach(ReferencePipeline.java:596)
	at org.junit.jupiter.engine.descriptor.ClassBasedTestDescriptor.invokeTestInstancePostProcessors(ClassBasedTestDescriptor.java:422)
	at org.junit.jupiter.engine.descriptor.ClassBasedTestDescriptor.lambda$instantiateAndPostProcessTestInstance$0(ClassBasedTestDescriptor.java:334)
	at org.junit.platform.engine.support.hierarchical.ThrowableCollector.execute(ThrowableCollector.java:74)
	at org.junit.jupiter.engine.descriptor.ClassBasedTestDescriptor.instantiateAndPostProcessTestInstance(ClassBasedTestDescriptor.java:333)
	at org.junit.jupiter.engine.descriptor.ClassBasedTestDescriptor.lambda$testInstancesProvider$1(ClassBasedTestDescriptor.java:322)
	at java.base/java.util.Optional.orElseGet(Optional.java:364)
	at org.junit.jupiter.engine.descriptor.ClassBasedTestDescriptor.lambda$testInstancesProvider$0(ClassBasedTestDescriptor.java:321)
	at org.junit.jupiter.engine.execution.TestInstancesProvider.getTestInstances(TestInstancesProvider.java:27)
	at org.junit.jupiter.engine.descriptor.TestMethodTestDescriptor.lambda$prepare$0(TestMethodTestDescriptor.java:127)
	at org.junit.platform.engine.support.hierarchical.ThrowableCollector.execute(ThrowableCollector.java:74)
	at org.junit.jupiter.engine.descriptor.TestMethodTestDescriptor.prepare(TestMethodTestDescriptor.java:126)
	at org.junit.jupiter.engine.descriptor.TestMethodTestDescriptor.prepare(TestMethodTestDescriptor.java:70)
	at org.junit.platform.engine.support.hierarchical.NodeTestTask.lambda$prepare$0(NodeTestTask.java:144)
	at org.junit.platform.engine.support.hierarchical.ThrowableCollector.execute(ThrowableCollector.java:74)
	at org.junit.platform.engine.support.hierarchical.NodeTestTask.prepare(NodeTestTask.java:144)
	at org.junit.platform.engine.support.hierarchical.NodeTestTask.execute(NodeTestTask.java:110)
	at java.base/java.util.ArrayList.forEach(ArrayList.java:1511)
	at org.junit.platform.engine.support.hierarchical.SameThreadHierarchicalTestExecutorService.invokeAll(SameThreadHierarchicalTestExecutorService.java:42)
	at org.junit.platform.engine.support.hierarchical.NodeTestTask.lambda$executeRecursively$2(NodeTestTask.java:180)
	at org.junit.platform.engine.support.hierarchical.ThrowableCollector.execute(ThrowableCollector.java:74)
	at org.junit.platform.engine.support.hierarchical.NodeTestTask.lambda$executeRecursively$1(NodeTestTask.java:166)
	at org.junit.platform.engine.support.hierarchical.Node.around(Node.java:138)
	at org.junit.platform.engine.support.hierarchical.NodeTestTask.lambda$executeRecursively$0(NodeTestTask.java:164)
	at org.junit.platform.engine.support.hierarchical.ThrowableCollector.execute(ThrowableCollector.java:74)
	at org.junit.platform.engine.support.hierarchical.NodeTestTask.executeRecursively(NodeTestTask.java:163)
	at org.junit.platform.engine.support.hierarchical.NodeTestTask.execute(NodeTestTask.java:116)
	at java.base/java.util.ArrayList.forEach(ArrayList.java:1511)
	at org.junit.platform.engine.support.hierarchical.SameThreadHierarchicalTestExecutorService.invokeAll(SameThreadHierarchicalTestExecutorService.java:42)
	at org.junit.platform.engine.support.hierarchical.NodeTestTask.lambda$executeRecursively$2(NodeTestTask.java:180)
	at org.junit.platform.engine.support.hierarchical.ThrowableCollector.execute(ThrowableCollector.java:74)
	at org.junit.platform.engine.support.hierarchical.NodeTestTask.lambda$executeRecursively$1(NodeTestTask.java:166)
	at org.junit.platform.engine.support.hierarchical.Node.around(Node.java:138)
	at org.junit.platform.engine.support.hierarchical.NodeTestTask.lambda$executeRecursively$0(NodeTestTask.java:164)
	at org.junit.platform.engine.support.hierarchical.ThrowableCollector.execute(ThrowableCollector.java:74)
	at org.junit.platform.engine.support.hierarchical.NodeTestTask.executeRecursively(NodeTestTask.java:163)
	at org.junit.platform.engine.support.hierarchical.NodeTestTask.execute(NodeTestTask.java:116)
	at org.junit.platform.engine.support.hierarchical.SameThreadHierarchicalTestExecutorService.submit(SameThreadHierarchicalTestExecutorService.java:36)
	at org.junit.platform.engine.support.hierarchical.HierarchicalTestExecutor.execute(HierarchicalTestExecutor.java:52)
	at org.junit.platform.engine.support.hierarchical.HierarchicalTestEngine.execute(HierarchicalTestEngine.java:58)
	at org.junit.platform.launcher.core.EngineExecutionOrchestrator.executeEngine(EngineExecutionOrchestrator.java:246)
	at org.junit.platform.launcher.core.EngineExecutionOrchestrator.failOrExecuteEngine(EngineExecutionOrchestrator.java:218)
	at org.junit.platform.launcher.core.EngineExecutionOrchestrator.execute(EngineExecutionOrchestrator.java:179)
	at org.junit.platform.launcher.core.EngineExecutionOrchestrator.execute(EngineExecutionOrchestrator.java:108)
	at org.junit.platform.launcher.core.EngineExecutionOrchestrator.lambda$execute$0(EngineExecutionOrchestrator.java:66)
	at org.junit.platform.launcher.core.EngineExecutionOrchestrator.withInterceptedStreams(EngineExecutionOrchestrator.java:157)
	at org.junit.platform.launcher.core.EngineExecutionOrchestrator.execute(EngineExecutionOrchestrator.java:65)
	at org.junit.platform.launcher.core.DefaultLauncher.execute(DefaultLauncher.java:125)
	at org.junit.platform.launcher.core.DefaultLauncher.execute(DefaultLauncher.java:114)
	at org.junit.platform.launcher.core.DefaultLauncher.execute(DefaultLauncher.java:93)
	at org.junit.platform.launcher.core.DelegatingLauncher.execute(DelegatingLauncher.java:48)
	at org.junit.platform.launcher.core.InterceptingLauncher.lambda$execute$0(InterceptingLauncher.java:41)
	at org.junit.platform.launcher.core.ClasspathAlignmentCheckingLauncherInterceptor.intercept(ClasspathAlignmentCheckingLauncherInterceptor.java:25)
	at org.junit.platform.launcher.core.InterceptingLauncher.execute(InterceptingLauncher.java:40)
	at org.junit.platform.launcher.core.DelegatingLauncher.execute(DelegatingLauncher.java:48)
	at org.junit.platform.launcher.core.SessionPerRequestLauncher.execute(SessionPerRequestLauncher.java:67)
	at com.intellij.junit6.JUnit6IdeaTestRunner.startRunnerWithArgs(JUnit6IdeaTestRunner.java:67)
	at com.intellij.rt.junit.IdeaTestRunner$Repeater$1.execute(IdeaTestRunner.java:38)
	at com.intellij.rt.execution.junit.TestsRepeater.repeat(TestsRepeater.java:11)
	at com.intellij.rt.junit.IdeaTestRunner$Repeater.startRunnerWithArgs(IdeaTestRunner.java:35)
	at com.intellij.rt.junit.JUnitStarter.prepareStreamsAndStart(JUnitStarter.java:237)
	at com.intellij.rt.junit.JUnitStarter.main(JUnitStarter.java:58)
Caused by: java.lang.StringIndexOutOfBoundsException: offset 5, count -269553430, length 8192
	at java.base/java.lang.String.checkBoundsOffCount(String.java:4591)
	at java.base/java.lang.String.<init>(String.java:523)
	at org.postgresql.core.Encoding.decode(Encoding.java:284)
	at org.postgresql.core.PGStream.receiveErrorString(PGStream.java:539)
	at org.postgresql.core.v3.ConnectionFactoryImpl.doAuthentication(ConnectionFactoryImpl.java:835)
	at org.postgresql.core.v3.ConnectionFactoryImpl.tryConnect(ConnectionFactoryImpl.java:309)
	at org.postgresql.core.v3.ConnectionFactoryImpl.openConnectionImpl(ConnectionFactoryImpl.java:367)
	at org.postgresql.core.ConnectionFactory.openConnection(ConnectionFactory.java:52)
	at org.postgresql.jdbc.PgConnection.<init>(PgConnection.java:295)
	at org.postgresql.Driver.makeConnection(Driver.java:437)
	at org.postgresql.Driver.connect(Driver.java:305)
	... 119 common frames omitted
2026-09-24 12:42:46 [main] WARN  o.s.w.c.s.GenericWebApplicationContext - Exception encountered during context initialization - cancelling refresh attempt: org.springframework.beans.factory.BeanCreationException: Error creating bean with name 'entityManagerFactory' defined in class path resource [org/springframework/boot/hibernate/autoconfigure/HibernateJpaConfiguration.class]: Failed to initialize dependency 'liquibase' of LoadTimeWeaverAware bean 'entityManagerFactory': Error creating bean with name 'liquibase' defined in class path resource [org/springframework/boot/liquibase/autoconfigure/LiquibaseAutoConfiguration$LiquibaseConfiguration.class]: liquibase.exception.DatabaseException: org.postgresql.util.PSQLException: Драйвер столкнулся с непредвиденной ошибкой. Сообщите об этом исключении.
2026-09-24 12:42:46 [main] DEBUG o.s.s.c.ThreadPoolTaskExecutor - Shutting down ExecutorService 'applicationTaskExecutor'
2026-09-24 12:42:46 [main] DEBUG o.s.b.a.l.ConditionEvaluationReportLogger - 


============================
CONDITIONS EVALUATION REPORT
============================


Positive matches:
-----------------

   AopAutoConfiguration matched:
      - @ConditionalOnBooleanProperty (spring.aop.auto=true) matched (OnPropertyCondition)

   AopAutoConfiguration.AspectJAutoProxyingConfiguration matched:
      - @ConditionalOnClass found required class 'org.aspectj.weaver.Advice' (OnClassCondition)

   AopAutoConfiguration.AspectJAutoProxyingConfiguration.CglibAutoProxyConfiguration matched:
      - @ConditionalOnBooleanProperty (spring.aop.proxy-target-class=true) matched (OnPropertyCondition)

   ApplicationAvailabilityAutoConfiguration#applicationAvailability matched:
      - @ConditionalOnMissingBean (types: org.springframework.boot.availability.ApplicationAvailability; SearchStrategy: all) did not find any beans (OnBeanCondition)

   DataJpaRepositoriesAutoConfiguration matched:
      - @ConditionalOnClass found required class 'org.springframework.data.jpa.repository.JpaRepository' (OnClassCondition)
      - @ConditionalOnBooleanProperty (spring.data.jpa.repositories.enabled=true) matched (OnPropertyCondition)
      - @ConditionalOnBean (types: javax.sql.DataSource; SearchStrategy: all) found bean 'dataSource'; @ConditionalOnMissingBean (types: org.springframework.data.jpa.repository.support.JpaRepositoryFactoryBean,org.springframework.data.jpa.repository.config.JpaRepositoryConfigExtension; SearchStrategy: all) did not find any beans (OnBeanCondition)

   DataSourceAutoConfiguration matched:
      - @ConditionalOnClass found required classes 'javax.sql.DataSource', 'org.springframework.jdbc.datasource.embedded.EmbeddedDatabaseType' (OnClassCondition)
      - @ConditionalOnMissingBean (types: io.r2dbc.spi.ConnectionFactory; SearchStrategy: all) did not find any beans (OnBeanCondition)

   DataSourceAutoConfiguration.PooledDataSourceConfiguration matched:
      - AnyNestedCondition 1 matched 1 did not; NestedCondition on DataSourceAutoConfiguration.PooledDataSourceCondition.PooledDataSourceAvailable PooledDataSource found supported DataSource; NestedCondition on DataSourceAutoConfiguration.PooledDataSourceCondition.ExplicitType @ConditionalOnProperty (spring.datasource.type) did not find property 'spring.datasource.type' (DataSourceAutoConfiguration.PooledDataSourceCondition)
      - @ConditionalOnMissingBean (types: javax.sql.DataSource,javax.sql.XADataSource; SearchStrategy: all) did not find any beans (OnBeanCondition)

   DataSourceAutoConfiguration.PooledDataSourceConfiguration#jdbcConnectionDetails matched:
      - @ConditionalOnMissingBean (types: org.springframework.boot.jdbc.autoconfigure.JdbcConnectionDetails; SearchStrategy: all) did not find any beans (OnBeanCondition)

   DataSourceConfiguration.Hikari matched:
      - @ConditionalOnClass found required class 'com.zaxxer.hikari.HikariDataSource' (OnClassCondition)
      - @ConditionalOnProperty (spring.datasource.type=com.zaxxer.hikari.HikariDataSource) matched (OnPropertyCondition)
      - @ConditionalOnMissingBean (types: javax.sql.DataSource; SearchStrategy: all) did not find any beans (OnBeanCondition)

   DataSourceInitializationAutoConfiguration matched:
      - @ConditionalOnClass found required class 'org.springframework.jdbc.datasource.init.DatabasePopulator' (OnClassCondition)
      - SQL InitializationDatabase Initialization default value is EMBEDDED (OnSqlInitializationCondition)
      - @ConditionalOnSingleCandidate (types: javax.sql.DataSource; SearchStrategy: all) found a single bean 'dataSource'; @ConditionalOnMissingBean (types: org.springframework.boot.sql.autoconfigure.init.ApplicationScriptDatabaseInitializer; SearchStrategy: all) did not find any beans (OnBeanCondition)

   DataSourcePoolMetadataProvidersConfiguration.HikariPoolDataSourceMetadataProviderConfiguration matched:
      - @ConditionalOnClass found required class 'com.zaxxer.hikari.HikariDataSource' (OnClassCondition)

   DataSourceTransactionManagerAutoConfiguration matched:
      - @ConditionalOnClass found required classes 'javax.sql.DataSource', 'org.springframework.jdbc.core.JdbcTemplate', 'org.springframework.transaction.TransactionManager' (OnClassCondition)

   DataSourceTransactionManagerAutoConfiguration.JdbcTransactionManagerConfiguration matched:
      - @ConditionalOnSingleCandidate (types: javax.sql.DataSource; SearchStrategy: all) found a single bean 'dataSource' (OnBeanCondition)

   DataWebAutoConfiguration matched:
      - @ConditionalOnClass found required classes 'org.springframework.data.web.PageableHandlerMethodArgumentResolver', 'org.springframework.web.servlet.config.annotation.WebMvcConfigurer' (OnClassCondition)
      - found 'session' scope (OnWebApplicationCondition)
      - @ConditionalOnMissingBean (types: org.springframework.data.web.PageableHandlerMethodArgumentResolver; SearchStrategy: all) did not find any beans (OnBeanCondition)

   DataWebAutoConfiguration#pageableCustomizer matched:
      - @ConditionalOnMissingBean (types: org.springframework.data.web.config.PageableHandlerMethodArgumentResolverCustomizer; SearchStrategy: all) did not find any beans (OnBeanCondition)

   DataWebAutoConfiguration#sortCustomizer matched:
      - @ConditionalOnMissingBean (types: org.springframework.data.web.config.SortHandlerMethodArgumentResolverCustomizer; SearchStrategy: all) did not find any beans (OnBeanCondition)

   DataWebAutoConfiguration#springDataWebSettings matched:
      - @ConditionalOnMissingBean (types: org.springframework.data.web.config.SpringDataWebSettings; SearchStrategy: all) did not find any beans (OnBeanCondition)

   DispatcherServletAutoConfiguration matched:
      - @ConditionalOnClass found required class 'org.springframework.web.servlet.DispatcherServlet' (OnClassCondition)
      - found 'session' scope (OnWebApplicationCondition)

   DispatcherServletAutoConfiguration.DispatcherServletConfiguration matched:
      - @ConditionalOnClass found required class 'jakarta.servlet.ServletRegistration' (OnClassCondition)
      - Default DispatcherServlet did not find dispatcher servlet beans (DispatcherServletAutoConfiguration.DefaultDispatcherServletCondition)

   DispatcherServletAutoConfiguration.DispatcherServletRegistrationConfiguration matched:
      - @ConditionalOnClass found required class 'jakarta.servlet.ServletRegistration' (OnClassCondition)
      - DispatcherServlet Registration did not find servlet registration bean (DispatcherServletAutoConfiguration.DispatcherServletRegistrationCondition)

   DispatcherServletAutoConfiguration.DispatcherServletRegistrationConfiguration#dispatcherServletRegistration matched:
      - @ConditionalOnBean (names: dispatcherServlet types: org.springframework.web.servlet.DispatcherServlet; SearchStrategy: all) found bean 'dispatcherServlet' (OnBeanCondition)

   ErrorMvcAutoConfiguration matched:
      - @ConditionalOnClass found required classes 'jakarta.servlet.Servlet', 'org.springframework.web.servlet.DispatcherServlet' (OnClassCondition)
      - found 'session' scope (OnWebApplicationCondition)

   ErrorMvcAutoConfiguration#basicErrorController matched:
      - @ConditionalOnMissingBean (types: org.springframework.boot.webmvc.error.ErrorController; SearchStrategy: current) did not find any beans (OnBeanCondition)

   ErrorMvcAutoConfiguration#errorAttributes matched:
      - @ConditionalOnMissingBean (types: org.springframework.boot.webmvc.error.ErrorAttributes; SearchStrategy: current) did not find any beans (OnBeanCondition)

   ErrorMvcAutoConfiguration.DefaultErrorViewResolverConfiguration#conventionErrorViewResolver matched:
      - @ConditionalOnBean (types: org.springframework.web.servlet.DispatcherServlet; SearchStrategy: all) found bean 'dispatcherServlet'; @ConditionalOnMissingBean (types: org.springframework.boot.webmvc.autoconfigure.error.ErrorViewResolver; SearchStrategy: all) did not find any beans (OnBeanCondition)

   ErrorMvcAutoConfiguration.WhitelabelErrorViewConfiguration matched:
      - @ConditionalOnBooleanProperty (spring.web.error.whitelabel.enabled=true) matched (OnPropertyCondition)
      - ErrorTemplate Missing did not find error template view (ErrorMvcAutoConfiguration.ErrorTemplateMissingCondition)

   ErrorMvcAutoConfiguration.WhitelabelErrorViewConfiguration#beanNameViewResolver matched:
      - @ConditionalOnMissingBean (types: org.springframework.web.servlet.view.BeanNameViewResolver; SearchStrategy: all) did not find any beans (OnBeanCondition)

   ErrorMvcAutoConfiguration.WhitelabelErrorViewConfiguration#defaultErrorView matched:
      - @ConditionalOnMissingBean (names: error; SearchStrategy: all) did not find any beans (OnBeanCondition)

   HibernateJpaAutoConfiguration matched:
      - @ConditionalOnClass found required classes 'org.springframework.orm.jpa.LocalContainerEntityManagerFactoryBean', 'jakarta.persistence.EntityManager', 'org.hibernate.engine.spi.SessionImplementor' (OnClassCondition)

   HibernateJpaConfiguration matched:
      - @ConditionalOnSingleCandidate (types: javax.sql.DataSource; SearchStrategy: all) found a single bean 'dataSource' (OnBeanCondition)

   HttpEncodingAutoConfiguration matched:
      - @ConditionalOnClass found required class 'org.springframework.web.filter.CharacterEncodingFilter' (OnClassCondition)
      - found 'session' scope (OnWebApplicationCondition)
      - @ConditionalOnBooleanProperty (spring.servlet.encoding.enabled=true) matched (OnPropertyCondition)

   HttpEncodingAutoConfiguration#characterEncodingFilter matched:
      - @ConditionalOnMissingBean (types: org.springframework.web.filter.CharacterEncodingFilter; SearchStrategy: all) did not find any beans (OnBeanCondition)

   HttpMessageConvertersAutoConfiguration matched:
      - @ConditionalOnClass found required class 'org.springframework.http.converter.HttpMessageConverter' (OnClassCondition)
      - NoneNestedConditions 0 matched 1 did not; NestedCondition on HttpMessageConvertersAutoConfiguration.NotReactiveWebApplicationCondition.ReactiveWebApplication did not find reactive web application classes (HttpMessageConvertersAutoConfiguration.NotReactiveWebApplicationCondition)

   HttpMessageConvertersAutoConfiguration.StringHttpMessageConverterConfiguration#stringHttpMessageConvertersCustomizer matched:
      - @ConditionalOnMissingBean (types: org.springframework.http.converter.StringHttpMessageConverter; SearchStrategy: all) did not find any beans (OnBeanCondition)

   JacksonAutoConfiguration matched:
      - @ConditionalOnClass found required class 'tools.jackson.databind.json.JsonMapper' (OnClassCondition)

   JacksonAutoConfiguration#jacksonJsonMapper matched:
      - @ConditionalOnMissingBean (types: tools.jackson.databind.json.JsonMapper; SearchStrategy: all) did not find any beans (OnBeanCondition)

   JacksonAutoConfiguration#jsonFactory matched:
      - @ConditionalOnMissingBean (types: tools.jackson.core.json.JsonFactory; SearchStrategy: all) did not find any beans (OnBeanCondition)

   JacksonAutoConfiguration#jsonMapperBuilder matched:
      - @ConditionalOnMissingBean (types: tools.jackson.databind.json.JsonMapper$Builder; SearchStrategy: all) did not find any beans (OnBeanCondition)

   JacksonAutoConfiguration.JsonProblemDetailsConfiguration matched:
      - @ConditionalOnClass found required class 'org.springframework.http.ProblemDetail' (OnClassCondition)

   JacksonHttpMessageConvertersConfiguration.JacksonJsonHttpMessageConverterConfiguration matched:
      - @ConditionalOnClass found required class 'tools.jackson.databind.json.JsonMapper' (OnClassCondition)
      - @ConditionalOnProperty (spring.http.converters.preferred-json-mapper=jackson) matched (OnPropertyCondition)
      - @ConditionalOnBean (types: tools.jackson.databind.json.JsonMapper; SearchStrategy: all) found bean 'jacksonJsonMapper' (OnBeanCondition)

   JacksonHttpMessageConvertersConfiguration.JacksonJsonHttpMessageConverterConfiguration#jacksonJsonHttpMessageConvertersCustomizer matched:
      - @ConditionalOnMissingBean (types: org.springframework.http.converter.json.JacksonJsonHttpMessageConverter ignored: org.springframework.hateoas.server.mvc.TypeConstrainedJacksonJsonHttpMessageConverter,org.springframework.data.rest.webmvc.alps.AlpsJacksonJsonHttpMessageConverter; SearchStrategy: all) did not find any beans (OnBeanCondition)

   JdbcClientAutoConfiguration matched:
      - @ConditionalOnSingleCandidate (types: org.springframework.jdbc.core.namedparam.NamedParameterJdbcTemplate; SearchStrategy: all) found a single bean 'namedParameterJdbcTemplate'; @ConditionalOnMissingBean (types: org.springframework.jdbc.core.simple.JdbcClient; SearchStrategy: all) did not find any beans (OnBeanCondition)

   JdbcTemplateAutoConfiguration matched:
      - @ConditionalOnClass found required classes 'javax.sql.DataSource', 'org.springframework.jdbc.core.JdbcTemplate' (OnClassCondition)
      - @ConditionalOnSingleCandidate (types: javax.sql.DataSource; SearchStrategy: all) found a single bean 'dataSource' (OnBeanCondition)

   JdbcTemplateConfiguration matched:
      - @ConditionalOnMissingBean (types: org.springframework.jdbc.core.JdbcOperations; SearchStrategy: all) did not find any beans (OnBeanCondition)

   JpaBaseConfiguration#entityManagerFactory matched:
      - @ConditionalOnMissingBean (types: org.springframework.orm.jpa.LocalContainerEntityManagerFactoryBean,jakarta.persistence.EntityManagerFactory; SearchStrategy: all) did not find any beans (OnBeanCondition)

   JpaBaseConfiguration#entityManagerFactoryBuilder matched:
      - @ConditionalOnMissingBean (types: org.springframework.boot.jpa.EntityManagerFactoryBuilder; SearchStrategy: all) did not find any beans (OnBeanCondition)

   JpaBaseConfiguration#jpaVendorAdapter matched:
      - @ConditionalOnMissingBean (types: org.springframework.orm.jpa.JpaVendorAdapter; SearchStrategy: all) did not find any beans (OnBeanCondition)

   JpaBaseConfiguration#transactionManager matched:
      - @ConditionalOnMissingBean (types: org.springframework.transaction.TransactionManager; SearchStrategy: all) did not find any beans (OnBeanCondition)

   JpaBaseConfiguration.PersistenceManagedTypesConfiguration matched:
      - @ConditionalOnMissingBean (types: org.springframework.orm.jpa.LocalContainerEntityManagerFactoryBean,jakarta.persistence.EntityManagerFactory; SearchStrategy: all) did not find any beans (OnBeanCondition)

   JpaBaseConfiguration.PersistenceManagedTypesConfiguration#persistenceManagedTypes matched:
      - @ConditionalOnMissingBean (types: org.springframework.orm.jpa.persistenceunit.PersistenceManagedTypes; SearchStrategy: all) did not find any beans (OnBeanCondition)

   JtaAutoConfiguration matched:
      - @ConditionalOnClass found required class 'jakarta.transaction.Transaction' (OnClassCondition)
      - @ConditionalOnBooleanProperty (spring.jta.enabled=true) matched (OnPropertyCondition)

   KafkaAnnotationDrivenConfiguration matched:
      - @ConditionalOnClass found required class 'org.springframework.kafka.annotation.EnableKafka' (OnClassCondition)

   KafkaAnnotationDrivenConfiguration#kafkaListenerContainerFactory matched:
      - @ConditionalOnMissingBean (names: kafkaListenerContainerFactory; SearchStrategy: all) did not find any beans (OnBeanCondition)

   KafkaAnnotationDrivenConfiguration#kafkaListenerContainerFactoryConfigurer matched:
      - @ConditionalOnMissingBean (types: org.springframework.boot.kafka.autoconfigure.ConcurrentKafkaListenerContainerFactoryConfigurer; SearchStrategy: all) did not find any beans (OnBeanCondition)
      - @ConditionalOnThreading found PLATFORM (OnThreadingCondition)

   KafkaAnnotationDrivenConfiguration.EnableKafkaConfiguration matched:
      - @ConditionalOnMissingBean (names: org.springframework.kafka.config.internalKafkaListenerAnnotationProcessor; SearchStrategy: all) did not find any beans (OnBeanCondition)

   KafkaAutoConfiguration matched:
      - @ConditionalOnClass found required class 'org.springframework.kafka.core.KafkaTemplate' (OnClassCondition)

   KafkaAutoConfiguration#kafkaAdmin matched:
      - @ConditionalOnMissingBean (types: org.springframework.kafka.core.KafkaAdmin; SearchStrategy: all) did not find any beans (OnBeanCondition)

   KafkaAutoConfiguration#kafkaConnectionDetails matched:
      - @ConditionalOnMissingBean (types: org.springframework.boot.kafka.autoconfigure.KafkaConnectionDetails; SearchStrategy: all) did not find any beans (OnBeanCondition)

   KafkaAutoConfiguration#kafkaConsumerFactory matched:
      - @ConditionalOnMissingBean (types: org.springframework.kafka.core.ConsumerFactory; SearchStrategy: all) did not find any beans (OnBeanCondition)

   KafkaAutoConfiguration#kafkaProducerFactory matched:
      - @ConditionalOnMissingBean (types: org.springframework.kafka.core.ProducerFactory; SearchStrategy: all) did not find any beans (OnBeanCondition)

   KafkaAutoConfiguration#kafkaProducerListener matched:
      - @ConditionalOnMissingBean (types: org.springframework.kafka.support.ProducerListener; SearchStrategy: all) did not find any beans (OnBeanCondition)

   KafkaAutoConfiguration#kafkaTemplate matched:
      - @ConditionalOnMissingBean (types: org.springframework.kafka.core.KafkaTemplate; SearchStrategy: all) did not find any beans (OnBeanCondition)

   LifecycleAutoConfiguration#defaultLifecycleProcessor matched:
      - @ConditionalOnMissingBean (names: lifecycleProcessor; SearchStrategy: current) did not find any beans (OnBeanCondition)

   LiquibaseAutoConfiguration matched:
      - @ConditionalOnClass found required classes 'liquibase.integration.spring.SpringLiquibase', 'liquibase.change.DatabaseChange' (OnClassCondition)
      - @ConditionalOnBooleanProperty (spring.liquibase.enabled=true) matched (OnPropertyCondition)
      - AnyNestedCondition 2 matched 1 did not; NestedCondition on LiquibaseAutoConfiguration.LiquibaseDataSourceCondition.LiquibaseUrlCondition @ConditionalOnProperty (spring.liquibase.url) did not find property 'spring.liquibase.url'; NestedCondition on LiquibaseAutoConfiguration.LiquibaseDataSourceCondition.JdbcConnectionDetailsCondition @ConditionalOnBean (types: org.springframework.boot.jdbc.autoconfigure.JdbcConnectionDetails; SearchStrategy: all) found bean 'jdbcConnectionDetails'; NestedCondition on LiquibaseAutoConfiguration.LiquibaseDataSourceCondition.DataSourceBeanCondition @ConditionalOnBean (types: javax.sql.DataSource; SearchStrategy: all) found bean 'dataSource' (LiquibaseAutoConfiguration.LiquibaseDataSourceCondition)

   LiquibaseAutoConfiguration.CustomizerConfiguration matched:
      - @ConditionalOnClass found required class 'liquibase.integration.spring.Customizer' (OnClassCondition)

   LiquibaseAutoConfiguration.LiquibaseConfiguration matched:
      - @ConditionalOnClass found required class 'org.springframework.jdbc.core.ConnectionCallback' (OnClassCondition)
      - @ConditionalOnMissingBean (types: liquibase.integration.spring.SpringLiquibase; SearchStrategy: all) did not find any beans (OnBeanCondition)

   LiquibaseAutoConfiguration.LiquibaseConfiguration#liquibaseConnectionDetails matched:
      - @ConditionalOnMissingBean (types: org.springframework.boot.liquibase.autoconfigure.LiquibaseConnectionDetails; SearchStrategy: all) did not find any beans (OnBeanCondition)

   MultipartAutoConfiguration matched:
      - @ConditionalOnClass found required classes 'jakarta.servlet.Servlet', 'org.springframework.web.multipart.support.StandardServletMultipartResolver', 'jakarta.servlet.MultipartConfigElement' (OnClassCondition)
      - found 'session' scope (OnWebApplicationCondition)
      - @ConditionalOnBooleanProperty (spring.servlet.multipart.enabled=true) matched (OnPropertyCondition)

   MultipartAutoConfiguration#multipartConfigElement matched:
      - @ConditionalOnMissingBean (types: jakarta.servlet.MultipartConfigElement; SearchStrategy: all) did not find any beans (OnBeanCondition)

   MultipartAutoConfiguration#multipartResolver matched:
      - @ConditionalOnMissingBean (types: org.springframework.web.multipart.MultipartResolver; SearchStrategy: all) did not find any beans (OnBeanCondition)

   NamedParameterJdbcTemplateConfiguration matched:
      - @ConditionalOnSingleCandidate (types: org.springframework.jdbc.core.JdbcTemplate; SearchStrategy: all) found a single bean 'jdbcTemplate'; @ConditionalOnMissingBean (types: org.springframework.jdbc.core.namedparam.NamedParameterJdbcOperations; SearchStrategy: all) did not find any beans (OnBeanCondition)

   PersistenceExceptionTranslationAutoConfiguration matched:
      - @ConditionalOnClass found required class 'org.springframework.dao.annotation.PersistenceExceptionTranslationPostProcessor' (OnClassCondition)

   PersistenceExceptionTranslationAutoConfiguration#persistenceExceptionTranslationPostProcessor matched:
      - @ConditionalOnBooleanProperty (spring.persistence.exceptiontranslation.enabled=true) matched (OnPropertyCondition)
      - @ConditionalOnMissingBean (types: org.springframework.dao.annotation.PersistenceExceptionTranslationPostProcessor; SearchStrategy: all) did not find any beans (OnBeanCondition)

   PropertyPlaceholderAutoConfiguration#propertySourcesPlaceholderConfigurer matched:
      - @ConditionalOnMissingBean (types: org.springframework.context.support.PropertySourcesPlaceholderConfigurer; SearchStrategy: current) did not find any beans (OnBeanCondition)

   SslAutoConfiguration#sslBundleRegistry matched:
      - @ConditionalOnMissingBean (types: org.springframework.boot.ssl.SslBundleRegistry,org.springframework.boot.ssl.SslBundles; SearchStrategy: all) did not find any beans (OnBeanCondition)

   TaskExecutionAutoConfiguration matched:
      - @ConditionalOnClass found required class 'org.springframework.scheduling.concurrent.ThreadPoolTaskExecutor' (OnClassCondition)

   TaskExecutorConfigurations.AsyncConfigurerConfiguration matched:
      - @ConditionalOnMissingBean (types: org.springframework.scheduling.annotation.AsyncConfigurer; SearchStrategy: all) did not find any beans (OnBeanCondition)

   TaskExecutorConfigurations.SimpleAsyncTaskExecutorBuilderConfiguration#simpleAsyncTaskExecutorBuilder matched:
      - @ConditionalOnMissingBean (types: org.springframework.boot.task.SimpleAsyncTaskExecutorBuilder; SearchStrategy: all) did not find any beans (OnBeanCondition)
      - @ConditionalOnThreading found PLATFORM (OnThreadingCondition)

   TaskExecutorConfigurations.TaskExecutorConfiguration matched:
      - AnyNestedCondition 1 matched 1 did not; NestedCondition on TaskExecutorConfigurations.OnExecutorCondition.ModelCondition @ConditionalOnProperty (spring.task.execution.mode=force) did not find property 'spring.task.execution.mode'; NestedCondition on TaskExecutorConfigurations.OnExecutorCondition.ExecutorBeanCondition @ConditionalOnMissingBean (types: java.util.concurrent.Executor; SearchStrategy: all) did not find any beans (TaskExecutorConfigurations.OnExecutorCondition)

   TaskExecutorConfigurations.TaskExecutorConfiguration#applicationTaskExecutor matched:
      - @ConditionalOnThreading found PLATFORM (OnThreadingCondition)

   TaskExecutorConfigurations.ThreadPoolTaskExecutorBuilderConfiguration#threadPoolTaskExecutorBuilder matched:
      - @ConditionalOnMissingBean (types: org.springframework.boot.task.ThreadPoolTaskExecutorBuilder; SearchStrategy: all) did not find any beans (OnBeanCondition)

   TaskSchedulingAutoConfiguration matched:
      - @ConditionalOnClass found required class 'org.springframework.scheduling.concurrent.ThreadPoolTaskScheduler' (OnClassCondition)

   TaskSchedulingConfigurations.SimpleAsyncTaskSchedulerBuilderConfiguration#simpleAsyncTaskSchedulerBuilder matched:
      - @ConditionalOnMissingBean (types: org.springframework.boot.task.SimpleAsyncTaskSchedulerBuilder; SearchStrategy: all) did not find any beans (OnBeanCondition)
      - @ConditionalOnThreading found PLATFORM (OnThreadingCondition)

   TaskSchedulingConfigurations.ThreadPoolTaskSchedulerBuilderConfiguration#threadPoolTaskSchedulerBuilder matched:
      - @ConditionalOnMissingBean (types: org.springframework.boot.task.ThreadPoolTaskSchedulerBuilder; SearchStrategy: all) did not find any beans (OnBeanCondition)

   TomcatServletWebServerAutoConfiguration matched:
      - @ConditionalOnClass found required classes 'jakarta.servlet.ServletRequest', 'org.apache.catalina.startup.Tomcat', 'org.apache.coyote.UpgradeProtocol', 'org.springframework.boot.tomcat.servlet.TomcatServletWebServerFactory' (OnClassCondition)
      - found 'session' scope (OnWebApplicationCondition)

   TomcatServletWebServerAutoConfiguration#tomcatServletWebServerFactory matched:
      - @ConditionalOnMissingBean (types: org.springframework.boot.web.server.servlet.ServletWebServerFactory; SearchStrategy: current) did not find any beans (OnBeanCondition)

   TransactionAutoConfiguration matched:
      - @ConditionalOnClass found required class 'org.springframework.transaction.PlatformTransactionManager' (OnClassCondition)

   TransactionAutoConfiguration.EnableTransactionManagementConfiguration matched:
      - @ConditionalOnBean (types: org.springframework.transaction.TransactionManager; SearchStrategy: all) found bean 'transactionManager'; @ConditionalOnMissingBean (types: org.springframework.transaction.annotation.AbstractTransactionManagementConfiguration; SearchStrategy: all) did not find any beans (OnBeanCondition)

   TransactionAutoConfiguration.EnableTransactionManagementConfiguration.CglibAutoProxyConfiguration matched:
      - @ConditionalOnBooleanProperty (spring.aop.proxy-target-class=true) matched (OnPropertyCondition)

   TransactionAutoConfiguration.TransactionTemplateConfiguration matched:
      - @ConditionalOnSingleCandidate (types: org.springframework.transaction.PlatformTransactionManager; SearchStrategy: all) found a single bean 'transactionManager' (OnBeanCondition)

   TransactionAutoConfiguration.TransactionTemplateConfiguration#transactionTemplate matched:
      - @ConditionalOnMissingBean (types: org.springframework.transaction.support.TransactionOperations; SearchStrategy: all) did not find any beans (OnBeanCondition)

   TransactionManagerCustomizationAutoConfiguration matched:
      - @ConditionalOnClass found required class 'org.springframework.transaction.PlatformTransactionManager' (OnClassCondition)

   TransactionManagerCustomizationAutoConfiguration#platformTransactionManagerCustomizers matched:
      - @ConditionalOnMissingBean (types: org.springframework.boot.transaction.autoconfigure.TransactionManagerCustomizers; SearchStrategy: all) did not find any beans (OnBeanCondition)

   ValidationAutoConfiguration matched:
      - @ConditionalOnClass found required class 'jakarta.validation.executable.ExecutableValidator' (OnClassCondition)
      - @ConditionalOnResource found location classpath:META-INF/services/jakarta.validation.spi.ValidationProvider (OnResourceCondition)

   ValidationAutoConfiguration#defaultValidator matched:
      - @ConditionalOnMissingBean (types: jakarta.validation.Validator; SearchStrategy: all) did not find any beans (OnBeanCondition)

   ValidationAutoConfiguration#methodValidationPostProcessor matched:
      - @ConditionalOnMissingBean (types: org.springframework.validation.beanvalidation.MethodValidationPostProcessor; SearchStrategy: current) did not find any beans (OnBeanCondition)

   WebMvcAutoConfiguration matched:
      - @ConditionalOnClass found required classes 'jakarta.servlet.Servlet', 'org.springframework.web.servlet.DispatcherServlet', 'org.springframework.web.servlet.config.annotation.WebMvcConfigurer' (OnClassCondition)
      - found 'session' scope (OnWebApplicationCondition)
      - @ConditionalOnMissingBean (types: org.springframework.web.servlet.config.annotation.WebMvcConfigurationSupport; SearchStrategy: all) did not find any beans (OnBeanCondition)

   WebMvcAutoConfiguration#formContentFilter matched:
      - @ConditionalOnBooleanProperty (spring.mvc.formcontent.filter.enabled=true) matched (OnPropertyCondition)
      - @ConditionalOnMissingBean (types: org.springframework.web.filter.FormContentFilter; SearchStrategy: all) did not find any beans (OnBeanCondition)

   WebMvcAutoConfiguration.EnableWebMvcConfiguration#flashMapManager matched:
      - @ConditionalOnMissingBean (names: flashMapManager; SearchStrategy: all) did not find any beans (OnBeanCondition)

   WebMvcAutoConfiguration.EnableWebMvcConfiguration#localeResolver matched:
      - @ConditionalOnMissingBean (names: localeResolver; SearchStrategy: all) did not find any beans (OnBeanCondition)

   WebMvcAutoConfiguration.EnableWebMvcConfiguration#viewNameTranslator matched:
      - @ConditionalOnMissingBean (names: viewNameTranslator; SearchStrategy: all) did not find any beans (OnBeanCondition)

   WebMvcAutoConfiguration.WebMvcAutoConfigurationAdapter#defaultViewResolver matched:
      - @ConditionalOnMissingBean (types: org.springframework.web.servlet.view.InternalResourceViewResolver; SearchStrategy: all) did not find any beans (OnBeanCondition)

   WebMvcAutoConfiguration.WebMvcAutoConfigurationAdapter#requestContextFilter matched:
      - @ConditionalOnMissingBean (types: org.springframework.web.context.request.RequestContextListener,org.springframework.web.filter.RequestContextFilter; SearchStrategy: all) did not find any beans (OnBeanCondition)

   WebMvcAutoConfiguration.WebMvcAutoConfigurationAdapter#viewResolver matched:
      - @ConditionalOnBean (types: org.springframework.web.servlet.ViewResolver; SearchStrategy: all) found beans 'defaultViewResolver', 'beanNameViewResolver', 'mvcViewResolver'; @ConditionalOnMissingBean (names: viewResolver types: org.springframework.web.servlet.view.ContentNegotiatingViewResolver; SearchStrategy: all) did not find any beans (OnBeanCondition)


Negative matches:
-----------------

   AopAutoConfiguration.AspectJAutoProxyingConfiguration.JdkDynamicAutoProxyConfiguration:
      Did not match:
         - @ConditionalOnBooleanProperty (spring.aop.proxy-target-class=false) did not find property 'spring.aop.proxy-target-class' (OnPropertyCondition)

   AopAutoConfiguration.ClassProxyingConfiguration:
      Did not match:
         - @ConditionalOnMissingClass found unwanted class 'org.aspectj.weaver.Advice' (OnClassCondition)

   DataJpaRepositoriesAutoConfiguration#entityManagerFactoryBootstrapExecutorCustomizer:
      Did not match:
         - @ConditionalOnProperty (spring.data.jpa.repositories.bootstrap-mode=deferred) did not find property 'spring.data.jpa.repositories.bootstrap-mode' (OnPropertyCondition)

   DataRepositoryMetricsAutoConfiguration:
      Did not match:
         - @ConditionalOnBean did not find required type 'io.micrometer.core.instrument.MeterRegistry' (OnBeanCondition)

   DataSourceAutoConfiguration.EmbeddedDatabaseConfiguration:
      Did not match:
         - EmbeddedDataSource spring.datasource.url is set (DataSourceAutoConfiguration.EmbeddedDatabaseCondition)

   DataSourceCheckpointRestoreConfiguration:
      Did not match:
         - @ConditionalOnClass did not find required class 'org.crac.Resource' (OnClassCondition)

   DataSourceConfiguration.Dbcp2:
      Did not match:
         - @ConditionalOnClass did not find required class 'org.apache.commons.dbcp2.BasicDataSource' (OnClassCondition)

   DataSourceConfiguration.Generic:
      Did not match:
         - @ConditionalOnProperty (spring.datasource.type) did not find property 'spring.datasource.type' (OnPropertyCondition)

   DataSourceConfiguration.OracleUcp:
      Did not match:
         - @ConditionalOnClass did not find required classes 'oracle.ucp.jdbc.PoolDataSourceImpl', 'oracle.jdbc.OracleConnection' (OnClassCondition)

   DataSourceConfiguration.Tomcat:
      Did not match:
         - @ConditionalOnClass did not find required class 'org.apache.tomcat.jdbc.pool.DataSource' (OnClassCondition)

   DataSourceHealthContributorAutoConfiguration:
      Did not match:
         - @ConditionalOnClass did not find required class 'org.springframework.boot.health.autoconfigure.contributor.ConditionalOnEnabledHealthIndicator' (OnClassCondition)

   DataSourceJmxConfiguration:
      Did not match:
         - @ConditionalOnBooleanProperty (spring.jmx.enabled=true) found different value in property 'spring.jmx.enabled' (OnPropertyCondition)

   DataSourcePoolMetadataProvidersConfiguration.CommonsDbcp2PoolDataSourceMetadataProviderConfiguration:
      Did not match:
         - @ConditionalOnClass did not find required class 'org.apache.commons.dbcp2.BasicDataSource' (OnClassCondition)

   DataSourcePoolMetadataProvidersConfiguration.OracleUcpPoolDataSourceMetadataProviderConfiguration:
      Did not match:
         - @ConditionalOnClass did not find required classes 'oracle.ucp.jdbc.PoolDataSource', 'oracle.jdbc.OracleConnection' (OnClassCondition)

   DataSourcePoolMetadataProvidersConfiguration.TomcatDataSourcePoolMetadataProviderConfiguration:
      Did not match:
         - @ConditionalOnClass did not find required class 'org.apache.tomcat.jdbc.pool.DataSource' (OnClassCondition)

   DataSourcePoolMetricsAutoConfiguration:
      Did not match:
         - @ConditionalOnClass did not find required class 'io.micrometer.core.instrument.MeterRegistry' (OnClassCondition)

   DataSourceTransactionManagerAutoConfiguration.JdbcTransactionManagerConfiguration#transactionManager:
      Did not match:
         - @ConditionalOnMissingBean (types: org.springframework.transaction.TransactionManager; SearchStrategy: all) found beans of type 'org.springframework.transaction.TransactionManager' transactionManager (OnBeanCondition)

   DispatcherServletAutoConfiguration.DispatcherServletConfiguration#multipartResolver:
      Did not match:
         - @ConditionalOnBean (types: org.springframework.web.multipart.MultipartResolver; SearchStrategy: all) did not find any beans of type org.springframework.web.multipart.MultipartResolver (OnBeanCondition)

   GsonHttpMessageConvertersConfiguration:
      Did not match:
         - @ConditionalOnClass did not find required class 'com.google.gson.Gson' (OnClassCondition)

   HibernateMetricsAutoConfiguration:
      Did not match:
         - @ConditionalOnClass did not find required class 'io.micrometer.core.instrument.MeterRegistry' (OnClassCondition)

   Jackson2HttpMessageConvertersConfiguration.MappingJackson2HttpMessageConverterConfiguration:
      Did not match:
         - AnyNestedCondition 0 matched 2 did not; NestedCondition on Jackson2HttpMessageConvertersConfiguration.PreferJackson2OrJacksonUnavailableCondition.JacksonUnavailable @ConditionalOnMissingBean (types: org.springframework.boot.http.converter.autoconfigure.JacksonHttpMessageConvertersConfiguration$JacksonJsonHttpMessageConvertersCustomizer; SearchStrategy: all) found beans of type 'org.springframework.boot.http.converter.autoconfigure.JacksonHttpMessageConvertersConfiguration$JacksonJsonHttpMessageConvertersCustomizer' jacksonJsonHttpMessageConvertersCustomizer; NestedCondition on Jackson2HttpMessageConvertersConfiguration.PreferJackson2OrJacksonUnavailableCondition.Jackson2Preferred @ConditionalOnProperty (spring.http.converters.preferred-json-mapper=jackson2) did not find property 'spring.http.converters.preferred-json-mapper' (Jackson2HttpMessageConvertersConfiguration.PreferJackson2OrJacksonUnavailableCondition)
      Matched:
         - @ConditionalOnClass found required class 'com.fasterxml.jackson.databind.ObjectMapper' (OnClassCondition)

   Jackson2HttpMessageConvertersConfiguration.MappingJackson2XmlHttpMessageConverterConfiguration:
      Did not match:
         - @ConditionalOnClass did not find required class 'com.fasterxml.jackson.dataformat.xml.XmlMapper' (OnClassCondition)

   JacksonAutoConfiguration.CborConfiguration:
      Did not match:
         - @ConditionalOnClass did not find required class 'tools.jackson.dataformat.cbor.CBORMapper' (OnClassCondition)

   JacksonAutoConfiguration.XmlConfiguration:
      Did not match:
         - @ConditionalOnClass did not find required class 'tools.jackson.dataformat.xml.XmlMapper' (OnClassCondition)

   JacksonHttpMessageConvertersConfiguration.JacksonXmlHttpMessageConverterConfiguration:
      Did not match:
         - @ConditionalOnClass did not find required class 'tools.jackson.dataformat.xml.XmlMapper' (OnClassCondition)

   JmxAutoConfiguration:
      Did not match:
         - @ConditionalOnBooleanProperty (spring.jmx.enabled=true) found different value in property 'spring.jmx.enabled' (OnPropertyCondition)
      Matched:
         - @ConditionalOnClass found required class 'org.springframework.jmx.export.MBeanExporter' (OnClassCondition)

   JndiDataSourceAutoConfiguration:
      Did not match:
         - @ConditionalOnProperty (spring.datasource.jndi-name) did not find property 'spring.datasource.jndi-name' (OnPropertyCondition)
      Matched:
         - @ConditionalOnClass found required classes 'javax.sql.DataSource', 'org.springframework.jdbc.datasource.embedded.EmbeddedDatabaseType' (OnClassCondition)

   JndiJtaConfiguration:
      Did not match:
         - @ConditionalOnJndi JNDI environment is not available (OnJndiCondition)
      Matched:
         - @ConditionalOnClass found required class 'org.springframework.transaction.jta.JtaTransactionManager' (OnClassCondition)

   JpaBaseConfiguration.JpaWebConfiguration:
      Did not match:
         - @ConditionalOnBooleanProperty (spring.jpa.open-in-view=true) found different value in property 'spring.jpa.open-in-view' (OnPropertyCondition)
      Matched:
         - @ConditionalOnClass found required class 'org.springframework.web.servlet.config.annotation.WebMvcConfigurer' (OnClassCondition)
         - found 'session' scope (OnWebApplicationCondition)

   JsonbHttpMessageConvertersConfiguration:
      Did not match:
         - @ConditionalOnClass did not find required class 'jakarta.json.bind.Jsonb' (OnClassCondition)

   KafkaAnnotationDrivenConfiguration#kafkaListenerContainerFactoryConfigurerVirtualThreads:
      Did not match:
         - @ConditionalOnMissingBean (types: org.springframework.boot.kafka.autoconfigure.ConcurrentKafkaListenerContainerFactoryConfigurer; SearchStrategy: all) found beans of type 'org.springframework.boot.kafka.autoconfigure.ConcurrentKafkaListenerContainerFactoryConfigurer' kafkaListenerContainerFactoryConfigurer (OnBeanCondition)

   KafkaAutoConfiguration#kafkaJaasInitializer:
      Did not match:
         - @ConditionalOnBooleanProperty (spring.kafka.jaas.enabled=true) did not find property 'spring.kafka.jaas.enabled' (OnPropertyCondition)

   KafkaAutoConfiguration#kafkaRetryTopicConfiguration:
      Did not match:
         - @ConditionalOnBooleanProperty (spring.kafka.retry.topic.enabled=true) did not find property 'spring.kafka.retry.topic.enabled' (OnPropertyCondition)

   KafkaAutoConfiguration#kafkaTransactionManager:
      Did not match:
         - @ConditionalOnProperty (spring.kafka.producer.transaction-id-prefix) did not find property 'spring.kafka.producer.transaction-id-prefix' (OnPropertyCondition)

   KafkaMetricsAutoConfiguration:
      Did not match:
         - @ConditionalOnClass did not find required class 'io.micrometer.core.instrument.binder.kafka.KafkaClientMetrics' (OnClassCondition)

   KafkaStreamsAnnotationDrivenConfiguration:
      Did not match:
         - @ConditionalOnBean (names: defaultKafkaStreamsBuilder; SearchStrategy: all) did not find any beans named defaultKafkaStreamsBuilder (OnBeanCondition)
      Matched:
         - @ConditionalOnClass found required class 'org.apache.kafka.streams.StreamsBuilder' (OnClassCondition)

   KotlinSerializationHttpMessageConvertersConfiguration:
      Did not match:
         - @ConditionalOnClass did not find required classes 'kotlinx.serialization.Serializable', 'kotlinx.serialization.json.Json' (OnClassCondition)

   LazyConnectionDataSourceConfiguration:
      Did not match:
         - @ConditionalOnProperty (spring.datasource.connection-fetch=lazy) did not find property 'spring.datasource.connection-fetch' (OnPropertyCondition)

   LiquibaseAutoConfiguration.CustomizerConfiguration#springLiquibaseCustomizer:
      Did not match:
         - @ConditionalOnBean (types: liquibase.integration.spring.Customizer; SearchStrategy: all) did not find any beans of type liquibase.integration.spring.Customizer (OnBeanCondition)

   LiquibaseEndpointAutoConfiguration:
      Did not match:
         - @ConditionalOnClass did not find required class 'org.springframework.boot.actuate.autoconfigure.endpoint.condition.ConditionalOnAvailableEndpoint' (OnClassCondition)

   MessageSourceAutoConfiguration:
      Did not match:
         - ResourceBundle did not find bundle with basename messages (MessageSourceAutoConfiguration.ResourceBundleCondition)

   ProjectInfoAutoConfiguration#buildProperties:
      Did not match:
         - @ConditionalOnResource did not find resource '${spring.info.build.location:classpath:META-INF/build-info.properties}' (OnResourceCondition)

   ProjectInfoAutoConfiguration#gitProperties:
      Did not match:
         - GitResource did not find git info at classpath:git.properties (ProjectInfoAutoConfiguration.GitResourceAvailableCondition)

   ServletHttpExchangesAutoConfiguration:
      Did not match:
         - @ConditionalOnBean did not find required type 'org.springframework.boot.actuate.web.exchanges.HttpExchangeRepository' (OnBeanCondition)

   ServletManagementContextAutoConfiguration:
      Did not match:
         - @ConditionalOnClass did not find required class 'org.springframework.boot.actuate.autoconfigure.endpoint.web.WebEndpointProperties' (OnClassCondition)

   ServletMappingsAutoConfiguration:
      Did not match:
         - @ConditionalOnClass did not find required class 'org.springframework.boot.actuate.autoconfigure.endpoint.condition.ConditionalOnAvailableEndpoint' (OnClassCondition)

   ServletWebServerConfiguration#forwardedHeaderFilter:
      Did not match:
         - @ConditionalOnProperty (server.forward-headers-strategy=framework) did not find property 'server.forward-headers-strategy' (OnPropertyCondition)

   SpringApplicationAdminJmxAutoConfiguration:
      Did not match:
         - @ConditionalOnBooleanProperty (spring.application.admin.enabled=true) did not find property 'spring.application.admin.enabled' (OnPropertyCondition)

   TaskExecutorConfigurations.AsyncConfigurerWrapperConfiguration:
      Did not match:
         - @ConditionalOnBean (types: org.springframework.scheduling.annotation.AsyncConfigurer; SearchStrategy: all) did not find any beans of type org.springframework.scheduling.annotation.AsyncConfigurer (OnBeanCondition)

   TaskExecutorConfigurations.SimpleAsyncTaskExecutorBuilderConfiguration#simpleAsyncTaskExecutorBuilderVirtualThreads:
      Did not match:
         - @ConditionalOnMissingBean (types: org.springframework.boot.task.SimpleAsyncTaskExecutorBuilder; SearchStrategy: all) found beans of type 'org.springframework.boot.task.SimpleAsyncTaskExecutorBuilder' simpleAsyncTaskExecutorBuilder (OnBeanCondition)

   TaskExecutorConfigurations.TaskExecutorConfiguration#applicationTaskExecutorVirtualThreads:
      Did not match:
         - @ConditionalOnThreading did not find VIRTUAL (OnThreadingCondition)

   TaskExecutorConfigurations.TaskExecutorContextPropagationConfiguration:
      Did not match:
         - @ConditionalOnClass did not find required class 'io.micrometer.context.ContextSnapshot' (OnClassCondition)

   TaskSchedulingAutoConfiguration#scheduledBeanLazyInitializationExcludeFilter:
      Did not match:
         - @ConditionalOnBean (names: org.springframework.scheduling.config.internalScheduledAnnotationProcessor; SearchStrategy: all) did not find any beans named org.springframework.scheduling.config.internalScheduledAnnotationProcessor (OnBeanCondition)

   TaskSchedulingConfigurations.SimpleAsyncTaskSchedulerBuilderConfiguration#simpleAsyncTaskSchedulerBuilderVirtualThreads:
      Did not match:
         - @ConditionalOnMissingBean (types: org.springframework.boot.task.SimpleAsyncTaskSchedulerBuilder; SearchStrategy: all) found beans of type 'org.springframework.boot.task.SimpleAsyncTaskSchedulerBuilder' simpleAsyncTaskSchedulerBuilder (OnBeanCondition)

   TaskSchedulingConfigurations.TaskSchedulerConfiguration:
      Did not match:
         - @ConditionalOnBean (names: org.springframework.scheduling.config.internalScheduledAnnotationProcessor; SearchStrategy: all) did not find any beans named org.springframework.scheduling.config.internalScheduledAnnotationProcessor (OnBeanCondition)

   TomcatMetricsAutoConfiguration:
      Did not match:
         - @ConditionalOnClass did not find required class 'io.micrometer.core.instrument.binder.tomcat.TomcatMetrics' (OnClassCondition)

   TomcatReactiveManagementContextAutoConfiguration:
      Did not match:
         - @ConditionalOnClass did not find required class 'org.springframework.boot.actuate.autoconfigure.web.server.ManagementContextFactory' (OnClassCondition)

   TomcatReactiveWebServerAutoConfiguration:
      Did not match:
         - @ConditionalOnWebApplication did not find reactive web application classes (OnWebApplicationCondition)

   TomcatServletManagementContextAutoConfiguration:
      Did not match:
         - @ConditionalOnClass did not find required class 'org.springframework.boot.actuate.autoconfigure.web.server.ManagementContextFactory' (OnClassCondition)

   TomcatServletWebServerAutoConfiguration#tomcatForwardedHeaderFilterCustomizer:
      Did not match:
         - @ConditionalOnProperty (server.forward-headers-strategy=framework) did not find property 'server.forward-headers-strategy' (OnPropertyCondition)

   TomcatWebServerConfiguration:
      Did not match:
         - Application is deployed as a WAR file. (OnWarDeploymentCondition)

   TransactionAutoConfiguration#transactionalOperator:
      Did not match:
         - @ConditionalOnSingleCandidate (types: org.springframework.transaction.ReactiveTransactionManager; SearchStrategy: all) did not find any beans (OnBeanCondition)

   TransactionAutoConfiguration.AspectJTransactionManagementConfiguration:
      Did not match:
         - @ConditionalOnBean (types: org.springframework.transaction.aspectj.AbstractTransactionAspect; SearchStrategy: all) did not find any beans of type org.springframework.transaction.aspectj.AbstractTransactionAspect (OnBeanCondition)

   TransactionAutoConfiguration.EnableTransactionManagementConfiguration.JdkDynamicAutoProxyConfiguration:
      Did not match:
         - @ConditionalOnBooleanProperty (spring.aop.proxy-target-class=false) did not find property 'spring.aop.proxy-target-class' (OnPropertyCondition)

   WebMvcAutoConfiguration#hiddenHttpMethodFilter:
      Did not match:
         - @ConditionalOnBooleanProperty (spring.mvc.hiddenmethod.filter.enabled=true) did not find property 'spring.mvc.hiddenmethod.filter.enabled' (OnPropertyCondition)

   WebMvcAutoConfiguration.ProblemDetailsErrorHandlingConfiguration:
      Did not match:
         - @ConditionalOnBooleanProperty (spring.mvc.problemdetails.enabled=true) did not find property 'spring.mvc.problemdetails.enabled' (OnPropertyCondition)

   WebMvcAutoConfiguration.ResourceChainCustomizerConfiguration:
      Did not match:
         - @ConditionalOnEnabledResourceChain did not find class org.webjars.WebJarVersionLocator (OnEnabledResourceChainCondition)

   WebMvcAutoConfiguration.WebMvcAutoConfigurationAdapter#beanNameViewResolver:
      Did not match:
         - @ConditionalOnMissingBean (types: org.springframework.web.servlet.view.BeanNameViewResolver; SearchStrategy: all) found beans of type 'org.springframework.web.servlet.view.BeanNameViewResolver' beanNameViewResolver (OnBeanCondition)

   WebMvcHealthEndpointExtensionAutoConfiguration:
      Did not match:
         - @ConditionalOnClass did not find required class 'org.springframework.boot.health.actuate.endpoint.HealthEndpoint' (OnClassCondition)

   WebMvcMappingsAutoConfiguration:
      Did not match:
         - @ConditionalOnClass did not find required class 'org.springframework.boot.actuate.autoconfigure.endpoint.condition.ConditionalOnAvailableEndpoint' (OnClassCondition)

   WebMvcObservationAutoConfiguration:
      Did not match:
         - @ConditionalOnClass did not find required class 'org.springframework.boot.micrometer.observation.autoconfigure.ObservationProperties' (OnClassCondition)

   XADataSourceAutoConfiguration:
      Did not match:
         - @ConditionalOnBean (types: org.springframework.boot.jdbc.XADataSourceWrapper; SearchStrategy: all) did not find any beans of type org.springframework.boot.jdbc.XADataSourceWrapper (OnBeanCondition)
      Matched:
         - @ConditionalOnClass found required classes 'javax.sql.DataSource', 'jakarta.transaction.TransactionManager', 'org.springframework.jdbc.datasource.embedded.EmbeddedDatabaseType' (OnClassCondition)


Exclusions:
-----------

    None


Unconditional classes:
----------------------

    org.springframework.boot.autoconfigure.context.ConfigurationPropertiesAutoConfiguration

    org.springframework.boot.autoconfigure.ssl.SslAutoConfiguration

    org.springframework.boot.autoconfigure.context.LifecycleAutoConfiguration

    org.springframework.boot.autoconfigure.context.PropertyPlaceholderAutoConfiguration

    org.springframework.boot.autoconfigure.availability.ApplicationAvailabilityAutoConfiguration

    org.springframework.boot.autoconfigure.info.ProjectInfoAutoConfiguration



2026-09-24 12:42:46 [main] ERROR o.s.boot.SpringApplication - Application run failed
org.springframework.beans.factory.BeanCreationException: Error creating bean with name 'entityManagerFactory' defined in class path resource [org/springframework/boot/hibernate/autoconfigure/HibernateJpaConfiguration.class]: Failed to initialize dependency 'liquibase' of LoadTimeWeaverAware bean 'entityManagerFactory': Error creating bean with name 'liquibase' defined in class path resource [org/springframework/boot/liquibase/autoconfigure/LiquibaseAutoConfiguration$LiquibaseConfiguration.class]: liquibase.exception.DatabaseException: org.postgresql.util.PSQLException: Драйвер столкнулся с непредвиденной ошибкой. Сообщите об этом исключении.
	at org.springframework.beans.factory.support.AbstractBeanFactory.doGetBean(AbstractBeanFactory.java:322)
	at org.springframework.beans.factory.support.AbstractBeanFactory.getBean(AbstractBeanFactory.java:201)
	at org.springframework.context.support.AbstractApplicationContext.finishBeanFactoryInitialization(AbstractApplicationContext.java:977)
	at org.springframework.context.support.AbstractApplicationContext.refresh(AbstractApplicationContext.java:621)
	at org.springframework.boot.SpringApplication.refresh(SpringApplication.java:756)
	at org.springframework.boot.SpringApplication.refreshContext(SpringApplication.java:445)
	at org.springframework.boot.SpringApplication.run(SpringApplication.java:321)
	at org.springframework.boot.test.context.SpringBootContextLoader.lambda$loadContext$2(SpringBootContextLoader.java:155)
	at org.springframework.util.function.ThrowingSupplier.get(ThrowingSupplier.java:58)
	at org.springframework.util.function.ThrowingSupplier.get(ThrowingSupplier.java:46)
	at org.springframework.boot.SpringApplication.withHook(SpringApplication.java:1465)
	at org.springframework.boot.test.context.SpringBootContextLoader$ContextLoaderHook.run(SpringBootContextLoader.java:600)
	at org.springframework.boot.test.context.SpringBootContextLoader.loadContext(SpringBootContextLoader.java:155)
	at org.springframework.boot.test.context.SpringBootContextLoader.loadContext(SpringBootContextLoader.java:114)
	at org.springframework.test.context.cache.DefaultCacheAwareContextLoaderDelegate.loadContextInternal(DefaultCacheAwareContextLoaderDelegate.java:247)
	at org.springframework.test.context.cache.DefaultCacheAwareContextLoaderDelegate.lambda$loadContext$0(DefaultCacheAwareContextLoaderDelegate.java:167)
	at org.springframework.test.context.cache.DefaultContextCache.put(DefaultContextCache.java:214)
	at org.springframework.test.context.cache.DefaultCacheAwareContextLoaderDelegate.loadContext(DefaultCacheAwareContextLoaderDelegate.java:160)
	at org.springframework.test.context.support.DefaultTestContext.getApplicationContext(DefaultTestContext.java:128)
	at org.springframework.test.context.web.ServletTestExecutionListener.setUpRequestContextIfNecessary(ServletTestExecutionListener.java:200)
	at org.springframework.test.context.web.ServletTestExecutionListener.prepareTestInstance(ServletTestExecutionListener.java:139)
	at org.springframework.test.context.TestContextManager.prepareTestInstance(TestContextManager.java:260)
	at org.springframework.test.context.junit.jupiter.SpringExtension.postProcessTestInstance(SpringExtension.java:242)
	at org.junit.jupiter.engine.descriptor.ClassBasedTestDescriptor.lambda$invokeTestInstancePostProcessors$1(ClassBasedTestDescriptor.java:423)
	at org.junit.jupiter.engine.descriptor.ClassBasedTestDescriptor.executeAndMaskThrowable(ClassBasedTestDescriptor.java:428)
	at org.junit.jupiter.engine.descriptor.ClassBasedTestDescriptor.lambda$invokeTestInstancePostProcessors$0(ClassBasedTestDescriptor.java:422)
	at java.base/java.util.stream.ForEachOps$ForEachOp$OfRef.accept(ForEachOps.java:183)
	at java.base/java.util.stream.ReferencePipeline$3$1.accept(ReferencePipeline.java:197)
	at java.base/java.util.stream.ReferencePipeline$2$1.accept(ReferencePipeline.java:179)
	at java.base/java.util.stream.ReferencePipeline$3$1.accept(ReferencePipeline.java:197)
	at java.base/java.util.ArrayList$ArrayListSpliterator.forEachRemaining(ArrayList.java:1625)
	at java.base/java.util.stream.AbstractPipeline.copyInto(AbstractPipeline.java:509)
	at java.base/java.util.stream.AbstractPipeline.wrapAndCopyInto(AbstractPipeline.java:499)
	at java.base/java.util.stream.ForEachOps$ForEachOp.evaluateSequential(ForEachOps.java:150)
	at java.base/java.util.stream.ForEachOps$ForEachOp$OfRef.evaluateSequential(ForEachOps.java:173)
	at java.base/java.util.stream.AbstractPipeline.evaluate(AbstractPipeline.java:234)
	at java.base/java.util.stream.ReferencePipeline.forEach(ReferencePipeline.java:596)
	at org.junit.jupiter.engine.descriptor.ClassBasedTestDescriptor.invokeTestInstancePostProcessors(ClassBasedTestDescriptor.java:422)
	at org.junit.jupiter.engine.descriptor.ClassBasedTestDescriptor.lambda$instantiateAndPostProcessTestInstance$0(ClassBasedTestDescriptor.java:334)
	at org.junit.platform.engine.support.hierarchical.ThrowableCollector.execute(ThrowableCollector.java:74)
	at org.junit.jupiter.engine.descriptor.ClassBasedTestDescriptor.instantiateAndPostProcessTestInstance(ClassBasedTestDescriptor.java:333)
	at org.junit.jupiter.engine.descriptor.ClassBasedTestDescriptor.lambda$testInstancesProvider$1(ClassBasedTestDescriptor.java:322)
	at java.base/java.util.Optional.orElseGet(Optional.java:364)
	at org.junit.jupiter.engine.descriptor.ClassBasedTestDescriptor.lambda$testInstancesProvider$0(ClassBasedTestDescriptor.java:321)
	at org.junit.jupiter.engine.execution.TestInstancesProvider.getTestInstances(TestInstancesProvider.java:27)
	at org.junit.jupiter.engine.descriptor.TestMethodTestDescriptor.lambda$prepare$0(TestMethodTestDescriptor.java:127)
	at org.junit.platform.engine.support.hierarchical.ThrowableCollector.execute(ThrowableCollector.java:74)
	at org.junit.jupiter.engine.descriptor.TestMethodTestDescriptor.prepare(TestMethodTestDescriptor.java:126)
	at org.junit.jupiter.engine.descriptor.TestMethodTestDescriptor.prepare(TestMethodTestDescriptor.java:70)
	at org.junit.platform.engine.support.hierarchical.NodeTestTask.lambda$prepare$0(NodeTestTask.java:144)
	at org.junit.platform.engine.support.hierarchical.ThrowableCollector.execute(ThrowableCollector.java:74)
	at org.junit.platform.engine.support.hierarchical.NodeTestTask.prepare(NodeTestTask.java:144)
	at org.junit.platform.engine.support.hierarchical.NodeTestTask.execute(NodeTestTask.java:110)
	at java.base/java.util.ArrayList.forEach(ArrayList.java:1511)
	at org.junit.platform.engine.support.hierarchical.SameThreadHierarchicalTestExecutorService.invokeAll(SameThreadHierarchicalTestExecutorService.java:42)
	at org.junit.platform.engine.support.hierarchical.NodeTestTask.lambda$executeRecursively$2(NodeTestTask.java:180)
	at org.junit.platform.engine.support.hierarchical.ThrowableCollector.execute(ThrowableCollector.java:74)
	at org.junit.platform.engine.support.hierarchical.NodeTestTask.lambda$executeRecursively$1(NodeTestTask.java:166)
	at org.junit.platform.engine.support.hierarchical.Node.around(Node.java:138)
	at org.junit.platform.engine.support.hierarchical.NodeTestTask.lambda$executeRecursively$0(NodeTestTask.java:164)
	at org.junit.platform.engine.support.hierarchical.ThrowableCollector.execute(ThrowableCollector.java:74)
	at org.junit.platform.engine.support.hierarchical.NodeTestTask.executeRecursively(NodeTestTask.java:163)
	at org.junit.platform.engine.support.hierarchical.NodeTestTask.execute(NodeTestTask.java:116)
	at java.base/java.util.ArrayList.forEach(ArrayList.java:1511)
	at org.junit.platform.engine.support.hierarchical.SameThreadHierarchicalTestExecutorService.invokeAll(SameThreadHierarchicalTestExecutorService.java:42)
	at org.junit.platform.engine.support.hierarchical.NodeTestTask.lambda$executeRecursively$2(NodeTestTask.java:180)
	at org.junit.platform.engine.support.hierarchical.ThrowableCollector.execute(ThrowableCollector.java:74)
	at org.junit.platform.engine.support.hierarchical.NodeTestTask.lambda$executeRecursively$1(NodeTestTask.java:166)
	at org.junit.platform.engine.support.hierarchical.Node.around(Node.java:138)
	at org.junit.platform.engine.support.hierarchical.NodeTestTask.lambda$executeRecursively$0(NodeTestTask.java:164)
	at org.junit.platform.engine.support.hierarchical.ThrowableCollector.execute(ThrowableCollector.java:74)
	at org.junit.platform.engine.support.hierarchical.NodeTestTask.executeRecursively(NodeTestTask.java:163)
	at org.junit.platform.engine.support.hierarchical.NodeTestTask.execute(NodeTestTask.java:116)
	at org.junit.platform.engine.support.hierarchical.SameThreadHierarchicalTestExecutorService.submit(SameThreadHierarchicalTestExecutorService.java:36)
	at org.junit.platform.engine.support.hierarchical.HierarchicalTestExecutor.execute(HierarchicalTestExecutor.java:52)
	at org.junit.platform.engine.support.hierarchical.HierarchicalTestEngine.execute(HierarchicalTestEngine.java:58)
	at org.junit.platform.launcher.core.EngineExecutionOrchestrator.executeEngine(EngineExecutionOrchestrator.java:246)
	at org.junit.platform.launcher.core.EngineExecutionOrchestrator.failOrExecuteEngine(EngineExecutionOrchestrator.java:218)
	at org.junit.platform.launcher.core.EngineExecutionOrchestrator.execute(EngineExecutionOrchestrator.java:179)
	at org.junit.platform.launcher.core.EngineExecutionOrchestrator.execute(EngineExecutionOrchestrator.java:108)
	at org.junit.platform.launcher.core.EngineExecutionOrchestrator.lambda$execute$0(EngineExecutionOrchestrator.java:66)
	at org.junit.platform.launcher.core.EngineExecutionOrchestrator.withInterceptedStreams(EngineExecutionOrchestrator.java:157)
	at org.junit.platform.launcher.core.EngineExecutionOrchestrator.execute(EngineExecutionOrchestrator.java:65)
	at org.junit.platform.launcher.core.DefaultLauncher.execute(DefaultLauncher.java:125)
	at org.junit.platform.launcher.core.DefaultLauncher.execute(DefaultLauncher.java:114)
	at org.junit.platform.launcher.core.DefaultLauncher.execute(DefaultLauncher.java:93)
	at org.junit.platform.launcher.core.DelegatingLauncher.execute(DelegatingLauncher.java:48)
	at org.junit.platform.launcher.core.InterceptingLauncher.lambda$execute$0(InterceptingLauncher.java:41)
	at org.junit.platform.launcher.core.ClasspathAlignmentCheckingLauncherInterceptor.intercept(ClasspathAlignmentCheckingLauncherInterceptor.java:25)
	at org.junit.platform.launcher.core.InterceptingLauncher.execute(InterceptingLauncher.java:40)
	at org.junit.platform.launcher.core.DelegatingLauncher.execute(DelegatingLauncher.java:48)
	at org.junit.platform.launcher.core.SessionPerRequestLauncher.execute(SessionPerRequestLauncher.java:67)
	at com.intellij.junit6.JUnit6IdeaTestRunner.startRunnerWithArgs(JUnit6IdeaTestRunner.java:67)
	at com.intellij.rt.junit.IdeaTestRunner$Repeater$1.execute(IdeaTestRunner.java:38)
	at com.intellij.rt.execution.junit.TestsRepeater.repeat(TestsRepeater.java:11)
	at com.intellij.rt.junit.IdeaTestRunner$Repeater.startRunnerWithArgs(IdeaTestRunner.java:35)
	at com.intellij.rt.junit.JUnitStarter.prepareStreamsAndStart(JUnitStarter.java:237)
	at com.intellij.rt.junit.JUnitStarter.main(JUnitStarter.java:58)
Caused by: org.springframework.beans.factory.BeanCreationException: Error creating bean with name 'liquibase' defined in class path resource [org/springframework/boot/liquibase/autoconfigure/LiquibaseAutoConfiguration$LiquibaseConfiguration.class]: liquibase.exception.DatabaseException: org.postgresql.util.PSQLException: Драйвер столкнулся с непредвиденной ошибкой. Сообщите об этом исключении.
	at org.springframework.beans.factory.support.AbstractAutowireCapableBeanFactory.initializeBean(AbstractAutowireCapableBeanFactory.java:1815)
	at org.springframework.beans.factory.support.AbstractAutowireCapableBeanFactory.doCreateBean(AbstractAutowireCapableBeanFactory.java:603)
	at org.springframework.beans.factory.support.AbstractAutowireCapableBeanFactory.createBean(AbstractAutowireCapableBeanFactory.java:525)
	at org.springframework.beans.factory.support.AbstractBeanFactory.lambda$doGetBean$0(AbstractBeanFactory.java:333)
	at org.springframework.beans.factory.support.DefaultSingletonBeanRegistry.getSingleton(DefaultSingletonBeanRegistry.java:371)
	at org.springframework.beans.factory.support.AbstractBeanFactory.doGetBean(AbstractBeanFactory.java:331)
	at org.springframework.beans.factory.support.AbstractBeanFactory.getBean(AbstractBeanFactory.java:196)
	at org.springframework.beans.factory.support.AbstractBeanFactory.doGetBean(AbstractBeanFactory.java:309)
	... 97 common frames omitted
Caused by: liquibase.exception.LiquibaseException: liquibase.exception.DatabaseException: org.postgresql.util.PSQLException: Драйвер столкнулся с непредвиденной ошибкой. Сообщите об этом исключении.
	at liquibase.integration.spring.SpringLiquibase.afterPropertiesSet(SpringLiquibase.java:289)
	at org.springframework.beans.factory.support.AbstractAutowireCapableBeanFactory.invokeInitMethods(AbstractAutowireCapableBeanFactory.java:1862)
	at org.springframework.beans.factory.support.AbstractAutowireCapableBeanFactory.initializeBean(AbstractAutowireCapableBeanFactory.java:1811)
	... 104 common frames omitted
Caused by: liquibase.exception.DatabaseException: org.postgresql.util.PSQLException: Драйвер столкнулся с непредвиденной ошибкой. Сообщите об этом исключении.
	at liquibase.integration.spring.SpringLiquibase.lambda$afterPropertiesSet$0(SpringLiquibase.java:281)
	at liquibase.Scope.lambda$child$0(Scope.java:243)
	at liquibase.Scope.child(Scope.java:252)
	at liquibase.Scope.child(Scope.java:242)
	at liquibase.Scope.child(Scope.java:221)
	at liquibase.integration.spring.SpringLiquibase.afterPropertiesSet(SpringLiquibase.java:272)
	... 106 common frames omitted
Caused by: org.postgresql.util.PSQLException: Драйвер столкнулся с непредвиденной ошибкой. Сообщите об этом исключении.
	at org.postgresql.Driver.connect(Driver.java:327)
	at com.zaxxer.hikari.util.DriverDataSource.getConnection(DriverDataSource.java:144)
	at com.zaxxer.hikari.pool.PoolBase.newConnection(PoolBase.java:373)
	at com.zaxxer.hikari.pool.PoolBase.newPoolEntry(PoolBase.java:210)
	at com.zaxxer.hikari.pool.HikariPool.createPoolEntry(HikariPool.java:488)
	at com.zaxxer.hikari.pool.HikariPool.checkFailFast(HikariPool.java:576)
	at com.zaxxer.hikari.pool.HikariPool.<init>(HikariPool.java:97)
	at com.zaxxer.hikari.HikariDataSource.getConnection(HikariDataSource.java:111)
	at liquibase.integration.spring.SpringLiquibase.lambda$afterPropertiesSet$0(SpringLiquibase.java:276)
	... 111 common frames omitted
Caused by: java.lang.StringIndexOutOfBoundsException: offset 5, count -269553430, length 8192
	at java.base/java.lang.String.checkBoundsOffCount(String.java:4591)
	at java.base/java.lang.String.<init>(String.java:523)
	at org.postgresql.core.Encoding.decode(Encoding.java:284)
	at org.postgresql.core.PGStream.receiveErrorString(PGStream.java:539)
	at org.postgresql.core.v3.ConnectionFactoryImpl.doAuthentication(ConnectionFactoryImpl.java:835)
	at org.postgresql.core.v3.ConnectionFactoryImpl.tryConnect(ConnectionFactoryImpl.java:309)
	at org.postgresql.core.v3.ConnectionFactoryImpl.openConnectionImpl(ConnectionFactoryImpl.java:367)
	at org.postgresql.core.ConnectionFactory.openConnection(ConnectionFactory.java:52)
	at org.postgresql.jdbc.PgConnection.<init>(PgConnection.java:295)
	at org.postgresql.Driver.makeConnection(Driver.java:437)
	at org.postgresql.Driver.connect(Driver.java:305)
	... 119 common frames omitted
2026-09-24 12:42:46 [main] DEBUG o.springframework.test.context.cache - Spring test ApplicationContext cache statistics: [DefaultContextCache@30d15e4a size = 0, maxSize = 32, contextUsageCount = 0, parentContextCount = 0, hitCount = 0, missCount = 1, failureCount = 1]
2026-09-24 12:42:46 [main] WARN  o.s.test.context.TestContextManager - Caught exception while allowing TestExecutionListener [org.springframework.test.context.web.ServletTestExecutionListener] to prepare test instance [ru.aston.user.service.kafka.UserEventProducerTest@43a7203e]
java.lang.IllegalStateException: Failed to load ApplicationContext for [WebMergedContextConfiguration@7afb9c93 testClass = ru.aston.user.service.kafka.UserEventProducerTest, locations = [], classes = [ru.aston.user.service.UserServiceApplication], contextInitializerClasses = [], activeProfiles = [], propertySourceDescriptors = [], propertySourceProperties = ["org.springframework.boot.test.context.SpringBootTestContextBootstrapper=true"], contextCustomizers = [org.springframework.test.context.support.DynamicPropertiesContextCustomizer@0, org.springframework.boot.test.context.PropertyMappingContextCustomizer@0, org.springframework.boot.test.context.filter.ExcludeFilterContextCustomizer@51745f40, org.springframework.boot.test.json.DuplicateJsonObjectContextCustomizerFactory$DuplicateJsonObjectContextCustomizer@417ad4f3, org.springframework.boot.test.autoconfigure.OnFailureConditionReportContextCustomizerFactory$OnFailureConditionReportContextCustomizer@78c7f9b3, org.springframework.boot.webmvc.test.autoconfigure.WebDriverContextCustomizer@7a26928a, org.springframework.boot.web.server.context.SpringBootTestRandomPortContextCustomizer@4e2c95ee, org.springframework.boot.test.context.SpringBootTestAnnotation@faf5624], resourceBasePath = "src/main/webapp", contextLoader = org.springframework.boot.test.context.SpringBootContextLoader, parent = null]
	at org.springframework.test.context.cache.DefaultCacheAwareContextLoaderDelegate.lambda$loadContext$0(DefaultCacheAwareContextLoaderDelegate.java:195)
	at org.springframework.test.context.cache.DefaultContextCache.put(DefaultContextCache.java:214)
	at org.springframework.test.context.cache.DefaultCacheAwareContextLoaderDelegate.loadContext(DefaultCacheAwareContextLoaderDelegate.java:160)
	at org.springframework.test.context.support.DefaultTestContext.getApplicationContext(DefaultTestContext.java:128)
	at org.springframework.test.context.web.ServletTestExecutionListener.setUpRequestContextIfNecessary(ServletTestExecutionListener.java:200)
	at org.springframework.test.context.web.ServletTestExecutionListener.prepareTestInstance(ServletTestExecutionListener.java:139)
	at org.springframework.test.context.TestContextManager.prepareTestInstance(TestContextManager.java:260)
	at org.springframework.test.context.junit.jupiter.SpringExtension.postProcessTestInstance(SpringExtension.java:242)
	at org.junit.jupiter.engine.descriptor.ClassBasedTestDescriptor.lambda$invokeTestInstancePostProcessors$1(ClassBasedTestDescriptor.java:423)
	at org.junit.jupiter.engine.descriptor.ClassBasedTestDescriptor.executeAndMaskThrowable(ClassBasedTestDescriptor.java:428)
	at org.junit.jupiter.engine.descriptor.ClassBasedTestDescriptor.lambda$invokeTestInstancePostProcessors$0(ClassBasedTestDescriptor.java:422)
	at java.base/java.util.stream.ForEachOps$ForEachOp$OfRef.accept(ForEachOps.java:183)
	at java.base/java.util.stream.ReferencePipeline$3$1.accept(ReferencePipeline.java:197)
	at java.base/java.util.stream.ReferencePipeline$2$1.accept(ReferencePipeline.java:179)
	at java.base/java.util.stream.ReferencePipeline$3$1.accept(ReferencePipeline.java:197)
	at java.base/java.util.ArrayList$ArrayListSpliterator.forEachRemaining(ArrayList.java:1625)
	at java.base/java.util.stream.AbstractPipeline.copyInto(AbstractPipeline.java:509)
	at java.base/java.util.stream.AbstractPipeline.wrapAndCopyInto(AbstractPipeline.java:499)
	at java.base/java.util.stream.ForEachOps$ForEachOp.evaluateSequential(ForEachOps.java:150)
	at java.base/java.util.stream.ForEachOps$ForEachOp$OfRef.evaluateSequential(ForEachOps.java:173)
	at java.base/java.util.stream.AbstractPipeline.evaluate(AbstractPipeline.java:234)
	at java.base/java.util.stream.ReferencePipeline.forEach(ReferencePipeline.java:596)
	at org.junit.jupiter.engine.descriptor.ClassBasedTestDescriptor.invokeTestInstancePostProcessors(ClassBasedTestDescriptor.java:422)
	at org.junit.jupiter.engine.descriptor.ClassBasedTestDescriptor.lambda$instantiateAndPostProcessTestInstance$0(ClassBasedTestDescriptor.java:334)
	at org.junit.platform.engine.support.hierarchical.ThrowableCollector.execute(ThrowableCollector.java:74)
	at org.junit.jupiter.engine.descriptor.ClassBasedTestDescriptor.instantiateAndPostProcessTestInstance(ClassBasedTestDescriptor.java:333)
	at org.junit.jupiter.engine.descriptor.ClassBasedTestDescriptor.lambda$testInstancesProvider$1(ClassBasedTestDescriptor.java:322)
	at java.base/java.util.Optional.orElseGet(Optional.java:364)
	at org.junit.jupiter.engine.descriptor.ClassBasedTestDescriptor.lambda$testInstancesProvider$0(ClassBasedTestDescriptor.java:321)
	at org.junit.jupiter.engine.execution.TestInstancesProvider.getTestInstances(TestInstancesProvider.java:27)
	at org.junit.jupiter.engine.descriptor.TestMethodTestDescriptor.lambda$prepare$0(TestMethodTestDescriptor.java:127)
	at org.junit.platform.engine.support.hierarchical.ThrowableCollector.execute(ThrowableCollector.java:74)
	at org.junit.jupiter.engine.descriptor.TestMethodTestDescriptor.prepare(TestMethodTestDescriptor.java:126)
	at org.junit.jupiter.engine.descriptor.TestMethodTestDescriptor.prepare(TestMethodTestDescriptor.java:70)
	at org.junit.platform.engine.support.hierarchical.NodeTestTask.lambda$prepare$0(NodeTestTask.java:144)
	at org.junit.platform.engine.support.hierarchical.ThrowableCollector.execute(ThrowableCollector.java:74)
	at org.junit.platform.engine.support.hierarchical.NodeTestTask.prepare(NodeTestTask.java:144)
	at org.junit.platform.engine.support.hierarchical.NodeTestTask.execute(NodeTestTask.java:110)
	at java.base/java.util.ArrayList.forEach(ArrayList.java:1511)
	at org.junit.platform.engine.support.hierarchical.SameThreadHierarchicalTestExecutorService.invokeAll(SameThreadHierarchicalTestExecutorService.java:42)
	at org.junit.platform.engine.support.hierarchical.NodeTestTask.lambda$executeRecursively$2(NodeTestTask.java:180)
	at org.junit.platform.engine.support.hierarchical.ThrowableCollector.execute(ThrowableCollector.java:74)
	at org.junit.platform.engine.support.hierarchical.NodeTestTask.lambda$executeRecursively$1(NodeTestTask.java:166)
	at org.junit.platform.engine.support.hierarchical.Node.around(Node.java:138)
	at org.junit.platform.engine.support.hierarchical.NodeTestTask.lambda$executeRecursively$0(NodeTestTask.java:164)
	at org.junit.platform.engine.support.hierarchical.ThrowableCollector.execute(ThrowableCollector.java:74)
	at org.junit.platform.engine.support.hierarchical.NodeTestTask.executeRecursively(NodeTestTask.java:163)
	at org.junit.platform.engine.support.hierarchical.NodeTestTask.execute(NodeTestTask.java:116)
	at java.base/java.util.ArrayList.forEach(ArrayList.java:1511)
	at org.junit.platform.engine.support.hierarchical.SameThreadHierarchicalTestExecutorService.invokeAll(SameThreadHierarchicalTestExecutorService.java:42)
	at org.junit.platform.engine.support.hierarchical.NodeTestTask.lambda$executeRecursively$2(NodeTestTask.java:180)
	at org.junit.platform.engine.support.hierarchical.ThrowableCollector.execute(ThrowableCollector.java:74)
	at org.junit.platform.engine.support.hierarchical.NodeTestTask.lambda$executeRecursively$1(NodeTestTask.java:166)
	at org.junit.platform.engine.support.hierarchical.Node.around(Node.java:138)
	at org.junit.platform.engine.support.hierarchical.NodeTestTask.lambda$executeRecursively$0(NodeTestTask.java:164)
	at org.junit.platform.engine.support.hierarchical.ThrowableCollector.execute(ThrowableCollector.java:74)
	at org.junit.platform.engine.support.hierarchical.NodeTestTask.executeRecursively(NodeTestTask.java:163)
	at org.junit.platform.engine.support.hierarchical.NodeTestTask.execute(NodeTestTask.java:116)
	at org.junit.platform.engine.support.hierarchical.SameThreadHierarchicalTestExecutorService.submit(SameThreadHierarchicalTestExecutorService.java:36)
	at org.junit.platform.engine.support.hierarchical.HierarchicalTestExecutor.execute(HierarchicalTestExecutor.java:52)
	at org.junit.platform.engine.support.hierarchical.HierarchicalTestEngine.execute(HierarchicalTestEngine.java:58)
	at org.junit.platform.launcher.core.EngineExecutionOrchestrator.executeEngine(EngineExecutionOrchestrator.java:246)
	at org.junit.platform.launcher.core.EngineExecutionOrchestrator.failOrExecuteEngine(EngineExecutionOrchestrator.java:218)
	at org.junit.platform.launcher.core.EngineExecutionOrchestrator.execute(EngineExecutionOrchestrator.java:179)
	at org.junit.platform.launcher.core.EngineExecutionOrchestrator.execute(EngineExecutionOrchestrator.java:108)
	at org.junit.platform.launcher.core.EngineExecutionOrchestrator.lambda$execute$0(EngineExecutionOrchestrator.java:66)
	at org.junit.platform.launcher.core.EngineExecutionOrchestrator.withInterceptedStreams(EngineExecutionOrchestrator.java:157)
	at org.junit.platform.launcher.core.EngineExecutionOrchestrator.execute(EngineExecutionOrchestrator.java:65)
	at org.junit.platform.launcher.core.DefaultLauncher.execute(DefaultLauncher.java:125)
	at org.junit.platform.launcher.core.DefaultLauncher.execute(DefaultLauncher.java:114)
	at org.junit.platform.launcher.core.DefaultLauncher.execute(DefaultLauncher.java:93)
	at org.junit.platform.launcher.core.DelegatingLauncher.execute(DelegatingLauncher.java:48)
	at org.junit.platform.launcher.core.InterceptingLauncher.lambda$execute$0(InterceptingLauncher.java:41)
	at org.junit.platform.launcher.core.ClasspathAlignmentCheckingLauncherInterceptor.intercept(ClasspathAlignmentCheckingLauncherInterceptor.java:25)
	at org.junit.platform.launcher.core.InterceptingLauncher.execute(InterceptingLauncher.java:40)
	at org.junit.platform.launcher.core.DelegatingLauncher.execute(DelegatingLauncher.java:48)
	at org.junit.platform.launcher.core.SessionPerRequestLauncher.execute(SessionPerRequestLauncher.java:67)
	at com.intellij.junit6.JUnit6IdeaTestRunner.startRunnerWithArgs(JUnit6IdeaTestRunner.java:67)
	at com.intellij.rt.junit.IdeaTestRunner$Repeater$1.execute(IdeaTestRunner.java:38)
	at com.intellij.rt.execution.junit.TestsRepeater.repeat(TestsRepeater.java:11)
	at com.intellij.rt.junit.IdeaTestRunner$Repeater.startRunnerWithArgs(IdeaTestRunner.java:35)
	at com.intellij.rt.junit.JUnitStarter.prepareStreamsAndStart(JUnitStarter.java:237)
	at com.intellij.rt.junit.JUnitStarter.main(JUnitStarter.java:58)
Caused by: org.springframework.beans.factory.BeanCreationException: Error creating bean with name 'entityManagerFactory' defined in class path resource [org/springframework/boot/hibernate/autoconfigure/HibernateJpaConfiguration.class]: Failed to initialize dependency 'liquibase' of LoadTimeWeaverAware bean 'entityManagerFactory': Error creating bean with name 'liquibase' defined in class path resource [org/springframework/boot/liquibase/autoconfigure/LiquibaseAutoConfiguration$LiquibaseConfiguration.class]: liquibase.exception.DatabaseException: org.postgresql.util.PSQLException: Драйвер столкнулся с непредвиденной ошибкой. Сообщите об этом исключении.
	at org.springframework.beans.factory.support.AbstractBeanFactory.doGetBean(AbstractBeanFactory.java:322)
	at org.springframework.beans.factory.support.AbstractBeanFactory.getBean(AbstractBeanFactory.java:201)
	at org.springframework.context.support.AbstractApplicationContext.finishBeanFactoryInitialization(AbstractApplicationContext.java:977)
	at org.springframework.context.support.AbstractApplicationContext.refresh(AbstractApplicationContext.java:621)
	at org.springframework.boot.SpringApplication.refresh(SpringApplication.java:756)
	at org.springframework.boot.SpringApplication.refreshContext(SpringApplication.java:445)
	at org.springframework.boot.SpringApplication.run(SpringApplication.java:321)
	at org.springframework.boot.test.context.SpringBootContextLoader.lambda$loadContext$2(SpringBootContextLoader.java:155)
	at org.springframework.util.function.ThrowingSupplier.get(ThrowingSupplier.java:58)
	at org.springframework.util.function.ThrowingSupplier.get(ThrowingSupplier.java:46)
	at org.springframework.boot.SpringApplication.withHook(SpringApplication.java:1465)
	at org.springframework.boot.test.context.SpringBootContextLoader$ContextLoaderHook.run(SpringBootContextLoader.java:600)
	at org.springframework.boot.test.context.SpringBootContextLoader.loadContext(SpringBootContextLoader.java:155)
	at org.springframework.boot.test.context.SpringBootContextLoader.loadContext(SpringBootContextLoader.java:114)
	at org.springframework.test.context.cache.DefaultCacheAwareContextLoaderDelegate.loadContextInternal(DefaultCacheAwareContextLoaderDelegate.java:247)
	at org.springframework.test.context.cache.DefaultCacheAwareContextLoaderDelegate.lambda$loadContext$0(DefaultCacheAwareContextLoaderDelegate.java:167)
	... 82 common frames omitted
Caused by: org.springframework.beans.factory.BeanCreationException: Error creating bean with name 'liquibase' defined in class path resource [org/springframework/boot/liquibase/autoconfigure/LiquibaseAutoConfiguration$LiquibaseConfiguration.class]: liquibase.exception.DatabaseException: org.postgresql.util.PSQLException: Драйвер столкнулся с непредвиденной ошибкой. Сообщите об этом исключении.
	at org.springframework.beans.factory.support.AbstractAutowireCapableBeanFactory.initializeBean(AbstractAutowireCapableBeanFactory.java:1815)
	at org.springframework.beans.factory.support.AbstractAutowireCapableBeanFactory.doCreateBean(AbstractAutowireCapableBeanFactory.java:603)
	at org.springframework.beans.factory.support.AbstractAutowireCapableBeanFactory.createBean(AbstractAutowireCapableBeanFactory.java:525)
	at org.springframework.beans.factory.support.AbstractBeanFactory.lambda$doGetBean$0(AbstractBeanFactory.java:333)
	at org.springframework.beans.factory.support.DefaultSingletonBeanRegistry.getSingleton(DefaultSingletonBeanRegistry.java:371)
	at org.springframework.beans.factory.support.AbstractBeanFactory.doGetBean(AbstractBeanFactory.java:331)
	at org.springframework.beans.factory.support.AbstractBeanFactory.getBean(AbstractBeanFactory.java:196)
	at org.springframework.beans.factory.support.AbstractBeanFactory.doGetBean(AbstractBeanFactory.java:309)
	... 97 common frames omitted
Caused by: liquibase.exception.LiquibaseException: liquibase.exception.DatabaseException: org.postgresql.util.PSQLException: Драйвер столкнулся с непредвиденной ошибкой. Сообщите об этом исключении.
	at liquibase.integration.spring.SpringLiquibase.afterPropertiesSet(SpringLiquibase.java:289)
	at org.springframework.beans.factory.support.AbstractAutowireCapableBeanFactory.invokeInitMethods(AbstractAutowireCapableBeanFactory.java:1862)
	at org.springframework.beans.factory.support.AbstractAutowireCapableBeanFactory.initializeBean(AbstractAutowireCapableBeanFactory.java:1811)
	... 104 common frames omitted
Caused by: liquibase.exception.DatabaseException: org.postgresql.util.PSQLException: Драйвер столкнулся с непредвиденной ошибкой. Сообщите об этом исключении.
	at liquibase.integration.spring.SpringLiquibase.lambda$afterPropertiesSet$0(SpringLiquibase.java:281)
	at liquibase.Scope.lambda$child$0(Scope.java:243)
	at liquibase.Scope.child(Scope.java:252)
	at liquibase.Scope.child(Scope.java:242)
	at liquibase.Scope.child(Scope.java:221)
	at liquibase.integration.spring.SpringLiquibase.afterPropertiesSet(SpringLiquibase.java:272)
	... 106 common frames omitted
Caused by: org.postgresql.util.PSQLException: Драйвер столкнулся с непредвиденной ошибкой. Сообщите об этом исключении.
	at org.postgresql.Driver.connect(Driver.java:327)
	at com.zaxxer.hikari.util.DriverDataSource.getConnection(DriverDataSource.java:144)
	at com.zaxxer.hikari.pool.PoolBase.newConnection(PoolBase.java:373)
	at com.zaxxer.hikari.pool.PoolBase.newPoolEntry(PoolBase.java:210)
	at com.zaxxer.hikari.pool.HikariPool.createPoolEntry(HikariPool.java:488)
	at com.zaxxer.hikari.pool.HikariPool.checkFailFast(HikariPool.java:576)
	at com.zaxxer.hikari.pool.HikariPool.<init>(HikariPool.java:97)
	at com.zaxxer.hikari.HikariDataSource.getConnection(HikariDataSource.java:111)
	at liquibase.integration.spring.SpringLiquibase.lambda$afterPropertiesSet$0(SpringLiquibase.java:276)
	... 111 common frames omitted
Caused by: java.lang.StringIndexOutOfBoundsException: offset 5, count -269553430, length 8192
	at java.base/java.lang.String.checkBoundsOffCount(String.java:4591)
	at java.base/java.lang.String.<init>(String.java:523)
	at org.postgresql.core.Encoding.decode(Encoding.java:284)
	at org.postgresql.core.PGStream.receiveErrorString(PGStream.java:539)
	at org.postgresql.core.v3.ConnectionFactoryImpl.doAuthentication(ConnectionFactoryImpl.java:835)
	at org.postgresql.core.v3.ConnectionFactoryImpl.tryConnect(ConnectionFactoryImpl.java:309)
	at org.postgresql.core.v3.ConnectionFactoryImpl.openConnectionImpl(ConnectionFactoryImpl.java:367)
	at org.postgresql.core.ConnectionFactory.openConnection(ConnectionFactory.java:52)
	at org.postgresql.jdbc.PgConnection.<init>(PgConnection.java:295)
	at org.postgresql.Driver.makeConnection(Driver.java:437)
	at org.postgresql.Driver.connect(Driver.java:305)
	... 119 common frames omitted
2026-09-24 12:42:46 [main] DEBUG o.s.t.c.s.DirtiesContextTestExecutionListener - After test class: class [UserEventProducerTest], class annotated with @DirtiesContext [false] with mode [null]
2026-09-24 12:48:54 [main] DEBUG o.s.t.c.s.AbstractContextLoader - Could not detect default resource locations for test class [ru.aston.user.service.kafka.UserEventProducerTest]: no resource found for suffixes {-context.xml, Context.groovy}.
2026-09-24 12:48:54 [main] INFO  o.s.t.c.s.AnnotationConfigContextLoaderUtils - Could not detect default configuration classes for test class [ru.aston.user.service.kafka.UserEventProducerTest]: UserEventProducerTest does not declare any static, non-private, non-final, nested classes annotated with @Configuration.
2026-09-24 12:48:54 [main] DEBUG o.s.b.t.c.SpringBootTestContextBootstrapper - Using ContextCustomizerFactory implementations for test class [UserEventProducerTest]: [EmbeddedKafkaContextCustomizerFactory, BeanOverrideContextCustomizerFactory, MockServerContainerContextCustomizerFactory, DynamicPropertiesContextCustomizerFactory, ImportsContextCustomizerFactory, PropertyMappingContextCustomizerFactory, ExcludeFilterContextCustomizerFactory, TypeExcludeFiltersContextCustomizerFactory, DisableReactorResourceFactoryGlobalResourcesContextCustomizerFactory, DuplicateJsonObjectContextCustomizerFactory, OnFailureConditionReportContextCustomizerFactory, OverrideAutoConfigurationContextCustomizerFactory, WebDriverContextCustomizerFactory, SpringBootTestRandomPortContextCustomizerFactory]
2026-09-24 12:48:54 [main] DEBUG o.s.b.t.c.SpringBootTestContextBootstrapper - Using ContextCustomizers for test class [UserEventProducerTest]: [DynamicPropertiesContextCustomizer, PropertyMappingContextCustomizer, ExcludeFilterContextCustomizer, DuplicateJsonObjectContextCustomizer, OnFailureConditionReportContextCustomizer, WebDriverContextCustomizer, SpringBootTestRandomPortContextCustomizer]
2026-09-24 12:48:54 [main] DEBUG o.s.c.a.ClassPathScanningCandidateComponentProvider - Identified candidate component class: file [C:\Users\fursova.v\OpenideProjects\Intensive\target\classes\ru\aston\user\service\UserServiceApplication.class]
2026-09-24 12:48:54 [main] INFO  o.s.b.t.c.SpringBootTestContextBootstrapper - Found @SpringBootConfiguration ru.aston.user.service.UserServiceApplication for test class ru.aston.user.service.kafka.UserEventProducerTest
2026-09-24 12:48:54 [main] DEBUG o.s.t.c.s.AbstractContextLoader - Could not detect default resource locations for test class [ru.aston.user.service.kafka.UserEventProducerTest]: no resource found for suffixes {-context.xml, Context.groovy}.
2026-09-24 12:48:54 [main] INFO  o.s.t.c.s.AnnotationConfigContextLoaderUtils - Could not detect default configuration classes for test class [ru.aston.user.service.kafka.UserEventProducerTest]: UserEventProducerTest does not declare any static, non-private, non-final, nested classes annotated with @Configuration.
2026-09-24 12:48:54 [main] DEBUG o.s.b.t.c.SpringBootTestContextBootstrapper - Using ContextCustomizerFactory implementations for test class [UserEventProducerTest]: [EmbeddedKafkaContextCustomizerFactory, BeanOverrideContextCustomizerFactory, MockServerContainerContextCustomizerFactory, DynamicPropertiesContextCustomizerFactory, ImportsContextCustomizerFactory, PropertyMappingContextCustomizerFactory, ExcludeFilterContextCustomizerFactory, TypeExcludeFiltersContextCustomizerFactory, DisableReactorResourceFactoryGlobalResourcesContextCustomizerFactory, DuplicateJsonObjectContextCustomizerFactory, OnFailureConditionReportContextCustomizerFactory, OverrideAutoConfigurationContextCustomizerFactory, WebDriverContextCustomizerFactory, SpringBootTestRandomPortContextCustomizerFactory]
2026-09-24 12:48:54 [main] DEBUG o.s.b.t.c.SpringBootTestContextBootstrapper - Using ContextCustomizers for test class [UserEventProducerTest]: [DynamicPropertiesContextCustomizer, PropertyMappingContextCustomizer, ExcludeFilterContextCustomizer, DuplicateJsonObjectContextCustomizer, OnFailureConditionReportContextCustomizer, WebDriverContextCustomizer, SpringBootTestRandomPortContextCustomizer]
2026-09-24 12:48:54 [main] INFO  o.s.b.t.c.SpringBootTestContextBootstrapper - Found @SpringBootConfiguration ru.aston.user.service.UserServiceApplication for test class ru.aston.user.service.kafka.UserEventProducerTest
2026-09-24 12:48:54 [main] DEBUG o.s.b.t.c.SpringBootTestContextBootstrapper - Neither @ContextConfiguration nor @ContextHierarchy found for test class [UserEventProducerTest]: using SpringBootContextLoader
2026-09-24 12:48:54 [main] DEBUG o.s.t.c.u.TestContextSpringFactoriesUtils - Skipping candidate TestExecutionListener [org.springframework.test.context.observation.MicrometerObservationRegistryTestExecutionListener] due to a missing dependency. Specify custom TestExecutionListener classes or make the default TestExecutionListener classes and their required dependencies available. Offending class: io.micrometer.context.ThreadLocalAccessor. MicrometerObservationRegistryTestExecutionListener requires io.micrometer:micrometer-observation:1.10.8 or higher and io.micrometer:context-propagation:1.0.3 or higher.
2026-09-24 12:48:55 [main] DEBUG o.s.b.t.c.SpringBootTestContextBootstrapper - Using TestExecutionListeners for test class [UserEventProducerTest]: [ServletTestExecutionListener, DirtiesContextBeforeModesTestExecutionListener, ApplicationEventsTestExecutionListener, BeanOverrideTestExecutionListener, DependencyInjectionTestExecutionListener, DirtiesContextTestExecutionListener, CommonCachesTestExecutionListener, TransactionalTestExecutionListener, SqlScriptsTestExecutionListener, EventPublishingTestExecutionListener, MockitoResetTestExecutionListener, MockMvcPrintOnlyOnFailureTestExecutionListener, WebDriverTestExecutionListener]
2026-09-24 12:48:55 [main] DEBUG o.s.t.c.s.DirtiesContextBeforeModesTestExecutionListener - Before test class: class [UserEventProducerTest], class annotated with @DirtiesContext [false] with mode [null]
2026-09-24 12:48:55 [main] INFO  r.a.u.s.kafka.UserEventProducerTest - Starting UserEventProducerTest using Java 17.0.19 with PID 46588 (started by fursova.v in C:\Users\fursova.v\OpenideProjects\Intensive)
2026-09-24 12:48:55 [main] DEBUG r.a.u.s.kafka.UserEventProducerTest - Running with Spring Boot v4.1.1, Spring v7.0.9
2026-09-24 12:48:55 [main] INFO  r.a.u.s.kafka.UserEventProducerTest - No active profile set, falling back to 1 default profile: "default"
2026-09-24 12:48:55 [main] DEBUG o.s.boot.SpringApplication - Loading source class ru.aston.user.service.UserServiceApplication
2026-09-24 12:48:55 [main] DEBUG o.s.w.c.s.GenericWebApplicationContext - Refreshing org.springframework.web.context.support.GenericWebApplicationContext@79a04e5f
2026-09-24 12:48:55 [main] DEBUG o.s.b.f.s.DefaultListableBeanFactory - Creating shared instance of singleton bean 'org.springframework.context.annotation.internalConfigurationAnnotationProcessor'
2026-09-24 12:48:55 [main] DEBUG o.s.b.f.s.DefaultListableBeanFactory - Creating shared instance of singleton bean 'org.springframework.boot.autoconfigure.internalCachingMetadataReaderFactory'
2026-09-24 12:48:56 [main] DEBUG o.s.c.a.ClassPathBeanDefinitionScanner - Identified candidate component class: file [C:\Users\fursova.v\OpenideProjects\Intensive\target\classes\ru\aston\user\service\controller\GlobalExceptionHandler.class]
2026-09-24 12:48:56 [main] DEBUG o.s.c.a.ClassPathBeanDefinitionScanner - Identified candidate component class: file [C:\Users\fursova.v\OpenideProjects\Intensive\target\classes\ru\aston\user\service\controller\UserController.class]
2026-09-24 12:48:56 [main] DEBUG o.s.c.a.ClassPathBeanDefinitionScanner - Identified candidate component class: file [C:\Users\fursova.v\OpenideProjects\Intensive\target\classes\ru\aston\user\service\kafka\UserEventProducer.class]
2026-09-24 12:48:56 [main] DEBUG o.s.c.a.ClassPathBeanDefinitionScanner - Identified candidate component class: file [C:\Users\fursova.v\OpenideProjects\Intensive\target\classes\ru\aston\user\service\mapper\UserMapper.class]
2026-09-24 12:48:56 [main] DEBUG o.s.c.a.ClassPathBeanDefinitionScanner - Identified candidate component class: file [C:\Users\fursova.v\OpenideProjects\Intensive\target\classes\ru\aston\user\service\service\UserServiceImpl.class]
2026-09-24 12:48:56 [background-preinit] DEBUG org.jboss.logging - Logging Provider: org.jboss.logging.Slf4jLoggerProvider found via system property
2026-09-24 12:48:56 [background-preinit] INFO  o.h.validator.internal.util.Version - HV000001: Hibernate Validator 9.1.3.Final
2026-09-24 12:48:56 [background-preinit] DEBUG o.h.v.i.x.config.ValidationXmlParser - Trying to load META-INF/validation.xml for XML based Validator configuration.
2026-09-24 12:48:56 [background-preinit] DEBUG o.h.v.i.x.c.ResourceLoaderHelper - Trying to load META-INF/validation.xml via TCCL
2026-09-24 12:48:56 [background-preinit] DEBUG o.h.v.i.x.c.ResourceLoaderHelper - Trying to load META-INF/validation.xml via Hibernate Validator's class loader
2026-09-24 12:48:56 [background-preinit] DEBUG o.h.v.i.x.config.ValidationXmlParser - No META-INF/validation.xml found. Using annotation based configuration only.
2026-09-24 12:48:56 [background-preinit] DEBUG o.h.v.i.e.r.TraversableResolvers - Found jakarta.persistence.Persistence on classpath containing 'getPersistenceUtil'. Assuming Jakarta Persistence environment. Trying to instantiate Jakarta Persistence aware TraversableResolver
2026-09-24 12:48:56 [background-preinit] DEBUG o.h.v.i.e.r.TraversableResolvers - Instantiated Jakarta Persistence aware TraversableResolver of type org.hibernate.validator.internal.engine.resolver.JPATraversableResolver.
2026-09-24 12:48:56 [background-preinit] DEBUG o.h.v.m.ResourceBundleMessageInterpolator - Loaded expression factory via original TCCL
2026-09-24 12:48:57 [background-preinit] DEBUG o.h.v.i.e.ValidatorFactoryConfigurationHelper - HV000252: Using org.hibernate.validator.internal.engine.DefaultPropertyNodeNameProvider as property node name provider.
2026-09-24 12:48:57 [background-preinit] DEBUG o.h.v.i.e.ValidatorFactoryConfigurationHelper - HV000234: Using org.hibernate.validator.messageinterpolation.ResourceBundleMessageInterpolator as ValidatorFactory-scoped message interpolator.
2026-09-24 12:48:57 [background-preinit] DEBUG o.h.v.i.e.ValidatorFactoryConfigurationHelper - HV000234: Using org.hibernate.validator.internal.engine.resolver.JPATraversableResolver as ValidatorFactory-scoped traversable resolver.
2026-09-24 12:48:57 [background-preinit] DEBUG o.h.v.i.e.ValidatorFactoryConfigurationHelper - HV000234: Using org.hibernate.validator.internal.util.ExecutableParameterNameProvider as ValidatorFactory-scoped parameter name provider.
2026-09-24 12:48:57 [background-preinit] DEBUG o.h.v.i.e.ValidatorFactoryConfigurationHelper - HV000234: Using org.hibernate.validator.internal.engine.DefaultClockProvider as ValidatorFactory-scoped clock provider.
2026-09-24 12:48:57 [background-preinit] DEBUG o.h.v.i.e.ValidatorFactoryConfigurationHelper - HV000234: Using org.hibernate.validator.internal.engine.scripting.DefaultScriptEvaluatorFactory as ValidatorFactory-scoped script evaluator factory.
2026-09-24 12:48:57 [main] INFO  o.s.d.r.c.RepositoryConfigurationDelegate - Bootstrapping Spring Data JPA repositories in DEFAULT mode.
2026-09-24 12:48:57 [main] DEBUG o.s.b.f.s.DefaultListableBeanFactory - Creating shared instance of singleton bean 'org.springframework.boot.autoconfigure.AutoConfigurationPackages'
2026-09-24 12:48:57 [main] DEBUG o.s.b.a.AutoConfigurationPackages - @EnableAutoConfiguration was declared on a class in the package 'ru.aston.user.service'. Automatic @Repository and @Entity scanning is enabled.
2026-09-24 12:48:57 [main] DEBUG o.s.d.r.c.RepositoryConfigurationDelegate - Scanning for JPA repositories in packages ru.aston.user.service.
2026-09-24 12:48:57 [main] DEBUG o.s.d.r.c.RepositoryComponentProvider - Identified candidate component class: file [C:\Users\fursova.v\OpenideProjects\Intensive\target\classes\ru\aston\user\service\repository\UserRepository.class]
2026-09-24 12:48:57 [main] DEBUG o.s.c.a.ClassPathScanningCandidateComponentProvider - Identified candidate component class: file [C:\Users\fursova.v\OpenideProjects\Intensive\target\classes\ru\aston\user\service\service\UserServiceImpl.class]
2026-09-24 12:48:57 [main] INFO  o.s.d.r.c.RepositoryConfigurationDelegate - Finished Spring Data repository scanning in 88 ms. Found 1 JPA repository interface.
2026-09-24 12:48:57 [main] DEBUG o.s.b.f.s.DefaultListableBeanFactory - Creating shared instance of singleton bean 'propertySourcesPlaceholderConfigurer'
2026-09-24 12:48:57 [main] DEBUG o.s.b.f.s.DefaultListableBeanFactory - Creating shared instance of singleton bean 'org.springframework.boot.sql.init.dependency.DatabaseInitializationDependencyConfigurer$DependsOnDatabaseInitializationPostProcessor'
2026-09-24 12:48:57 [main] DEBUG o.s.b.f.s.DefaultListableBeanFactory - Creating shared instance of singleton bean 'org.springframework.context.event.internalEventListenerProcessor'
2026-09-24 12:48:57 [main] DEBUG o.s.b.f.s.DefaultListableBeanFactory - Creating shared instance of singleton bean 'bootstrapExecutorAliasPostProcessor'
2026-09-24 12:48:57 [main] DEBUG o.s.b.f.s.DefaultListableBeanFactory - Creating shared instance of singleton bean 'preserveErrorControllerTargetClassPostProcessor'
2026-09-24 12:48:57 [main] DEBUG o.s.b.f.s.DefaultListableBeanFactory - Creating shared instance of singleton bean 'org.springframework.context.event.internalEventListenerFactory'
2026-09-24 12:48:57 [main] DEBUG o.s.b.f.s.DefaultListableBeanFactory - Creating shared instance of singleton bean 'org.springframework.transaction.config.internalTransactionalEventListenerFactory'
2026-09-24 12:48:57 [main] DEBUG o.s.b.f.s.DefaultListableBeanFactory - Creating shared instance of singleton bean 'org.springframework.context.annotation.internalAutowiredAnnotationProcessor'
2026-09-24 12:48:57 [main] DEBUG o.s.b.f.s.DefaultListableBeanFactory - Creating shared instance of singleton bean 'org.springframework.context.annotation.internalCommonAnnotationProcessor'
2026-09-24 12:48:57 [main] DEBUG o.s.b.f.s.DefaultListableBeanFactory - Creating shared instance of singleton bean 'org.springframework.context.annotation.internalPersistenceAnnotationProcessor'
2026-09-24 12:48:57 [main] DEBUG o.s.b.f.s.DefaultListableBeanFactory - Creating shared instance of singleton bean 'org.springframework.boot.context.properties.ConfigurationPropertiesBindingPostProcessor'
2026-09-24 12:48:57 [main] DEBUG o.s.b.f.s.DefaultListableBeanFactory - Creating shared instance of singleton bean 'org.springframework.boot.context.internalConfigurationPropertiesBinder'
2026-09-24 12:48:57 [main] DEBUG o.s.b.f.s.DefaultListableBeanFactory - Creating shared instance of singleton bean 'jdbcConnectionDetailsHikariBeanPostProcessor'
2026-09-24 12:48:57 [main] DEBUG o.s.b.f.s.DefaultListableBeanFactory - Creating shared instance of singleton bean 'methodValidationPostProcessor'
2026-09-24 12:48:57 [main] DEBUG o.s.b.f.s.DefaultListableBeanFactory - Autowiring by type from bean name 'methodValidationPostProcessor' via factory method to bean named 'environment'
2026-09-24 12:48:57 [main] DEBUG o.s.b.f.s.DefaultListableBeanFactory - Creating shared instance of singleton bean 'org.springframework.boot.context.properties.EnableConfigurationPropertiesRegistrar.methodValidationExcludeFilter'
2026-09-24 12:48:57 [main] DEBUG o.s.b.f.s.DefaultListableBeanFactory - Creating shared instance of singleton bean 'org.springframework.aop.framework.autoproxy.defaultProxyConfig'
2026-09-24 12:48:57 [main] DEBUG o.s.b.f.s.DefaultListableBeanFactory - Creating shared instance of singleton bean 'org.springframework.aop.config.internalAutoProxyCreator'
2026-09-24 12:48:57 [main] DEBUG o.s.b.f.s.DefaultListableBeanFactory - Creating shared instance of singleton bean 'org.springframework.kafka.config.internalKafkaListenerAnnotationProcessor'
2026-09-24 12:48:57 [main] DEBUG o.s.b.f.s.DefaultListableBeanFactory - Creating shared instance of singleton bean 'persistenceExceptionTranslationPostProcessor'
2026-09-24 12:48:57 [main] DEBUG o.s.b.f.s.DefaultListableBeanFactory - Autowiring by type from bean name 'persistenceExceptionTranslationPostProcessor' via factory method to bean named 'environment'
2026-09-24 12:48:57 [main] DEBUG o.s.b.f.s.DefaultListableBeanFactory - Creating shared instance of singleton bean 'projectingArgumentResolverBeanPostProcessor'
2026-09-24 12:48:57 [main] DEBUG o.s.b.f.s.DefaultListableBeanFactory - Creating shared instance of singleton bean 'org.springframework.transaction.config.internalTransactionAdvisor'
2026-09-24 12:48:57 [main] DEBUG o.s.b.f.s.DefaultListableBeanFactory - Creating shared instance of singleton bean 'org.springframework.transaction.annotation.ProxyTransactionManagementConfiguration'
2026-09-24 12:48:57 [main] DEBUG o.s.b.f.s.DefaultListableBeanFactory - Creating shared instance of singleton bean 'transactionAttributeSource'
2026-09-24 12:48:57 [main] DEBUG o.s.b.f.s.DefaultListableBeanFactory - Creating shared instance of singleton bean 'transactionInterceptor'
2026-09-24 12:48:57 [main] DEBUG o.s.b.f.s.DefaultListableBeanFactory - Autowiring by type from bean name 'transactionInterceptor' via factory method to bean named 'transactionAttributeSource'
2026-09-24 12:48:57 [main] DEBUG o.s.b.f.s.DefaultListableBeanFactory - Autowiring by type from bean name 'org.springframework.transaction.config.internalTransactionAdvisor' via factory method to bean named 'transactionAttributeSource'
2026-09-24 12:48:57 [main] DEBUG o.s.b.f.s.DefaultListableBeanFactory - Autowiring by type from bean name 'org.springframework.transaction.config.internalTransactionAdvisor' via factory method to bean named 'transactionInterceptor'
2026-09-24 12:48:57 [main] DEBUG o.s.b.f.s.DefaultListableBeanFactory - Creating shared instance of singleton bean 'webServerFactoryCustomizerBeanPostProcessor'
2026-09-24 12:48:57 [main] DEBUG o.s.b.f.s.DefaultListableBeanFactory - Creating shared instance of singleton bean 'errorPageRegistrarBeanPostProcessor'
2026-09-24 12:48:57 [main] DEBUG o.s.b.f.s.DefaultListableBeanFactory - Creating shared instance of singleton bean 'applicationTaskExecutor'
2026-09-24 12:48:57 [main] DEBUG o.s.b.f.s.DefaultListableBeanFactory - Creating shared instance of singleton bean 'org.springframework.boot.autoconfigure.task.TaskExecutorConfigurations$TaskExecutorConfiguration'
2026-09-24 12:48:57 [main] DEBUG o.s.b.f.s.DefaultListableBeanFactory - Creating shared instance of singleton bean 'threadPoolTaskExecutorBuilder'
2026-09-24 12:48:57 [main] DEBUG o.s.b.f.s.DefaultListableBeanFactory - Creating shared instance of singleton bean 'org.springframework.boot.autoconfigure.task.TaskExecutorConfigurations$ThreadPoolTaskExecutorBuilderConfiguration'
2026-09-24 12:48:57 [main] DEBUG o.s.b.f.s.DefaultListableBeanFactory - Creating shared instance of singleton bean 'spring.task.execution-org.springframework.boot.autoconfigure.task.TaskExecutionProperties'
2026-09-24 12:48:57 [main] DEBUG o.s.b.f.s.DefaultListableBeanFactory - Creating shared instance of singleton bean 'org.springframework.boot.context.properties.BoundConfigurationProperties'
2026-09-24 12:48:57 [main] DEBUG o.s.b.f.s.DefaultListableBeanFactory - Autowiring by type from bean name 'threadPoolTaskExecutorBuilder' via factory method to bean named 'spring.task.execution-org.springframework.boot.autoconfigure.task.TaskExecutionProperties'
2026-09-24 12:48:57 [main] DEBUG o.s.b.f.s.DefaultListableBeanFactory - Autowiring by type from bean name 'applicationTaskExecutor' via factory method to bean named 'threadPoolTaskExecutorBuilder'
2026-09-24 12:48:57 [main] DEBUG o.s.s.c.ThreadPoolTaskExecutor - Initializing ExecutorService 'applicationTaskExecutor'
2026-09-24 12:48:57 [main] DEBUG o.s.b.f.s.DefaultListableBeanFactory - Creating shared instance of singleton bean 'org.springframework.test.context.support.internalDynamicPropertyRegistrarBeanInitializer'
2026-09-24 12:48:57 [main] DEBUG o.s.b.f.s.DefaultListableBeanFactory - Creating shared instance of singleton bean 'liquibase'
2026-09-24 12:48:57 [main] DEBUG o.s.b.f.s.DefaultListableBeanFactory - Creating shared instance of singleton bean 'org.springframework.boot.liquibase.autoconfigure.LiquibaseAutoConfiguration$LiquibaseConfiguration'
2026-09-24 12:48:58 [main] DEBUG o.s.b.f.s.DefaultListableBeanFactory - Creating shared instance of singleton bean 'spring.liquibase-org.springframework.boot.liquibase.autoconfigure.LiquibaseProperties'
2026-09-24 12:48:58 [main] DEBUG o.s.b.f.s.DefaultListableBeanFactory - Creating shared instance of singleton bean 'liquibaseConnectionDetails'
2026-09-24 12:48:58 [main] DEBUG o.s.b.f.s.DefaultListableBeanFactory - Autowiring by type from bean name 'liquibaseConnectionDetails' via factory method to bean named 'spring.liquibase-org.springframework.boot.liquibase.autoconfigure.LiquibaseProperties'
2026-09-24 12:48:58 [main] DEBUG o.s.b.f.s.DefaultListableBeanFactory - Autowiring by type from bean name 'liquibase' via factory method to bean named 'spring.liquibase-org.springframework.boot.liquibase.autoconfigure.LiquibaseProperties'
2026-09-24 12:48:58 [main] DEBUG o.s.b.f.s.DefaultListableBeanFactory - Autowiring by type from bean name 'liquibase' via factory method to bean named 'liquibaseConnectionDetails'
2026-09-24 12:48:58 [main] DEBUG o.s.b.f.s.DefaultListableBeanFactory - Creating shared instance of singleton bean 'dataSource'
2026-09-24 12:48:58 [main] DEBUG o.s.b.f.s.DefaultListableBeanFactory - Creating shared instance of singleton bean 'org.springframework.boot.jdbc.autoconfigure.DataSourceConfiguration$Hikari'
2026-09-24 12:48:58 [main] DEBUG o.s.b.f.s.DefaultListableBeanFactory - Creating shared instance of singleton bean 'spring.datasource-org.springframework.boot.jdbc.autoconfigure.DataSourceProperties'
2026-09-24 12:48:58 [main] DEBUG o.s.b.f.s.DefaultListableBeanFactory - Creating shared instance of singleton bean 'jdbcConnectionDetails'
2026-09-24 12:48:58 [main] DEBUG o.s.b.f.s.DefaultListableBeanFactory - Creating shared instance of singleton bean 'org.springframework.boot.jdbc.autoconfigure.DataSourceAutoConfiguration$PooledDataSourceConfiguration'
2026-09-24 12:48:58 [main] DEBUG o.s.b.f.s.DefaultListableBeanFactory - Autowiring by type from bean name 'jdbcConnectionDetails' via factory method to bean named 'spring.datasource-org.springframework.boot.jdbc.autoconfigure.DataSourceProperties'
2026-09-24 12:48:58 [main] DEBUG o.s.b.f.s.DefaultListableBeanFactory - Autowiring by type from bean name 'dataSource' via factory method to bean named 'spring.datasource-org.springframework.boot.jdbc.autoconfigure.DataSourceProperties'
2026-09-24 12:48:58 [main] DEBUG o.s.b.f.s.DefaultListableBeanFactory - Autowiring by type from bean name 'dataSource' via factory method to bean named 'jdbcConnectionDetails'
2026-09-24 12:48:58 [main] DEBUG o.s.b.f.s.DefaultListableBeanFactory - Autowiring by type from bean name 'dataSource' via factory method to bean named 'environment'
2026-09-24 12:48:58 [main] DEBUG com.zaxxer.hikari.util.UtilityElf - Class org.postgresql.Driver found in Thread context class loader jdk.internal.loader.ClassLoaders$AppClassLoader@1d44bcfa
2026-09-24 12:48:58 [main] DEBUG liquibase.servicelocator - Loaded liquibase.logging.LogService instance liquibase.logging.core.BufferedLogService
2026-09-24 12:48:58 [main] DEBUG liquibase.servicelocator - Loaded liquibase.logging.LogService instance liquibase.logging.core.CompositeLogService
2026-09-24 12:48:58 [main] DEBUG liquibase.servicelocator - Loaded liquibase.logging.LogService instance liquibase.logging.core.JavaLogService
2026-09-24 12:48:58 [main] DEBUG liquibase.servicelocator - Loaded liquibase.configuration.AutoloadedConfigurations instance liquibase.GlobalConfiguration
2026-09-24 12:48:58 [main] DEBUG liquibase.servicelocator - Loaded liquibase.configuration.AutoloadedConfigurations instance liquibase.integration.commandline.LiquibaseCommandLineConfiguration
2026-09-24 12:48:58 [main] DEBUG liquibase.servicelocator - Loaded liquibase.configuration.AutoloadedConfigurations instance liquibase.logging.core.DefaultLoggerConfiguration
2026-09-24 12:48:58 [main] DEBUG liquibase.servicelocator - Loaded liquibase.configuration.AutoloadedConfigurations instance liquibase.sql.SqlConfiguration
2026-09-24 12:48:58 [main] DEBUG liquibase.servicelocator - Loaded liquibase.configuration.AutoloadedConfigurations instance liquibase.parser.ChangeLogParserConfiguration
2026-09-24 12:48:58 [main] DEBUG liquibase.servicelocator - Loaded liquibase.configuration.AutoloadedConfigurations instance liquibase.analytics.configuration.AnalyticsArgs
2026-09-24 12:48:58 [main] DEBUG liquibase.servicelocator - Loaded liquibase.configuration.AutoloadedConfigurations instance liquibase.license.LicenseTrackingArgs
2026-09-24 12:48:58 [main] DEBUG liquibase.servicelocator - Loaded liquibase.configuration.AutoloadedConfigurations instance liquibase.database.core.MSSQLDatabase$SpecificConfiguration
2026-09-24 12:48:58 [main] DEBUG liquibase.configuration - Found ConfigurationDefinitions in liquibase.GlobalConfiguration
2026-09-24 12:48:58 [main] DEBUG liquibase.configuration - Found ConfigurationDefinitions in liquibase.integration.commandline.LiquibaseCommandLineConfiguration
2026-09-24 12:48:58 [main] DEBUG liquibase.configuration - Found ConfigurationDefinitions in liquibase.logging.core.DefaultLoggerConfiguration
2026-09-24 12:48:58 [main] DEBUG liquibase.configuration - Found ConfigurationDefinitions in liquibase.sql.SqlConfiguration
2026-09-24 12:48:58 [main] DEBUG liquibase.configuration - Found ConfigurationDefinitions in liquibase.parser.ChangeLogParserConfiguration
2026-09-24 12:48:58 [main] DEBUG liquibase.configuration - Found ConfigurationDefinitions in liquibase.analytics.configuration.AnalyticsArgs
2026-09-24 12:48:58 [main] DEBUG liquibase.configuration - Found ConfigurationDefinitions in liquibase.license.LicenseTrackingArgs
2026-09-24 12:48:58 [main] DEBUG liquibase.configuration - Found ConfigurationDefinitions in liquibase.database.core.MSSQLDatabase$SpecificConfiguration
2026-09-24 12:48:58 [main] DEBUG liquibase.servicelocator - Loaded liquibase.configuration.ConfigurationValueProvider instance liquibase.configuration.core.DeprecatedConfigurationValueProvider
2026-09-24 12:48:58 [main] DEBUG liquibase.servicelocator - Loaded liquibase.configuration.ConfigurationValueProvider instance liquibase.configuration.core.SystemPropertyValueProvider
2026-09-24 12:48:58 [main] DEBUG liquibase.servicelocator - Loaded liquibase.configuration.ConfigurationValueProvider instance liquibase.configuration.core.ScopeValueProvider
2026-09-24 12:48:58 [main] DEBUG liquibase.servicelocator - Loaded liquibase.configuration.ConfigurationValueProvider instance liquibase.configuration.core.EnvironmentValueProvider
2026-09-24 12:48:58 [main] DEBUG liquibase.servicelocator - Loaded liquibase.servicelocator.ServiceLocator instance liquibase.servicelocator.StandardServiceLocator
2026-09-24 12:48:58 [main] DEBUG liquibase.configuration - No configuration value for liquibase.shouldRun aka should.run found
2026-09-24 12:48:58 [main] DEBUG liquibase.configuration - Configuration liquibase.shouldRun is using the default value of true
2026-09-24 12:48:58 [main] DEBUG com.zaxxer.hikari.HikariConfig - HikariPool-1 - configuration:
2026-09-24 12:48:58 [main] DEBUG com.zaxxer.hikari.HikariConfig - allowPoolSuspension.............false
2026-09-24 12:48:58 [main] DEBUG com.zaxxer.hikari.HikariConfig - autoCommit......................true
2026-09-24 12:48:58 [main] DEBUG com.zaxxer.hikari.HikariConfig - catalog.........................none
2026-09-24 12:48:58 [main] DEBUG com.zaxxer.hikari.HikariConfig - connectionInitSql...............none
2026-09-24 12:48:58 [main] DEBUG com.zaxxer.hikari.HikariConfig - connectionTestQuery.............none
2026-09-24 12:48:58 [main] DEBUG com.zaxxer.hikari.HikariConfig - connectionTimeout...............30000
2026-09-24 12:48:58 [main] DEBUG com.zaxxer.hikari.HikariConfig - credentials.....................com.zaxxer.hikari.util.Credentials@1426370c
2026-09-24 12:48:58 [main] DEBUG com.zaxxer.hikari.HikariConfig - credentialsProvider.............none
2026-09-24 12:48:58 [main] DEBUG com.zaxxer.hikari.HikariConfig - credentialsProviderClassName....none
2026-09-24 12:48:58 [main] DEBUG com.zaxxer.hikari.HikariConfig - dataSource......................none
2026-09-24 12:48:58 [main] DEBUG com.zaxxer.hikari.HikariConfig - dataSourceClassName.............none
2026-09-24 12:48:58 [main] DEBUG com.zaxxer.hikari.HikariConfig - dataSourceJNDI..................none
2026-09-24 12:48:58 [main] DEBUG com.zaxxer.hikari.HikariConfig - dataSourceProperties............{password=<masked>}
2026-09-24 12:48:58 [main] DEBUG com.zaxxer.hikari.HikariConfig - driverClassName................."org.postgresql.Driver"
2026-09-24 12:48:58 [main] DEBUG com.zaxxer.hikari.HikariConfig - exceptionOverride...............none
2026-09-24 12:48:58 [main] DEBUG com.zaxxer.hikari.HikariConfig - exceptionOverrideClassName......none
2026-09-24 12:48:58 [main] DEBUG com.zaxxer.hikari.HikariConfig - healthCheckProperties...........{}
2026-09-24 12:48:58 [main] DEBUG com.zaxxer.hikari.HikariConfig - healthCheckRegistry.............none
2026-09-24 12:48:58 [main] DEBUG com.zaxxer.hikari.HikariConfig - idleTimeout.....................600000
2026-09-24 12:48:58 [main] DEBUG com.zaxxer.hikari.HikariConfig - initializationFailTimeout.......1
2026-09-24 12:48:58 [main] DEBUG com.zaxxer.hikari.HikariConfig - isolateInternalQueries..........false
2026-09-24 12:48:58 [main] DEBUG com.zaxxer.hikari.HikariConfig - jdbcUrl.........................jdbc:postgresql://localhost:5432/user_service
2026-09-24 12:48:58 [main] DEBUG com.zaxxer.hikari.HikariConfig - keepaliveTime...................120000
2026-09-24 12:48:58 [main] DEBUG com.zaxxer.hikari.HikariConfig - leakDetectionThreshold..........0
2026-09-24 12:48:58 [main] DEBUG com.zaxxer.hikari.HikariConfig - maxLifetime.....................1800000
2026-09-24 12:48:58 [main] DEBUG com.zaxxer.hikari.HikariConfig - maximumPoolSize.................10
2026-09-24 12:48:58 [main] DEBUG com.zaxxer.hikari.HikariConfig - metricRegistry..................none
2026-09-24 12:48:58 [main] DEBUG com.zaxxer.hikari.HikariConfig - metricsTrackerFactory...........none
2026-09-24 12:48:58 [main] DEBUG com.zaxxer.hikari.HikariConfig - minimumIdle.....................10
2026-09-24 12:48:58 [main] DEBUG com.zaxxer.hikari.HikariConfig - password........................<masked>
2026-09-24 12:48:58 [main] DEBUG com.zaxxer.hikari.HikariConfig - poolName........................"HikariPool-1"
2026-09-24 12:48:58 [main] DEBUG com.zaxxer.hikari.HikariConfig - readOnly........................false
2026-09-24 12:48:58 [main] DEBUG com.zaxxer.hikari.HikariConfig - registerMbeans..................false
2026-09-24 12:48:58 [main] DEBUG com.zaxxer.hikari.HikariConfig - scheduledExecutor...............none
2026-09-24 12:48:58 [main] DEBUG com.zaxxer.hikari.HikariConfig - schema..........................none
2026-09-24 12:48:58 [main] DEBUG com.zaxxer.hikari.HikariConfig - threadFactory...................internal
2026-09-24 12:48:58 [main] DEBUG com.zaxxer.hikari.HikariConfig - transactionIsolation............default
2026-09-24 12:48:58 [main] DEBUG com.zaxxer.hikari.HikariConfig - username........................"postgres"
2026-09-24 12:48:58 [main] DEBUG com.zaxxer.hikari.HikariConfig - validationTimeout...............5000
2026-09-24 12:48:58 [main] INFO  com.zaxxer.hikari.HikariDataSource - HikariPool-1 - Starting...
2026-09-24 12:48:58 [main] DEBUG com.zaxxer.hikari.pool.PoolBase - HikariPool-1 - Attempting to create/setup new connection (4aaadd17-5b5e-4b08-8480-156fade23833)
2026-09-24 12:49:01 [main] DEBUG com.zaxxer.hikari.pool.PoolBase - HikariPool-1 - Failed to create/setup connection (4aaadd17-5b5e-4b08-8480-156fade23833): Драйвер столкнулся с непредвиденной ошибкой. Сообщите об этом исключении.
2026-09-24 12:49:01 [main] DEBUG com.zaxxer.hikari.pool.HikariPool - HikariPool-1 - Cannot acquire connection from data source
org.postgresql.util.PSQLException: Драйвер столкнулся с непредвиденной ошибкой. Сообщите об этом исключении.
	at org.postgresql.Driver.connect(Driver.java:327)
	at com.zaxxer.hikari.util.DriverDataSource.getConnection(DriverDataSource.java:144)
	at com.zaxxer.hikari.pool.PoolBase.newConnection(PoolBase.java:373)
	at com.zaxxer.hikari.pool.PoolBase.newPoolEntry(PoolBase.java:210)
	at com.zaxxer.hikari.pool.HikariPool.createPoolEntry(HikariPool.java:488)
	at com.zaxxer.hikari.pool.HikariPool.checkFailFast(HikariPool.java:576)
	at com.zaxxer.hikari.pool.HikariPool.<init>(HikariPool.java:97)
	at com.zaxxer.hikari.HikariDataSource.getConnection(HikariDataSource.java:111)
	at liquibase.integration.spring.SpringLiquibase.lambda$afterPropertiesSet$0(SpringLiquibase.java:276)
	at liquibase.Scope.lambda$child$0(Scope.java:243)
	at liquibase.Scope.child(Scope.java:252)
	at liquibase.Scope.child(Scope.java:242)
	at liquibase.Scope.child(Scope.java:221)
	at liquibase.integration.spring.SpringLiquibase.afterPropertiesSet(SpringLiquibase.java:272)
	at org.springframework.beans.factory.support.AbstractAutowireCapableBeanFactory.invokeInitMethods(AbstractAutowireCapableBeanFactory.java:1862)
	at org.springframework.beans.factory.support.AbstractAutowireCapableBeanFactory.initializeBean(AbstractAutowireCapableBeanFactory.java:1811)
	at org.springframework.beans.factory.support.AbstractAutowireCapableBeanFactory.doCreateBean(AbstractAutowireCapableBeanFactory.java:603)
	at org.springframework.beans.factory.support.AbstractAutowireCapableBeanFactory.createBean(AbstractAutowireCapableBeanFactory.java:525)
	at org.springframework.beans.factory.support.AbstractBeanFactory.lambda$doGetBean$0(AbstractBeanFactory.java:333)
	at org.springframework.beans.factory.support.DefaultSingletonBeanRegistry.getSingleton(DefaultSingletonBeanRegistry.java:371)
	at org.springframework.beans.factory.support.AbstractBeanFactory.doGetBean(AbstractBeanFactory.java:331)
	at org.springframework.beans.factory.support.AbstractBeanFactory.getBean(AbstractBeanFactory.java:196)
	at org.springframework.beans.factory.support.AbstractBeanFactory.doGetBean(AbstractBeanFactory.java:309)
	at org.springframework.beans.factory.support.AbstractBeanFactory.getBean(AbstractBeanFactory.java:201)
	at org.springframework.context.support.AbstractApplicationContext.finishBeanFactoryInitialization(AbstractApplicationContext.java:977)
	at org.springframework.context.support.AbstractApplicationContext.refresh(AbstractApplicationContext.java:621)
	at org.springframework.boot.SpringApplication.refresh(SpringApplication.java:756)
	at org.springframework.boot.SpringApplication.refreshContext(SpringApplication.java:445)
	at org.springframework.boot.SpringApplication.run(SpringApplication.java:321)
	at org.springframework.boot.test.context.SpringBootContextLoader.lambda$loadContext$2(SpringBootContextLoader.java:155)
	at org.springframework.util.function.ThrowingSupplier.get(ThrowingSupplier.java:58)
	at org.springframework.util.function.ThrowingSupplier.get(ThrowingSupplier.java:46)
	at org.springframework.boot.SpringApplication.withHook(SpringApplication.java:1465)
	at org.springframework.boot.test.context.SpringBootContextLoader$ContextLoaderHook.run(SpringBootContextLoader.java:600)
	at org.springframework.boot.test.context.SpringBootContextLoader.loadContext(SpringBootContextLoader.java:155)
	at org.springframework.boot.test.context.SpringBootContextLoader.loadContext(SpringBootContextLoader.java:114)
	at org.springframework.test.context.cache.DefaultCacheAwareContextLoaderDelegate.loadContextInternal(DefaultCacheAwareContextLoaderDelegate.java:247)
	at org.springframework.test.context.cache.DefaultCacheAwareContextLoaderDelegate.lambda$loadContext$0(DefaultCacheAwareContextLoaderDelegate.java:167)
	at org.springframework.test.context.cache.DefaultContextCache.put(DefaultContextCache.java:214)
	at org.springframework.test.context.cache.DefaultCacheAwareContextLoaderDelegate.loadContext(DefaultCacheAwareContextLoaderDelegate.java:160)
	at org.springframework.test.context.support.DefaultTestContext.getApplicationContext(DefaultTestContext.java:128)
	at org.springframework.test.context.web.ServletTestExecutionListener.setUpRequestContextIfNecessary(ServletTestExecutionListener.java:200)
	at org.springframework.test.context.web.ServletTestExecutionListener.prepareTestInstance(ServletTestExecutionListener.java:139)
	at org.springframework.test.context.TestContextManager.prepareTestInstance(TestContextManager.java:260)
	at org.springframework.test.context.junit.jupiter.SpringExtension.postProcessTestInstance(SpringExtension.java:242)
	at org.junit.jupiter.engine.descriptor.ClassBasedTestDescriptor.lambda$invokeTestInstancePostProcessors$1(ClassBasedTestDescriptor.java:423)
	at org.junit.jupiter.engine.descriptor.ClassBasedTestDescriptor.executeAndMaskThrowable(ClassBasedTestDescriptor.java:428)
	at org.junit.jupiter.engine.descriptor.ClassBasedTestDescriptor.lambda$invokeTestInstancePostProcessors$0(ClassBasedTestDescriptor.java:422)
	at java.base/java.util.stream.ForEachOps$ForEachOp$OfRef.accept(ForEachOps.java:183)
	at java.base/java.util.stream.ReferencePipeline$3$1.accept(ReferencePipeline.java:197)
	at java.base/java.util.stream.ReferencePipeline$2$1.accept(ReferencePipeline.java:179)
	at java.base/java.util.stream.ReferencePipeline$3$1.accept(ReferencePipeline.java:197)
	at java.base/java.util.ArrayList$ArrayListSpliterator.forEachRemaining(ArrayList.java:1625)
	at java.base/java.util.stream.AbstractPipeline.copyInto(AbstractPipeline.java:509)
	at java.base/java.util.stream.AbstractPipeline.wrapAndCopyInto(AbstractPipeline.java:499)
	at java.base/java.util.stream.ForEachOps$ForEachOp.evaluateSequential(ForEachOps.java:150)
	at java.base/java.util.stream.ForEachOps$ForEachOp$OfRef.evaluateSequential(ForEachOps.java:173)
	at java.base/java.util.stream.AbstractPipeline.evaluate(AbstractPipeline.java:234)
	at java.base/java.util.stream.ReferencePipeline.forEach(ReferencePipeline.java:596)
	at org.junit.jupiter.engine.descriptor.ClassBasedTestDescriptor.invokeTestInstancePostProcessors(ClassBasedTestDescriptor.java:422)
	at org.junit.jupiter.engine.descriptor.ClassBasedTestDescriptor.lambda$instantiateAndPostProcessTestInstance$0(ClassBasedTestDescriptor.java:334)
	at org.junit.platform.engine.support.hierarchical.ThrowableCollector.execute(ThrowableCollector.java:74)
	at org.junit.jupiter.engine.descriptor.ClassBasedTestDescriptor.instantiateAndPostProcessTestInstance(ClassBasedTestDescriptor.java:333)
	at org.junit.jupiter.engine.descriptor.ClassBasedTestDescriptor.lambda$testInstancesProvider$1(ClassBasedTestDescriptor.java:322)
	at java.base/java.util.Optional.orElseGet(Optional.java:364)
	at org.junit.jupiter.engine.descriptor.ClassBasedTestDescriptor.lambda$testInstancesProvider$0(ClassBasedTestDescriptor.java:321)
	at org.junit.jupiter.engine.execution.TestInstancesProvider.getTestInstances(TestInstancesProvider.java:27)
	at org.junit.jupiter.engine.descriptor.TestMethodTestDescriptor.lambda$prepare$0(TestMethodTestDescriptor.java:127)
	at org.junit.platform.engine.support.hierarchical.ThrowableCollector.execute(ThrowableCollector.java:74)
	at org.junit.jupiter.engine.descriptor.TestMethodTestDescriptor.prepare(TestMethodTestDescriptor.java:126)
	at org.junit.jupiter.engine.descriptor.TestMethodTestDescriptor.prepare(TestMethodTestDescriptor.java:70)
	at org.junit.platform.engine.support.hierarchical.NodeTestTask.lambda$prepare$0(NodeTestTask.java:144)
	at org.junit.platform.engine.support.hierarchical.ThrowableCollector.execute(ThrowableCollector.java:74)
	at org.junit.platform.engine.support.hierarchical.NodeTestTask.prepare(NodeTestTask.java:144)
	at org.junit.platform.engine.support.hierarchical.NodeTestTask.execute(NodeTestTask.java:110)
	at java.base/java.util.ArrayList.forEach(ArrayList.java:1511)
	at org.junit.platform.engine.support.hierarchical.SameThreadHierarchicalTestExecutorService.invokeAll(SameThreadHierarchicalTestExecutorService.java:42)
	at org.junit.platform.engine.support.hierarchical.NodeTestTask.lambda$executeRecursively$2(NodeTestTask.java:180)
	at org.junit.platform.engine.support.hierarchical.ThrowableCollector.execute(ThrowableCollector.java:74)
	at org.junit.platform.engine.support.hierarchical.NodeTestTask.lambda$executeRecursively$1(NodeTestTask.java:166)
	at org.junit.platform.engine.support.hierarchical.Node.around(Node.java:138)
	at org.junit.platform.engine.support.hierarchical.NodeTestTask.lambda$executeRecursively$0(NodeTestTask.java:164)
	at org.junit.platform.engine.support.hierarchical.ThrowableCollector.execute(ThrowableCollector.java:74)
	at org.junit.platform.engine.support.hierarchical.NodeTestTask.executeRecursively(NodeTestTask.java:163)
	at org.junit.platform.engine.support.hierarchical.NodeTestTask.execute(NodeTestTask.java:116)
	at java.base/java.util.ArrayList.forEach(ArrayList.java:1511)
	at org.junit.platform.engine.support.hierarchical.SameThreadHierarchicalTestExecutorService.invokeAll(SameThreadHierarchicalTestExecutorService.java:42)
	at org.junit.platform.engine.support.hierarchical.NodeTestTask.lambda$executeRecursively$2(NodeTestTask.java:180)
	at org.junit.platform.engine.support.hierarchical.ThrowableCollector.execute(ThrowableCollector.java:74)
	at org.junit.platform.engine.support.hierarchical.NodeTestTask.lambda$executeRecursively$1(NodeTestTask.java:166)
	at org.junit.platform.engine.support.hierarchical.Node.around(Node.java:138)
	at org.junit.platform.engine.support.hierarchical.NodeTestTask.lambda$executeRecursively$0(NodeTestTask.java:164)
	at org.junit.platform.engine.support.hierarchical.ThrowableCollector.execute(ThrowableCollector.java:74)
	at org.junit.platform.engine.support.hierarchical.NodeTestTask.executeRecursively(NodeTestTask.java:163)
	at org.junit.platform.engine.support.hierarchical.NodeTestTask.execute(NodeTestTask.java:116)
	at org.junit.platform.engine.support.hierarchical.SameThreadHierarchicalTestExecutorService.submit(SameThreadHierarchicalTestExecutorService.java:36)
	at org.junit.platform.engine.support.hierarchical.HierarchicalTestExecutor.execute(HierarchicalTestExecutor.java:52)
	at org.junit.platform.engine.support.hierarchical.HierarchicalTestEngine.execute(HierarchicalTestEngine.java:58)
	at org.junit.platform.launcher.core.EngineExecutionOrchestrator.executeEngine(EngineExecutionOrchestrator.java:246)
	at org.junit.platform.launcher.core.EngineExecutionOrchestrator.failOrExecuteEngine(EngineExecutionOrchestrator.java:218)
	at org.junit.platform.launcher.core.EngineExecutionOrchestrator.execute(EngineExecutionOrchestrator.java:179)
	at org.junit.platform.launcher.core.EngineExecutionOrchestrator.execute(EngineExecutionOrchestrator.java:108)
	at org.junit.platform.launcher.core.EngineExecutionOrchestrator.lambda$execute$0(EngineExecutionOrchestrator.java:66)
	at org.junit.platform.launcher.core.EngineExecutionOrchestrator.withInterceptedStreams(EngineExecutionOrchestrator.java:157)
	at org.junit.platform.launcher.core.EngineExecutionOrchestrator.execute(EngineExecutionOrchestrator.java:65)
	at org.junit.platform.launcher.core.DefaultLauncher.execute(DefaultLauncher.java:125)
	at org.junit.platform.launcher.core.DefaultLauncher.execute(DefaultLauncher.java:114)
	at org.junit.platform.launcher.core.DefaultLauncher.execute(DefaultLauncher.java:93)
	at org.junit.platform.launcher.core.DelegatingLauncher.execute(DelegatingLauncher.java:48)
	at org.junit.platform.launcher.core.InterceptingLauncher.lambda$execute$0(InterceptingLauncher.java:41)
	at org.junit.platform.launcher.core.ClasspathAlignmentCheckingLauncherInterceptor.intercept(ClasspathAlignmentCheckingLauncherInterceptor.java:25)
	at org.junit.platform.launcher.core.InterceptingLauncher.execute(InterceptingLauncher.java:40)
	at org.junit.platform.launcher.core.DelegatingLauncher.execute(DelegatingLauncher.java:48)
	at org.junit.platform.launcher.core.SessionPerRequestLauncher.execute(SessionPerRequestLauncher.java:67)
	at com.intellij.junit6.JUnit6IdeaTestRunner.startRunnerWithArgs(JUnit6IdeaTestRunner.java:67)
	at com.intellij.rt.junit.IdeaTestRunner$Repeater$1.execute(IdeaTestRunner.java:38)
	at com.intellij.rt.execution.junit.TestsRepeater.repeat(TestsRepeater.java:11)
	at com.intellij.rt.junit.IdeaTestRunner$Repeater.startRunnerWithArgs(IdeaTestRunner.java:35)
	at com.intellij.rt.junit.JUnitStarter.prepareStreamsAndStart(JUnitStarter.java:237)
	at com.intellij.rt.junit.JUnitStarter.main(JUnitStarter.java:58)
Caused by: java.lang.StringIndexOutOfBoundsException: offset 5, count -269553430, length 8192
	at java.base/java.lang.String.checkBoundsOffCount(String.java:4591)
	at java.base/java.lang.String.<init>(String.java:523)
	at org.postgresql.core.Encoding.decode(Encoding.java:284)
	at org.postgresql.core.PGStream.receiveErrorString(PGStream.java:539)
	at org.postgresql.core.v3.ConnectionFactoryImpl.doAuthentication(ConnectionFactoryImpl.java:835)
	at org.postgresql.core.v3.ConnectionFactoryImpl.tryConnect(ConnectionFactoryImpl.java:309)
	at org.postgresql.core.v3.ConnectionFactoryImpl.openConnectionImpl(ConnectionFactoryImpl.java:367)
	at org.postgresql.core.ConnectionFactory.openConnection(ConnectionFactory.java:52)
	at org.postgresql.jdbc.PgConnection.<init>(PgConnection.java:295)
	at org.postgresql.Driver.makeConnection(Driver.java:437)
	at org.postgresql.Driver.connect(Driver.java:305)
	... 119 common frames omitted
2026-09-24 12:49:02 [main] WARN  o.s.w.c.s.GenericWebApplicationContext - Exception encountered during context initialization - cancelling refresh attempt: org.springframework.beans.factory.BeanCreationException: Error creating bean with name 'entityManagerFactory' defined in class path resource [org/springframework/boot/hibernate/autoconfigure/HibernateJpaConfiguration.class]: Failed to initialize dependency 'liquibase' of LoadTimeWeaverAware bean 'entityManagerFactory': Error creating bean with name 'liquibase' defined in class path resource [org/springframework/boot/liquibase/autoconfigure/LiquibaseAutoConfiguration$LiquibaseConfiguration.class]: liquibase.exception.DatabaseException: org.postgresql.util.PSQLException: Драйвер столкнулся с непредвиденной ошибкой. Сообщите об этом исключении.
2026-09-24 12:49:02 [main] DEBUG o.s.s.c.ThreadPoolTaskExecutor - Shutting down ExecutorService 'applicationTaskExecutor'
2026-09-24 12:49:02 [main] DEBUG o.s.b.a.l.ConditionEvaluationReportLogger - 


============================
CONDITIONS EVALUATION REPORT
============================


Positive matches:
-----------------

   AopAutoConfiguration matched:
      - @ConditionalOnBooleanProperty (spring.aop.auto=true) matched (OnPropertyCondition)

   AopAutoConfiguration.AspectJAutoProxyingConfiguration matched:
      - @ConditionalOnClass found required class 'org.aspectj.weaver.Advice' (OnClassCondition)

   AopAutoConfiguration.AspectJAutoProxyingConfiguration.CglibAutoProxyConfiguration matched:
      - @ConditionalOnBooleanProperty (spring.aop.proxy-target-class=true) matched (OnPropertyCondition)

   ApplicationAvailabilityAutoConfiguration#applicationAvailability matched:
      - @ConditionalOnMissingBean (types: org.springframework.boot.availability.ApplicationAvailability; SearchStrategy: all) did not find any beans (OnBeanCondition)

   DataJpaRepositoriesAutoConfiguration matched:
      - @ConditionalOnClass found required class 'org.springframework.data.jpa.repository.JpaRepository' (OnClassCondition)
      - @ConditionalOnBooleanProperty (spring.data.jpa.repositories.enabled=true) matched (OnPropertyCondition)
      - @ConditionalOnBean (types: javax.sql.DataSource; SearchStrategy: all) found bean 'dataSource'; @ConditionalOnMissingBean (types: org.springframework.data.jpa.repository.support.JpaRepositoryFactoryBean,org.springframework.data.jpa.repository.config.JpaRepositoryConfigExtension; SearchStrategy: all) did not find any beans (OnBeanCondition)

   DataSourceAutoConfiguration matched:
      - @ConditionalOnClass found required classes 'javax.sql.DataSource', 'org.springframework.jdbc.datasource.embedded.EmbeddedDatabaseType' (OnClassCondition)
      - @ConditionalOnMissingBean (types: io.r2dbc.spi.ConnectionFactory; SearchStrategy: all) did not find any beans (OnBeanCondition)

   DataSourceAutoConfiguration.PooledDataSourceConfiguration matched:
      - AnyNestedCondition 1 matched 1 did not; NestedCondition on DataSourceAutoConfiguration.PooledDataSourceCondition.PooledDataSourceAvailable PooledDataSource found supported DataSource; NestedCondition on DataSourceAutoConfiguration.PooledDataSourceCondition.ExplicitType @ConditionalOnProperty (spring.datasource.type) did not find property 'spring.datasource.type' (DataSourceAutoConfiguration.PooledDataSourceCondition)
      - @ConditionalOnMissingBean (types: javax.sql.DataSource,javax.sql.XADataSource; SearchStrategy: all) did not find any beans (OnBeanCondition)

   DataSourceAutoConfiguration.PooledDataSourceConfiguration#jdbcConnectionDetails matched:
      - @ConditionalOnMissingBean (types: org.springframework.boot.jdbc.autoconfigure.JdbcConnectionDetails; SearchStrategy: all) did not find any beans (OnBeanCondition)

   DataSourceConfiguration.Hikari matched:
      - @ConditionalOnClass found required class 'com.zaxxer.hikari.HikariDataSource' (OnClassCondition)
      - @ConditionalOnProperty (spring.datasource.type=com.zaxxer.hikari.HikariDataSource) matched (OnPropertyCondition)
      - @ConditionalOnMissingBean (types: javax.sql.DataSource; SearchStrategy: all) did not find any beans (OnBeanCondition)

   DataSourceInitializationAutoConfiguration matched:
      - @ConditionalOnClass found required class 'org.springframework.jdbc.datasource.init.DatabasePopulator' (OnClassCondition)
      - SQL InitializationDatabase Initialization default value is EMBEDDED (OnSqlInitializationCondition)
      - @ConditionalOnSingleCandidate (types: javax.sql.DataSource; SearchStrategy: all) found a single bean 'dataSource'; @ConditionalOnMissingBean (types: org.springframework.boot.sql.autoconfigure.init.ApplicationScriptDatabaseInitializer; SearchStrategy: all) did not find any beans (OnBeanCondition)

   DataSourcePoolMetadataProvidersConfiguration.HikariPoolDataSourceMetadataProviderConfiguration matched:
      - @ConditionalOnClass found required class 'com.zaxxer.hikari.HikariDataSource' (OnClassCondition)

   DataSourceTransactionManagerAutoConfiguration matched:
      - @ConditionalOnClass found required classes 'javax.sql.DataSource', 'org.springframework.jdbc.core.JdbcTemplate', 'org.springframework.transaction.TransactionManager' (OnClassCondition)

   DataSourceTransactionManagerAutoConfiguration.JdbcTransactionManagerConfiguration matched:
      - @ConditionalOnSingleCandidate (types: javax.sql.DataSource; SearchStrategy: all) found a single bean 'dataSource' (OnBeanCondition)

   DataWebAutoConfiguration matched:
      - @ConditionalOnClass found required classes 'org.springframework.data.web.PageableHandlerMethodArgumentResolver', 'org.springframework.web.servlet.config.annotation.WebMvcConfigurer' (OnClassCondition)
      - found 'session' scope (OnWebApplicationCondition)
      - @ConditionalOnMissingBean (types: org.springframework.data.web.PageableHandlerMethodArgumentResolver; SearchStrategy: all) did not find any beans (OnBeanCondition)

   DataWebAutoConfiguration#pageableCustomizer matched:
      - @ConditionalOnMissingBean (types: org.springframework.data.web.config.PageableHandlerMethodArgumentResolverCustomizer; SearchStrategy: all) did not find any beans (OnBeanCondition)

   DataWebAutoConfiguration#sortCustomizer matched:
      - @ConditionalOnMissingBean (types: org.springframework.data.web.config.SortHandlerMethodArgumentResolverCustomizer; SearchStrategy: all) did not find any beans (OnBeanCondition)

   DataWebAutoConfiguration#springDataWebSettings matched:
      - @ConditionalOnMissingBean (types: org.springframework.data.web.config.SpringDataWebSettings; SearchStrategy: all) did not find any beans (OnBeanCondition)

   DispatcherServletAutoConfiguration matched:
      - @ConditionalOnClass found required class 'org.springframework.web.servlet.DispatcherServlet' (OnClassCondition)
      - found 'session' scope (OnWebApplicationCondition)

   DispatcherServletAutoConfiguration.DispatcherServletConfiguration matched:
      - @ConditionalOnClass found required class 'jakarta.servlet.ServletRegistration' (OnClassCondition)
      - Default DispatcherServlet did not find dispatcher servlet beans (DispatcherServletAutoConfiguration.DefaultDispatcherServletCondition)

   DispatcherServletAutoConfiguration.DispatcherServletRegistrationConfiguration matched:
      - @ConditionalOnClass found required class 'jakarta.servlet.ServletRegistration' (OnClassCondition)
      - DispatcherServlet Registration did not find servlet registration bean (DispatcherServletAutoConfiguration.DispatcherServletRegistrationCondition)

   DispatcherServletAutoConfiguration.DispatcherServletRegistrationConfiguration#dispatcherServletRegistration matched:
      - @ConditionalOnBean (names: dispatcherServlet types: org.springframework.web.servlet.DispatcherServlet; SearchStrategy: all) found bean 'dispatcherServlet' (OnBeanCondition)

   ErrorMvcAutoConfiguration matched:
      - @ConditionalOnClass found required classes 'jakarta.servlet.Servlet', 'org.springframework.web.servlet.DispatcherServlet' (OnClassCondition)
      - found 'session' scope (OnWebApplicationCondition)

   ErrorMvcAutoConfiguration#basicErrorController matched:
      - @ConditionalOnMissingBean (types: org.springframework.boot.webmvc.error.ErrorController; SearchStrategy: current) did not find any beans (OnBeanCondition)

   ErrorMvcAutoConfiguration#errorAttributes matched:
      - @ConditionalOnMissingBean (types: org.springframework.boot.webmvc.error.ErrorAttributes; SearchStrategy: current) did not find any beans (OnBeanCondition)

   ErrorMvcAutoConfiguration.DefaultErrorViewResolverConfiguration#conventionErrorViewResolver matched:
      - @ConditionalOnBean (types: org.springframework.web.servlet.DispatcherServlet; SearchStrategy: all) found bean 'dispatcherServlet'; @ConditionalOnMissingBean (types: org.springframework.boot.webmvc.autoconfigure.error.ErrorViewResolver; SearchStrategy: all) did not find any beans (OnBeanCondition)

   ErrorMvcAutoConfiguration.WhitelabelErrorViewConfiguration matched:
      - @ConditionalOnBooleanProperty (spring.web.error.whitelabel.enabled=true) matched (OnPropertyCondition)
      - ErrorTemplate Missing did not find error template view (ErrorMvcAutoConfiguration.ErrorTemplateMissingCondition)

   ErrorMvcAutoConfiguration.WhitelabelErrorViewConfiguration#beanNameViewResolver matched:
      - @ConditionalOnMissingBean (types: org.springframework.web.servlet.view.BeanNameViewResolver; SearchStrategy: all) did not find any beans (OnBeanCondition)

   ErrorMvcAutoConfiguration.WhitelabelErrorViewConfiguration#defaultErrorView matched:
      - @ConditionalOnMissingBean (names: error; SearchStrategy: all) did not find any beans (OnBeanCondition)

   HibernateJpaAutoConfiguration matched:
      - @ConditionalOnClass found required classes 'org.springframework.orm.jpa.LocalContainerEntityManagerFactoryBean', 'jakarta.persistence.EntityManager', 'org.hibernate.engine.spi.SessionImplementor' (OnClassCondition)

   HibernateJpaConfiguration matched:
      - @ConditionalOnSingleCandidate (types: javax.sql.DataSource; SearchStrategy: all) found a single bean 'dataSource' (OnBeanCondition)

   HttpEncodingAutoConfiguration matched:
      - @ConditionalOnClass found required class 'org.springframework.web.filter.CharacterEncodingFilter' (OnClassCondition)
      - found 'session' scope (OnWebApplicationCondition)
      - @ConditionalOnBooleanProperty (spring.servlet.encoding.enabled=true) matched (OnPropertyCondition)

   HttpEncodingAutoConfiguration#characterEncodingFilter matched:
      - @ConditionalOnMissingBean (types: org.springframework.web.filter.CharacterEncodingFilter; SearchStrategy: all) did not find any beans (OnBeanCondition)

   HttpMessageConvertersAutoConfiguration matched:
      - @ConditionalOnClass found required class 'org.springframework.http.converter.HttpMessageConverter' (OnClassCondition)
      - NoneNestedConditions 0 matched 1 did not; NestedCondition on HttpMessageConvertersAutoConfiguration.NotReactiveWebApplicationCondition.ReactiveWebApplication did not find reactive web application classes (HttpMessageConvertersAutoConfiguration.NotReactiveWebApplicationCondition)

   HttpMessageConvertersAutoConfiguration.StringHttpMessageConverterConfiguration#stringHttpMessageConvertersCustomizer matched:
      - @ConditionalOnMissingBean (types: org.springframework.http.converter.StringHttpMessageConverter; SearchStrategy: all) did not find any beans (OnBeanCondition)

   JacksonAutoConfiguration matched:
      - @ConditionalOnClass found required class 'tools.jackson.databind.json.JsonMapper' (OnClassCondition)

   JacksonAutoConfiguration#jacksonJsonMapper matched:
      - @ConditionalOnMissingBean (types: tools.jackson.databind.json.JsonMapper; SearchStrategy: all) did not find any beans (OnBeanCondition)

   JacksonAutoConfiguration#jsonFactory matched:
      - @ConditionalOnMissingBean (types: tools.jackson.core.json.JsonFactory; SearchStrategy: all) did not find any beans (OnBeanCondition)

   JacksonAutoConfiguration#jsonMapperBuilder matched:
      - @ConditionalOnMissingBean (types: tools.jackson.databind.json.JsonMapper$Builder; SearchStrategy: all) did not find any beans (OnBeanCondition)

   JacksonAutoConfiguration.JsonProblemDetailsConfiguration matched:
      - @ConditionalOnClass found required class 'org.springframework.http.ProblemDetail' (OnClassCondition)

   JacksonHttpMessageConvertersConfiguration.JacksonJsonHttpMessageConverterConfiguration matched:
      - @ConditionalOnClass found required class 'tools.jackson.databind.json.JsonMapper' (OnClassCondition)
      - @ConditionalOnProperty (spring.http.converters.preferred-json-mapper=jackson) matched (OnPropertyCondition)
      - @ConditionalOnBean (types: tools.jackson.databind.json.JsonMapper; SearchStrategy: all) found bean 'jacksonJsonMapper' (OnBeanCondition)

   JacksonHttpMessageConvertersConfiguration.JacksonJsonHttpMessageConverterConfiguration#jacksonJsonHttpMessageConvertersCustomizer matched:
      - @ConditionalOnMissingBean (types: org.springframework.http.converter.json.JacksonJsonHttpMessageConverter ignored: org.springframework.hateoas.server.mvc.TypeConstrainedJacksonJsonHttpMessageConverter,org.springframework.data.rest.webmvc.alps.AlpsJacksonJsonHttpMessageConverter; SearchStrategy: all) did not find any beans (OnBeanCondition)

   JdbcClientAutoConfiguration matched:
      - @ConditionalOnSingleCandidate (types: org.springframework.jdbc.core.namedparam.NamedParameterJdbcTemplate; SearchStrategy: all) found a single bean 'namedParameterJdbcTemplate'; @ConditionalOnMissingBean (types: org.springframework.jdbc.core.simple.JdbcClient; SearchStrategy: all) did not find any beans (OnBeanCondition)

   JdbcTemplateAutoConfiguration matched:
      - @ConditionalOnClass found required classes 'javax.sql.DataSource', 'org.springframework.jdbc.core.JdbcTemplate' (OnClassCondition)
      - @ConditionalOnSingleCandidate (types: javax.sql.DataSource; SearchStrategy: all) found a single bean 'dataSource' (OnBeanCondition)

   JdbcTemplateConfiguration matched:
      - @ConditionalOnMissingBean (types: org.springframework.jdbc.core.JdbcOperations; SearchStrategy: all) did not find any beans (OnBeanCondition)

   JpaBaseConfiguration#entityManagerFactory matched:
      - @ConditionalOnMissingBean (types: org.springframework.orm.jpa.LocalContainerEntityManagerFactoryBean,jakarta.persistence.EntityManagerFactory; SearchStrategy: all) did not find any beans (OnBeanCondition)

   JpaBaseConfiguration#entityManagerFactoryBuilder matched:
      - @ConditionalOnMissingBean (types: org.springframework.boot.jpa.EntityManagerFactoryBuilder; SearchStrategy: all) did not find any beans (OnBeanCondition)

   JpaBaseConfiguration#jpaVendorAdapter matched:
      - @ConditionalOnMissingBean (types: org.springframework.orm.jpa.JpaVendorAdapter; SearchStrategy: all) did not find any beans (OnBeanCondition)

   JpaBaseConfiguration#transactionManager matched:
      - @ConditionalOnMissingBean (types: org.springframework.transaction.TransactionManager; SearchStrategy: all) did not find any beans (OnBeanCondition)

   JpaBaseConfiguration.PersistenceManagedTypesConfiguration matched:
      - @ConditionalOnMissingBean (types: org.springframework.orm.jpa.LocalContainerEntityManagerFactoryBean,jakarta.persistence.EntityManagerFactory; SearchStrategy: all) did not find any beans (OnBeanCondition)

   JpaBaseConfiguration.PersistenceManagedTypesConfiguration#persistenceManagedTypes matched:
      - @ConditionalOnMissingBean (types: org.springframework.orm.jpa.persistenceunit.PersistenceManagedTypes; SearchStrategy: all) did not find any beans (OnBeanCondition)

   JtaAutoConfiguration matched:
      - @ConditionalOnClass found required class 'jakarta.transaction.Transaction' (OnClassCondition)
      - @ConditionalOnBooleanProperty (spring.jta.enabled=true) matched (OnPropertyCondition)

   KafkaAnnotationDrivenConfiguration matched:
      - @ConditionalOnClass found required class 'org.springframework.kafka.annotation.EnableKafka' (OnClassCondition)

   KafkaAnnotationDrivenConfiguration#kafkaListenerContainerFactory matched:
      - @ConditionalOnMissingBean (names: kafkaListenerContainerFactory; SearchStrategy: all) did not find any beans (OnBeanCondition)

   KafkaAnnotationDrivenConfiguration#kafkaListenerContainerFactoryConfigurer matched:
      - @ConditionalOnMissingBean (types: org.springframework.boot.kafka.autoconfigure.ConcurrentKafkaListenerContainerFactoryConfigurer; SearchStrategy: all) did not find any beans (OnBeanCondition)
      - @ConditionalOnThreading found PLATFORM (OnThreadingCondition)

   KafkaAnnotationDrivenConfiguration.EnableKafkaConfiguration matched:
      - @ConditionalOnMissingBean (names: org.springframework.kafka.config.internalKafkaListenerAnnotationProcessor; SearchStrategy: all) did not find any beans (OnBeanCondition)

   KafkaAutoConfiguration matched:
      - @ConditionalOnClass found required class 'org.springframework.kafka.core.KafkaTemplate' (OnClassCondition)

   KafkaAutoConfiguration#kafkaAdmin matched:
      - @ConditionalOnMissingBean (types: org.springframework.kafka.core.KafkaAdmin; SearchStrategy: all) did not find any beans (OnBeanCondition)

   KafkaAutoConfiguration#kafkaConnectionDetails matched:
      - @ConditionalOnMissingBean (types: org.springframework.boot.kafka.autoconfigure.KafkaConnectionDetails; SearchStrategy: all) did not find any beans (OnBeanCondition)

   KafkaAutoConfiguration#kafkaConsumerFactory matched:
      - @ConditionalOnMissingBean (types: org.springframework.kafka.core.ConsumerFactory; SearchStrategy: all) did not find any beans (OnBeanCondition)

   KafkaAutoConfiguration#kafkaProducerFactory matched:
      - @ConditionalOnMissingBean (types: org.springframework.kafka.core.ProducerFactory; SearchStrategy: all) did not find any beans (OnBeanCondition)

   KafkaAutoConfiguration#kafkaProducerListener matched:
      - @ConditionalOnMissingBean (types: org.springframework.kafka.support.ProducerListener; SearchStrategy: all) did not find any beans (OnBeanCondition)

   KafkaAutoConfiguration#kafkaTemplate matched:
      - @ConditionalOnMissingBean (types: org.springframework.kafka.core.KafkaTemplate; SearchStrategy: all) did not find any beans (OnBeanCondition)

   LifecycleAutoConfiguration#defaultLifecycleProcessor matched:
      - @ConditionalOnMissingBean (names: lifecycleProcessor; SearchStrategy: current) did not find any beans (OnBeanCondition)

   LiquibaseAutoConfiguration matched:
      - @ConditionalOnClass found required classes 'liquibase.integration.spring.SpringLiquibase', 'liquibase.change.DatabaseChange' (OnClassCondition)
      - @ConditionalOnBooleanProperty (spring.liquibase.enabled=true) matched (OnPropertyCondition)
      - AnyNestedCondition 2 matched 1 did not; NestedCondition on LiquibaseAutoConfiguration.LiquibaseDataSourceCondition.LiquibaseUrlCondition @ConditionalOnProperty (spring.liquibase.url) did not find property 'spring.liquibase.url'; NestedCondition on LiquibaseAutoConfiguration.LiquibaseDataSourceCondition.JdbcConnectionDetailsCondition @ConditionalOnBean (types: org.springframework.boot.jdbc.autoconfigure.JdbcConnectionDetails; SearchStrategy: all) found bean 'jdbcConnectionDetails'; NestedCondition on LiquibaseAutoConfiguration.LiquibaseDataSourceCondition.DataSourceBeanCondition @ConditionalOnBean (types: javax.sql.DataSource; SearchStrategy: all) found bean 'dataSource' (LiquibaseAutoConfiguration.LiquibaseDataSourceCondition)

   LiquibaseAutoConfiguration.CustomizerConfiguration matched:
      - @ConditionalOnClass found required class 'liquibase.integration.spring.Customizer' (OnClassCondition)

   LiquibaseAutoConfiguration.LiquibaseConfiguration matched:
      - @ConditionalOnClass found required class 'org.springframework.jdbc.core.ConnectionCallback' (OnClassCondition)
      - @ConditionalOnMissingBean (types: liquibase.integration.spring.SpringLiquibase; SearchStrategy: all) did not find any beans (OnBeanCondition)

   LiquibaseAutoConfiguration.LiquibaseConfiguration#liquibaseConnectionDetails matched:
      - @ConditionalOnMissingBean (types: org.springframework.boot.liquibase.autoconfigure.LiquibaseConnectionDetails; SearchStrategy: all) did not find any beans (OnBeanCondition)

   MultipartAutoConfiguration matched:
      - @ConditionalOnClass found required classes 'jakarta.servlet.Servlet', 'org.springframework.web.multipart.support.StandardServletMultipartResolver', 'jakarta.servlet.MultipartConfigElement' (OnClassCondition)
      - found 'session' scope (OnWebApplicationCondition)
      - @ConditionalOnBooleanProperty (spring.servlet.multipart.enabled=true) matched (OnPropertyCondition)

   MultipartAutoConfiguration#multipartConfigElement matched:
      - @ConditionalOnMissingBean (types: jakarta.servlet.MultipartConfigElement; SearchStrategy: all) did not find any beans (OnBeanCondition)

   MultipartAutoConfiguration#multipartResolver matched:
      - @ConditionalOnMissingBean (types: org.springframework.web.multipart.MultipartResolver; SearchStrategy: all) did not find any beans (OnBeanCondition)

   NamedParameterJdbcTemplateConfiguration matched:
      - @ConditionalOnSingleCandidate (types: org.springframework.jdbc.core.JdbcTemplate; SearchStrategy: all) found a single bean 'jdbcTemplate'; @ConditionalOnMissingBean (types: org.springframework.jdbc.core.namedparam.NamedParameterJdbcOperations; SearchStrategy: all) did not find any beans (OnBeanCondition)

   PersistenceExceptionTranslationAutoConfiguration matched:
      - @ConditionalOnClass found required class 'org.springframework.dao.annotation.PersistenceExceptionTranslationPostProcessor' (OnClassCondition)

   PersistenceExceptionTranslationAutoConfiguration#persistenceExceptionTranslationPostProcessor matched:
      - @ConditionalOnBooleanProperty (spring.persistence.exceptiontranslation.enabled=true) matched (OnPropertyCondition)
      - @ConditionalOnMissingBean (types: org.springframework.dao.annotation.PersistenceExceptionTranslationPostProcessor; SearchStrategy: all) did not find any beans (OnBeanCondition)

   PropertyPlaceholderAutoConfiguration#propertySourcesPlaceholderConfigurer matched:
      - @ConditionalOnMissingBean (types: org.springframework.context.support.PropertySourcesPlaceholderConfigurer; SearchStrategy: current) did not find any beans (OnBeanCondition)

   SslAutoConfiguration#sslBundleRegistry matched:
      - @ConditionalOnMissingBean (types: org.springframework.boot.ssl.SslBundleRegistry,org.springframework.boot.ssl.SslBundles; SearchStrategy: all) did not find any beans (OnBeanCondition)

   TaskExecutionAutoConfiguration matched:
      - @ConditionalOnClass found required class 'org.springframework.scheduling.concurrent.ThreadPoolTaskExecutor' (OnClassCondition)

   TaskExecutorConfigurations.AsyncConfigurerConfiguration matched:
      - @ConditionalOnMissingBean (types: org.springframework.scheduling.annotation.AsyncConfigurer; SearchStrategy: all) did not find any beans (OnBeanCondition)

   TaskExecutorConfigurations.SimpleAsyncTaskExecutorBuilderConfiguration#simpleAsyncTaskExecutorBuilder matched:
      - @ConditionalOnMissingBean (types: org.springframework.boot.task.SimpleAsyncTaskExecutorBuilder; SearchStrategy: all) did not find any beans (OnBeanCondition)
      - @ConditionalOnThreading found PLATFORM (OnThreadingCondition)

   TaskExecutorConfigurations.TaskExecutorConfiguration matched:
      - AnyNestedCondition 1 matched 1 did not; NestedCondition on TaskExecutorConfigurations.OnExecutorCondition.ModelCondition @ConditionalOnProperty (spring.task.execution.mode=force) did not find property 'spring.task.execution.mode'; NestedCondition on TaskExecutorConfigurations.OnExecutorCondition.ExecutorBeanCondition @ConditionalOnMissingBean (types: java.util.concurrent.Executor; SearchStrategy: all) did not find any beans (TaskExecutorConfigurations.OnExecutorCondition)

   TaskExecutorConfigurations.TaskExecutorConfiguration#applicationTaskExecutor matched:
      - @ConditionalOnThreading found PLATFORM (OnThreadingCondition)

   TaskExecutorConfigurations.ThreadPoolTaskExecutorBuilderConfiguration#threadPoolTaskExecutorBuilder matched:
      - @ConditionalOnMissingBean (types: org.springframework.boot.task.ThreadPoolTaskExecutorBuilder; SearchStrategy: all) did not find any beans (OnBeanCondition)

   TaskSchedulingAutoConfiguration matched:
      - @ConditionalOnClass found required class 'org.springframework.scheduling.concurrent.ThreadPoolTaskScheduler' (OnClassCondition)

   TaskSchedulingConfigurations.SimpleAsyncTaskSchedulerBuilderConfiguration#simpleAsyncTaskSchedulerBuilder matched:
      - @ConditionalOnMissingBean (types: org.springframework.boot.task.SimpleAsyncTaskSchedulerBuilder; SearchStrategy: all) did not find any beans (OnBeanCondition)
      - @ConditionalOnThreading found PLATFORM (OnThreadingCondition)

   TaskSchedulingConfigurations.ThreadPoolTaskSchedulerBuilderConfiguration#threadPoolTaskSchedulerBuilder matched:
      - @ConditionalOnMissingBean (types: org.springframework.boot.task.ThreadPoolTaskSchedulerBuilder; SearchStrategy: all) did not find any beans (OnBeanCondition)

   TomcatServletWebServerAutoConfiguration matched:
      - @ConditionalOnClass found required classes 'jakarta.servlet.ServletRequest', 'org.apache.catalina.startup.Tomcat', 'org.apache.coyote.UpgradeProtocol', 'org.springframework.boot.tomcat.servlet.TomcatServletWebServerFactory' (OnClassCondition)
      - found 'session' scope (OnWebApplicationCondition)

   TomcatServletWebServerAutoConfiguration#tomcatServletWebServerFactory matched:
      - @ConditionalOnMissingBean (types: org.springframework.boot.web.server.servlet.ServletWebServerFactory; SearchStrategy: current) did not find any beans (OnBeanCondition)

   TransactionAutoConfiguration matched:
      - @ConditionalOnClass found required class 'org.springframework.transaction.PlatformTransactionManager' (OnClassCondition)

   TransactionAutoConfiguration.EnableTransactionManagementConfiguration matched:
      - @ConditionalOnBean (types: org.springframework.transaction.TransactionManager; SearchStrategy: all) found bean 'transactionManager'; @ConditionalOnMissingBean (types: org.springframework.transaction.annotation.AbstractTransactionManagementConfiguration; SearchStrategy: all) did not find any beans (OnBeanCondition)

   TransactionAutoConfiguration.EnableTransactionManagementConfiguration.CglibAutoProxyConfiguration matched:
      - @ConditionalOnBooleanProperty (spring.aop.proxy-target-class=true) matched (OnPropertyCondition)

   TransactionAutoConfiguration.TransactionTemplateConfiguration matched:
      - @ConditionalOnSingleCandidate (types: org.springframework.transaction.PlatformTransactionManager; SearchStrategy: all) found a single bean 'transactionManager' (OnBeanCondition)

   TransactionAutoConfiguration.TransactionTemplateConfiguration#transactionTemplate matched:
      - @ConditionalOnMissingBean (types: org.springframework.transaction.support.TransactionOperations; SearchStrategy: all) did not find any beans (OnBeanCondition)

   TransactionManagerCustomizationAutoConfiguration matched:
      - @ConditionalOnClass found required class 'org.springframework.transaction.PlatformTransactionManager' (OnClassCondition)

   TransactionManagerCustomizationAutoConfiguration#platformTransactionManagerCustomizers matched:
      - @ConditionalOnMissingBean (types: org.springframework.boot.transaction.autoconfigure.TransactionManagerCustomizers; SearchStrategy: all) did not find any beans (OnBeanCondition)

   ValidationAutoConfiguration matched:
      - @ConditionalOnClass found required class 'jakarta.validation.executable.ExecutableValidator' (OnClassCondition)
      - @ConditionalOnResource found location classpath:META-INF/services/jakarta.validation.spi.ValidationProvider (OnResourceCondition)

   ValidationAutoConfiguration#defaultValidator matched:
      - @ConditionalOnMissingBean (types: jakarta.validation.Validator; SearchStrategy: all) did not find any beans (OnBeanCondition)

   ValidationAutoConfiguration#methodValidationPostProcessor matched:
      - @ConditionalOnMissingBean (types: org.springframework.validation.beanvalidation.MethodValidationPostProcessor; SearchStrategy: current) did not find any beans (OnBeanCondition)

   WebMvcAutoConfiguration matched:
      - @ConditionalOnClass found required classes 'jakarta.servlet.Servlet', 'org.springframework.web.servlet.DispatcherServlet', 'org.springframework.web.servlet.config.annotation.WebMvcConfigurer' (OnClassCondition)
      - found 'session' scope (OnWebApplicationCondition)
      - @ConditionalOnMissingBean (types: org.springframework.web.servlet.config.annotation.WebMvcConfigurationSupport; SearchStrategy: all) did not find any beans (OnBeanCondition)

   WebMvcAutoConfiguration#formContentFilter matched:
      - @ConditionalOnBooleanProperty (spring.mvc.formcontent.filter.enabled=true) matched (OnPropertyCondition)
      - @ConditionalOnMissingBean (types: org.springframework.web.filter.FormContentFilter; SearchStrategy: all) did not find any beans (OnBeanCondition)

   WebMvcAutoConfiguration.EnableWebMvcConfiguration#flashMapManager matched:
      - @ConditionalOnMissingBean (names: flashMapManager; SearchStrategy: all) did not find any beans (OnBeanCondition)

   WebMvcAutoConfiguration.EnableWebMvcConfiguration#localeResolver matched:
      - @ConditionalOnMissingBean (names: localeResolver; SearchStrategy: all) did not find any beans (OnBeanCondition)

   WebMvcAutoConfiguration.EnableWebMvcConfiguration#viewNameTranslator matched:
      - @ConditionalOnMissingBean (names: viewNameTranslator; SearchStrategy: all) did not find any beans (OnBeanCondition)

   WebMvcAutoConfiguration.WebMvcAutoConfigurationAdapter#defaultViewResolver matched:
      - @ConditionalOnMissingBean (types: org.springframework.web.servlet.view.InternalResourceViewResolver; SearchStrategy: all) did not find any beans (OnBeanCondition)

   WebMvcAutoConfiguration.WebMvcAutoConfigurationAdapter#requestContextFilter matched:
      - @ConditionalOnMissingBean (types: org.springframework.web.context.request.RequestContextListener,org.springframework.web.filter.RequestContextFilter; SearchStrategy: all) did not find any beans (OnBeanCondition)

   WebMvcAutoConfiguration.WebMvcAutoConfigurationAdapter#viewResolver matched:
      - @ConditionalOnBean (types: org.springframework.web.servlet.ViewResolver; SearchStrategy: all) found beans 'defaultViewResolver', 'beanNameViewResolver', 'mvcViewResolver'; @ConditionalOnMissingBean (names: viewResolver types: org.springframework.web.servlet.view.ContentNegotiatingViewResolver; SearchStrategy: all) did not find any beans (OnBeanCondition)


Negative matches:
-----------------

   AopAutoConfiguration.AspectJAutoProxyingConfiguration.JdkDynamicAutoProxyConfiguration:
      Did not match:
         - @ConditionalOnBooleanProperty (spring.aop.proxy-target-class=false) did not find property 'spring.aop.proxy-target-class' (OnPropertyCondition)

   AopAutoConfiguration.ClassProxyingConfiguration:
      Did not match:
         - @ConditionalOnMissingClass found unwanted class 'org.aspectj.weaver.Advice' (OnClassCondition)

   DataJpaRepositoriesAutoConfiguration#entityManagerFactoryBootstrapExecutorCustomizer:
      Did not match:
         - @ConditionalOnProperty (spring.data.jpa.repositories.bootstrap-mode=deferred) did not find property 'spring.data.jpa.repositories.bootstrap-mode' (OnPropertyCondition)

   DataRepositoryMetricsAutoConfiguration:
      Did not match:
         - @ConditionalOnBean did not find required type 'io.micrometer.core.instrument.MeterRegistry' (OnBeanCondition)

   DataSourceAutoConfiguration.EmbeddedDatabaseConfiguration:
      Did not match:
         - EmbeddedDataSource spring.datasource.url is set (DataSourceAutoConfiguration.EmbeddedDatabaseCondition)

   DataSourceCheckpointRestoreConfiguration:
      Did not match:
         - @ConditionalOnClass did not find required class 'org.crac.Resource' (OnClassCondition)

   DataSourceConfiguration.Dbcp2:
      Did not match:
         - @ConditionalOnClass did not find required class 'org.apache.commons.dbcp2.BasicDataSource' (OnClassCondition)

   DataSourceConfiguration.Generic:
      Did not match:
         - @ConditionalOnProperty (spring.datasource.type) did not find property 'spring.datasource.type' (OnPropertyCondition)

   DataSourceConfiguration.OracleUcp:
      Did not match:
         - @ConditionalOnClass did not find required classes 'oracle.ucp.jdbc.PoolDataSourceImpl', 'oracle.jdbc.OracleConnection' (OnClassCondition)

   DataSourceConfiguration.Tomcat:
      Did not match:
         - @ConditionalOnClass did not find required class 'org.apache.tomcat.jdbc.pool.DataSource' (OnClassCondition)

   DataSourceHealthContributorAutoConfiguration:
      Did not match:
         - @ConditionalOnClass did not find required class 'org.springframework.boot.health.autoconfigure.contributor.ConditionalOnEnabledHealthIndicator' (OnClassCondition)

   DataSourceJmxConfiguration:
      Did not match:
         - @ConditionalOnBooleanProperty (spring.jmx.enabled=true) found different value in property 'spring.jmx.enabled' (OnPropertyCondition)

   DataSourcePoolMetadataProvidersConfiguration.CommonsDbcp2PoolDataSourceMetadataProviderConfiguration:
      Did not match:
         - @ConditionalOnClass did not find required class 'org.apache.commons.dbcp2.BasicDataSource' (OnClassCondition)

   DataSourcePoolMetadataProvidersConfiguration.OracleUcpPoolDataSourceMetadataProviderConfiguration:
      Did not match:
         - @ConditionalOnClass did not find required classes 'oracle.ucp.jdbc.PoolDataSource', 'oracle.jdbc.OracleConnection' (OnClassCondition)

   DataSourcePoolMetadataProvidersConfiguration.TomcatDataSourcePoolMetadataProviderConfiguration:
      Did not match:
         - @ConditionalOnClass did not find required class 'org.apache.tomcat.jdbc.pool.DataSource' (OnClassCondition)

   DataSourcePoolMetricsAutoConfiguration:
      Did not match:
         - @ConditionalOnClass did not find required class 'io.micrometer.core.instrument.MeterRegistry' (OnClassCondition)

   DataSourceTransactionManagerAutoConfiguration.JdbcTransactionManagerConfiguration#transactionManager:
      Did not match:
         - @ConditionalOnMissingBean (types: org.springframework.transaction.TransactionManager; SearchStrategy: all) found beans of type 'org.springframework.transaction.TransactionManager' transactionManager (OnBeanCondition)

   DispatcherServletAutoConfiguration.DispatcherServletConfiguration#multipartResolver:
      Did not match:
         - @ConditionalOnBean (types: org.springframework.web.multipart.MultipartResolver; SearchStrategy: all) did not find any beans of type org.springframework.web.multipart.MultipartResolver (OnBeanCondition)

   GsonHttpMessageConvertersConfiguration:
      Did not match:
         - @ConditionalOnClass did not find required class 'com.google.gson.Gson' (OnClassCondition)

   HibernateMetricsAutoConfiguration:
      Did not match:
         - @ConditionalOnClass did not find required class 'io.micrometer.core.instrument.MeterRegistry' (OnClassCondition)

   Jackson2HttpMessageConvertersConfiguration.MappingJackson2HttpMessageConverterConfiguration:
      Did not match:
         - AnyNestedCondition 0 matched 2 did not; NestedCondition on Jackson2HttpMessageConvertersConfiguration.PreferJackson2OrJacksonUnavailableCondition.JacksonUnavailable @ConditionalOnMissingBean (types: org.springframework.boot.http.converter.autoconfigure.JacksonHttpMessageConvertersConfiguration$JacksonJsonHttpMessageConvertersCustomizer; SearchStrategy: all) found beans of type 'org.springframework.boot.http.converter.autoconfigure.JacksonHttpMessageConvertersConfiguration$JacksonJsonHttpMessageConvertersCustomizer' jacksonJsonHttpMessageConvertersCustomizer; NestedCondition on Jackson2HttpMessageConvertersConfiguration.PreferJackson2OrJacksonUnavailableCondition.Jackson2Preferred @ConditionalOnProperty (spring.http.converters.preferred-json-mapper=jackson2) did not find property 'spring.http.converters.preferred-json-mapper' (Jackson2HttpMessageConvertersConfiguration.PreferJackson2OrJacksonUnavailableCondition)
      Matched:
         - @ConditionalOnClass found required class 'com.fasterxml.jackson.databind.ObjectMapper' (OnClassCondition)

   Jackson2HttpMessageConvertersConfiguration.MappingJackson2XmlHttpMessageConverterConfiguration:
      Did not match:
         - @ConditionalOnClass did not find required class 'com.fasterxml.jackson.dataformat.xml.XmlMapper' (OnClassCondition)

   JacksonAutoConfiguration.CborConfiguration:
      Did not match:
         - @ConditionalOnClass did not find required class 'tools.jackson.dataformat.cbor.CBORMapper' (OnClassCondition)

   JacksonAutoConfiguration.XmlConfiguration:
      Did not match:
         - @ConditionalOnClass did not find required class 'tools.jackson.dataformat.xml.XmlMapper' (OnClassCondition)

   JacksonHttpMessageConvertersConfiguration.JacksonXmlHttpMessageConverterConfiguration:
      Did not match:
         - @ConditionalOnClass did not find required class 'tools.jackson.dataformat.xml.XmlMapper' (OnClassCondition)

   JmxAutoConfiguration:
      Did not match:
         - @ConditionalOnBooleanProperty (spring.jmx.enabled=true) found different value in property 'spring.jmx.enabled' (OnPropertyCondition)
      Matched:
         - @ConditionalOnClass found required class 'org.springframework.jmx.export.MBeanExporter' (OnClassCondition)

   JndiDataSourceAutoConfiguration:
      Did not match:
         - @ConditionalOnProperty (spring.datasource.jndi-name) did not find property 'spring.datasource.jndi-name' (OnPropertyCondition)
      Matched:
         - @ConditionalOnClass found required classes 'javax.sql.DataSource', 'org.springframework.jdbc.datasource.embedded.EmbeddedDatabaseType' (OnClassCondition)

   JndiJtaConfiguration:
      Did not match:
         - @ConditionalOnJndi JNDI environment is not available (OnJndiCondition)
      Matched:
         - @ConditionalOnClass found required class 'org.springframework.transaction.jta.JtaTransactionManager' (OnClassCondition)

   JpaBaseConfiguration.JpaWebConfiguration:
      Did not match:
         - @ConditionalOnBooleanProperty (spring.jpa.open-in-view=true) found different value in property 'spring.jpa.open-in-view' (OnPropertyCondition)
      Matched:
         - @ConditionalOnClass found required class 'org.springframework.web.servlet.config.annotation.WebMvcConfigurer' (OnClassCondition)
         - found 'session' scope (OnWebApplicationCondition)

   JsonbHttpMessageConvertersConfiguration:
      Did not match:
         - @ConditionalOnClass did not find required class 'jakarta.json.bind.Jsonb' (OnClassCondition)

   KafkaAnnotationDrivenConfiguration#kafkaListenerContainerFactoryConfigurerVirtualThreads:
      Did not match:
         - @ConditionalOnMissingBean (types: org.springframework.boot.kafka.autoconfigure.ConcurrentKafkaListenerContainerFactoryConfigurer; SearchStrategy: all) found beans of type 'org.springframework.boot.kafka.autoconfigure.ConcurrentKafkaListenerContainerFactoryConfigurer' kafkaListenerContainerFactoryConfigurer (OnBeanCondition)

   KafkaAutoConfiguration#kafkaJaasInitializer:
      Did not match:
         - @ConditionalOnBooleanProperty (spring.kafka.jaas.enabled=true) did not find property 'spring.kafka.jaas.enabled' (OnPropertyCondition)

   KafkaAutoConfiguration#kafkaRetryTopicConfiguration:
      Did not match:
         - @ConditionalOnBooleanProperty (spring.kafka.retry.topic.enabled=true) did not find property 'spring.kafka.retry.topic.enabled' (OnPropertyCondition)

   KafkaAutoConfiguration#kafkaTransactionManager:
      Did not match:
         - @ConditionalOnProperty (spring.kafka.producer.transaction-id-prefix) did not find property 'spring.kafka.producer.transaction-id-prefix' (OnPropertyCondition)

   KafkaMetricsAutoConfiguration:
      Did not match:
         - @ConditionalOnClass did not find required class 'io.micrometer.core.instrument.binder.kafka.KafkaClientMetrics' (OnClassCondition)

   KafkaStreamsAnnotationDrivenConfiguration:
      Did not match:
         - @ConditionalOnBean (names: defaultKafkaStreamsBuilder; SearchStrategy: all) did not find any beans named defaultKafkaStreamsBuilder (OnBeanCondition)
      Matched:
         - @ConditionalOnClass found required class 'org.apache.kafka.streams.StreamsBuilder' (OnClassCondition)

   KotlinSerializationHttpMessageConvertersConfiguration:
      Did not match:
         - @ConditionalOnClass did not find required classes 'kotlinx.serialization.Serializable', 'kotlinx.serialization.json.Json' (OnClassCondition)

   LazyConnectionDataSourceConfiguration:
      Did not match:
         - @ConditionalOnProperty (spring.datasource.connection-fetch=lazy) did not find property 'spring.datasource.connection-fetch' (OnPropertyCondition)

   LiquibaseAutoConfiguration.CustomizerConfiguration#springLiquibaseCustomizer:
      Did not match:
         - @ConditionalOnBean (types: liquibase.integration.spring.Customizer; SearchStrategy: all) did not find any beans of type liquibase.integration.spring.Customizer (OnBeanCondition)

   LiquibaseEndpointAutoConfiguration:
      Did not match:
         - @ConditionalOnClass did not find required class 'org.springframework.boot.actuate.autoconfigure.endpoint.condition.ConditionalOnAvailableEndpoint' (OnClassCondition)

   MessageSourceAutoConfiguration:
      Did not match:
         - ResourceBundle did not find bundle with basename messages (MessageSourceAutoConfiguration.ResourceBundleCondition)

   ProjectInfoAutoConfiguration#buildProperties:
      Did not match:
         - @ConditionalOnResource did not find resource '${spring.info.build.location:classpath:META-INF/build-info.properties}' (OnResourceCondition)

   ProjectInfoAutoConfiguration#gitProperties:
      Did not match:
         - GitResource did not find git info at classpath:git.properties (ProjectInfoAutoConfiguration.GitResourceAvailableCondition)

   ServletHttpExchangesAutoConfiguration:
      Did not match:
         - @ConditionalOnBean did not find required type 'org.springframework.boot.actuate.web.exchanges.HttpExchangeRepository' (OnBeanCondition)

   ServletManagementContextAutoConfiguration:
      Did not match:
         - @ConditionalOnClass did not find required class 'org.springframework.boot.actuate.autoconfigure.endpoint.web.WebEndpointProperties' (OnClassCondition)

   ServletMappingsAutoConfiguration:
      Did not match:
         - @ConditionalOnClass did not find required class 'org.springframework.boot.actuate.autoconfigure.endpoint.condition.ConditionalOnAvailableEndpoint' (OnClassCondition)

   ServletWebServerConfiguration#forwardedHeaderFilter:
      Did not match:
         - @ConditionalOnProperty (server.forward-headers-strategy=framework) did not find property 'server.forward-headers-strategy' (OnPropertyCondition)

   SpringApplicationAdminJmxAutoConfiguration:
      Did not match:
         - @ConditionalOnBooleanProperty (spring.application.admin.enabled=true) did not find property 'spring.application.admin.enabled' (OnPropertyCondition)

   TaskExecutorConfigurations.AsyncConfigurerWrapperConfiguration:
      Did not match:
         - @ConditionalOnBean (types: org.springframework.scheduling.annotation.AsyncConfigurer; SearchStrategy: all) did not find any beans of type org.springframework.scheduling.annotation.AsyncConfigurer (OnBeanCondition)

   TaskExecutorConfigurations.SimpleAsyncTaskExecutorBuilderConfiguration#simpleAsyncTaskExecutorBuilderVirtualThreads:
      Did not match:
         - @ConditionalOnMissingBean (types: org.springframework.boot.task.SimpleAsyncTaskExecutorBuilder; SearchStrategy: all) found beans of type 'org.springframework.boot.task.SimpleAsyncTaskExecutorBuilder' simpleAsyncTaskExecutorBuilder (OnBeanCondition)

   TaskExecutorConfigurations.TaskExecutorConfiguration#applicationTaskExecutorVirtualThreads:
      Did not match:
         - @ConditionalOnThreading did not find VIRTUAL (OnThreadingCondition)

   TaskExecutorConfigurations.TaskExecutorContextPropagationConfiguration:
      Did not match:
         - @ConditionalOnClass did not find required class 'io.micrometer.context.ContextSnapshot' (OnClassCondition)

   TaskSchedulingAutoConfiguration#scheduledBeanLazyInitializationExcludeFilter:
      Did not match:
         - @ConditionalOnBean (names: org.springframework.scheduling.config.internalScheduledAnnotationProcessor; SearchStrategy: all) did not find any beans named org.springframework.scheduling.config.internalScheduledAnnotationProcessor (OnBeanCondition)

   TaskSchedulingConfigurations.SimpleAsyncTaskSchedulerBuilderConfiguration#simpleAsyncTaskSchedulerBuilderVirtualThreads:
      Did not match:
         - @ConditionalOnMissingBean (types: org.springframework.boot.task.SimpleAsyncTaskSchedulerBuilder; SearchStrategy: all) found beans of type 'org.springframework.boot.task.SimpleAsyncTaskSchedulerBuilder' simpleAsyncTaskSchedulerBuilder (OnBeanCondition)

   TaskSchedulingConfigurations.TaskSchedulerConfiguration:
      Did not match:
         - @ConditionalOnBean (names: org.springframework.scheduling.config.internalScheduledAnnotationProcessor; SearchStrategy: all) did not find any beans named org.springframework.scheduling.config.internalScheduledAnnotationProcessor (OnBeanCondition)

   TomcatMetricsAutoConfiguration:
      Did not match:
         - @ConditionalOnClass did not find required class 'io.micrometer.core.instrument.binder.tomcat.TomcatMetrics' (OnClassCondition)

   TomcatReactiveManagementContextAutoConfiguration:
      Did not match:
         - @ConditionalOnClass did not find required class 'org.springframework.boot.actuate.autoconfigure.web.server.ManagementContextFactory' (OnClassCondition)

   TomcatReactiveWebServerAutoConfiguration:
      Did not match:
         - @ConditionalOnWebApplication did not find reactive web application classes (OnWebApplicationCondition)

   TomcatServletManagementContextAutoConfiguration:
      Did not match:
         - @ConditionalOnClass did not find required class 'org.springframework.boot.actuate.autoconfigure.web.server.ManagementContextFactory' (OnClassCondition)

   TomcatServletWebServerAutoConfiguration#tomcatForwardedHeaderFilterCustomizer:
      Did not match:
         - @ConditionalOnProperty (server.forward-headers-strategy=framework) did not find property 'server.forward-headers-strategy' (OnPropertyCondition)

   TomcatWebServerConfiguration:
      Did not match:
         - Application is deployed as a WAR file. (OnWarDeploymentCondition)

   TransactionAutoConfiguration#transactionalOperator:
      Did not match:
         - @ConditionalOnSingleCandidate (types: org.springframework.transaction.ReactiveTransactionManager; SearchStrategy: all) did not find any beans (OnBeanCondition)

   TransactionAutoConfiguration.AspectJTransactionManagementConfiguration:
      Did not match:
         - @ConditionalOnBean (types: org.springframework.transaction.aspectj.AbstractTransactionAspect; SearchStrategy: all) did not find any beans of type org.springframework.transaction.aspectj.AbstractTransactionAspect (OnBeanCondition)

   TransactionAutoConfiguration.EnableTransactionManagementConfiguration.JdkDynamicAutoProxyConfiguration:
      Did not match:
         - @ConditionalOnBooleanProperty (spring.aop.proxy-target-class=false) did not find property 'spring.aop.proxy-target-class' (OnPropertyCondition)

   WebMvcAutoConfiguration#hiddenHttpMethodFilter:
      Did not match:
         - @ConditionalOnBooleanProperty (spring.mvc.hiddenmethod.filter.enabled=true) did not find property 'spring.mvc.hiddenmethod.filter.enabled' (OnPropertyCondition)

   WebMvcAutoConfiguration.ProblemDetailsErrorHandlingConfiguration:
      Did not match:
         - @ConditionalOnBooleanProperty (spring.mvc.problemdetails.enabled=true) did not find property 'spring.mvc.problemdetails.enabled' (OnPropertyCondition)

   WebMvcAutoConfiguration.ResourceChainCustomizerConfiguration:
      Did not match:
         - @ConditionalOnEnabledResourceChain did not find class org.webjars.WebJarVersionLocator (OnEnabledResourceChainCondition)

   WebMvcAutoConfiguration.WebMvcAutoConfigurationAdapter#beanNameViewResolver:
      Did not match:
         - @ConditionalOnMissingBean (types: org.springframework.web.servlet.view.BeanNameViewResolver; SearchStrategy: all) found beans of type 'org.springframework.web.servlet.view.BeanNameViewResolver' beanNameViewResolver (OnBeanCondition)

   WebMvcHealthEndpointExtensionAutoConfiguration:
      Did not match:
         - @ConditionalOnClass did not find required class 'org.springframework.boot.health.actuate.endpoint.HealthEndpoint' (OnClassCondition)

   WebMvcMappingsAutoConfiguration:
      Did not match:
         - @ConditionalOnClass did not find required class 'org.springframework.boot.actuate.autoconfigure.endpoint.condition.ConditionalOnAvailableEndpoint' (OnClassCondition)

   WebMvcObservationAutoConfiguration:
      Did not match:
         - @ConditionalOnClass did not find required class 'org.springframework.boot.micrometer.observation.autoconfigure.ObservationProperties' (OnClassCondition)

   XADataSourceAutoConfiguration:
      Did not match:
         - @ConditionalOnBean (types: org.springframework.boot.jdbc.XADataSourceWrapper; SearchStrategy: all) did not find any beans of type org.springframework.boot.jdbc.XADataSourceWrapper (OnBeanCondition)
      Matched:
         - @ConditionalOnClass found required classes 'javax.sql.DataSource', 'jakarta.transaction.TransactionManager', 'org.springframework.jdbc.datasource.embedded.EmbeddedDatabaseType' (OnClassCondition)


Exclusions:
-----------

    None


Unconditional classes:
----------------------

    org.springframework.boot.autoconfigure.context.ConfigurationPropertiesAutoConfiguration

    org.springframework.boot.autoconfigure.ssl.SslAutoConfiguration

    org.springframework.boot.autoconfigure.context.LifecycleAutoConfiguration

    org.springframework.boot.autoconfigure.context.PropertyPlaceholderAutoConfiguration

    org.springframework.boot.autoconfigure.availability.ApplicationAvailabilityAutoConfiguration

    org.springframework.boot.autoconfigure.info.ProjectInfoAutoConfiguration



2026-09-24 12:49:02 [main] ERROR o.s.boot.SpringApplication - Application run failed
org.springframework.beans.factory.BeanCreationException: Error creating bean with name 'entityManagerFactory' defined in class path resource [org/springframework/boot/hibernate/autoconfigure/HibernateJpaConfiguration.class]: Failed to initialize dependency 'liquibase' of LoadTimeWeaverAware bean 'entityManagerFactory': Error creating bean with name 'liquibase' defined in class path resource [org/springframework/boot/liquibase/autoconfigure/LiquibaseAutoConfiguration$LiquibaseConfiguration.class]: liquibase.exception.DatabaseException: org.postgresql.util.PSQLException: Драйвер столкнулся с непредвиденной ошибкой. Сообщите об этом исключении.
	at org.springframework.beans.factory.support.AbstractBeanFactory.doGetBean(AbstractBeanFactory.java:322)
	at org.springframework.beans.factory.support.AbstractBeanFactory.getBean(AbstractBeanFactory.java:201)
	at org.springframework.context.support.AbstractApplicationContext.finishBeanFactoryInitialization(AbstractApplicationContext.java:977)
	at org.springframework.context.support.AbstractApplicationContext.refresh(AbstractApplicationContext.java:621)
	at org.springframework.boot.SpringApplication.refresh(SpringApplication.java:756)
	at org.springframework.boot.SpringApplication.refreshContext(SpringApplication.java:445)
	at org.springframework.boot.SpringApplication.run(SpringApplication.java:321)
	at org.springframework.boot.test.context.SpringBootContextLoader.lambda$loadContext$2(SpringBootContextLoader.java:155)
	at org.springframework.util.function.ThrowingSupplier.get(ThrowingSupplier.java:58)
	at org.springframework.util.function.ThrowingSupplier.get(ThrowingSupplier.java:46)
	at org.springframework.boot.SpringApplication.withHook(SpringApplication.java:1465)
	at org.springframework.boot.test.context.SpringBootContextLoader$ContextLoaderHook.run(SpringBootContextLoader.java:600)
	at org.springframework.boot.test.context.SpringBootContextLoader.loadContext(SpringBootContextLoader.java:155)
	at org.springframework.boot.test.context.SpringBootContextLoader.loadContext(SpringBootContextLoader.java:114)
	at org.springframework.test.context.cache.DefaultCacheAwareContextLoaderDelegate.loadContextInternal(DefaultCacheAwareContextLoaderDelegate.java:247)
	at org.springframework.test.context.cache.DefaultCacheAwareContextLoaderDelegate.lambda$loadContext$0(DefaultCacheAwareContextLoaderDelegate.java:167)
	at org.springframework.test.context.cache.DefaultContextCache.put(DefaultContextCache.java:214)
	at org.springframework.test.context.cache.DefaultCacheAwareContextLoaderDelegate.loadContext(DefaultCacheAwareContextLoaderDelegate.java:160)
	at org.springframework.test.context.support.DefaultTestContext.getApplicationContext(DefaultTestContext.java:128)
	at org.springframework.test.context.web.ServletTestExecutionListener.setUpRequestContextIfNecessary(ServletTestExecutionListener.java:200)
	at org.springframework.test.context.web.ServletTestExecutionListener.prepareTestInstance(ServletTestExecutionListener.java:139)
	at org.springframework.test.context.TestContextManager.prepareTestInstance(TestContextManager.java:260)
	at org.springframework.test.context.junit.jupiter.SpringExtension.postProcessTestInstance(SpringExtension.java:242)
	at org.junit.jupiter.engine.descriptor.ClassBasedTestDescriptor.lambda$invokeTestInstancePostProcessors$1(ClassBasedTestDescriptor.java:423)
	at org.junit.jupiter.engine.descriptor.ClassBasedTestDescriptor.executeAndMaskThrowable(ClassBasedTestDescriptor.java:428)
	at org.junit.jupiter.engine.descriptor.ClassBasedTestDescriptor.lambda$invokeTestInstancePostProcessors$0(ClassBasedTestDescriptor.java:422)
	at java.base/java.util.stream.ForEachOps$ForEachOp$OfRef.accept(ForEachOps.java:183)
	at java.base/java.util.stream.ReferencePipeline$3$1.accept(ReferencePipeline.java:197)
	at java.base/java.util.stream.ReferencePipeline$2$1.accept(ReferencePipeline.java:179)
	at java.base/java.util.stream.ReferencePipeline$3$1.accept(ReferencePipeline.java:197)
	at java.base/java.util.ArrayList$ArrayListSpliterator.forEachRemaining(ArrayList.java:1625)
	at java.base/java.util.stream.AbstractPipeline.copyInto(AbstractPipeline.java:509)
	at java.base/java.util.stream.AbstractPipeline.wrapAndCopyInto(AbstractPipeline.java:499)
	at java.base/java.util.stream.ForEachOps$ForEachOp.evaluateSequential(ForEachOps.java:150)
	at java.base/java.util.stream.ForEachOps$ForEachOp$OfRef.evaluateSequential(ForEachOps.java:173)
	at java.base/java.util.stream.AbstractPipeline.evaluate(AbstractPipeline.java:234)
	at java.base/java.util.stream.ReferencePipeline.forEach(ReferencePipeline.java:596)
	at org.junit.jupiter.engine.descriptor.ClassBasedTestDescriptor.invokeTestInstancePostProcessors(ClassBasedTestDescriptor.java:422)
	at org.junit.jupiter.engine.descriptor.ClassBasedTestDescriptor.lambda$instantiateAndPostProcessTestInstance$0(ClassBasedTestDescriptor.java:334)
	at org.junit.platform.engine.support.hierarchical.ThrowableCollector.execute(ThrowableCollector.java:74)
	at org.junit.jupiter.engine.descriptor.ClassBasedTestDescriptor.instantiateAndPostProcessTestInstance(ClassBasedTestDescriptor.java:333)
	at org.junit.jupiter.engine.descriptor.ClassBasedTestDescriptor.lambda$testInstancesProvider$1(ClassBasedTestDescriptor.java:322)
	at java.base/java.util.Optional.orElseGet(Optional.java:364)
	at org.junit.jupiter.engine.descriptor.ClassBasedTestDescriptor.lambda$testInstancesProvider$0(ClassBasedTestDescriptor.java:321)
	at org.junit.jupiter.engine.execution.TestInstancesProvider.getTestInstances(TestInstancesProvider.java:27)
	at org.junit.jupiter.engine.descriptor.TestMethodTestDescriptor.lambda$prepare$0(TestMethodTestDescriptor.java:127)
	at org.junit.platform.engine.support.hierarchical.ThrowableCollector.execute(ThrowableCollector.java:74)
	at org.junit.jupiter.engine.descriptor.TestMethodTestDescriptor.prepare(TestMethodTestDescriptor.java:126)
	at org.junit.jupiter.engine.descriptor.TestMethodTestDescriptor.prepare(TestMethodTestDescriptor.java:70)
	at org.junit.platform.engine.support.hierarchical.NodeTestTask.lambda$prepare$0(NodeTestTask.java:144)
	at org.junit.platform.engine.support.hierarchical.ThrowableCollector.execute(ThrowableCollector.java:74)
	at org.junit.platform.engine.support.hierarchical.NodeTestTask.prepare(NodeTestTask.java:144)
	at org.junit.platform.engine.support.hierarchical.NodeTestTask.execute(NodeTestTask.java:110)
	at java.base/java.util.ArrayList.forEach(ArrayList.java:1511)
	at org.junit.platform.engine.support.hierarchical.SameThreadHierarchicalTestExecutorService.invokeAll(SameThreadHierarchicalTestExecutorService.java:42)
	at org.junit.platform.engine.support.hierarchical.NodeTestTask.lambda$executeRecursively$2(NodeTestTask.java:180)
	at org.junit.platform.engine.support.hierarchical.ThrowableCollector.execute(ThrowableCollector.java:74)
	at org.junit.platform.engine.support.hierarchical.NodeTestTask.lambda$executeRecursively$1(NodeTestTask.java:166)
	at org.junit.platform.engine.support.hierarchical.Node.around(Node.java:138)
	at org.junit.platform.engine.support.hierarchical.NodeTestTask.lambda$executeRecursively$0(NodeTestTask.java:164)
	at org.junit.platform.engine.support.hierarchical.ThrowableCollector.execute(ThrowableCollector.java:74)
	at org.junit.platform.engine.support.hierarchical.NodeTestTask.executeRecursively(NodeTestTask.java:163)
	at org.junit.platform.engine.support.hierarchical.NodeTestTask.execute(NodeTestTask.java:116)
	at java.base/java.util.ArrayList.forEach(ArrayList.java:1511)
	at org.junit.platform.engine.support.hierarchical.SameThreadHierarchicalTestExecutorService.invokeAll(SameThreadHierarchicalTestExecutorService.java:42)
	at org.junit.platform.engine.support.hierarchical.NodeTestTask.lambda$executeRecursively$2(NodeTestTask.java:180)
	at org.junit.platform.engine.support.hierarchical.ThrowableCollector.execute(ThrowableCollector.java:74)
	at org.junit.platform.engine.support.hierarchical.NodeTestTask.lambda$executeRecursively$1(NodeTestTask.java:166)
	at org.junit.platform.engine.support.hierarchical.Node.around(Node.java:138)
	at org.junit.platform.engine.support.hierarchical.NodeTestTask.lambda$executeRecursively$0(NodeTestTask.java:164)
	at org.junit.platform.engine.support.hierarchical.ThrowableCollector.execute(ThrowableCollector.java:74)
	at org.junit.platform.engine.support.hierarchical.NodeTestTask.executeRecursively(NodeTestTask.java:163)
	at org.junit.platform.engine.support.hierarchical.NodeTestTask.execute(NodeTestTask.java:116)
	at org.junit.platform.engine.support.hierarchical.SameThreadHierarchicalTestExecutorService.submit(SameThreadHierarchicalTestExecutorService.java:36)
	at org.junit.platform.engine.support.hierarchical.HierarchicalTestExecutor.execute(HierarchicalTestExecutor.java:52)
	at org.junit.platform.engine.support.hierarchical.HierarchicalTestEngine.execute(HierarchicalTestEngine.java:58)
	at org.junit.platform.launcher.core.EngineExecutionOrchestrator.executeEngine(EngineExecutionOrchestrator.java:246)
	at org.junit.platform.launcher.core.EngineExecutionOrchestrator.failOrExecuteEngine(EngineExecutionOrchestrator.java:218)
	at org.junit.platform.launcher.core.EngineExecutionOrchestrator.execute(EngineExecutionOrchestrator.java:179)
	at org.junit.platform.launcher.core.EngineExecutionOrchestrator.execute(EngineExecutionOrchestrator.java:108)
	at org.junit.platform.launcher.core.EngineExecutionOrchestrator.lambda$execute$0(EngineExecutionOrchestrator.java:66)
	at org.junit.platform.launcher.core.EngineExecutionOrchestrator.withInterceptedStreams(EngineExecutionOrchestrator.java:157)
	at org.junit.platform.launcher.core.EngineExecutionOrchestrator.execute(EngineExecutionOrchestrator.java:65)
	at org.junit.platform.launcher.core.DefaultLauncher.execute(DefaultLauncher.java:125)
	at org.junit.platform.launcher.core.DefaultLauncher.execute(DefaultLauncher.java:114)
	at org.junit.platform.launcher.core.DefaultLauncher.execute(DefaultLauncher.java:93)
	at org.junit.platform.launcher.core.DelegatingLauncher.execute(DelegatingLauncher.java:48)
	at org.junit.platform.launcher.core.InterceptingLauncher.lambda$execute$0(InterceptingLauncher.java:41)
	at org.junit.platform.launcher.core.ClasspathAlignmentCheckingLauncherInterceptor.intercept(ClasspathAlignmentCheckingLauncherInterceptor.java:25)
	at org.junit.platform.launcher.core.InterceptingLauncher.execute(InterceptingLauncher.java:40)
	at org.junit.platform.launcher.core.DelegatingLauncher.execute(DelegatingLauncher.java:48)
	at org.junit.platform.launcher.core.SessionPerRequestLauncher.execute(SessionPerRequestLauncher.java:67)
	at com.intellij.junit6.JUnit6IdeaTestRunner.startRunnerWithArgs(JUnit6IdeaTestRunner.java:67)
	at com.intellij.rt.junit.IdeaTestRunner$Repeater$1.execute(IdeaTestRunner.java:38)
	at com.intellij.rt.execution.junit.TestsRepeater.repeat(TestsRepeater.java:11)
	at com.intellij.rt.junit.IdeaTestRunner$Repeater.startRunnerWithArgs(IdeaTestRunner.java:35)
	at com.intellij.rt.junit.JUnitStarter.prepareStreamsAndStart(JUnitStarter.java:237)
	at com.intellij.rt.junit.JUnitStarter.main(JUnitStarter.java:58)
Caused by: org.springframework.beans.factory.BeanCreationException: Error creating bean with name 'liquibase' defined in class path resource [org/springframework/boot/liquibase/autoconfigure/LiquibaseAutoConfiguration$LiquibaseConfiguration.class]: liquibase.exception.DatabaseException: org.postgresql.util.PSQLException: Драйвер столкнулся с непредвиденной ошибкой. Сообщите об этом исключении.
	at org.springframework.beans.factory.support.AbstractAutowireCapableBeanFactory.initializeBean(AbstractAutowireCapableBeanFactory.java:1815)
	at org.springframework.beans.factory.support.AbstractAutowireCapableBeanFactory.doCreateBean(AbstractAutowireCapableBeanFactory.java:603)
	at org.springframework.beans.factory.support.AbstractAutowireCapableBeanFactory.createBean(AbstractAutowireCapableBeanFactory.java:525)
	at org.springframework.beans.factory.support.AbstractBeanFactory.lambda$doGetBean$0(AbstractBeanFactory.java:333)
	at org.springframework.beans.factory.support.DefaultSingletonBeanRegistry.getSingleton(DefaultSingletonBeanRegistry.java:371)
	at org.springframework.beans.factory.support.AbstractBeanFactory.doGetBean(AbstractBeanFactory.java:331)
	at org.springframework.beans.factory.support.AbstractBeanFactory.getBean(AbstractBeanFactory.java:196)
	at org.springframework.beans.factory.support.AbstractBeanFactory.doGetBean(AbstractBeanFactory.java:309)
	... 97 common frames omitted
Caused by: liquibase.exception.LiquibaseException: liquibase.exception.DatabaseException: org.postgresql.util.PSQLException: Драйвер столкнулся с непредвиденной ошибкой. Сообщите об этом исключении.
	at liquibase.integration.spring.SpringLiquibase.afterPropertiesSet(SpringLiquibase.java:289)
	at org.springframework.beans.factory.support.AbstractAutowireCapableBeanFactory.invokeInitMethods(AbstractAutowireCapableBeanFactory.java:1862)
	at org.springframework.beans.factory.support.AbstractAutowireCapableBeanFactory.initializeBean(AbstractAutowireCapableBeanFactory.java:1811)
	... 104 common frames omitted
Caused by: liquibase.exception.DatabaseException: org.postgresql.util.PSQLException: Драйвер столкнулся с непредвиденной ошибкой. Сообщите об этом исключении.
	at liquibase.integration.spring.SpringLiquibase.lambda$afterPropertiesSet$0(SpringLiquibase.java:281)
	at liquibase.Scope.lambda$child$0(Scope.java:243)
	at liquibase.Scope.child(Scope.java:252)
	at liquibase.Scope.child(Scope.java:242)
	at liquibase.Scope.child(Scope.java:221)
	at liquibase.integration.spring.SpringLiquibase.afterPropertiesSet(SpringLiquibase.java:272)
	... 106 common frames omitted
Caused by: org.postgresql.util.PSQLException: Драйвер столкнулся с непредвиденной ошибкой. Сообщите об этом исключении.
	at org.postgresql.Driver.connect(Driver.java:327)
	at com.zaxxer.hikari.util.DriverDataSource.getConnection(DriverDataSource.java:144)
	at com.zaxxer.hikari.pool.PoolBase.newConnection(PoolBase.java:373)
	at com.zaxxer.hikari.pool.PoolBase.newPoolEntry(PoolBase.java:210)
	at com.zaxxer.hikari.pool.HikariPool.createPoolEntry(HikariPool.java:488)
	at com.zaxxer.hikari.pool.HikariPool.checkFailFast(HikariPool.java:576)
	at com.zaxxer.hikari.pool.HikariPool.<init>(HikariPool.java:97)
	at com.zaxxer.hikari.HikariDataSource.getConnection(HikariDataSource.java:111)
	at liquibase.integration.spring.SpringLiquibase.lambda$afterPropertiesSet$0(SpringLiquibase.java:276)
	... 111 common frames omitted
Caused by: java.lang.StringIndexOutOfBoundsException: offset 5, count -269553430, length 8192
	at java.base/java.lang.String.checkBoundsOffCount(String.java:4591)
	at java.base/java.lang.String.<init>(String.java:523)
	at org.postgresql.core.Encoding.decode(Encoding.java:284)
	at org.postgresql.core.PGStream.receiveErrorString(PGStream.java:539)
	at org.postgresql.core.v3.ConnectionFactoryImpl.doAuthentication(ConnectionFactoryImpl.java:835)
	at org.postgresql.core.v3.ConnectionFactoryImpl.tryConnect(ConnectionFactoryImpl.java:309)
	at org.postgresql.core.v3.ConnectionFactoryImpl.openConnectionImpl(ConnectionFactoryImpl.java:367)
	at org.postgresql.core.ConnectionFactory.openConnection(ConnectionFactory.java:52)
	at org.postgresql.jdbc.PgConnection.<init>(PgConnection.java:295)
	at org.postgresql.Driver.makeConnection(Driver.java:437)
	at org.postgresql.Driver.connect(Driver.java:305)
	... 119 common frames omitted
2026-09-24 12:49:02 [main] DEBUG o.springframework.test.context.cache - Spring test ApplicationContext cache statistics: [DefaultContextCache@6d001fbe size = 0, maxSize = 32, contextUsageCount = 0, parentContextCount = 0, hitCount = 0, missCount = 1, failureCount = 1]
2026-09-24 12:49:02 [main] WARN  o.s.test.context.TestContextManager - Caught exception while allowing TestExecutionListener [org.springframework.test.context.web.ServletTestExecutionListener] to prepare test instance [ru.aston.user.service.kafka.UserEventProducerTest@d120d7c]
java.lang.IllegalStateException: Failed to load ApplicationContext for [WebMergedContextConfiguration@7bbdb220 testClass = ru.aston.user.service.kafka.UserEventProducerTest, locations = [], classes = [ru.aston.user.service.UserServiceApplication], contextInitializerClasses = [], activeProfiles = [], propertySourceDescriptors = [], propertySourceProperties = ["org.springframework.boot.test.context.SpringBootTestContextBootstrapper=true"], contextCustomizers = [org.springframework.test.context.support.DynamicPropertiesContextCustomizer@0, org.springframework.boot.test.context.PropertyMappingContextCustomizer@0, org.springframework.boot.test.context.filter.ExcludeFilterContextCustomizer@4248ed58, org.springframework.boot.test.json.DuplicateJsonObjectContextCustomizerFactory$DuplicateJsonObjectContextCustomizer@62515a47, org.springframework.boot.test.autoconfigure.OnFailureConditionReportContextCustomizerFactory$OnFailureConditionReportContextCustomizer@291120f4, org.springframework.boot.webmvc.test.autoconfigure.WebDriverContextCustomizer@4d6f623d, org.springframework.boot.web.server.context.SpringBootTestRandomPortContextCustomizer@4cee7fa0, org.springframework.boot.test.context.SpringBootTestAnnotation@6b85bb11], resourceBasePath = "src/main/webapp", contextLoader = org.springframework.boot.test.context.SpringBootContextLoader, parent = null]
	at org.springframework.test.context.cache.DefaultCacheAwareContextLoaderDelegate.lambda$loadContext$0(DefaultCacheAwareContextLoaderDelegate.java:195)
	at org.springframework.test.context.cache.DefaultContextCache.put(DefaultContextCache.java:214)
	at org.springframework.test.context.cache.DefaultCacheAwareContextLoaderDelegate.loadContext(DefaultCacheAwareContextLoaderDelegate.java:160)
	at org.springframework.test.context.support.DefaultTestContext.getApplicationContext(DefaultTestContext.java:128)
	at org.springframework.test.context.web.ServletTestExecutionListener.setUpRequestContextIfNecessary(ServletTestExecutionListener.java:200)
	at org.springframework.test.context.web.ServletTestExecutionListener.prepareTestInstance(ServletTestExecutionListener.java:139)
	at org.springframework.test.context.TestContextManager.prepareTestInstance(TestContextManager.java:260)
	at org.springframework.test.context.junit.jupiter.SpringExtension.postProcessTestInstance(SpringExtension.java:242)
	at org.junit.jupiter.engine.descriptor.ClassBasedTestDescriptor.lambda$invokeTestInstancePostProcessors$1(ClassBasedTestDescriptor.java:423)
	at org.junit.jupiter.engine.descriptor.ClassBasedTestDescriptor.executeAndMaskThrowable(ClassBasedTestDescriptor.java:428)
	at org.junit.jupiter.engine.descriptor.ClassBasedTestDescriptor.lambda$invokeTestInstancePostProcessors$0(ClassBasedTestDescriptor.java:422)
	at java.base/java.util.stream.ForEachOps$ForEachOp$OfRef.accept(ForEachOps.java:183)
	at java.base/java.util.stream.ReferencePipeline$3$1.accept(ReferencePipeline.java:197)
	at java.base/java.util.stream.ReferencePipeline$2$1.accept(ReferencePipeline.java:179)
	at java.base/java.util.stream.ReferencePipeline$3$1.accept(ReferencePipeline.java:197)
	at java.base/java.util.ArrayList$ArrayListSpliterator.forEachRemaining(ArrayList.java:1625)
	at java.base/java.util.stream.AbstractPipeline.copyInto(AbstractPipeline.java:509)
	at java.base/java.util.stream.AbstractPipeline.wrapAndCopyInto(AbstractPipeline.java:499)
	at java.base/java.util.stream.ForEachOps$ForEachOp.evaluateSequential(ForEachOps.java:150)
	at java.base/java.util.stream.ForEachOps$ForEachOp$OfRef.evaluateSequential(ForEachOps.java:173)
	at java.base/java.util.stream.AbstractPipeline.evaluate(AbstractPipeline.java:234)
	at java.base/java.util.stream.ReferencePipeline.forEach(ReferencePipeline.java:596)
	at org.junit.jupiter.engine.descriptor.ClassBasedTestDescriptor.invokeTestInstancePostProcessors(ClassBasedTestDescriptor.java:422)
	at org.junit.jupiter.engine.descriptor.ClassBasedTestDescriptor.lambda$instantiateAndPostProcessTestInstance$0(ClassBasedTestDescriptor.java:334)
	at org.junit.platform.engine.support.hierarchical.ThrowableCollector.execute(ThrowableCollector.java:74)
	at org.junit.jupiter.engine.descriptor.ClassBasedTestDescriptor.instantiateAndPostProcessTestInstance(ClassBasedTestDescriptor.java:333)
	at org.junit.jupiter.engine.descriptor.ClassBasedTestDescriptor.lambda$testInstancesProvider$1(ClassBasedTestDescriptor.java:322)
	at java.base/java.util.Optional.orElseGet(Optional.java:364)
	at org.junit.jupiter.engine.descriptor.ClassBasedTestDescriptor.lambda$testInstancesProvider$0(ClassBasedTestDescriptor.java:321)
	at org.junit.jupiter.engine.execution.TestInstancesProvider.getTestInstances(TestInstancesProvider.java:27)
	at org.junit.jupiter.engine.descriptor.TestMethodTestDescriptor.lambda$prepare$0(TestMethodTestDescriptor.java:127)
	at org.junit.platform.engine.support.hierarchical.ThrowableCollector.execute(ThrowableCollector.java:74)
	at org.junit.jupiter.engine.descriptor.TestMethodTestDescriptor.prepare(TestMethodTestDescriptor.java:126)
	at org.junit.jupiter.engine.descriptor.TestMethodTestDescriptor.prepare(TestMethodTestDescriptor.java:70)
	at org.junit.platform.engine.support.hierarchical.NodeTestTask.lambda$prepare$0(NodeTestTask.java:144)
	at org.junit.platform.engine.support.hierarchical.ThrowableCollector.execute(ThrowableCollector.java:74)
	at org.junit.platform.engine.support.hierarchical.NodeTestTask.prepare(NodeTestTask.java:144)
	at org.junit.platform.engine.support.hierarchical.NodeTestTask.execute(NodeTestTask.java:110)
	at java.base/java.util.ArrayList.forEach(ArrayList.java:1511)
	at org.junit.platform.engine.support.hierarchical.SameThreadHierarchicalTestExecutorService.invokeAll(SameThreadHierarchicalTestExecutorService.java:42)
	at org.junit.platform.engine.support.hierarchical.NodeTestTask.lambda$executeRecursively$2(NodeTestTask.java:180)
	at org.junit.platform.engine.support.hierarchical.ThrowableCollector.execute(ThrowableCollector.java:74)
	at org.junit.platform.engine.support.hierarchical.NodeTestTask.lambda$executeRecursively$1(NodeTestTask.java:166)
	at org.junit.platform.engine.support.hierarchical.Node.around(Node.java:138)
	at org.junit.platform.engine.support.hierarchical.NodeTestTask.lambda$executeRecursively$0(NodeTestTask.java:164)
	at org.junit.platform.engine.support.hierarchical.ThrowableCollector.execute(ThrowableCollector.java:74)
	at org.junit.platform.engine.support.hierarchical.NodeTestTask.executeRecursively(NodeTestTask.java:163)
	at org.junit.platform.engine.support.hierarchical.NodeTestTask.execute(NodeTestTask.java:116)
	at java.base/java.util.ArrayList.forEach(ArrayList.java:1511)
	at org.junit.platform.engine.support.hierarchical.SameThreadHierarchicalTestExecutorService.invokeAll(SameThreadHierarchicalTestExecutorService.java:42)
	at org.junit.platform.engine.support.hierarchical.NodeTestTask.lambda$executeRecursively$2(NodeTestTask.java:180)
	at org.junit.platform.engine.support.hierarchical.ThrowableCollector.execute(ThrowableCollector.java:74)
	at org.junit.platform.engine.support.hierarchical.NodeTestTask.lambda$executeRecursively$1(NodeTestTask.java:166)
	at org.junit.platform.engine.support.hierarchical.Node.around(Node.java:138)
	at org.junit.platform.engine.support.hierarchical.NodeTestTask.lambda$executeRecursively$0(NodeTestTask.java:164)
	at org.junit.platform.engine.support.hierarchical.ThrowableCollector.execute(ThrowableCollector.java:74)
	at org.junit.platform.engine.support.hierarchical.NodeTestTask.executeRecursively(NodeTestTask.java:163)
	at org.junit.platform.engine.support.hierarchical.NodeTestTask.execute(NodeTestTask.java:116)
	at org.junit.platform.engine.support.hierarchical.SameThreadHierarchicalTestExecutorService.submit(SameThreadHierarchicalTestExecutorService.java:36)
	at org.junit.platform.engine.support.hierarchical.HierarchicalTestExecutor.execute(HierarchicalTestExecutor.java:52)
	at org.junit.platform.engine.support.hierarchical.HierarchicalTestEngine.execute(HierarchicalTestEngine.java:58)
	at org.junit.platform.launcher.core.EngineExecutionOrchestrator.executeEngine(EngineExecutionOrchestrator.java:246)
	at org.junit.platform.launcher.core.EngineExecutionOrchestrator.failOrExecuteEngine(EngineExecutionOrchestrator.java:218)
	at org.junit.platform.launcher.core.EngineExecutionOrchestrator.execute(EngineExecutionOrchestrator.java:179)
	at org.junit.platform.launcher.core.EngineExecutionOrchestrator.execute(EngineExecutionOrchestrator.java:108)
	at org.junit.platform.launcher.core.EngineExecutionOrchestrator.lambda$execute$0(EngineExecutionOrchestrator.java:66)
	at org.junit.platform.launcher.core.EngineExecutionOrchestrator.withInterceptedStreams(EngineExecutionOrchestrator.java:157)
	at org.junit.platform.launcher.core.EngineExecutionOrchestrator.execute(EngineExecutionOrchestrator.java:65)
	at org.junit.platform.launcher.core.DefaultLauncher.execute(DefaultLauncher.java:125)
	at org.junit.platform.launcher.core.DefaultLauncher.execute(DefaultLauncher.java:114)
	at org.junit.platform.launcher.core.DefaultLauncher.execute(DefaultLauncher.java:93)
	at org.junit.platform.launcher.core.DelegatingLauncher.execute(DelegatingLauncher.java:48)
	at org.junit.platform.launcher.core.InterceptingLauncher.lambda$execute$0(InterceptingLauncher.java:41)
	at org.junit.platform.launcher.core.ClasspathAlignmentCheckingLauncherInterceptor.intercept(ClasspathAlignmentCheckingLauncherInterceptor.java:25)
	at org.junit.platform.launcher.core.InterceptingLauncher.execute(InterceptingLauncher.java:40)
	at org.junit.platform.launcher.core.DelegatingLauncher.execute(DelegatingLauncher.java:48)
	at org.junit.platform.launcher.core.SessionPerRequestLauncher.execute(SessionPerRequestLauncher.java:67)
	at com.intellij.junit6.JUnit6IdeaTestRunner.startRunnerWithArgs(JUnit6IdeaTestRunner.java:67)
	at com.intellij.rt.junit.IdeaTestRunner$Repeater$1.execute(IdeaTestRunner.java:38)
	at com.intellij.rt.execution.junit.TestsRepeater.repeat(TestsRepeater.java:11)
	at com.intellij.rt.junit.IdeaTestRunner$Repeater.startRunnerWithArgs(IdeaTestRunner.java:35)
	at com.intellij.rt.junit.JUnitStarter.prepareStreamsAndStart(JUnitStarter.java:237)
	at com.intellij.rt.junit.JUnitStarter.main(JUnitStarter.java:58)
Caused by: org.springframework.beans.factory.BeanCreationException: Error creating bean with name 'entityManagerFactory' defined in class path resource [org/springframework/boot/hibernate/autoconfigure/HibernateJpaConfiguration.class]: Failed to initialize dependency 'liquibase' of LoadTimeWeaverAware bean 'entityManagerFactory': Error creating bean with name 'liquibase' defined in class path resource [org/springframework/boot/liquibase/autoconfigure/LiquibaseAutoConfiguration$LiquibaseConfiguration.class]: liquibase.exception.DatabaseException: org.postgresql.util.PSQLException: Драйвер столкнулся с непредвиденной ошибкой. Сообщите об этом исключении.
	at org.springframework.beans.factory.support.AbstractBeanFactory.doGetBean(AbstractBeanFactory.java:322)
	at org.springframework.beans.factory.support.AbstractBeanFactory.getBean(AbstractBeanFactory.java:201)
	at org.springframework.context.support.AbstractApplicationContext.finishBeanFactoryInitialization(AbstractApplicationContext.java:977)
	at org.springframework.context.support.AbstractApplicationContext.refresh(AbstractApplicationContext.java:621)
	at org.springframework.boot.SpringApplication.refresh(SpringApplication.java:756)
	at org.springframework.boot.SpringApplication.refreshContext(SpringApplication.java:445)
	at org.springframework.boot.SpringApplication.run(SpringApplication.java:321)
	at org.springframework.boot.test.context.SpringBootContextLoader.lambda$loadContext$2(SpringBootContextLoader.java:155)
	at org.springframework.util.function.ThrowingSupplier.get(ThrowingSupplier.java:58)
	at org.springframework.util.function.ThrowingSupplier.get(ThrowingSupplier.java:46)
	at org.springframework.boot.SpringApplication.withHook(SpringApplication.java:1465)
	at org.springframework.boot.test.context.SpringBootContextLoader$ContextLoaderHook.run(SpringBootContextLoader.java:600)
	at org.springframework.boot.test.context.SpringBootContextLoader.loadContext(SpringBootContextLoader.java:155)
	at org.springframework.boot.test.context.SpringBootContextLoader.loadContext(SpringBootContextLoader.java:114)
	at org.springframework.test.context.cache.DefaultCacheAwareContextLoaderDelegate.loadContextInternal(DefaultCacheAwareContextLoaderDelegate.java:247)
	at org.springframework.test.context.cache.DefaultCacheAwareContextLoaderDelegate.lambda$loadContext$0(DefaultCacheAwareContextLoaderDelegate.java:167)
	... 82 common frames omitted
Caused by: org.springframework.beans.factory.BeanCreationException: Error creating bean with name 'liquibase' defined in class path resource [org/springframework/boot/liquibase/autoconfigure/LiquibaseAutoConfiguration$LiquibaseConfiguration.class]: liquibase.exception.DatabaseException: org.postgresql.util.PSQLException: Драйвер столкнулся с непредвиденной ошибкой. Сообщите об этом исключении.
	at org.springframework.beans.factory.support.AbstractAutowireCapableBeanFactory.initializeBean(AbstractAutowireCapableBeanFactory.java:1815)
	at org.springframework.beans.factory.support.AbstractAutowireCapableBeanFactory.doCreateBean(AbstractAutowireCapableBeanFactory.java:603)
	at org.springframework.beans.factory.support.AbstractAutowireCapableBeanFactory.createBean(AbstractAutowireCapableBeanFactory.java:525)
	at org.springframework.beans.factory.support.AbstractBeanFactory.lambda$doGetBean$0(AbstractBeanFactory.java:333)
	at org.springframework.beans.factory.support.DefaultSingletonBeanRegistry.getSingleton(DefaultSingletonBeanRegistry.java:371)
	at org.springframework.beans.factory.support.AbstractBeanFactory.doGetBean(AbstractBeanFactory.java:331)
	at org.springframework.beans.factory.support.AbstractBeanFactory.getBean(AbstractBeanFactory.java:196)
	at org.springframework.beans.factory.support.AbstractBeanFactory.doGetBean(AbstractBeanFactory.java:309)
	... 97 common frames omitted
Caused by: liquibase.exception.LiquibaseException: liquibase.exception.DatabaseException: org.postgresql.util.PSQLException: Драйвер столкнулся с непредвиденной ошибкой. Сообщите об этом исключении.
	at liquibase.integration.spring.SpringLiquibase.afterPropertiesSet(SpringLiquibase.java:289)
	at org.springframework.beans.factory.support.AbstractAutowireCapableBeanFactory.invokeInitMethods(AbstractAutowireCapableBeanFactory.java:1862)
	at org.springframework.beans.factory.support.AbstractAutowireCapableBeanFactory.initializeBean(AbstractAutowireCapableBeanFactory.java:1811)
	... 104 common frames omitted
Caused by: liquibase.exception.DatabaseException: org.postgresql.util.PSQLException: Драйвер столкнулся с непредвиденной ошибкой. Сообщите об этом исключении.
	at liquibase.integration.spring.SpringLiquibase.lambda$afterPropertiesSet$0(SpringLiquibase.java:281)
	at liquibase.Scope.lambda$child$0(Scope.java:243)
	at liquibase.Scope.child(Scope.java:252)
	at liquibase.Scope.child(Scope.java:242)
	at liquibase.Scope.child(Scope.java:221)
	at liquibase.integration.spring.SpringLiquibase.afterPropertiesSet(SpringLiquibase.java:272)
	... 106 common frames omitted
Caused by: org.postgresql.util.PSQLException: Драйвер столкнулся с непредвиденной ошибкой. Сообщите об этом исключении.
	at org.postgresql.Driver.connect(Driver.java:327)
	at com.zaxxer.hikari.util.DriverDataSource.getConnection(DriverDataSource.java:144)
	at com.zaxxer.hikari.pool.PoolBase.newConnection(PoolBase.java:373)
	at com.zaxxer.hikari.pool.PoolBase.newPoolEntry(PoolBase.java:210)
	at com.zaxxer.hikari.pool.HikariPool.createPoolEntry(HikariPool.java:488)
	at com.zaxxer.hikari.pool.HikariPool.checkFailFast(HikariPool.java:576)
	at com.zaxxer.hikari.pool.HikariPool.<init>(HikariPool.java:97)
	at com.zaxxer.hikari.HikariDataSource.getConnection(HikariDataSource.java:111)
	at liquibase.integration.spring.SpringLiquibase.lambda$afterPropertiesSet$0(SpringLiquibase.java:276)
	... 111 common frames omitted
Caused by: java.lang.StringIndexOutOfBoundsException: offset 5, count -269553430, length 8192
	at java.base/java.lang.String.checkBoundsOffCount(String.java:4591)
	at java.base/java.lang.String.<init>(String.java:523)
	at org.postgresql.core.Encoding.decode(Encoding.java:284)
	at org.postgresql.core.PGStream.receiveErrorString(PGStream.java:539)
	at org.postgresql.core.v3.ConnectionFactoryImpl.doAuthentication(ConnectionFactoryImpl.java:835)
	at org.postgresql.core.v3.ConnectionFactoryImpl.tryConnect(ConnectionFactoryImpl.java:309)
	at org.postgresql.core.v3.ConnectionFactoryImpl.openConnectionImpl(ConnectionFactoryImpl.java:367)
	at org.postgresql.core.ConnectionFactory.openConnection(ConnectionFactory.java:52)
	at org.postgresql.jdbc.PgConnection.<init>(PgConnection.java:295)
	at org.postgresql.Driver.makeConnection(Driver.java:437)
	at org.postgresql.Driver.connect(Driver.java:305)
	... 119 common frames omitted
2026-09-24 12:49:02 [main] DEBUG o.s.t.c.s.DirtiesContextTestExecutionListener - After test class: class [UserEventProducerTest], class annotated with @DirtiesContext [false] with mode [null]
