2026-09-20 00:44:55 [main] INFO  r.a.u.s.service.UserServiceImpl - Creating user with email: dumala@sova.com
2026-09-20 00:44:55 [main] INFO  r.a.u.s.service.UserServiceImpl - User created successfully with id: 1
2026-09-20 00:45:47 [main] INFO  r.a.u.s.service.UserServiceImpl - Creating user with email: dumala@sova.com
2026-09-20 00:45:47 [main] INFO  r.a.u.s.service.UserServiceImpl - User created successfully with id: 1
2026-09-20 00:46:37 [main] INFO  r.a.u.s.service.UserServiceImpl - Creating user with email: dumala@sova.com
2026-09-20 00:46:37 [main] INFO  r.a.u.s.service.UserServiceImpl - Creating user with email: dumala@sova.com
2026-09-20 00:46:37 [main] INFO  r.a.u.s.service.UserServiceImpl - User created successfully with id: 1
2026-09-20 00:46:59 [main] INFO  r.a.u.s.service.UserServiceImpl - Creating user with email: dumala@sova.com
2026-09-20 00:46:59 [main] WARN  r.a.u.s.service.UserServiceImpl - Attempt to create user with existing email: dumala@sova.com
2026-09-20 00:46:59 [main] INFO  r.a.u.s.service.UserServiceImpl - Creating user with email: dumala@sova.com
2026-09-20 00:46:59 [main] INFO  r.a.u.s.service.UserServiceImpl - User created successfully with id: 1
2026-09-20 00:47:52 [main] DEBUG r.a.u.s.service.UserServiceImpl - Fetching user by id: 1
2026-09-20 00:47:52 [main] DEBUG r.a.u.s.service.UserServiceImpl - Fetching user by id: 99
2026-09-20 00:52:30 [main] DEBUG r.a.u.s.service.UserServiceImpl - Fetching all users
2026-09-20 00:52:30 [main] DEBUG r.a.u.s.service.UserServiceImpl - Found 0 users
2026-09-20 00:52:30 [main] DEBUG r.a.u.s.service.UserServiceImpl - Fetching all users
2026-09-20 00:52:30 [main] DEBUG r.a.u.s.service.UserServiceImpl - Found 2 users
2026-09-20 00:53:23 [main] DEBUG r.a.u.s.service.UserServiceImpl - Fetching all users
2026-09-20 00:53:23 [main] DEBUG r.a.u.s.service.UserServiceImpl - Found 0 users
2026-09-20 00:53:23 [main] DEBUG r.a.u.s.service.UserServiceImpl - Fetching all users
2026-09-20 00:53:23 [main] DEBUG r.a.u.s.service.UserServiceImpl - Found 2 users
2026-09-20 00:54:37 [main] DEBUG r.a.u.s.service.UserServiceImpl - Fetching all users
2026-09-20 00:54:37 [main] DEBUG r.a.u.s.service.UserServiceImpl - Found 2 users
2026-09-20 01:00:04 [main] DEBUG r.a.u.s.service.UserServiceImpl - Finding users by name: null
2026-09-20 01:00:04 [main] DEBUG r.a.u.s.service.UserServiceImpl - Finding users by name:    
2026-09-20 01:00:04 [main] DEBUG r.a.u.s.service.UserServiceImpl - Finding users by name: Mem
2026-09-20 01:00:04 [main] DEBUG r.a.u.s.service.UserServiceImpl - Found 1 users with name like 'Mem'
2026-09-20 01:00:04 [main] INFO  r.a.u.s.service.UserServiceImpl - Deleting user with id: 1
2026-09-20 01:00:04 [main] INFO  r.a.u.s.service.UserServiceImpl - User deleted successfully with id: 1
2026-09-20 01:00:04 [main] INFO  r.a.u.s.service.UserServiceImpl - Deleting user with id: 99
2026-09-20 01:00:04 [main] INFO  r.a.u.s.service.UserServiceImpl - Updating user with id: 1
2026-09-20 01:00:04 [main] INFO  r.a.u.s.service.UserServiceImpl - User updated successfully with id: 1
2026-09-20 01:00:04 [main] INFO  r.a.u.s.service.UserServiceImpl - Updating user with id: 1
2026-09-20 01:00:04 [main] INFO  r.a.u.s.service.UserServiceImpl - User updated successfully with id: 1
2026-09-20 01:00:04 [main] INFO  r.a.u.s.service.UserServiceImpl - Updating user with id: 1
2026-09-20 01:00:04 [main] INFO  r.a.u.s.service.UserServiceImpl - Updating user with id: 99
2026-09-20 01:00:04 [main] INFO  r.a.u.s.service.UserServiceImpl - Creating user with email: dumala@sova.com
2026-09-20 01:00:04 [main] WARN  r.a.u.s.service.UserServiceImpl - Attempt to create user with existing email: dumala@sova.com
2026-09-20 01:00:04 [main] INFO  r.a.u.s.service.UserServiceImpl - Creating user with email: dumala@sova.com
2026-09-20 01:00:04 [main] INFO  r.a.u.s.service.UserServiceImpl - User created successfully with id: 1
2026-09-20 01:00:04 [main] DEBUG r.a.u.s.service.UserServiceImpl - Fetching all users
2026-09-20 01:00:04 [main] DEBUG r.a.u.s.service.UserServiceImpl - Found 0 users
2026-09-20 01:00:04 [main] DEBUG r.a.u.s.service.UserServiceImpl - Fetching all users
2026-09-20 01:00:04 [main] DEBUG r.a.u.s.service.UserServiceImpl - Found 2 users
2026-09-20 01:00:04 [main] DEBUG r.a.u.s.service.UserServiceImpl - Fetching user by id: 1
2026-09-20 01:00:04 [main] DEBUG r.a.u.s.service.UserServiceImpl - Fetching user by id: 99
2026-09-20 01:01:28 [main] INFO  r.a.u.s.service.UserServiceImpl - Updating user with id: 1
2026-09-20 01:01:28 [main] INFO  r.a.u.s.service.UserServiceImpl - User updated successfully with id: 1
2026-09-20 01:01:43 [main] INFO  r.a.u.s.service.UserServiceImpl - Updating user with id: 1
2026-09-20 01:01:43 [main] INFO  r.a.u.s.service.UserServiceImpl - User updated successfully with id: 1
2026-09-20 01:01:43 [main] INFO  r.a.u.s.service.UserServiceImpl - Updating user with id: 1
2026-09-20 01:01:43 [main] INFO  r.a.u.s.service.UserServiceImpl - User updated successfully with id: 1
2026-09-20 01:01:43 [main] INFO  r.a.u.s.service.UserServiceImpl - Updating user with id: 1
2026-09-20 01:01:43 [main] INFO  r.a.u.s.service.UserServiceImpl - Updating user with id: 99
2026-09-20 01:03:10 [main] INFO  r.a.u.s.service.UserServiceImpl - Updating user with id: 1
2026-09-20 01:03:10 [main] INFO  r.a.u.s.service.UserServiceImpl - User updated successfully with id: 1
2026-09-20 01:03:10 [main] INFO  r.a.u.s.service.UserServiceImpl - Updating user with id: 1
2026-09-20 01:03:10 [main] INFO  r.a.u.s.service.UserServiceImpl - User updated successfully with id: 1
2026-09-20 01:03:10 [main] INFO  r.a.u.s.service.UserServiceImpl - Updating user with id: 1
2026-09-20 01:03:10 [main] INFO  r.a.u.s.service.UserServiceImpl - Updating user with id: 99
2026-09-20 01:06:38 [main] INFO  r.a.u.s.service.UserServiceImpl - Updating user with id: 1
2026-09-20 01:06:38 [main] INFO  r.a.u.s.service.UserServiceImpl - User updated successfully with id: 1
2026-09-20 01:06:38 [main] INFO  r.a.u.s.service.UserServiceImpl - Updating user with id: 1
2026-09-20 01:06:38 [main] INFO  r.a.u.s.service.UserServiceImpl - User updated successfully with id: 1
2026-09-20 01:06:38 [main] INFO  r.a.u.s.service.UserServiceImpl - Updating user with id: 1
2026-09-20 01:06:38 [main] WARN  r.a.u.s.service.UserServiceImpl - Attempt to update user with existing email: dumala.dva@sova.com
2026-09-20 01:06:38 [main] INFO  r.a.u.s.service.UserServiceImpl - Updating user with id: 99
2026-09-20 01:06:47 [main] DEBUG r.a.u.s.service.UserServiceImpl - Finding users by name: null
2026-09-20 01:06:47 [main] DEBUG r.a.u.s.service.UserServiceImpl - Finding users by name:    
2026-09-20 01:06:47 [main] DEBUG r.a.u.s.service.UserServiceImpl - Finding users by name: Mem
2026-09-20 01:06:47 [main] DEBUG r.a.u.s.service.UserServiceImpl - Found 1 users with name like 'Mem'
2026-09-20 01:06:47 [main] INFO  r.a.u.s.service.UserServiceImpl - Deleting user with id: 1
2026-09-20 01:06:47 [main] INFO  r.a.u.s.service.UserServiceImpl - User deleted successfully with id: 1
2026-09-20 01:06:47 [main] INFO  r.a.u.s.service.UserServiceImpl - Deleting user with id: 99
2026-09-20 01:06:47 [main] INFO  r.a.u.s.service.UserServiceImpl - Updating user with id: 1
2026-09-20 01:06:47 [main] INFO  r.a.u.s.service.UserServiceImpl - User updated successfully with id: 1
2026-09-20 01:06:47 [main] INFO  r.a.u.s.service.UserServiceImpl - Updating user with id: 1
2026-09-20 01:06:47 [main] INFO  r.a.u.s.service.UserServiceImpl - User updated successfully with id: 1
2026-09-20 01:06:47 [main] INFO  r.a.u.s.service.UserServiceImpl - Updating user with id: 1
2026-09-20 01:06:47 [main] WARN  r.a.u.s.service.UserServiceImpl - Attempt to update user with existing email: dumala.dva@sova.com
2026-09-20 01:06:47 [main] INFO  r.a.u.s.service.UserServiceImpl - Updating user with id: 99
2026-09-20 01:06:47 [main] INFO  r.a.u.s.service.UserServiceImpl - Creating user with email: dumala@sova.com
2026-09-20 01:06:47 [main] WARN  r.a.u.s.service.UserServiceImpl - Attempt to create user with existing email: dumala@sova.com
2026-09-20 01:06:47 [main] INFO  r.a.u.s.service.UserServiceImpl - Creating user with email: dumala@sova.com
2026-09-20 01:06:47 [main] INFO  r.a.u.s.service.UserServiceImpl - User created successfully with id: 1
2026-09-20 01:06:47 [main] DEBUG r.a.u.s.service.UserServiceImpl - Fetching all users
2026-09-20 01:06:47 [main] DEBUG r.a.u.s.service.UserServiceImpl - Found 0 users
2026-09-20 01:06:47 [main] DEBUG r.a.u.s.service.UserServiceImpl - Fetching all users
2026-09-20 01:06:47 [main] DEBUG r.a.u.s.service.UserServiceImpl - Found 2 users
2026-09-20 01:06:47 [main] DEBUG r.a.u.s.service.UserServiceImpl - Fetching user by id: 1
2026-09-20 01:06:47 [main] DEBUG r.a.u.s.service.UserServiceImpl - Fetching user by id: 99
2026-09-20 01:18:29 [main] INFO  r.a.u.service.UserServiceApplication - Starting UserServiceApplication using Java 24.0.1 with PID 2888 (D:\aston\intensive\user-service\target\classes started by Vadim in D:\aston\intensive\user-service)
2026-09-20 01:18:29 [main] DEBUG r.a.u.service.UserServiceApplication - Running with Spring Boot v4.1.1, Spring v7.0.9
2026-09-20 01:18:29 [main] INFO  r.a.u.service.UserServiceApplication - No active profile set, falling back to 1 default profile: "default"
2026-09-20 01:18:29 [main] DEBUG o.s.boot.SpringApplication - Loading source class ru.aston.user.service.UserServiceApplication
2026-09-20 01:18:29 [main] DEBUG o.s.b.w.s.s.c.AnnotationConfigServletWebServerApplicationContext - Refreshing org.springframework.boot.web.server.servlet.context.AnnotationConfigServletWebServerApplicationContext@7adbd080
2026-09-20 01:18:29 [main] DEBUG o.s.b.f.s.DefaultListableBeanFactory - Creating shared instance of singleton bean 'org.springframework.context.annotation.internalConfigurationAnnotationProcessor'
2026-09-20 01:18:29 [main] DEBUG o.s.b.f.s.DefaultListableBeanFactory - Creating shared instance of singleton bean 'org.springframework.boot.autoconfigure.internalCachingMetadataReaderFactory'
2026-09-20 01:18:29 [main] DEBUG o.s.c.a.ClassPathBeanDefinitionScanner - Identified candidate component class: file [D:\aston\intensive\user-service\target\classes\ru\aston\user\service\mapper\UserMapper.class]
2026-09-20 01:18:29 [main] DEBUG o.s.c.a.ClassPathBeanDefinitionScanner - Identified candidate component class: file [D:\aston\intensive\user-service\target\classes\ru\aston\user\service\service\UserServiceImpl.class]
2026-09-20 01:18:29 [background-preinit] DEBUG org.jboss.logging - Logging Provider: org.jboss.logging.Slf4jLoggerProvider found via system property
2026-09-20 01:18:29 [background-preinit] INFO  o.h.validator.internal.util.Version - HV000001: Hibernate Validator 9.1.3.Final
2026-09-20 01:18:29 [background-preinit] DEBUG o.h.v.i.x.config.ValidationXmlParser - Trying to load META-INF/validation.xml for XML based Validator configuration.
2026-09-20 01:18:29 [background-preinit] DEBUG o.h.v.i.x.c.ResourceLoaderHelper - Trying to load META-INF/validation.xml via TCCL
2026-09-20 01:18:29 [background-preinit] DEBUG o.h.v.i.x.c.ResourceLoaderHelper - Trying to load META-INF/validation.xml via Hibernate Validator's class loader
2026-09-20 01:18:29 [background-preinit] DEBUG o.h.v.i.x.config.ValidationXmlParser - No META-INF/validation.xml found. Using annotation based configuration only.
2026-09-20 01:18:29 [background-preinit] DEBUG o.h.v.i.e.r.TraversableResolvers - Found jakarta.persistence.Persistence on classpath containing 'getPersistenceUtil'. Assuming Jakarta Persistence environment. Trying to instantiate Jakarta Persistence aware TraversableResolver
2026-09-20 01:18:29 [background-preinit] DEBUG o.h.v.i.e.r.TraversableResolvers - Instantiated Jakarta Persistence aware TraversableResolver of type org.hibernate.validator.internal.engine.resolver.JPATraversableResolver.
2026-09-20 01:18:29 [background-preinit] DEBUG o.h.v.m.ResourceBundleMessageInterpolator - Loaded expression factory via original TCCL
2026-09-20 01:18:29 [background-preinit] DEBUG o.h.v.i.e.ValidatorFactoryConfigurationHelper - HV000252: Using org.hibernate.validator.internal.engine.DefaultPropertyNodeNameProvider as property node name provider.
2026-09-20 01:18:29 [background-preinit] DEBUG o.h.v.i.e.ValidatorFactoryConfigurationHelper - HV000234: Using org.hibernate.validator.messageinterpolation.ResourceBundleMessageInterpolator as ValidatorFactory-scoped message interpolator.
2026-09-20 01:18:29 [background-preinit] DEBUG o.h.v.i.e.ValidatorFactoryConfigurationHelper - HV000234: Using org.hibernate.validator.internal.engine.resolver.JPATraversableResolver as ValidatorFactory-scoped traversable resolver.
2026-09-20 01:18:29 [background-preinit] DEBUG o.h.v.i.e.ValidatorFactoryConfigurationHelper - HV000234: Using org.hibernate.validator.internal.util.ExecutableParameterNameProvider as ValidatorFactory-scoped parameter name provider.
2026-09-20 01:18:29 [background-preinit] DEBUG o.h.v.i.e.ValidatorFactoryConfigurationHelper - HV000234: Using org.hibernate.validator.internal.engine.DefaultClockProvider as ValidatorFactory-scoped clock provider.
2026-09-20 01:18:29 [background-preinit] DEBUG o.h.v.i.e.ValidatorFactoryConfigurationHelper - HV000234: Using org.hibernate.validator.internal.engine.scripting.DefaultScriptEvaluatorFactory as ValidatorFactory-scoped script evaluator factory.
2026-09-20 01:18:29 [main] INFO  o.s.d.r.c.RepositoryConfigurationDelegate - Bootstrapping Spring Data JPA repositories in DEFAULT mode.
2026-09-20 01:18:29 [main] DEBUG o.s.b.f.s.DefaultListableBeanFactory - Creating shared instance of singleton bean 'org.springframework.boot.autoconfigure.AutoConfigurationPackages'
2026-09-20 01:18:29 [main] DEBUG o.s.b.a.AutoConfigurationPackages - @EnableAutoConfiguration was declared on a class in the package 'ru.aston.user.service'. Automatic @Repository and @Entity scanning is enabled.
2026-09-20 01:18:29 [main] DEBUG o.s.d.r.c.RepositoryConfigurationDelegate - Scanning for JPA repositories in packages ru.aston.user.service.
2026-09-20 01:18:29 [main] DEBUG o.s.d.r.c.RepositoryComponentProvider - Identified candidate component class: file [D:\aston\intensive\user-service\target\classes\ru\aston\user\service\repository\UserRepository.class]
2026-09-20 01:18:29 [main] DEBUG o.s.c.a.ClassPathScanningCandidateComponentProvider - Identified candidate component class: file [D:\aston\intensive\user-service\target\classes\ru\aston\user\service\service\UserServiceImpl.class]
2026-09-20 01:18:29 [main] INFO  o.s.d.r.c.RepositoryConfigurationDelegate - Finished Spring Data repository scanning in 27 ms. Found 1 JPA repository interface.
2026-09-20 01:18:29 [main] DEBUG o.s.b.f.s.DefaultListableBeanFactory - Creating shared instance of singleton bean 'propertySourcesPlaceholderConfigurer'
2026-09-20 01:18:29 [main] DEBUG o.s.b.f.s.DefaultListableBeanFactory - Creating shared instance of singleton bean 'org.springframework.boot.sql.init.dependency.DatabaseInitializationDependencyConfigurer$DependsOnDatabaseInitializationPostProcessor'
2026-09-20 01:18:29 [main] DEBUG o.s.b.f.s.DefaultListableBeanFactory - Creating shared instance of singleton bean 'org.springframework.context.event.internalEventListenerProcessor'
2026-09-20 01:18:29 [main] DEBUG o.s.b.f.s.DefaultListableBeanFactory - Creating shared instance of singleton bean 'bootstrapExecutorAliasPostProcessor'
2026-09-20 01:18:29 [main] DEBUG o.s.b.f.s.DefaultListableBeanFactory - Creating shared instance of singleton bean 'preserveErrorControllerTargetClassPostProcessor'
2026-09-20 01:18:29 [main] DEBUG o.s.b.f.s.DefaultListableBeanFactory - Creating shared instance of singleton bean 'org.springframework.context.event.internalEventListenerFactory'
2026-09-20 01:18:29 [main] DEBUG o.s.b.f.s.DefaultListableBeanFactory - Creating shared instance of singleton bean 'org.springframework.transaction.config.internalTransactionalEventListenerFactory'
2026-09-20 01:18:29 [main] DEBUG o.s.b.f.s.DefaultListableBeanFactory - Creating shared instance of singleton bean 'org.springframework.context.annotation.internalAutowiredAnnotationProcessor'
2026-09-20 01:18:29 [main] DEBUG o.s.b.f.s.DefaultListableBeanFactory - Creating shared instance of singleton bean 'org.springframework.context.annotation.internalCommonAnnotationProcessor'
2026-09-20 01:18:29 [main] DEBUG o.s.b.f.s.DefaultListableBeanFactory - Creating shared instance of singleton bean 'org.springframework.context.annotation.internalPersistenceAnnotationProcessor'
2026-09-20 01:18:29 [main] DEBUG o.s.b.f.s.DefaultListableBeanFactory - Creating shared instance of singleton bean 'org.springframework.boot.context.properties.ConfigurationPropertiesBindingPostProcessor'
2026-09-20 01:18:29 [main] DEBUG o.s.b.f.s.DefaultListableBeanFactory - Creating shared instance of singleton bean 'org.springframework.boot.context.internalConfigurationPropertiesBinder'
2026-09-20 01:18:29 [main] DEBUG o.s.b.f.s.DefaultListableBeanFactory - Creating shared instance of singleton bean 'jdbcConnectionDetailsHikariBeanPostProcessor'
2026-09-20 01:18:29 [main] DEBUG o.s.b.f.s.DefaultListableBeanFactory - Creating shared instance of singleton bean 'methodValidationPostProcessor'
2026-09-20 01:18:29 [main] DEBUG o.s.b.f.s.DefaultListableBeanFactory - Autowiring by type from bean name 'methodValidationPostProcessor' via factory method to bean named 'environment'
2026-09-20 01:18:29 [main] DEBUG o.s.b.f.s.DefaultListableBeanFactory - Creating shared instance of singleton bean 'org.springframework.boot.context.properties.EnableConfigurationPropertiesRegistrar.methodValidationExcludeFilter'
2026-09-20 01:18:29 [main] DEBUG o.s.b.f.s.DefaultListableBeanFactory - Creating shared instance of singleton bean 'org.springframework.aop.framework.autoproxy.defaultProxyConfig'
2026-09-20 01:18:29 [main] DEBUG o.s.b.f.s.DefaultListableBeanFactory - Creating shared instance of singleton bean 'org.springframework.aop.config.internalAutoProxyCreator'
2026-09-20 01:18:29 [main] DEBUG o.s.b.f.s.DefaultListableBeanFactory - Creating shared instance of singleton bean 'persistenceExceptionTranslationPostProcessor'
2026-09-20 01:18:29 [main] DEBUG o.s.b.f.s.DefaultListableBeanFactory - Autowiring by type from bean name 'persistenceExceptionTranslationPostProcessor' via factory method to bean named 'environment'
2026-09-20 01:18:29 [main] DEBUG o.s.b.f.s.DefaultListableBeanFactory - Creating shared instance of singleton bean 'projectingArgumentResolverBeanPostProcessor'
2026-09-20 01:18:29 [main] DEBUG o.s.b.f.s.DefaultListableBeanFactory - Creating shared instance of singleton bean 'org.springframework.transaction.config.internalTransactionAdvisor'
2026-09-20 01:18:29 [main] DEBUG o.s.b.f.s.DefaultListableBeanFactory - Creating shared instance of singleton bean 'org.springframework.transaction.annotation.ProxyTransactionManagementConfiguration'
2026-09-20 01:18:29 [main] DEBUG o.s.b.f.s.DefaultListableBeanFactory - Creating shared instance of singleton bean 'transactionAttributeSource'
2026-09-20 01:18:29 [main] DEBUG o.s.b.f.s.DefaultListableBeanFactory - Creating shared instance of singleton bean 'transactionInterceptor'
2026-09-20 01:18:29 [main] DEBUG o.s.b.f.s.DefaultListableBeanFactory - Autowiring by type from bean name 'transactionInterceptor' via factory method to bean named 'transactionAttributeSource'
2026-09-20 01:18:29 [main] DEBUG o.s.b.f.s.DefaultListableBeanFactory - Autowiring by type from bean name 'org.springframework.transaction.config.internalTransactionAdvisor' via factory method to bean named 'transactionAttributeSource'
2026-09-20 01:18:29 [main] DEBUG o.s.b.f.s.DefaultListableBeanFactory - Autowiring by type from bean name 'org.springframework.transaction.config.internalTransactionAdvisor' via factory method to bean named 'transactionInterceptor'
2026-09-20 01:18:30 [main] DEBUG o.s.b.f.s.DefaultListableBeanFactory - Creating shared instance of singleton bean 'webServerFactoryCustomizerBeanPostProcessor'
2026-09-20 01:18:30 [main] DEBUG o.s.b.f.s.DefaultListableBeanFactory - Creating shared instance of singleton bean 'errorPageRegistrarBeanPostProcessor'
2026-09-20 01:18:30 [main] DEBUG o.s.b.f.s.DefaultListableBeanFactory - Creating shared instance of singleton bean 'tomcatServletWebServerFactory'
2026-09-20 01:18:30 [main] DEBUG o.s.b.f.s.DefaultListableBeanFactory - Creating shared instance of singleton bean 'org.springframework.boot.tomcat.autoconfigure.servlet.TomcatServletWebServerAutoConfiguration'
2026-09-20 01:18:30 [main] DEBUG o.s.b.f.s.DefaultListableBeanFactory - Creating shared instance of singleton bean 'server.tomcat-org.springframework.boot.tomcat.autoconfigure.TomcatServerProperties'
2026-09-20 01:18:30 [main] DEBUG o.s.b.f.s.DefaultListableBeanFactory - Creating shared instance of singleton bean 'org.springframework.boot.context.properties.BoundConfigurationProperties'
2026-09-20 01:18:30 [main] DEBUG o.s.b.f.s.DefaultListableBeanFactory - Autowiring by type from bean name 'org.springframework.boot.tomcat.autoconfigure.servlet.TomcatServletWebServerAutoConfiguration' via constructor to bean named 'server.tomcat-org.springframework.boot.tomcat.autoconfigure.TomcatServerProperties'
2026-09-20 01:18:30 [main] DEBUG o.s.b.f.s.DefaultListableBeanFactory - Creating shared instance of singleton bean 'servletWebServerFactoryCustomizer'
2026-09-20 01:18:30 [main] DEBUG o.s.b.f.s.DefaultListableBeanFactory - Creating shared instance of singleton bean 'org.springframework.boot.web.server.autoconfigure.servlet.ServletWebServerConfiguration'
2026-09-20 01:18:30 [main] DEBUG o.s.b.f.s.DefaultListableBeanFactory - Creating shared instance of singleton bean 'server-org.springframework.boot.web.server.autoconfigure.ServerProperties'
2026-09-20 01:18:30 [main] DEBUG o.s.b.f.s.DefaultListableBeanFactory - Autowiring by type from bean name 'servletWebServerFactoryCustomizer' via factory method to bean named 'server-org.springframework.boot.web.server.autoconfigure.ServerProperties'
2026-09-20 01:18:30 [main] DEBUG o.s.b.f.s.DefaultListableBeanFactory - Creating shared instance of singleton bean 'sslBundleRegistry'
2026-09-20 01:18:30 [main] DEBUG o.s.b.f.s.DefaultListableBeanFactory - Creating shared instance of singleton bean 'org.springframework.boot.autoconfigure.ssl.SslAutoConfiguration'
2026-09-20 01:18:30 [main] DEBUG o.s.b.f.s.DefaultListableBeanFactory - Creating shared instance of singleton bean 'spring.ssl-org.springframework.boot.autoconfigure.ssl.SslProperties'
2026-09-20 01:18:30 [main] DEBUG o.s.b.f.s.DefaultListableBeanFactory - Autowiring by type from bean name 'org.springframework.boot.autoconfigure.ssl.SslAutoConfiguration' via constructor to bean named 'org.springframework.boot.web.server.servlet.context.AnnotationConfigServletWebServerApplicationContext@7adbd080'
2026-09-20 01:18:30 [main] DEBUG o.s.b.f.s.DefaultListableBeanFactory - Autowiring by type from bean name 'org.springframework.boot.autoconfigure.ssl.SslAutoConfiguration' via constructor to bean named 'spring.ssl-org.springframework.boot.autoconfigure.ssl.SslProperties'
2026-09-20 01:18:30 [main] DEBUG o.s.b.f.s.DefaultListableBeanFactory - Creating shared instance of singleton bean 'sslPropertiesSslBundleRegistrar'
2026-09-20 01:18:30 [main] DEBUG o.s.b.f.s.DefaultListableBeanFactory - Creating shared instance of singleton bean 'fileWatcher'
2026-09-20 01:18:30 [main] DEBUG o.s.b.f.s.DefaultListableBeanFactory - Autowiring by type from bean name 'sslPropertiesSslBundleRegistrar' via factory method to bean named 'fileWatcher'
2026-09-20 01:18:30 [main] DEBUG o.s.b.f.s.DefaultListableBeanFactory - Creating shared instance of singleton bean 'webSocketWebServerCustomizer'
2026-09-20 01:18:30 [main] DEBUG o.s.b.f.s.DefaultListableBeanFactory - Creating shared instance of singleton bean 'org.springframework.boot.tomcat.autoconfigure.TomcatWebServerConfiguration$TomcatWebSocketConfiguration'
2026-09-20 01:18:30 [main] DEBUG o.s.b.f.s.DefaultListableBeanFactory - Creating shared instance of singleton bean 'tomcatWebServerFactoryCustomizer'
2026-09-20 01:18:30 [main] DEBUG o.s.b.f.s.DefaultListableBeanFactory - Creating shared instance of singleton bean 'org.springframework.boot.tomcat.autoconfigure.TomcatWebServerConfiguration'
2026-09-20 01:18:30 [main] DEBUG o.s.b.f.s.DefaultListableBeanFactory - Creating shared instance of singleton bean 'spring.web-org.springframework.boot.autoconfigure.web.WebProperties'
2026-09-20 01:18:30 [main] DEBUG o.s.b.f.s.DefaultListableBeanFactory - Autowiring by type from bean name 'tomcatWebServerFactoryCustomizer' via factory method to bean named 'environment'
2026-09-20 01:18:30 [main] DEBUG o.s.b.f.s.DefaultListableBeanFactory - Autowiring by type from bean name 'tomcatWebServerFactoryCustomizer' via factory method to bean named 'server-org.springframework.boot.web.server.autoconfigure.ServerProperties'
2026-09-20 01:18:30 [main] DEBUG o.s.b.f.s.DefaultListableBeanFactory - Autowiring by type from bean name 'tomcatWebServerFactoryCustomizer' via factory method to bean named 'server.tomcat-org.springframework.boot.tomcat.autoconfigure.TomcatServerProperties'
2026-09-20 01:18:30 [main] DEBUG o.s.b.f.s.DefaultListableBeanFactory - Autowiring by type from bean name 'tomcatWebServerFactoryCustomizer' via factory method to bean named 'spring.web-org.springframework.boot.autoconfigure.web.WebProperties'
2026-09-20 01:18:30 [main] DEBUG o.s.b.f.s.DefaultListableBeanFactory - Creating shared instance of singleton bean 'tomcatServletWebServerFactoryCustomizer'
2026-09-20 01:18:30 [main] DEBUG o.s.b.f.s.DefaultListableBeanFactory - Autowiring by type from bean name 'tomcatServletWebServerFactoryCustomizer' via factory method to bean named 'server.tomcat-org.springframework.boot.tomcat.autoconfigure.TomcatServerProperties'
2026-09-20 01:18:30 [main] DEBUG o.s.b.f.s.DefaultListableBeanFactory - Creating shared instance of singleton bean 'errorPageCustomizer'
2026-09-20 01:18:30 [main] DEBUG o.s.b.f.s.DefaultListableBeanFactory - Creating shared instance of singleton bean 'org.springframework.boot.webmvc.autoconfigure.error.ErrorMvcAutoConfiguration'
2026-09-20 01:18:30 [main] DEBUG o.s.b.f.s.DefaultListableBeanFactory - Autowiring by type from bean name 'org.springframework.boot.webmvc.autoconfigure.error.ErrorMvcAutoConfiguration' via constructor to bean named 'spring.web-org.springframework.boot.autoconfigure.web.WebProperties'
2026-09-20 01:18:30 [main] DEBUG o.s.b.f.s.DefaultListableBeanFactory - Creating shared instance of singleton bean 'dispatcherServletRegistration'
2026-09-20 01:18:30 [main] DEBUG o.s.b.f.s.DefaultListableBeanFactory - Creating shared instance of singleton bean 'org.springframework.boot.webmvc.autoconfigure.DispatcherServletAutoConfiguration$DispatcherServletRegistrationConfiguration'
2026-09-20 01:18:30 [main] DEBUG o.s.b.f.s.DefaultListableBeanFactory - Creating shared instance of singleton bean 'dispatcherServlet'
2026-09-20 01:18:30 [main] DEBUG o.s.b.f.s.DefaultListableBeanFactory - Creating shared instance of singleton bean 'org.springframework.boot.webmvc.autoconfigure.DispatcherServletAutoConfiguration$DispatcherServletConfiguration'
2026-09-20 01:18:30 [main] DEBUG o.s.b.f.s.DefaultListableBeanFactory - Creating shared instance of singleton bean 'spring.mvc-org.springframework.boot.webmvc.autoconfigure.WebMvcProperties'
2026-09-20 01:18:30 [main] DEBUG o.s.b.f.s.DefaultListableBeanFactory - Autowiring by type from bean name 'dispatcherServlet' via factory method to bean named 'spring.mvc-org.springframework.boot.webmvc.autoconfigure.WebMvcProperties'
2026-09-20 01:18:30 [main] DEBUG o.s.b.f.s.DefaultListableBeanFactory - Autowiring by type from bean name 'dispatcherServletRegistration' via factory method to bean named 'dispatcherServlet'
2026-09-20 01:18:30 [main] DEBUG o.s.b.f.s.DefaultListableBeanFactory - Autowiring by type from bean name 'dispatcherServletRegistration' via factory method to bean named 'spring.mvc-org.springframework.boot.webmvc.autoconfigure.WebMvcProperties'
2026-09-20 01:18:30 [main] DEBUG o.s.b.f.s.DefaultListableBeanFactory - Creating shared instance of singleton bean 'multipartConfigElement'
2026-09-20 01:18:30 [main] DEBUG o.s.b.f.s.DefaultListableBeanFactory - Creating shared instance of singleton bean 'org.springframework.boot.servlet.autoconfigure.MultipartAutoConfiguration'
2026-09-20 01:18:30 [main] DEBUG o.s.b.f.s.DefaultListableBeanFactory - Creating shared instance of singleton bean 'spring.servlet.multipart-org.springframework.boot.servlet.autoconfigure.MultipartProperties'
2026-09-20 01:18:30 [main] DEBUG o.s.b.f.s.DefaultListableBeanFactory - Autowiring by type from bean name 'org.springframework.boot.servlet.autoconfigure.MultipartAutoConfiguration' via constructor to bean named 'spring.servlet.multipart-org.springframework.boot.servlet.autoconfigure.MultipartProperties'
2026-09-20 01:18:30 [main] DEBUG o.s.b.f.s.DefaultListableBeanFactory - Autowiring by type from bean name 'errorPageCustomizer' via factory method to bean named 'dispatcherServletRegistration'
2026-09-20 01:18:30 [main] DEBUG o.s.b.t.s.TomcatServletWebServerFactory - Code archive: C:\Users\Vadim\.m2\repository\org\springframework\boot\spring-boot-web-server\4.1.1\spring-boot-web-server-4.1.1.jar
2026-09-20 01:18:30 [main] DEBUG o.s.b.t.s.TomcatServletWebServerFactory - Code archive: C:\Users\Vadim\.m2\repository\org\springframework\boot\spring-boot-web-server\4.1.1\spring-boot-web-server-4.1.1.jar
2026-09-20 01:18:30 [main] DEBUG o.s.b.t.s.TomcatServletWebServerFactory - None of the document roots [src/main/webapp, public, static] point to a directory and will be ignored.
2026-09-20 01:18:30 [main] INFO  o.s.boot.tomcat.TomcatWebServer - Tomcat initialized with port 8080 (http)
2026-09-20 01:18:30 [main] INFO  o.a.coyote.http11.Http11NioProtocol - Initializing ProtocolHandler ["http-nio-8080"]
2026-09-20 01:18:30 [main] INFO  o.a.catalina.core.StandardService - Starting service [Tomcat]
2026-09-20 01:18:30 [main] INFO  o.a.catalina.core.StandardEngine - Starting Servlet engine: [Apache Tomcat/11.0.24]
2026-09-20 01:18:30 [main] DEBUG o.s.b.w.c.s.WebApplicationContextInitializer - Published root WebApplicationContext as ServletContext attribute with name [org.springframework.web.context.WebApplicationContext.ROOT]
2026-09-20 01:18:30 [main] INFO  o.s.b.w.c.s.WebApplicationContextInitializer - Root WebApplicationContext: initialization completed in 879 ms
2026-09-20 01:18:30 [main] DEBUG o.s.b.f.s.DefaultListableBeanFactory - Creating shared instance of singleton bean 'requestContextFilter'
2026-09-20 01:18:30 [main] DEBUG o.s.b.f.s.DefaultListableBeanFactory - Creating shared instance of singleton bean 'formContentFilter'
2026-09-20 01:18:30 [main] DEBUG o.s.b.f.s.DefaultListableBeanFactory - Creating shared instance of singleton bean 'org.springframework.boot.webmvc.autoconfigure.WebMvcAutoConfiguration'
2026-09-20 01:18:30 [main] DEBUG o.s.b.f.s.DefaultListableBeanFactory - Creating shared instance of singleton bean 'characterEncodingFilter'
2026-09-20 01:18:30 [main] DEBUG o.s.b.f.s.DefaultListableBeanFactory - Creating shared instance of singleton bean 'org.springframework.boot.servlet.autoconfigure.HttpEncodingAutoConfiguration'
2026-09-20 01:18:30 [main] DEBUG o.s.b.f.s.DefaultListableBeanFactory - Creating shared instance of singleton bean 'spring.servlet.encoding-org.springframework.boot.servlet.autoconfigure.ServletEncodingProperties'
2026-09-20 01:18:30 [main] DEBUG o.s.b.f.s.DefaultListableBeanFactory - Autowiring by type from bean name 'characterEncodingFilter' via factory method to bean named 'spring.servlet.encoding-org.springframework.boot.servlet.autoconfigure.ServletEncodingProperties'
2026-09-20 01:18:30 [main] DEBUG o.s.b.w.s.ServletContextInitializerBeans - Mapping filters: characterEncodingFilter urls=[/*] order=-2147483648, formContentFilter urls=[/*] order=-9900, requestContextFilter urls=[/*] order=-105
2026-09-20 01:18:30 [main] DEBUG o.s.b.w.s.ServletContextInitializerBeans - Mapping servlets: dispatcherServlet urls=[/]
2026-09-20 01:18:30 [main] DEBUG o.s.b.s.f.OrderedRequestContextFilter - Filter 'requestContextFilter' configured for use
2026-09-20 01:18:30 [main] DEBUG o.s.b.s.f.OrderedCharacterEncodingFilter - Filter 'characterEncodingFilter' configured for use
2026-09-20 01:18:30 [main] DEBUG o.s.b.s.f.OrderedFormContentFilter - Filter 'formContentFilter' configured for use
2026-09-20 01:18:30 [main] DEBUG o.s.b.f.s.DefaultListableBeanFactory - Creating shared instance of singleton bean 'applicationTaskExecutor'
2026-09-20 01:18:30 [main] DEBUG o.s.b.f.s.DefaultListableBeanFactory - Creating shared instance of singleton bean 'org.springframework.boot.autoconfigure.task.TaskExecutorConfigurations$TaskExecutorConfiguration'
2026-09-20 01:18:30 [main] DEBUG o.s.b.f.s.DefaultListableBeanFactory - Creating shared instance of singleton bean 'threadPoolTaskExecutorBuilder'
2026-09-20 01:18:30 [main] DEBUG o.s.b.f.s.DefaultListableBeanFactory - Creating shared instance of singleton bean 'org.springframework.boot.autoconfigure.task.TaskExecutorConfigurations$ThreadPoolTaskExecutorBuilderConfiguration'
2026-09-20 01:18:30 [main] DEBUG o.s.b.f.s.DefaultListableBeanFactory - Creating shared instance of singleton bean 'spring.task.execution-org.springframework.boot.autoconfigure.task.TaskExecutionProperties'
2026-09-20 01:18:30 [main] DEBUG o.s.b.f.s.DefaultListableBeanFactory - Autowiring by type from bean name 'threadPoolTaskExecutorBuilder' via factory method to bean named 'spring.task.execution-org.springframework.boot.autoconfigure.task.TaskExecutionProperties'
2026-09-20 01:18:30 [main] DEBUG o.s.b.f.s.DefaultListableBeanFactory - Autowiring by type from bean name 'applicationTaskExecutor' via factory method to bean named 'threadPoolTaskExecutorBuilder'
2026-09-20 01:18:30 [main] DEBUG o.s.s.c.ThreadPoolTaskExecutor - Initializing ExecutorService 'applicationTaskExecutor'
2026-09-20 01:18:30 [main] DEBUG o.s.b.f.s.DefaultListableBeanFactory - Creating shared instance of singleton bean 'liquibase'
2026-09-20 01:18:30 [main] DEBUG o.s.b.f.s.DefaultListableBeanFactory - Creating shared instance of singleton bean 'org.springframework.boot.liquibase.autoconfigure.LiquibaseAutoConfiguration$LiquibaseConfiguration'
2026-09-20 01:18:30 [main] DEBUG o.s.b.f.s.DefaultListableBeanFactory - Creating shared instance of singleton bean 'spring.liquibase-org.springframework.boot.liquibase.autoconfigure.LiquibaseProperties'
2026-09-20 01:18:30 [main] DEBUG o.s.b.f.s.DefaultListableBeanFactory - Creating shared instance of singleton bean 'liquibaseConnectionDetails'
2026-09-20 01:18:30 [main] DEBUG o.s.b.f.s.DefaultListableBeanFactory - Autowiring by type from bean name 'liquibaseConnectionDetails' via factory method to bean named 'spring.liquibase-org.springframework.boot.liquibase.autoconfigure.LiquibaseProperties'
2026-09-20 01:18:30 [main] DEBUG o.s.b.f.s.DefaultListableBeanFactory - Autowiring by type from bean name 'liquibase' via factory method to bean named 'spring.liquibase-org.springframework.boot.liquibase.autoconfigure.LiquibaseProperties'
2026-09-20 01:18:30 [main] DEBUG o.s.b.f.s.DefaultListableBeanFactory - Autowiring by type from bean name 'liquibase' via factory method to bean named 'liquibaseConnectionDetails'
2026-09-20 01:18:30 [main] DEBUG o.s.b.f.s.DefaultListableBeanFactory - Creating shared instance of singleton bean 'dataSource'
2026-09-20 01:18:30 [main] DEBUG o.s.b.f.s.DefaultListableBeanFactory - Creating shared instance of singleton bean 'org.springframework.boot.jdbc.autoconfigure.DataSourceConfiguration$Hikari'
2026-09-20 01:18:30 [main] DEBUG o.s.b.f.s.DefaultListableBeanFactory - Creating shared instance of singleton bean 'spring.datasource-org.springframework.boot.jdbc.autoconfigure.DataSourceProperties'
2026-09-20 01:18:30 [main] DEBUG o.s.b.f.s.DefaultListableBeanFactory - Creating shared instance of singleton bean 'jdbcConnectionDetails'
2026-09-20 01:18:30 [main] DEBUG o.s.b.f.s.DefaultListableBeanFactory - Creating shared instance of singleton bean 'org.springframework.boot.jdbc.autoconfigure.DataSourceAutoConfiguration$PooledDataSourceConfiguration'
2026-09-20 01:18:30 [main] DEBUG o.s.b.f.s.DefaultListableBeanFactory - Autowiring by type from bean name 'jdbcConnectionDetails' via factory method to bean named 'spring.datasource-org.springframework.boot.jdbc.autoconfigure.DataSourceProperties'
2026-09-20 01:18:30 [main] DEBUG o.s.b.f.s.DefaultListableBeanFactory - Autowiring by type from bean name 'dataSource' via factory method to bean named 'spring.datasource-org.springframework.boot.jdbc.autoconfigure.DataSourceProperties'
2026-09-20 01:18:30 [main] DEBUG o.s.b.f.s.DefaultListableBeanFactory - Autowiring by type from bean name 'dataSource' via factory method to bean named 'jdbcConnectionDetails'
2026-09-20 01:18:30 [main] DEBUG o.s.b.f.s.DefaultListableBeanFactory - Autowiring by type from bean name 'dataSource' via factory method to bean named 'environment'
2026-09-20 01:18:30 [main] DEBUG com.zaxxer.hikari.util.UtilityElf - Class org.postgresql.Driver found in Thread context class loader jdk.internal.loader.ClassLoaders$AppClassLoader@c387f44
2026-09-20 01:18:30 [main] DEBUG liquibase.servicelocator - Loaded liquibase.logging.LogService instance liquibase.logging.core.BufferedLogService
2026-09-20 01:18:30 [main] DEBUG liquibase.servicelocator - Loaded liquibase.logging.LogService instance liquibase.logging.core.CompositeLogService
2026-09-20 01:18:30 [main] DEBUG liquibase.servicelocator - Loaded liquibase.logging.LogService instance liquibase.logging.core.JavaLogService
2026-09-20 01:18:30 [main] DEBUG liquibase.servicelocator - Loaded liquibase.configuration.AutoloadedConfigurations instance liquibase.GlobalConfiguration
2026-09-20 01:18:30 [main] DEBUG liquibase.servicelocator - Loaded liquibase.configuration.AutoloadedConfigurations instance liquibase.integration.commandline.LiquibaseCommandLineConfiguration
2026-09-20 01:18:30 [main] DEBUG liquibase.servicelocator - Loaded liquibase.configuration.AutoloadedConfigurations instance liquibase.logging.core.DefaultLoggerConfiguration
2026-09-20 01:18:30 [main] DEBUG liquibase.servicelocator - Loaded liquibase.configuration.AutoloadedConfigurations instance liquibase.sql.SqlConfiguration
2026-09-20 01:18:30 [main] DEBUG liquibase.servicelocator - Loaded liquibase.configuration.AutoloadedConfigurations instance liquibase.parser.ChangeLogParserConfiguration
2026-09-20 01:18:30 [main] DEBUG liquibase.servicelocator - Loaded liquibase.configuration.AutoloadedConfigurations instance liquibase.analytics.configuration.AnalyticsArgs
2026-09-20 01:18:30 [main] DEBUG liquibase.servicelocator - Loaded liquibase.configuration.AutoloadedConfigurations instance liquibase.license.LicenseTrackingArgs
2026-09-20 01:18:30 [main] DEBUG liquibase.servicelocator - Loaded liquibase.configuration.AutoloadedConfigurations instance liquibase.database.core.MSSQLDatabase$SpecificConfiguration
2026-09-20 01:18:30 [main] DEBUG liquibase.configuration - Found ConfigurationDefinitions in liquibase.GlobalConfiguration
2026-09-20 01:18:30 [main] DEBUG liquibase.configuration - Found ConfigurationDefinitions in liquibase.integration.commandline.LiquibaseCommandLineConfiguration
2026-09-20 01:18:30 [main] DEBUG liquibase.configuration - Found ConfigurationDefinitions in liquibase.logging.core.DefaultLoggerConfiguration
2026-09-20 01:18:30 [main] DEBUG liquibase.configuration - Found ConfigurationDefinitions in liquibase.sql.SqlConfiguration
2026-09-20 01:18:30 [main] DEBUG liquibase.configuration - Found ConfigurationDefinitions in liquibase.parser.ChangeLogParserConfiguration
2026-09-20 01:18:30 [main] DEBUG liquibase.configuration - Found ConfigurationDefinitions in liquibase.analytics.configuration.AnalyticsArgs
2026-09-20 01:18:30 [main] DEBUG liquibase.configuration - Found ConfigurationDefinitions in liquibase.license.LicenseTrackingArgs
2026-09-20 01:18:30 [main] DEBUG liquibase.configuration - Found ConfigurationDefinitions in liquibase.database.core.MSSQLDatabase$SpecificConfiguration
2026-09-20 01:18:30 [main] DEBUG liquibase.servicelocator - Loaded liquibase.configuration.ConfigurationValueProvider instance liquibase.configuration.core.DeprecatedConfigurationValueProvider
2026-09-20 01:18:30 [main] DEBUG liquibase.servicelocator - Loaded liquibase.configuration.ConfigurationValueProvider instance liquibase.configuration.core.SystemPropertyValueProvider
2026-09-20 01:18:30 [main] DEBUG liquibase.servicelocator - Loaded liquibase.configuration.ConfigurationValueProvider instance liquibase.configuration.core.ScopeValueProvider
2026-09-20 01:18:30 [main] DEBUG liquibase.servicelocator - Loaded liquibase.configuration.ConfigurationValueProvider instance liquibase.configuration.core.EnvironmentValueProvider
2026-09-20 01:18:30 [main] DEBUG liquibase.servicelocator - Loaded liquibase.servicelocator.ServiceLocator instance liquibase.servicelocator.StandardServiceLocator
2026-09-20 01:18:30 [main] DEBUG liquibase.configuration - No configuration value for liquibase.shouldRun aka should.run found
2026-09-20 01:18:30 [main] DEBUG liquibase.configuration - Configuration liquibase.shouldRun is using the default value of true
2026-09-20 01:18:30 [main] DEBUG com.zaxxer.hikari.HikariConfig - HikariPool-1 - configuration:
2026-09-20 01:18:30 [main] DEBUG com.zaxxer.hikari.HikariConfig - allowPoolSuspension.............false
2026-09-20 01:18:30 [main] DEBUG com.zaxxer.hikari.HikariConfig - autoCommit......................true
2026-09-20 01:18:30 [main] DEBUG com.zaxxer.hikari.HikariConfig - catalog.........................none
2026-09-20 01:18:30 [main] DEBUG com.zaxxer.hikari.HikariConfig - connectionInitSql...............none
2026-09-20 01:18:30 [main] DEBUG com.zaxxer.hikari.HikariConfig - connectionTestQuery.............none
2026-09-20 01:18:30 [main] DEBUG com.zaxxer.hikari.HikariConfig - connectionTimeout...............30000
2026-09-20 01:18:30 [main] DEBUG com.zaxxer.hikari.HikariConfig - credentials.....................com.zaxxer.hikari.util.Credentials@eed890d
2026-09-20 01:18:30 [main] DEBUG com.zaxxer.hikari.HikariConfig - credentialsProvider.............none
2026-09-20 01:18:30 [main] DEBUG com.zaxxer.hikari.HikariConfig - credentialsProviderClassName....none
2026-09-20 01:18:30 [main] DEBUG com.zaxxer.hikari.HikariConfig - dataSource......................none
2026-09-20 01:18:30 [main] DEBUG com.zaxxer.hikari.HikariConfig - dataSourceClassName.............none
2026-09-20 01:18:30 [main] DEBUG com.zaxxer.hikari.HikariConfig - dataSourceJNDI..................none
2026-09-20 01:18:30 [main] DEBUG com.zaxxer.hikari.HikariConfig - dataSourceProperties............{password=<masked>}
2026-09-20 01:18:30 [main] DEBUG com.zaxxer.hikari.HikariConfig - driverClassName................."org.postgresql.Driver"
2026-09-20 01:18:30 [main] DEBUG com.zaxxer.hikari.HikariConfig - exceptionOverride...............none
2026-09-20 01:18:30 [main] DEBUG com.zaxxer.hikari.HikariConfig - exceptionOverrideClassName......none
2026-09-20 01:18:30 [main] DEBUG com.zaxxer.hikari.HikariConfig - healthCheckProperties...........{}
2026-09-20 01:18:30 [main] DEBUG com.zaxxer.hikari.HikariConfig - healthCheckRegistry.............none
2026-09-20 01:18:30 [main] DEBUG com.zaxxer.hikari.HikariConfig - idleTimeout.....................600000
2026-09-20 01:18:30 [main] DEBUG com.zaxxer.hikari.HikariConfig - initializationFailTimeout.......1
2026-09-20 01:18:30 [main] DEBUG com.zaxxer.hikari.HikariConfig - isolateInternalQueries..........false
2026-09-20 01:18:30 [main] DEBUG com.zaxxer.hikari.HikariConfig - jdbcUrl.........................jdbc:postgresql://localhost:5432/postgres
2026-09-20 01:18:30 [main] DEBUG com.zaxxer.hikari.HikariConfig - keepaliveTime...................120000
2026-09-20 01:18:30 [main] DEBUG com.zaxxer.hikari.HikariConfig - leakDetectionThreshold..........0
2026-09-20 01:18:30 [main] DEBUG com.zaxxer.hikari.HikariConfig - maxLifetime.....................1800000
2026-09-20 01:18:30 [main] DEBUG com.zaxxer.hikari.HikariConfig - maximumPoolSize.................10
2026-09-20 01:18:30 [main] DEBUG com.zaxxer.hikari.HikariConfig - metricRegistry..................none
2026-09-20 01:18:30 [main] DEBUG com.zaxxer.hikari.HikariConfig - metricsTrackerFactory...........none
2026-09-20 01:18:30 [main] DEBUG com.zaxxer.hikari.HikariConfig - minimumIdle.....................10
2026-09-20 01:18:30 [main] DEBUG com.zaxxer.hikari.HikariConfig - password........................<masked>
2026-09-20 01:18:30 [main] DEBUG com.zaxxer.hikari.HikariConfig - poolName........................"HikariPool-1"
2026-09-20 01:18:30 [main] DEBUG com.zaxxer.hikari.HikariConfig - readOnly........................false
2026-09-20 01:18:30 [main] DEBUG com.zaxxer.hikari.HikariConfig - registerMbeans..................false
2026-09-20 01:18:30 [main] DEBUG com.zaxxer.hikari.HikariConfig - scheduledExecutor...............none
2026-09-20 01:18:30 [main] DEBUG com.zaxxer.hikari.HikariConfig - schema..........................none
2026-09-20 01:18:30 [main] DEBUG com.zaxxer.hikari.HikariConfig - threadFactory...................internal
2026-09-20 01:18:30 [main] DEBUG com.zaxxer.hikari.HikariConfig - transactionIsolation............default
2026-09-20 01:18:30 [main] DEBUG com.zaxxer.hikari.HikariConfig - username........................"postgres"
2026-09-20 01:18:30 [main] DEBUG com.zaxxer.hikari.HikariConfig - validationTimeout...............5000
2026-09-20 01:18:30 [main] INFO  com.zaxxer.hikari.HikariDataSource - HikariPool-1 - Starting...
2026-09-20 01:18:30 [main] DEBUG com.zaxxer.hikari.pool.PoolBase - HikariPool-1 - Attempting to create/setup new connection (df7f0371-3624-4f66-961e-c9af37b3d4d5)
2026-09-20 01:18:30 [main] DEBUG com.zaxxer.hikari.pool.PoolBase - HikariPool-1 - Established new connection (df7f0371-3624-4f66-961e-c9af37b3d4d5)
2026-09-20 01:18:30 [main] INFO  com.zaxxer.hikari.pool.HikariPool - HikariPool-1 - Added connection org.postgresql.jdbc.PgConnection@6aa7e176
2026-09-20 01:18:30 [main] INFO  com.zaxxer.hikari.HikariDataSource - HikariPool-1 - Start completed.
2026-09-20 01:18:30 [main] DEBUG liquibase.servicelocator - Loaded liquibase.database.jvm.ConnectionPatterns instance liquibase.database.jvm.JdbcConnectionPatterns
2026-09-20 01:18:30 [main] DEBUG liquibase.servicelocator - Loaded liquibase.database.Database instance liquibase.database.core.CockroachDatabase
2026-09-20 01:18:30 [main] DEBUG liquibase.servicelocator - Loaded liquibase.database.Database instance liquibase.database.core.DB2Database
2026-09-20 01:18:30 [main] DEBUG liquibase.servicelocator - Loaded liquibase.database.Database instance liquibase.database.core.Db2zDatabase
2026-09-20 01:18:30 [main] DEBUG liquibase.servicelocator - Loaded liquibase.database.Database instance liquibase.database.core.DerbyDatabase
2026-09-20 01:18:30 [main] DEBUG liquibase.servicelocator - Loaded liquibase.database.Database instance liquibase.database.core.EnterpriseDBDatabase
2026-09-20 01:18:30 [main] DEBUG liquibase.servicelocator - Loaded liquibase.database.Database instance liquibase.database.core.FirebirdDatabase
2026-09-20 01:18:30 [main] DEBUG liquibase.servicelocator - Loaded liquibase.database.Database instance liquibase.database.core.H2Database
2026-09-20 01:18:30 [main] DEBUG liquibase.servicelocator - Loaded liquibase.database.Database instance liquibase.database.core.HsqlDatabase
2026-09-20 01:18:30 [main] DEBUG liquibase.servicelocator - Loaded liquibase.database.Database instance liquibase.database.core.InformixDatabase
2026-09-20 01:18:30 [main] DEBUG liquibase.servicelocator - Loaded liquibase.database.Database instance liquibase.database.core.Ingres9Database
2026-09-20 01:18:30 [main] DEBUG liquibase.servicelocator - Loaded liquibase.database.Database instance liquibase.database.core.MSSQLDatabase
2026-09-20 01:18:30 [main] DEBUG liquibase.servicelocator - Loaded liquibase.database.Database instance liquibase.database.core.MariaDBDatabase
2026-09-20 01:18:30 [main] DEBUG liquibase.servicelocator - Loaded liquibase.database.Database instance liquibase.database.core.MockDatabase
2026-09-20 01:18:30 [main] DEBUG liquibase.servicelocator - Loaded liquibase.database.Database instance liquibase.database.core.MySQLDatabase
2026-09-20 01:18:30 [main] DEBUG liquibase.servicelocator - Loaded liquibase.database.Database instance liquibase.database.core.OracleDatabase
2026-09-20 01:18:30 [main] DEBUG liquibase.servicelocator - Loaded liquibase.database.Database instance liquibase.database.core.PostgresDatabase
2026-09-20 01:18:30 [main] DEBUG liquibase.servicelocator - Loaded liquibase.database.Database instance liquibase.database.core.SQLiteDatabase
2026-09-20 01:18:30 [main] DEBUG liquibase.servicelocator - Loaded liquibase.database.Database instance liquibase.database.core.SybaseASADatabase
2026-09-20 01:18:30 [main] DEBUG liquibase.servicelocator - Loaded liquibase.database.Database instance liquibase.database.core.SybaseDatabase
2026-09-20 01:18:30 [main] DEBUG liquibase.servicelocator - Loaded liquibase.database.Database instance liquibase.database.core.UnsupportedDatabase
2026-09-20 01:18:30 [main] DEBUG liquibase.servicelocator - Loaded liquibase.database.Database instance liquibase.database.core.SnowflakeDatabase
2026-09-20 01:18:30 [main] DEBUG liquibase.database - Connected to postgres@jdbc:postgresql://localhost:5432/postgres
2026-09-20 01:18:30 [main] DEBUG liquibase.database - Setting auto commit to false from true
2026-09-20 01:18:30 [main] DEBUG liquibase.servicelocator - Loaded liquibase.executor.Executor instance liquibase.executor.jvm.JdbcExecutor
2026-09-20 01:18:30 [main] DEBUG liquibase.servicelocator - Loaded liquibase.executor.Executor instance liquibase.executor.jvm.SnowflakeJdbcExecutor
2026-09-20 01:18:30 [main] DEBUG liquibase.servicelocator - Loaded liquibase.sqlgenerator.SqlGenerator instance liquibase.sqlgenerator.core.AddAutoIncrementGenerator
2026-09-20 01:18:30 [main] DEBUG liquibase.servicelocator - Loaded liquibase.sqlgenerator.SqlGenerator instance liquibase.sqlgenerator.core.AddAutoIncrementGeneratorDB2
2026-09-20 01:18:30 [main] DEBUG liquibase.servicelocator - Loaded liquibase.sqlgenerator.SqlGenerator instance liquibase.sqlgenerator.core.AddAutoIncrementGeneratorHsqlH2
2026-09-20 01:18:30 [main] DEBUG liquibase.servicelocator - Loaded liquibase.sqlgenerator.SqlGenerator instance liquibase.sqlgenerator.core.AddAutoIncrementGeneratorInformix
2026-09-20 01:18:30 [main] DEBUG liquibase.servicelocator - Loaded liquibase.sqlgenerator.SqlGenerator instance liquibase.sqlgenerator.core.AddAutoIncrementGeneratorMySQL
2026-09-20 01:18:30 [main] DEBUG liquibase.servicelocator - Loaded liquibase.sqlgenerator.SqlGenerator instance liquibase.sqlgenerator.core.AddAutoIncrementGeneratorSQLite
2026-09-20 01:18:30 [main] DEBUG liquibase.servicelocator - Loaded liquibase.sqlgenerator.SqlGenerator instance liquibase.sqlgenerator.core.AddColumnGenerator
2026-09-20 01:18:30 [main] DEBUG liquibase.servicelocator - Loaded liquibase.sqlgenerator.SqlGenerator instance liquibase.sqlgenerator.core.AddColumnGeneratorDefaultClauseBeforeNotNull
2026-09-20 01:18:30 [main] DEBUG liquibase.servicelocator - Loaded liquibase.sqlgenerator.SqlGenerator instance liquibase.sqlgenerator.core.AddColumnGeneratorSQLite
2026-09-20 01:18:30 [main] DEBUG liquibase.servicelocator - Loaded liquibase.sqlgenerator.SqlGenerator instance liquibase.sqlgenerator.core.AddDefaultValueGenerator
2026-09-20 01:18:30 [main] DEBUG liquibase.servicelocator - Loaded liquibase.sqlgenerator.SqlGenerator instance liquibase.sqlgenerator.core.AddDefaultValueGeneratorDerby
2026-09-20 01:18:30 [main] DEBUG liquibase.servicelocator - Loaded liquibase.sqlgenerator.SqlGenerator instance liquibase.sqlgenerator.core.AddDefaultValueGeneratorHsqldb
2026-09-20 01:18:30 [main] DEBUG liquibase.servicelocator - Loaded liquibase.sqlgenerator.SqlGenerator instance liquibase.sqlgenerator.core.AddDefaultValueGeneratorInformix
2026-09-20 01:18:30 [main] DEBUG liquibase.servicelocator - Loaded liquibase.sqlgenerator.SqlGenerator instance liquibase.sqlgenerator.core.AddDefaultValueGeneratorMSSQL
2026-09-20 01:18:30 [main] DEBUG liquibase.servicelocator - Loaded liquibase.sqlgenerator.SqlGenerator instance liquibase.sqlgenerator.core.AddDefaultValueGeneratorMySQL
2026-09-20 01:18:30 [main] DEBUG liquibase.servicelocator - Loaded liquibase.sqlgenerator.SqlGenerator instance liquibase.sqlgenerator.core.AddDefaultValueGeneratorOracle
2026-09-20 01:18:30 [main] DEBUG liquibase.servicelocator - Loaded liquibase.sqlgenerator.SqlGenerator instance liquibase.sqlgenerator.core.AddDefaultValueGeneratorPostgres
2026-09-20 01:18:30 [main] DEBUG liquibase.servicelocator - Loaded liquibase.sqlgenerator.SqlGenerator instance liquibase.sqlgenerator.core.AddDefaultValueGeneratorSQLite
2026-09-20 01:18:30 [main] DEBUG liquibase.servicelocator - Loaded liquibase.sqlgenerator.SqlGenerator instance liquibase.sqlgenerator.core.AddDefaultValueGeneratorSybase
2026-09-20 01:18:30 [HikariPool-1:housekeeper] DEBUG com.zaxxer.hikari.pool.HikariPool - HikariPool-1 - Pool stats (total=1/10, idle=0/10, active=1, waiting=0)
2026-09-20 01:18:30 [main] DEBUG liquibase.servicelocator - Loaded liquibase.sqlgenerator.SqlGenerator instance liquibase.sqlgenerator.core.AddDefaultValueGeneratorSybaseASA
2026-09-20 01:18:30 [HikariPool-1:connection-adder] DEBUG com.zaxxer.hikari.pool.PoolBase - HikariPool-1 - Attempting to create/setup new connection (8faea581-6be5-46d7-8a36-f4ca4a5ea87e)
2026-09-20 01:18:30 [main] DEBUG liquibase.servicelocator - Loaded liquibase.sqlgenerator.SqlGenerator instance liquibase.sqlgenerator.core.AddForeignKeyConstraintGenerator
2026-09-20 01:18:30 [main] DEBUG liquibase.servicelocator - Loaded liquibase.sqlgenerator.SqlGenerator instance liquibase.sqlgenerator.core.AddPrimaryKeyGenerator
2026-09-20 01:18:30 [main] DEBUG liquibase.servicelocator - Loaded liquibase.sqlgenerator.SqlGenerator instance liquibase.sqlgenerator.core.AddPrimaryKeyGeneratorInformix
2026-09-20 01:18:30 [main] DEBUG liquibase.servicelocator - Loaded liquibase.sqlgenerator.SqlGenerator instance liquibase.sqlgenerator.core.AddUniqueConstraintGenerator
2026-09-20 01:18:30 [main] DEBUG liquibase.servicelocator - Loaded liquibase.sqlgenerator.SqlGenerator instance liquibase.sqlgenerator.core.AddUniqueConstraintGeneratorInformix
2026-09-20 01:18:30 [main] DEBUG liquibase.servicelocator - Loaded liquibase.sqlgenerator.SqlGenerator instance liquibase.sqlgenerator.core.AddUniqueConstraintGeneratorTDS
2026-09-20 01:18:30 [main] DEBUG liquibase.servicelocator - Loaded liquibase.sqlgenerator.SqlGenerator instance liquibase.sqlgenerator.core.AlterSequenceGenerator
2026-09-20 01:18:30 [main] DEBUG liquibase.servicelocator - Loaded liquibase.sqlgenerator.SqlGenerator instance liquibase.sqlgenerator.core.BatchDmlExecutablePreparedStatementGenerator
2026-09-20 01:18:30 [main] DEBUG liquibase.servicelocator - Loaded liquibase.sqlgenerator.SqlGenerator instance liquibase.sqlgenerator.core.ClearDatabaseChangeLogTableGenerator
2026-09-20 01:18:30 [main] DEBUG liquibase.servicelocator - Loaded liquibase.sqlgenerator.SqlGenerator instance liquibase.sqlgenerator.core.CommentGenerator
2026-09-20 01:18:30 [main] DEBUG liquibase.servicelocator - Loaded liquibase.sqlgenerator.SqlGenerator instance liquibase.sqlgenerator.core.CopyRowsGenerator
2026-09-20 01:18:30 [main] DEBUG liquibase.servicelocator - Loaded liquibase.sqlgenerator.SqlGenerator instance liquibase.sqlgenerator.core.CreateDatabaseChangeLogLockTableGenerator
2026-09-20 01:18:30 [main] DEBUG liquibase.servicelocator - Loaded liquibase.sqlgenerator.SqlGenerator instance liquibase.sqlgenerator.core.CreateDatabaseChangeLogTableGenerator
2026-09-20 01:18:30 [main] DEBUG liquibase.servicelocator - Loaded liquibase.sqlgenerator.SqlGenerator instance liquibase.sqlgenerator.core.CreateDatabaseChangeLogTableGeneratorSybase
2026-09-20 01:18:30 [main] DEBUG liquibase.servicelocator - Loaded liquibase.sqlgenerator.SqlGenerator instance liquibase.sqlgenerator.core.CreateIndexGenerator
2026-09-20 01:18:30 [main] DEBUG liquibase.servicelocator - Loaded liquibase.sqlgenerator.SqlGenerator instance liquibase.sqlgenerator.core.CreateIndexGeneratorFirebird
2026-09-20 01:18:30 [main] DEBUG liquibase.servicelocator - Loaded liquibase.sqlgenerator.SqlGenerator instance liquibase.sqlgenerator.core.CreateIndexGeneratorPostgres
2026-09-20 01:18:30 [main] DEBUG liquibase.servicelocator - Loaded liquibase.sqlgenerator.SqlGenerator instance liquibase.sqlgenerator.core.CreateProcedureGenerator
2026-09-20 01:18:30 [main] DEBUG liquibase.servicelocator - Loaded liquibase.sqlgenerator.SqlGenerator instance liquibase.sqlgenerator.core.CreateSequenceGenerator
2026-09-20 01:18:30 [main] DEBUG liquibase.servicelocator - Loaded liquibase.sqlgenerator.SqlGenerator instance liquibase.sqlgenerator.core.CreateTableGenerator
2026-09-20 01:18:30 [main] DEBUG liquibase.servicelocator - Loaded liquibase.sqlgenerator.SqlGenerator instance liquibase.sqlgenerator.core.CreateTableGeneratorInformix
2026-09-20 01:18:30 [main] DEBUG liquibase.servicelocator - Loaded liquibase.sqlgenerator.SqlGenerator instance liquibase.sqlgenerator.core.CreateViewGenerator
2026-09-20 01:18:30 [main] DEBUG liquibase.servicelocator - Loaded liquibase.sqlgenerator.SqlGenerator instance liquibase.sqlgenerator.core.CreateViewGeneratorInformix
2026-09-20 01:18:30 [main] DEBUG liquibase.servicelocator - Loaded liquibase.sqlgenerator.SqlGenerator instance liquibase.sqlgenerator.core.DeleteGenerator
2026-09-20 01:18:30 [main] DEBUG liquibase.servicelocator - Loaded liquibase.sqlgenerator.SqlGenerator instance liquibase.sqlgenerator.core.DropColumnGenerator
2026-09-20 01:18:30 [main] DEBUG liquibase.servicelocator - Loaded liquibase.sqlgenerator.SqlGenerator instance liquibase.sqlgenerator.core.DropDefaultValueGenerator
2026-09-20 01:18:30 [main] DEBUG liquibase.servicelocator - Loaded liquibase.sqlgenerator.SqlGenerator instance liquibase.sqlgenerator.core.DropForeignKeyConstraintGenerator
2026-09-20 01:18:30 [main] DEBUG liquibase.servicelocator - Loaded liquibase.sqlgenerator.SqlGenerator instance liquibase.sqlgenerator.core.DropIndexGenerator
2026-09-20 01:18:30 [main] DEBUG liquibase.servicelocator - Loaded liquibase.sqlgenerator.SqlGenerator instance liquibase.sqlgenerator.core.DropPrimaryKeyGenerator
2026-09-20 01:18:30 [main] DEBUG liquibase.servicelocator - Loaded liquibase.sqlgenerator.SqlGenerator instance liquibase.sqlgenerator.core.DropProcedureGenerator
2026-09-20 01:18:30 [main] DEBUG liquibase.servicelocator - Loaded liquibase.sqlgenerator.SqlGenerator instance liquibase.sqlgenerator.core.DropSequenceGenerator
2026-09-20 01:18:30 [main] DEBUG liquibase.servicelocator - Loaded liquibase.sqlgenerator.SqlGenerator instance liquibase.sqlgenerator.core.DropTableGenerator
2026-09-20 01:18:30 [main] DEBUG liquibase.servicelocator - Loaded liquibase.sqlgenerator.SqlGenerator instance liquibase.sqlgenerator.core.DropUniqueConstraintGenerator
2026-09-20 01:18:30 [main] DEBUG liquibase.servicelocator - Loaded liquibase.sqlgenerator.SqlGenerator instance liquibase.sqlgenerator.core.DropViewGenerator
2026-09-20 01:18:30 [main] DEBUG liquibase.servicelocator - Loaded liquibase.sqlgenerator.SqlGenerator instance liquibase.sqlgenerator.core.GetNextChangeSetSequenceValueGenerator
2026-09-20 01:18:30 [main] DEBUG liquibase.servicelocator - Loaded liquibase.sqlgenerator.SqlGenerator instance liquibase.sqlgenerator.core.GetViewDefinitionGenerator
2026-09-20 01:18:30 [main] DEBUG liquibase.servicelocator - Loaded liquibase.sqlgenerator.SqlGenerator instance liquibase.sqlgenerator.core.GetViewDefinitionGeneratorDB2
2026-09-20 01:18:30 [main] DEBUG liquibase.servicelocator - Loaded liquibase.sqlgenerator.SqlGenerator instance liquibase.sqlgenerator.core.GetViewDefinitionGeneratorDerby
2026-09-20 01:18:30 [main] DEBUG liquibase.servicelocator - Loaded liquibase.sqlgenerator.SqlGenerator instance liquibase.sqlgenerator.core.GetViewDefinitionGeneratorFirebird
2026-09-20 01:18:30 [main] DEBUG liquibase.servicelocator - Loaded liquibase.sqlgenerator.SqlGenerator instance liquibase.sqlgenerator.core.GetViewDefinitionGeneratorHsql
2026-09-20 01:18:30 [main] DEBUG liquibase.servicelocator - Loaded liquibase.sqlgenerator.SqlGenerator instance liquibase.sqlgenerator.core.GetViewDefinitionGeneratorInformix
2026-09-20 01:18:30 [main] DEBUG liquibase.servicelocator - Loaded liquibase.sqlgenerator.SqlGenerator instance liquibase.sqlgenerator.core.GetViewDefinitionGeneratorMSSQL
2026-09-20 01:18:30 [main] DEBUG liquibase.servicelocator - Loaded liquibase.sqlgenerator.SqlGenerator instance liquibase.sqlgenerator.core.GetViewDefinitionGeneratorOracle
2026-09-20 01:18:30 [main] DEBUG liquibase.servicelocator - Loaded liquibase.sqlgenerator.SqlGenerator instance liquibase.sqlgenerator.core.GetViewDefinitionGeneratorPostgres
2026-09-20 01:18:30 [main] DEBUG liquibase.servicelocator - Loaded liquibase.sqlgenerator.SqlGenerator instance liquibase.sqlgenerator.core.GetViewDefinitionGeneratorSybase
2026-09-20 01:18:30 [main] DEBUG liquibase.servicelocator - Loaded liquibase.sqlgenerator.SqlGenerator instance liquibase.sqlgenerator.core.GetViewDefinitionGeneratorSybaseASA
2026-09-20 01:18:30 [main] DEBUG liquibase.servicelocator - Loaded liquibase.sqlgenerator.SqlGenerator instance liquibase.sqlgenerator.core.InitializeDatabaseChangeLogLockTableGenerator
2026-09-20 01:18:30 [main] DEBUG liquibase.servicelocator - Loaded liquibase.sqlgenerator.SqlGenerator instance liquibase.sqlgenerator.core.InsertDataChangeGenerator
2026-09-20 01:18:30 [main] DEBUG liquibase.servicelocator - Loaded liquibase.sqlgenerator.SqlGenerator instance liquibase.sqlgenerator.core.InsertGenerator
2026-09-20 01:18:30 [main] DEBUG liquibase.servicelocator - Loaded liquibase.sqlgenerator.SqlGenerator instance liquibase.sqlgenerator.core.InsertOrUpdateGeneratorDB2
2026-09-20 01:18:30 [main] DEBUG liquibase.servicelocator - Loaded liquibase.sqlgenerator.SqlGenerator instance liquibase.sqlgenerator.core.InsertOrUpdateGeneratorH2
2026-09-20 01:18:30 [main] DEBUG liquibase.servicelocator - Loaded liquibase.sqlgenerator.SqlGenerator instance liquibase.sqlgenerator.core.InsertOrUpdateGeneratorHsql
2026-09-20 01:18:30 [main] DEBUG liquibase.servicelocator - Loaded liquibase.sqlgenerator.SqlGenerator instance liquibase.sqlgenerator.core.InsertOrUpdateGeneratorInformix
2026-09-20 01:18:30 [main] DEBUG liquibase.servicelocator - Loaded liquibase.sqlgenerator.SqlGenerator instance liquibase.sqlgenerator.core.InsertOrUpdateGeneratorMSSQL
2026-09-20 01:18:30 [main] DEBUG liquibase.servicelocator - Loaded liquibase.sqlgenerator.SqlGenerator instance liquibase.sqlgenerator.core.InsertOrUpdateGeneratorMySQL
2026-09-20 01:18:30 [main] DEBUG liquibase.servicelocator - Loaded liquibase.sqlgenerator.SqlGenerator instance liquibase.sqlgenerator.core.InsertOrUpdateGeneratorOracle
2026-09-20 01:18:30 [main] DEBUG liquibase.servicelocator - Loaded liquibase.sqlgenerator.SqlGenerator instance liquibase.sqlgenerator.core.InsertOrUpdateGeneratorPostgres
2026-09-20 01:18:30 [main] DEBUG liquibase.servicelocator - Loaded liquibase.sqlgenerator.SqlGenerator instance liquibase.sqlgenerator.core.InsertOrUpdateGeneratorSQLite
2026-09-20 01:18:30 [main] DEBUG liquibase.servicelocator - Loaded liquibase.sqlgenerator.SqlGenerator instance liquibase.sqlgenerator.core.InsertOrUpdateGeneratorSybaseASA
2026-09-20 01:18:30 [main] DEBUG liquibase.servicelocator - Loaded liquibase.sqlgenerator.SqlGenerator instance liquibase.sqlgenerator.core.InsertSetGenerator
2026-09-20 01:18:30 [main] DEBUG liquibase.servicelocator - Loaded liquibase.sqlgenerator.SqlGenerator instance liquibase.sqlgenerator.core.LockDatabaseChangeLogGenerator
2026-09-20 01:18:30 [main] DEBUG liquibase.servicelocator - Loaded liquibase.sqlgenerator.SqlGenerator instance liquibase.sqlgenerator.core.MarkChangeSetRanGenerator
2026-09-20 01:18:30 [main] DEBUG liquibase.servicelocator - Loaded liquibase.sqlgenerator.SqlGenerator instance liquibase.sqlgenerator.core.ModifyDataTypeGenerator
2026-09-20 01:18:30 [main] DEBUG liquibase.servicelocator - Loaded liquibase.sqlgenerator.SqlGenerator instance liquibase.sqlgenerator.core.RawParameterizedSqlGenerator
2026-09-20 01:18:30 [main] DEBUG liquibase.servicelocator - Loaded liquibase.sqlgenerator.SqlGenerator instance liquibase.sqlgenerator.core.RawSqlGenerator
2026-09-20 01:18:30 [main] DEBUG liquibase.servicelocator - Loaded liquibase.sqlgenerator.SqlGenerator instance liquibase.sqlgenerator.core.ReindexGeneratorSQLite
2026-09-20 01:18:30 [main] DEBUG liquibase.servicelocator - Loaded liquibase.sqlgenerator.SqlGenerator instance liquibase.sqlgenerator.core.RemoveChangeSetRanStatusGenerator
2026-09-20 01:18:30 [main] DEBUG liquibase.servicelocator - Loaded liquibase.sqlgenerator.SqlGenerator instance liquibase.sqlgenerator.core.RenameColumnGenerator
2026-09-20 01:18:30 [main] DEBUG liquibase.servicelocator - Loaded liquibase.sqlgenerator.SqlGenerator instance liquibase.sqlgenerator.core.RenameSequenceGenerator
2026-09-20 01:18:30 [main] DEBUG liquibase.servicelocator - Loaded liquibase.sqlgenerator.SqlGenerator instance liquibase.sqlgenerator.core.RenameTableGenerator
2026-09-20 01:18:30 [main] DEBUG liquibase.servicelocator - Loaded liquibase.sqlgenerator.SqlGenerator instance liquibase.sqlgenerator.core.RenameViewGenerator
2026-09-20 01:18:30 [main] DEBUG liquibase.servicelocator - Loaded liquibase.sqlgenerator.SqlGenerator instance liquibase.sqlgenerator.core.ReorganizeTableGeneratorDB2
2026-09-20 01:18:30 [main] DEBUG liquibase.servicelocator - Loaded liquibase.sqlgenerator.SqlGenerator instance liquibase.sqlgenerator.core.RuntimeGenerator
2026-09-20 01:18:30 [main] DEBUG liquibase.servicelocator - Loaded liquibase.sqlgenerator.SqlGenerator instance liquibase.sqlgenerator.core.SelectFromDatabaseChangeLogGenerator
2026-09-20 01:18:30 [main] DEBUG liquibase.servicelocator - Loaded liquibase.sqlgenerator.SqlGenerator instance liquibase.sqlgenerator.core.SelectFromDatabaseChangeLogLockGenerator
2026-09-20 01:18:30 [main] DEBUG liquibase.servicelocator - Loaded liquibase.sqlgenerator.SqlGenerator instance liquibase.sqlgenerator.core.SetColumnRemarksGenerator
2026-09-20 01:18:30 [main] DEBUG liquibase.servicelocator - Loaded liquibase.sqlgenerator.SqlGenerator instance liquibase.sqlgenerator.core.SetNullableGenerator
2026-09-20 01:18:30 [main] DEBUG liquibase.servicelocator - Loaded liquibase.sqlgenerator.SqlGenerator instance liquibase.sqlgenerator.core.SetTableRemarksGenerator
2026-09-20 01:18:30 [main] DEBUG liquibase.servicelocator - Loaded liquibase.sqlgenerator.SqlGenerator instance liquibase.sqlgenerator.core.SetViewRemarksGenerator
2026-09-20 01:18:30 [main] DEBUG liquibase.servicelocator - Loaded liquibase.sqlgenerator.SqlGenerator instance liquibase.sqlgenerator.core.StoredProcedureGenerator
2026-09-20 01:18:30 [main] DEBUG liquibase.servicelocator - Loaded liquibase.sqlgenerator.SqlGenerator instance liquibase.sqlgenerator.core.TableIsEmptyGenerator
2026-09-20 01:18:30 [main] DEBUG liquibase.servicelocator - Loaded liquibase.sqlgenerator.SqlGenerator instance liquibase.sqlgenerator.core.TableRowCountGenerator
2026-09-20 01:18:30 [main] DEBUG liquibase.servicelocator - Loaded liquibase.sqlgenerator.SqlGenerator instance liquibase.sqlgenerator.core.TagDatabaseGenerator
2026-09-20 01:18:30 [main] DEBUG liquibase.servicelocator - Loaded liquibase.sqlgenerator.SqlGenerator instance liquibase.sqlgenerator.core.UnlockDatabaseChangeLogGenerator
2026-09-20 01:18:30 [main] DEBUG liquibase.servicelocator - Loaded liquibase.sqlgenerator.SqlGenerator instance liquibase.sqlgenerator.core.UpdateChangeSetChecksumGenerator
2026-09-20 01:18:30 [main] DEBUG liquibase.servicelocator - Loaded liquibase.sqlgenerator.SqlGenerator instance liquibase.sqlgenerator.core.UpdateChangeSetFilenameGenerator
2026-09-20 01:18:30 [main] DEBUG liquibase.servicelocator - Loaded liquibase.sqlgenerator.SqlGenerator instance liquibase.sqlgenerator.core.UpdateDataChangeGenerator
2026-09-20 01:18:30 [main] DEBUG liquibase.servicelocator - Loaded liquibase.sqlgenerator.SqlGenerator instance liquibase.sqlgenerator.core.UpdateGenerator
2026-09-20 01:18:30 [main] DEBUG liquibase.servicelocator - Loaded liquibase.sqlgenerator.SqlGenerator instance liquibase.sqlgenerator.core.CreateSequenceGeneratorSnowflake
2026-09-20 01:18:30 [main] DEBUG liquibase.servicelocator - Loaded liquibase.sqlgenerator.SqlGenerator instance liquibase.sqlgenerator.core.DropDefaultValueGeneratorSnowflake
2026-09-20 01:18:30 [main] DEBUG liquibase.servicelocator - Loaded liquibase.sqlgenerator.SqlGenerator instance liquibase.sqlgenerator.core.DropProcedureGeneratorSnowflake
2026-09-20 01:18:30 [main] DEBUG liquibase.servicelocator - Loaded liquibase.sqlgenerator.SqlGenerator instance liquibase.sqlgenerator.core.InsertOrUpdateGeneratorSnowflake
2026-09-20 01:18:30 [main] DEBUG liquibase.servicelocator - Loaded liquibase.sqlgenerator.SqlGenerator instance liquibase.sqlgenerator.core.RenameTableGeneratorSnowflake
2026-09-20 01:18:30 [main] DEBUG liquibase.servicelocator - Loaded liquibase.sqlgenerator.SqlGenerator instance liquibase.sqlgenerator.core.RenameViewGeneratorSnowflake
2026-09-20 01:18:30 [main] DEBUG liquibase.servicelocator - Loaded liquibase.sqlgenerator.SqlGenerator instance liquibase.sqlgenerator.core.SetColumnRemarksGeneratorSnowflake
2026-09-20 01:18:30 [main] DEBUG liquibase.servicelocator - Loaded liquibase.sqlgenerator.SqlGenerator instance liquibase.sqlgenerator.core.SetTableRemarksGeneratorSnowflake
2026-09-20 01:18:30 [main] DEBUG liquibase.servicelocator - Loaded liquibase.sqlgenerator.SqlGenerator instance liquibase.sqlgenerator.core.GetViewDefinitionGeneratorSnowflake
2026-09-20 01:18:30 [main] INFO  liquibase.database - Set default schema name to public
2026-09-20 01:18:30 [main] DEBUG liquibase.configuration - No configuration value for liquibase.liquibaseSchemaName aka liquibase.schemaName found
2026-09-20 01:18:30 [HikariPool-1:connection-adder] DEBUG com.zaxxer.hikari.pool.PoolBase - HikariPool-1 - Established new connection (8faea581-6be5-46d7-8a36-f4ca4a5ea87e)
2026-09-20 01:18:30 [HikariPool-1:connection-adder] DEBUG com.zaxxer.hikari.pool.HikariPool - HikariPool-1 - Added connection org.postgresql.jdbc.PgConnection@60695118
2026-09-20 01:18:30 [main] DEBUG liquibase.configuration - No configuration value for liquibase.supportPropertyEscaping aka enableEscaping found
2026-09-20 01:18:30 [main] DEBUG liquibase.configuration - Configuration liquibase.supportPropertyEscaping is using the default value of false
2026-09-20 01:18:30 [main] DEBUG liquibase.servicelocator - Loaded liquibase.command.CommandStep instance liquibase.command.core.ChangelogSyncCommandStep
2026-09-20 01:18:30 [main] DEBUG liquibase.servicelocator - Loaded liquibase.command.CommandStep instance liquibase.command.core.UpdateCountCommandStep
2026-09-20 01:18:30 [main] DEBUG liquibase.servicelocator - Loaded liquibase.command.CommandStep instance liquibase.command.core.UpdateTestingRollbackCommandStep
2026-09-20 01:18:30 [main] DEBUG liquibase.servicelocator - Loaded liquibase.command.CommandStep instance liquibase.command.core.UpdateCommandStep
2026-09-20 01:18:30 [main] DEBUG liquibase.servicelocator - Loaded liquibase.command.CommandStep instance liquibase.command.core.GenerateChangelogCommandStep
2026-09-20 01:18:30 [main] DEBUG liquibase.servicelocator - Loaded liquibase.command.CommandStep instance liquibase.command.core.ExecuteSqlCommandStep
2026-09-20 01:18:30 [main] DEBUG liquibase.servicelocator - Loaded liquibase.command.CommandStep instance liquibase.command.core.ClearChecksumsCommandStep
2026-09-20 01:18:30 [main] DEBUG liquibase.servicelocator - Loaded liquibase.command.CommandStep instance liquibase.command.core.HistoryCommandStep
2026-09-20 01:18:30 [main] DEBUG liquibase.servicelocator - Loaded liquibase.command.CommandStep instance liquibase.command.core.TagCommandStep
2026-09-20 01:18:30 [main] DEBUG liquibase.servicelocator - Loaded liquibase.command.CommandStep instance liquibase.command.core.RollbackCountCommandStep
2026-09-20 01:18:30 [main] DEBUG liquibase.servicelocator - Loaded liquibase.command.CommandStep instance liquibase.command.core.MarkNextChangesetRanSqlCommandStep
2026-09-20 01:18:30 [main] DEBUG liquibase.servicelocator - Loaded liquibase.command.CommandStep instance liquibase.command.core.RollbackToDateCommandStep
2026-09-20 01:18:30 [main] DEBUG liquibase.servicelocator - Loaded liquibase.command.CommandStep instance liquibase.command.core.StatusCommandStep
2026-09-20 01:18:30 [main] DEBUG liquibase.servicelocator - Loaded liquibase.command.CommandStep instance liquibase.command.core.FutureRollbackFromTagSqlCommandStep
2026-09-20 01:18:30 [main] DEBUG liquibase.servicelocator - Loaded liquibase.command.CommandStep instance liquibase.command.core.SnapshotCommandStep
2026-09-20 01:18:30 [main] DEBUG liquibase.servicelocator - Loaded liquibase.command.CommandStep instance liquibase.command.core.StopH2CommandStep
2026-09-20 01:18:30 [main] DEBUG liquibase.servicelocator - Loaded liquibase.command.CommandStep instance liquibase.command.core.StartH2CommandStep
2026-09-20 01:18:30 [main] DEBUG liquibase.servicelocator - Loaded liquibase.command.CommandStep instance liquibase.command.core.ReleaseLocksCommandStep
2026-09-20 01:18:30 [HikariPool-1:connection-adder] DEBUG com.zaxxer.hikari.pool.HikariPool - HikariPool-1 - After adding stats (total=2/10, idle=1/10, active=1, waiting=0)
2026-09-20 01:18:30 [HikariPool-1:connection-adder] DEBUG com.zaxxer.hikari.pool.PoolBase - HikariPool-1 - Attempting to create/setup new connection (119354ef-5682-4cd6-8062-857fda12a3e4)
2026-09-20 01:18:30 [main] DEBUG liquibase.servicelocator - Loaded liquibase.command.CommandStep instance liquibase.command.core.helpers.DiffOutputControlCommandStep
2026-09-20 01:18:30 [main] DEBUG liquibase.servicelocator - Loaded liquibase.command.CommandStep instance liquibase.command.core.helpers.OutputWriterCommandStep
2026-09-20 01:18:30 [main] DEBUG liquibase.servicelocator - Loaded liquibase.command.CommandStep instance liquibase.command.core.helpers.DiffArgumentsCommandStep
2026-09-20 01:18:30 [main] DEBUG liquibase.servicelocator - Loaded liquibase.command.CommandStep instance liquibase.command.core.helpers.ReferenceDatabaseOutputWriterCommandStep
2026-09-20 01:18:30 [main] DEBUG liquibase.servicelocator - Loaded liquibase.command.CommandStep instance liquibase.command.core.helpers.ReferenceDbUrlConnectionCommandStep
2026-09-20 01:18:30 [main] DEBUG liquibase.servicelocator - Loaded liquibase.command.CommandStep instance liquibase.command.core.helpers.DbUrlConnectionCommandStep
2026-09-20 01:18:30 [main] DEBUG liquibase.servicelocator - Loaded liquibase.command.CommandStep instance liquibase.command.core.helpers.DatabaseChangelogCommandStep
2026-09-20 01:18:30 [main] DEBUG liquibase.servicelocator - Loaded liquibase.command.CommandStep instance liquibase.command.core.helpers.ShowSummaryArgument
2026-09-20 01:18:30 [main] DEBUG liquibase.servicelocator - Loaded liquibase.command.CommandStep instance liquibase.command.core.helpers.LockServiceCommandStep
2026-09-20 01:18:30 [main] DEBUG liquibase.servicelocator - Loaded liquibase.command.CommandStep instance liquibase.command.core.helpers.ChangeExecListenerCommandStep
2026-09-20 01:18:30 [main] DEBUG liquibase.servicelocator - Loaded liquibase.command.CommandStep instance liquibase.command.core.helpers.PreCompareCommandStep
2026-09-20 01:18:30 [main] DEBUG liquibase.servicelocator - Loaded liquibase.command.CommandStep instance liquibase.command.core.helpers.DbUrlConnectionArgumentsCommandStep
2026-09-20 01:18:30 [main] DEBUG liquibase.servicelocator - Loaded liquibase.command.CommandStep instance liquibase.command.core.RollbackToDateSqlCommandStep
2026-09-20 01:18:30 [main] DEBUG liquibase.servicelocator - Loaded liquibase.command.CommandStep instance liquibase.command.core.CalculateChecksumCommandStep
2026-09-20 01:18:30 [main] DEBUG liquibase.servicelocator - Loaded liquibase.command.CommandStep instance liquibase.command.core.TagExistsCommandStep
2026-09-20 01:18:30 [main] DEBUG liquibase.servicelocator - Loaded liquibase.command.CommandStep instance liquibase.command.core.UnexpectedChangesetsCommandStep
2026-09-20 01:18:30 [main] DEBUG liquibase.servicelocator - Loaded liquibase.command.CommandStep instance liquibase.command.core.UpdateToTagSqlCommandStep
2026-09-20 01:18:30 [main] DEBUG liquibase.servicelocator - Loaded liquibase.command.CommandStep instance liquibase.command.core.LpmCommandStep
2026-09-20 01:18:30 [main] DEBUG liquibase.servicelocator - Loaded liquibase.command.CommandStep instance liquibase.command.core.InternalSnapshotCommandStep
2026-09-20 01:18:30 [main] DEBUG liquibase.servicelocator - Loaded liquibase.command.CommandStep instance liquibase.command.core.MarkNextChangesetRanCommandStep
2026-09-20 01:18:30 [main] DEBUG liquibase.servicelocator - Loaded liquibase.command.CommandStep instance liquibase.command.core.DiffChangelogCommandStep
2026-09-20 01:18:30 [main] DEBUG liquibase.servicelocator - Loaded liquibase.command.CommandStep instance liquibase.command.core.RollbackCommandStep
2026-09-20 01:18:30 [main] DEBUG liquibase.servicelocator - Loaded liquibase.command.CommandStep instance liquibase.command.core.DropAllCommandStep
2026-09-20 01:18:30 [main] DEBUG liquibase.servicelocator - Loaded liquibase.command.CommandStep instance liquibase.command.core.ChangelogSyncSqlCommandStep
2026-09-20 01:18:30 [main] DEBUG liquibase.servicelocator - Loaded liquibase.command.CommandStep instance liquibase.command.core.ListLocksCommandStep
2026-09-20 01:18:30 [main] DEBUG liquibase.servicelocator - Loaded liquibase.command.CommandStep instance liquibase.command.core.SnapshotReferenceCommandStep
2026-09-20 01:18:30 [main] DEBUG liquibase.servicelocator - Loaded liquibase.command.CommandStep instance liquibase.command.core.FutureRollbackSqlCommandStep
2026-09-20 01:18:30 [main] DEBUG liquibase.servicelocator - Loaded liquibase.command.CommandStep instance liquibase.command.core.DbDocCommandStep
2026-09-20 01:18:30 [main] DEBUG liquibase.servicelocator - Loaded liquibase.command.CommandStep instance liquibase.command.core.ValidateCommandStep
2026-09-20 01:18:30 [main] DEBUG liquibase.servicelocator - Loaded liquibase.command.CommandStep instance liquibase.command.core.RollbackCountSqlCommandStep
2026-09-20 01:18:30 [main] DEBUG liquibase.servicelocator - Loaded liquibase.command.CommandStep instance liquibase.command.core.init.InitProjectCommandStep
2026-09-20 01:18:30 [main] DEBUG liquibase.servicelocator - Loaded liquibase.command.CommandStep instance liquibase.command.core.init.InitCopyCommandStep
2026-09-20 01:18:30 [main] DEBUG liquibase.servicelocator - Loaded liquibase.command.CommandStep instance liquibase.command.core.ChangelogSyncToTagSqlCommandStep
2026-09-20 01:18:30 [main] DEBUG liquibase.servicelocator - Loaded liquibase.command.CommandStep instance liquibase.command.core.UpdateToTagCommandStep
2026-09-20 01:18:30 [main] DEBUG liquibase.servicelocator - Loaded liquibase.command.CommandStep instance liquibase.command.core.ChangelogSyncToTagCommandStep
2026-09-20 01:18:30 [main] DEBUG liquibase.servicelocator - Loaded liquibase.command.CommandStep instance liquibase.command.core.DiffCommandStep
2026-09-20 01:18:30 [main] DEBUG liquibase.servicelocator - Loaded liquibase.command.CommandStep instance liquibase.command.core.UpdateCountSqlCommandStep
2026-09-20 01:18:30 [main] DEBUG liquibase.servicelocator - Loaded liquibase.command.CommandStep instance liquibase.command.core.RollbackSqlCommandStep
2026-09-20 01:18:30 [main] DEBUG liquibase.servicelocator - Loaded liquibase.command.CommandStep instance liquibase.command.core.UpdateSqlCommandStep
2026-09-20 01:18:30 [main] DEBUG liquibase.servicelocator - Loaded liquibase.command.CommandStep instance liquibase.command.core.FutureRollbackCountSqlCommandStep
2026-09-20 01:18:30 [main] DEBUG liquibase.servicelocator - Loaded liquibase.logging.mdc.MdcManager instance liquibase.logging.mdc.NoOpMdcManager
2026-09-20 01:18:30 [main] DEBUG liquibase.servicelocator - Loaded liquibase.analytics.AnalyticsListener instance liquibase.analytics.LiquibaseAnalyticsListener
2026-09-20 01:18:30 [main] DEBUG liquibase.servicelocator - Loaded liquibase.analytics.AnalyticsListener instance liquibase.analytics.NoOpAnalyticsListener
2026-09-20 01:18:30 [main] DEBUG liquibase.configuration - No configuration value for liquibase.analytics.devOverride found
2026-09-20 01:18:30 [main] DEBUG liquibase.configuration - Configuration liquibase.analytics.devOverride is using the default value of false
2026-09-20 01:18:30 [main] DEBUG liquibase.configuration - No configuration value for liquibase.analytics.configEndpointUrl found
2026-09-20 01:18:30 [main] DEBUG liquibase.configuration - Configuration liquibase.analytics.configEndpointUrl is using the default value of https://config.liquibase.com/analytics.yaml
2026-09-20 01:18:30 [main] DEBUG liquibase.configuration - No configuration value for liquibase.analytics.enabled found
2026-09-20 01:18:30 [main] DEBUG liquibase.servicelocator - Loaded liquibase.license.LicenseService instance liquibase.license.OSSLicenseService
2026-09-20 01:18:30 [main] DEBUG liquibase.configuration - No configuration value for liquibase.analytics.configCacheTimeoutMillis found
2026-09-20 01:18:30 [main] DEBUG liquibase.configuration - Configuration liquibase.analytics.configCacheTimeoutMillis is using the default value of 3600000
2026-09-20 01:18:30 [main] DEBUG liquibase.servicelocator - Loaded liquibase.analytics.configuration.AnalyticsConfiguration instance liquibase.analytics.configuration.LiquibaseRemoteAnalyticsConfiguration
2026-09-20 01:18:30 [main] DEBUG liquibase.configuration - No configuration value for liquibase.analytics.logLevel found
2026-09-20 01:18:30 [main] DEBUG liquibase.configuration - Configuration liquibase.analytics.logLevel is using the default value of OFF
2026-09-20 01:18:30 [HikariPool-1:connection-adder] DEBUG com.zaxxer.hikari.pool.PoolBase - HikariPool-1 - Established new connection (119354ef-5682-4cd6-8062-857fda12a3e4)
2026-09-20 01:18:30 [HikariPool-1:connection-adder] DEBUG com.zaxxer.hikari.pool.HikariPool - HikariPool-1 - Added connection org.postgresql.jdbc.PgConnection@6eaeb365
2026-09-20 01:18:30 [HikariPool-1:connection-adder] DEBUG com.zaxxer.hikari.pool.HikariPool - HikariPool-1 - After adding stats (total=3/10, idle=2/10, active=1, waiting=0)
2026-09-20 01:18:30 [HikariPool-1:connection-adder] DEBUG com.zaxxer.hikari.pool.PoolBase - HikariPool-1 - Attempting to create/setup new connection (d16eafde-2839-4f90-869d-283b48ef8452)
2026-09-20 01:18:30 [main] DEBUG liquibase.configuration - No configuration value for liquibase.analytics.configEndpointTimeoutMillis found
2026-09-20 01:18:30 [main] DEBUG liquibase.configuration - Configuration liquibase.analytics.configEndpointTimeoutMillis is using the default value of 1500
2026-09-20 01:18:30 [HikariPool-1:connection-adder] DEBUG com.zaxxer.hikari.pool.PoolBase - HikariPool-1 - Established new connection (d16eafde-2839-4f90-869d-283b48ef8452)
2026-09-20 01:18:30 [HikariPool-1:connection-adder] DEBUG com.zaxxer.hikari.pool.HikariPool - HikariPool-1 - Added connection org.postgresql.jdbc.PgConnection@6a913a68
2026-09-20 01:18:30 [HikariPool-1:connection-adder] DEBUG com.zaxxer.hikari.pool.HikariPool - HikariPool-1 - After adding stats (total=4/10, idle=3/10, active=1, waiting=0)
2026-09-20 01:18:30 [HikariPool-1:connection-adder] DEBUG com.zaxxer.hikari.pool.PoolBase - HikariPool-1 - Attempting to create/setup new connection (f3fbf47e-3c81-4a79-b7eb-0cf3f2826ee5)
2026-09-20 01:18:30 [HikariPool-1:connection-adder] DEBUG com.zaxxer.hikari.pool.PoolBase - HikariPool-1 - Established new connection (f3fbf47e-3c81-4a79-b7eb-0cf3f2826ee5)
2026-09-20 01:18:30 [HikariPool-1:connection-adder] DEBUG com.zaxxer.hikari.pool.HikariPool - HikariPool-1 - Added connection org.postgresql.jdbc.PgConnection@2f93b95e
2026-09-20 01:18:30 [HikariPool-1:connection-adder] DEBUG com.zaxxer.hikari.pool.HikariPool - HikariPool-1 - After adding stats (total=5/10, idle=4/10, active=1, waiting=0)
2026-09-20 01:18:30 [HikariPool-1:connection-adder] DEBUG com.zaxxer.hikari.pool.PoolBase - HikariPool-1 - Attempting to create/setup new connection (d3aab6b2-fef5-407b-9abf-4196c2d9bdba)
2026-09-20 01:18:31 [HikariPool-1:connection-adder] DEBUG com.zaxxer.hikari.pool.PoolBase - HikariPool-1 - Established new connection (d3aab6b2-fef5-407b-9abf-4196c2d9bdba)
2026-09-20 01:18:31 [HikariPool-1:connection-adder] DEBUG com.zaxxer.hikari.pool.HikariPool - HikariPool-1 - Added connection org.postgresql.jdbc.PgConnection@5d8cc25
2026-09-20 01:18:31 [HikariPool-1:connection-adder] DEBUG com.zaxxer.hikari.pool.HikariPool - HikariPool-1 - After adding stats (total=6/10, idle=5/10, active=1, waiting=0)
2026-09-20 01:18:31 [HikariPool-1:connection-adder] DEBUG com.zaxxer.hikari.pool.PoolBase - HikariPool-1 - Attempting to create/setup new connection (73393015-6530-4d44-908e-876b4fe55a7c)
2026-09-20 01:18:31 [HikariPool-1:connection-adder] DEBUG com.zaxxer.hikari.pool.PoolBase - HikariPool-1 - Established new connection (73393015-6530-4d44-908e-876b4fe55a7c)
2026-09-20 01:18:31 [HikariPool-1:connection-adder] DEBUG com.zaxxer.hikari.pool.HikariPool - HikariPool-1 - Added connection org.postgresql.jdbc.PgConnection@1ef67260
2026-09-20 01:18:31 [HikariPool-1:connection-adder] DEBUG com.zaxxer.hikari.pool.HikariPool - HikariPool-1 - After adding stats (total=7/10, idle=6/10, active=1, waiting=0)
2026-09-20 01:18:31 [HikariPool-1:connection-adder] DEBUG com.zaxxer.hikari.pool.PoolBase - HikariPool-1 - Attempting to create/setup new connection (710d027f-247a-40e5-b6a4-d5855fb96ed7)
2026-09-20 01:18:31 [HikariPool-1:connection-adder] DEBUG com.zaxxer.hikari.pool.PoolBase - HikariPool-1 - Established new connection (710d027f-247a-40e5-b6a4-d5855fb96ed7)
2026-09-20 01:18:31 [HikariPool-1:connection-adder] DEBUG com.zaxxer.hikari.pool.HikariPool - HikariPool-1 - Added connection org.postgresql.jdbc.PgConnection@7d5759ac
2026-09-20 01:18:31 [HikariPool-1:connection-adder] DEBUG com.zaxxer.hikari.pool.HikariPool - HikariPool-1 - After adding stats (total=8/10, idle=7/10, active=1, waiting=0)
2026-09-20 01:18:31 [HikariPool-1:connection-adder] DEBUG com.zaxxer.hikari.pool.PoolBase - HikariPool-1 - Attempting to create/setup new connection (fe168667-eede-4a75-a119-b9ae56dc1899)
2026-09-20 01:18:31 [HikariPool-1:connection-adder] DEBUG com.zaxxer.hikari.pool.PoolBase - HikariPool-1 - Established new connection (fe168667-eede-4a75-a119-b9ae56dc1899)
2026-09-20 01:18:31 [HikariPool-1:connection-adder] DEBUG com.zaxxer.hikari.pool.HikariPool - HikariPool-1 - Added connection org.postgresql.jdbc.PgConnection@4fbc4611
2026-09-20 01:18:31 [HikariPool-1:connection-adder] DEBUG com.zaxxer.hikari.pool.HikariPool - HikariPool-1 - After adding stats (total=9/10, idle=8/10, active=1, waiting=0)
2026-09-20 01:18:31 [HikariPool-1:connection-adder] DEBUG com.zaxxer.hikari.pool.PoolBase - HikariPool-1 - Attempting to create/setup new connection (4ed689a5-5003-45c6-a720-6c9038807fee)
2026-09-20 01:18:31 [HikariPool-1:connection-adder] DEBUG com.zaxxer.hikari.pool.PoolBase - HikariPool-1 - Established new connection (4ed689a5-5003-45c6-a720-6c9038807fee)
2026-09-20 01:18:31 [HikariPool-1:connection-adder] DEBUG com.zaxxer.hikari.pool.HikariPool - HikariPool-1 - Added connection org.postgresql.jdbc.PgConnection@c460227
2026-09-20 01:18:31 [HikariPool-1:connection-adder] DEBUG com.zaxxer.hikari.pool.HikariPool - HikariPool-1 - After adding stats (total=10/10, idle=9/10, active=1, waiting=0)
2026-09-20 01:18:31 [HikariPool-1:connection-adder] DEBUG com.zaxxer.hikari.pool.HikariPool - HikariPool-1 - Connection not added, stats (total=10/10, idle=9/10, active=1, waiting=0)
2026-09-20 01:18:31 [main] DEBUG liquibase.configuration - No configuration value for liquibase.strict found
2026-09-20 01:18:31 [main] DEBUG liquibase.configuration - Configuration liquibase.strict is using the default value of false
2026-09-20 01:18:31 [main] DEBUG liquibase.configuration - No configuration value for liquibase.command.update.changeExecListener found
2026-09-20 01:18:31 [main] DEBUG liquibase.configuration - No configuration value for liquibase.command.changeExecListener found
2026-09-20 01:18:31 [main] DEBUG liquibase.configuration - No configuration value for liquibase.command.update.changeExecListenerClass found
2026-09-20 01:18:31 [main] DEBUG liquibase.configuration - No configuration value for liquibase.command.changeExecListenerClass found
2026-09-20 01:18:31 [main] DEBUG liquibase.configuration - No configuration value for liquibase.command.update.changeExecListenerPropertiesFile found
2026-09-20 01:18:31 [main] DEBUG liquibase.configuration - No configuration value for liquibase.command.changeExecListenerPropertiesFile found
2026-09-20 01:18:31 [main] DEBUG liquibase.configuration - Found 'liquibase.command.update.changelogFile' configuration of 'classpath:db/changelog/db.changelog-master.yaml'
    command argument 'changelogFile' of 'classpath:db/changelog/db.changelog-master.yaml'
2026-09-20 01:18:31 [main] DEBUG liquibase.configuration - Found 'liquibase.command.update.changelogParameters' configuration of 'liquibase.changelog.ChangeLogParameters@6eed46e9'
    command argument 'changelogParameters' of 'liquibase.changelog.ChangeLogParameters@6eed46e9'
2026-09-20 01:18:31 [main] DEBUG liquibase.configuration - No configuration value for liquibase.command.update.contextFilter aka liquibase.command.update.contexts found
2026-09-20 01:18:31 [main] DEBUG liquibase.configuration - No configuration value for liquibase.command.contextFilter aka liquibase.command.contexts found
2026-09-20 01:18:31 [main] DEBUG liquibase.configuration - Found 'liquibase.command.update.database' configuration of 'postgres @ jdbc:postgresql://localhost:5432/postgres (Default Schema: public)'
    command argument 'database' of 'postgres @ jdbc:postgresql://localhost:5432/postgres (Default Schema: public)'
2026-09-20 01:18:31 [main] DEBUG liquibase.configuration - No configuration value for liquibase.command.update.databaseChangelog found
2026-09-20 01:18:31 [main] DEBUG liquibase.configuration - No configuration value for liquibase.command.databaseChangelog found
2026-09-20 01:18:31 [main] DEBUG liquibase.configuration - No configuration value for liquibase.command.update.defaultCatalogName found
2026-09-20 01:18:31 [main] DEBUG liquibase.configuration - No configuration value for liquibase.command.defaultCatalogName found
2026-09-20 01:18:31 [main] DEBUG liquibase.configuration - No configuration value for liquibase.command.update.defaultSchemaName found
2026-09-20 01:18:31 [main] DEBUG liquibase.configuration - No configuration value for liquibase.command.defaultSchemaName found
2026-09-20 01:18:31 [main] DEBUG liquibase.configuration - No configuration value for liquibase.command.update.driver found
2026-09-20 01:18:31 [main] DEBUG liquibase.configuration - No configuration value for liquibase.command.driver found
2026-09-20 01:18:31 [main] DEBUG liquibase.configuration - No configuration value for liquibase.command.update.driverPropertiesFile found
2026-09-20 01:18:31 [main] DEBUG liquibase.configuration - No configuration value for liquibase.command.driverPropertiesFile found
2026-09-20 01:18:31 [main] DEBUG liquibase.configuration - No configuration value for liquibase.command.update.labelFilter aka liquibase.command.update.labels found
2026-09-20 01:18:31 [main] DEBUG liquibase.configuration - No configuration value for liquibase.command.labelFilter aka liquibase.command.labels found
2026-09-20 01:18:31 [main] DEBUG liquibase.configuration - No configuration value for liquibase.command.update.password found
2026-09-20 01:18:31 [main] DEBUG liquibase.configuration - No configuration value for liquibase.command.password found
2026-09-20 01:18:31 [main] DEBUG liquibase.configuration - No configuration value for liquibase.command.update.showSummary found
2026-09-20 01:18:31 [main] DEBUG liquibase.configuration - Configuration liquibase.command.update.showSummary is using the default value of SUMMARY
2026-09-20 01:18:31 [main] DEBUG liquibase.configuration - No configuration value for liquibase.command.showSummary found
2026-09-20 01:18:31 [main] DEBUG liquibase.configuration - Configuration liquibase.command.showSummary is using the default value of SUMMARY
2026-09-20 01:18:31 [main] DEBUG liquibase.configuration - Found 'liquibase.command.update.showSummaryOutput' configuration of 'LOG'
    command argument 'showSummaryOutput' of 'LOG'
2026-09-20 01:18:31 [main] DEBUG liquibase.configuration - No configuration value for liquibase.command.update.skipDatabaseStep found
2026-09-20 01:18:31 [main] DEBUG liquibase.configuration - Configuration liquibase.command.update.skipDatabaseStep is using the default value of false
2026-09-20 01:18:31 [main] DEBUG liquibase.configuration - No configuration value for liquibase.command.skipDatabaseStep found
2026-09-20 01:18:31 [main] DEBUG liquibase.configuration - Configuration liquibase.command.skipDatabaseStep is using the default value of false
2026-09-20 01:18:31 [main] DEBUG liquibase.configuration - No configuration value for liquibase.command.update.updateNullChecksums found
2026-09-20 01:18:31 [main] DEBUG liquibase.configuration - Configuration liquibase.command.update.updateNullChecksums is using the default value of false
2026-09-20 01:18:31 [main] DEBUG liquibase.configuration - No configuration value for liquibase.command.updateNullChecksums found
2026-09-20 01:18:31 [main] DEBUG liquibase.configuration - Configuration liquibase.command.updateNullChecksums is using the default value of false
2026-09-20 01:18:31 [main] DEBUG liquibase.configuration - No configuration value for liquibase.command.update.url found
2026-09-20 01:18:31 [main] DEBUG liquibase.configuration - No configuration value for liquibase.command.url found
2026-09-20 01:18:31 [main] DEBUG liquibase.configuration - No configuration value for liquibase.command.update.username found
2026-09-20 01:18:31 [main] DEBUG liquibase.configuration - No configuration value for liquibase.command.username found
2026-09-20 01:18:31 [main] DEBUG liquibase.command - Pipeline for command 'update: liquibase.command.core.helpers.DbUrlConnectionArgumentsCommandStep then liquibase.command.core.helpers.ShowSummaryArgument then liquibase.command.core.helpers.DbUrlConnectionCommandStep then liquibase.command.core.helpers.DatabaseChangelogCommandStep then liquibase.command.core.helpers.ChangeExecListenerCommandStep then liquibase.command.core.UpdateCommandStep
2026-09-20 01:18:31 [main] DEBUG liquibase.configuration - No configuration value for liquibase.outputFile found
2026-09-20 01:18:31 [main] DEBUG liquibase.configuration - No configuration value for liquibase.outputFileEncoding found
2026-09-20 01:18:31 [main] DEBUG liquibase.configuration - Configuration liquibase.outputFileEncoding is using the default value of UTF-8
2026-09-20 01:18:31 [main] DEBUG liquibase.command - Writing output with encoding 'UTF-8'
2026-09-20 01:18:31 [main] DEBUG liquibase.command - Executing internal command dbUrlConnectionArguments
2026-09-20 01:18:31 [main] DEBUG liquibase.command - Executing internal command showSummary
2026-09-20 01:18:31 [main] DEBUG liquibase.configuration - Configuration liquibase.command.update.showSummary is using the default value of SUMMARY
2026-09-20 01:18:31 [main] DEBUG liquibase.configuration - Configuration liquibase.command.showSummary is using the default value of SUMMARY
2026-09-20 01:18:31 [main] DEBUG liquibase.command - Executing internal command dbUrlConnectionCommandStep
2026-09-20 01:18:31 [main] DEBUG liquibase.configuration - Configuration liquibase.command.update.skipDatabaseStep is using the default value of false
2026-09-20 01:18:31 [main] DEBUG liquibase.configuration - Configuration liquibase.command.skipDatabaseStep is using the default value of false
2026-09-20 01:18:31 [main] DEBUG liquibase.configuration - No configuration value for liquibase.liquibaseCatalogName aka liquibase.catalogName found
2026-09-20 01:18:31 [main] DEBUG liquibase.configuration - No configuration value for liquibase.license.tracking.enabled aka liquibase.license.utility.enabled found
2026-09-20 01:18:31 [main] DEBUG liquibase.configuration - Configuration liquibase.license.tracking.enabled is using the default value of false
2026-09-20 01:18:31 [main] DEBUG liquibase.command - Executing internal command changelogCommandStep
2026-09-20 01:18:31 [main] DEBUG liquibase.servicelocator - Loaded liquibase.parser.ChangeLogParser instance liquibase.parser.core.formattedsql.FormattedSqlChangeLogParser
2026-09-20 01:18:31 [main] DEBUG liquibase.servicelocator - Loaded liquibase.parser.ChangeLogParser instance liquibase.parser.core.json.JsonChangeLogParser
2026-09-20 01:18:31 [main] DEBUG liquibase.servicelocator - Loaded liquibase.parser.ChangeLogParser instance liquibase.parser.core.sql.SqlChangeLogParser
2026-09-20 01:18:31 [main] DEBUG liquibase.configuration - No configuration value for liquibase.validateXmlChangelogFiles found
2026-09-20 01:18:31 [main] DEBUG liquibase.configuration - Configuration liquibase.validateXmlChangelogFiles is using the default value of true
2026-09-20 01:18:31 [main] DEBUG liquibase.configuration - No configuration value for liquibase.secureParsing found
2026-09-20 01:18:31 [main] DEBUG liquibase.configuration - Configuration liquibase.secureParsing is using the default value of true
2026-09-20 01:18:31 [main] DEBUG liquibase.servicelocator - Loaded liquibase.parser.ChangeLogParser instance liquibase.parser.core.xml.XMLChangeLogSAXParser
2026-09-20 01:18:31 [main] DEBUG liquibase.servicelocator - Loaded liquibase.parser.ChangeLogParser instance liquibase.parser.core.yaml.YamlChangeLogParser
2026-09-20 01:18:31 [main] DEBUG liquibase.parser - Matched file 'classpath:db/changelog/db.changelog-master.yaml' to parser 'YamlChangeLogParser'
2026-09-20 01:18:31 [main] DEBUG liquibase.configuration - No configuration value for liquibase.preserveClasspathPrefixInNormalizedPaths found
2026-09-20 01:18:31 [main] DEBUG liquibase.configuration - Configuration liquibase.preserveClasspathPrefixInNormalizedPaths is using the default value of false
2026-09-20 01:18:31 [main] DEBUG liquibase.parser - Matched file 'db/changelog/changes/001-create-users.yaml' to parser 'YamlChangeLogParser'
2026-09-20 01:18:31 [main] DEBUG liquibase.servicelocator - Loaded liquibase.changeset.ChangeSetService instance liquibase.changeset.StandardChangeSetService
2026-09-20 01:18:31 [main] DEBUG liquibase.servicelocator - Loaded liquibase.change.Change instance liquibase.change.core.AddAutoIncrementChange
2026-09-20 01:18:31 [main] DEBUG liquibase.servicelocator - Loaded liquibase.change.Change instance liquibase.change.core.AddColumnChange
2026-09-20 01:18:31 [main] DEBUG liquibase.servicelocator - Loaded liquibase.change.Change instance liquibase.change.core.AddDefaultValueChange
2026-09-20 01:18:31 [main] DEBUG liquibase.servicelocator - Loaded liquibase.change.Change instance liquibase.change.core.AddForeignKeyConstraintChange
2026-09-20 01:18:31 [main] DEBUG liquibase.servicelocator - Loaded liquibase.change.Change instance liquibase.change.core.AddLookupTableChange
2026-09-20 01:18:31 [main] DEBUG liquibase.servicelocator - Loaded liquibase.change.Change instance liquibase.change.core.AddNotNullConstraintChange
2026-09-20 01:18:31 [main] DEBUG liquibase.servicelocator - Loaded liquibase.change.Change instance liquibase.change.core.AddPrimaryKeyChange
2026-09-20 01:18:31 [main] DEBUG liquibase.servicelocator - Loaded liquibase.change.Change instance liquibase.change.core.AddUniqueConstraintChange
2026-09-20 01:18:31 [main] DEBUG liquibase.servicelocator - Loaded liquibase.change.Change instance liquibase.change.core.AlterSequenceChange
2026-09-20 01:18:31 [main] DEBUG liquibase.servicelocator - Loaded liquibase.change.Change instance liquibase.change.core.CreateIndexChange
2026-09-20 01:18:31 [main] DEBUG liquibase.servicelocator - Loaded liquibase.change.Change instance liquibase.change.core.CreateProcedureChange
2026-09-20 01:18:31 [main] DEBUG liquibase.servicelocator - Loaded liquibase.change.Change instance liquibase.change.core.CreateSequenceChange
2026-09-20 01:18:31 [main] DEBUG liquibase.servicelocator - Loaded liquibase.change.Change instance liquibase.change.core.CreateTableChange
2026-09-20 01:18:31 [main] DEBUG liquibase.servicelocator - Loaded liquibase.change.Change instance liquibase.change.core.CreateViewChange
2026-09-20 01:18:31 [main] DEBUG liquibase.servicelocator - Loaded liquibase.change.Change instance liquibase.change.core.DeleteDataChange
2026-09-20 01:18:31 [main] DEBUG liquibase.servicelocator - Loaded liquibase.change.Change instance liquibase.change.core.DropAllForeignKeyConstraintsChange
2026-09-20 01:18:31 [main] DEBUG liquibase.servicelocator - Loaded liquibase.change.Change instance liquibase.change.core.DropColumnChange
2026-09-20 01:18:31 [main] DEBUG liquibase.servicelocator - Loaded liquibase.change.Change instance liquibase.change.core.DropDefaultValueChange
2026-09-20 01:18:31 [main] DEBUG liquibase.servicelocator - Loaded liquibase.change.Change instance liquibase.change.core.DropForeignKeyConstraintChange
2026-09-20 01:18:31 [main] DEBUG liquibase.servicelocator - Loaded liquibase.change.Change instance liquibase.change.core.DropIndexChange
2026-09-20 01:18:31 [main] DEBUG liquibase.servicelocator - Loaded liquibase.change.Change instance liquibase.change.core.DropNotNullConstraintChange
2026-09-20 01:18:31 [main] DEBUG liquibase.servicelocator - Loaded liquibase.change.Change instance liquibase.change.core.DropPrimaryKeyChange
2026-09-20 01:18:31 [main] DEBUG liquibase.servicelocator - Loaded liquibase.change.Change instance liquibase.change.core.DropProcedureChange
2026-09-20 01:18:31 [main] DEBUG liquibase.servicelocator - Loaded liquibase.change.Change instance liquibase.change.core.DropSequenceChange
2026-09-20 01:18:31 [main] DEBUG liquibase.servicelocator - Loaded liquibase.change.Change instance liquibase.change.core.DropTableChange
2026-09-20 01:18:31 [main] DEBUG liquibase.servicelocator - Loaded liquibase.change.Change instance liquibase.change.core.DropUniqueConstraintChange
2026-09-20 01:18:31 [main] DEBUG liquibase.servicelocator - Loaded liquibase.change.Change instance liquibase.change.core.DropViewChange
2026-09-20 01:18:31 [main] DEBUG liquibase.servicelocator - Loaded liquibase.change.Change instance liquibase.change.core.EmptyChange
2026-09-20 01:18:31 [main] DEBUG liquibase.servicelocator - Loaded liquibase.change.Change instance liquibase.change.core.ExecuteShellCommandChange
2026-09-20 01:18:31 [main] DEBUG liquibase.servicelocator - Loaded liquibase.change.Change instance liquibase.change.core.InsertDataChange
2026-09-20 01:18:31 [main] DEBUG liquibase.servicelocator - Loaded liquibase.change.Change instance liquibase.change.core.LoadDataChange
2026-09-20 01:18:31 [main] DEBUG liquibase.servicelocator - Loaded liquibase.change.Change instance liquibase.change.core.LoadUpdateDataChange
2026-09-20 01:18:31 [main] DEBUG liquibase.servicelocator - Loaded liquibase.change.Change instance liquibase.change.core.MergeColumnChange
2026-09-20 01:18:31 [main] DEBUG liquibase.servicelocator - Loaded liquibase.change.Change instance liquibase.change.core.ModifyDataTypeChange
2026-09-20 01:18:31 [main] DEBUG liquibase.servicelocator - Loaded liquibase.change.Change instance liquibase.change.core.OutputChange
2026-09-20 01:18:31 [main] DEBUG liquibase.servicelocator - Loaded liquibase.change.Change instance liquibase.change.core.RawSQLChange
2026-09-20 01:18:31 [main] DEBUG liquibase.servicelocator - Loaded liquibase.change.Change instance liquibase.change.core.RenameColumnChange
2026-09-20 01:18:31 [main] DEBUG liquibase.servicelocator - Loaded liquibase.change.Change instance liquibase.change.core.RenameSequenceChange
2026-09-20 01:18:31 [main] DEBUG liquibase.servicelocator - Loaded liquibase.change.Change instance liquibase.change.core.RenameTableChange
2026-09-20 01:18:31 [main] DEBUG liquibase.servicelocator - Loaded liquibase.change.Change instance liquibase.change.core.RenameViewChange
2026-09-20 01:18:31 [main] DEBUG liquibase.servicelocator - Loaded liquibase.change.Change instance liquibase.change.core.SQLFileChange
2026-09-20 01:18:31 [main] DEBUG liquibase.servicelocator - Loaded liquibase.change.Change instance liquibase.change.core.SetColumnRemarksChange
2026-09-20 01:18:31 [main] DEBUG liquibase.servicelocator - Loaded liquibase.change.Change instance liquibase.change.core.SetTableRemarksChange
2026-09-20 01:18:31 [main] DEBUG liquibase.servicelocator - Loaded liquibase.change.Change instance liquibase.change.core.StopChange
2026-09-20 01:18:31 [main] DEBUG liquibase.servicelocator - Loaded liquibase.change.Change instance liquibase.change.core.TagDatabaseChange
2026-09-20 01:18:31 [main] DEBUG liquibase.servicelocator - Loaded liquibase.change.Change instance liquibase.change.core.UpdateDataChange
2026-09-20 01:18:31 [main] DEBUG liquibase.servicelocator - Loaded liquibase.change.Change instance liquibase.change.custom.CustomChangeWrapper
2026-09-20 01:18:31 [main] DEBUG liquibase.servicelocator - Loaded liquibase.changelog.ChangeLogHistoryService instance liquibase.changelog.MockChangeLogHistoryService
2026-09-20 01:18:31 [main] DEBUG liquibase.servicelocator - Loaded liquibase.changelog.ChangeLogHistoryService instance liquibase.changelog.StandardChangeLogHistoryService
2026-09-20 01:18:31 [main] DEBUG liquibase.servicelocator - Loaded liquibase.snapshot.SnapshotGenerator instance liquibase.snapshot.jvm.CatalogSnapshotGenerator
2026-09-20 01:18:31 [main] DEBUG liquibase.servicelocator - Loaded liquibase.snapshot.SnapshotGenerator instance liquibase.snapshot.jvm.ColumnSnapshotGenerator
2026-09-20 01:18:31 [main] DEBUG liquibase.servicelocator - Loaded liquibase.snapshot.SnapshotGenerator instance liquibase.snapshot.jvm.ColumnSnapshotGeneratorH2
2026-09-20 01:18:31 [main] DEBUG liquibase.servicelocator - Loaded liquibase.snapshot.SnapshotGenerator instance liquibase.snapshot.jvm.ColumnSnapshotGeneratorInformix
2026-09-20 01:18:31 [main] DEBUG liquibase.servicelocator - Loaded liquibase.snapshot.SnapshotGenerator instance liquibase.snapshot.jvm.ColumnSnapshotGeneratorOracle
2026-09-20 01:18:31 [main] DEBUG liquibase.servicelocator - Loaded liquibase.snapshot.SnapshotGenerator instance liquibase.snapshot.jvm.DataSnapshotGenerator
2026-09-20 01:18:31 [main] DEBUG liquibase.servicelocator - Loaded liquibase.snapshot.SnapshotGenerator instance liquibase.snapshot.jvm.ForeignKeySnapshotGenerator
2026-09-20 01:18:31 [main] DEBUG liquibase.servicelocator - Loaded liquibase.snapshot.SnapshotGenerator instance liquibase.snapshot.jvm.IndexSnapshotGenerator
2026-09-20 01:18:31 [main] DEBUG liquibase.servicelocator - Loaded liquibase.snapshot.SnapshotGenerator instance liquibase.snapshot.jvm.PrimaryKeySnapshotGenerator
2026-09-20 01:18:31 [main] DEBUG liquibase.servicelocator - Loaded liquibase.snapshot.SnapshotGenerator instance liquibase.snapshot.jvm.SchemaSnapshotGenerator
2026-09-20 01:18:31 [main] DEBUG liquibase.servicelocator - Loaded liquibase.snapshot.SnapshotGenerator instance liquibase.snapshot.jvm.SequenceSnapshotGenerator
2026-09-20 01:18:31 [main] DEBUG liquibase.servicelocator - Loaded liquibase.snapshot.SnapshotGenerator instance liquibase.snapshot.jvm.TableSnapshotGenerator
2026-09-20 01:18:31 [main] DEBUG liquibase.servicelocator - Loaded liquibase.snapshot.SnapshotGenerator instance liquibase.snapshot.jvm.UniqueConstraintSnapshotGenerator
2026-09-20 01:18:31 [main] DEBUG liquibase.servicelocator - Loaded liquibase.snapshot.SnapshotGenerator instance liquibase.snapshot.jvm.ViewSnapshotGenerator
2026-09-20 01:18:31 [main] DEBUG liquibase.servicelocator - Loaded liquibase.snapshot.SnapshotGenerator instance liquibase.snapshot.jvm.SchemaSnapshotGeneratorSnowflake
2026-09-20 01:18:31 [main] DEBUG liquibase.servicelocator - Loaded liquibase.snapshot.SnapshotGenerator instance liquibase.snapshot.jvm.SequenceSnapshotGeneratorSnowflake
2026-09-20 01:18:31 [main] DEBUG liquibase.servicelocator - Loaded liquibase.snapshot.SnapshotGenerator instance liquibase.snapshot.jvm.UniqueConstraintSnapshotGeneratorSnowflake
2026-09-20 01:18:31 [main] DEBUG liquibase.configuration - No configuration value for liquibase.supportsMethodValidationLevel found
2026-09-20 01:18:31 [main] DEBUG liquibase.configuration - Configuration liquibase.supportsMethodValidationLevel is using the default value of WARN
2026-09-20 01:18:31 [main] DEBUG liquibase.util - Computed checksum for 1789856311687 as f227b3edae62cb500de4b9f3eeb7d602
2026-09-20 01:18:31 [main] DEBUG liquibase.configuration - No configuration value for liquibase.preserveSchemaCase found
2026-09-20 01:18:31 [main] DEBUG liquibase.configuration - Configuration liquibase.preserveSchemaCase is using the default value of false
2026-09-20 01:18:31 [main] DEBUG liquibase.servicelocator - Loaded liquibase.database.LiquibaseTableNames instance liquibase.database.StandardLiquibaseTableNames
2026-09-20 01:18:31 [main] DEBUG liquibase.servicelocator - Loaded liquibase.diff.compare.DatabaseObjectComparator instance liquibase.diff.compare.core.CatalogComparator
2026-09-20 01:18:31 [main] DEBUG liquibase.servicelocator - Loaded liquibase.diff.compare.DatabaseObjectComparator instance liquibase.diff.compare.core.ColumnComparator
2026-09-20 01:18:31 [main] DEBUG liquibase.servicelocator - Loaded liquibase.diff.compare.DatabaseObjectComparator instance liquibase.diff.compare.core.DefaultDatabaseObjectComparator
2026-09-20 01:18:31 [main] DEBUG liquibase.servicelocator - Loaded liquibase.diff.compare.DatabaseObjectComparator instance liquibase.diff.compare.core.ForeignKeyComparator
2026-09-20 01:18:31 [main] DEBUG liquibase.servicelocator - Loaded liquibase.diff.compare.DatabaseObjectComparator instance liquibase.diff.compare.core.IndexComparator
2026-09-20 01:18:31 [main] DEBUG liquibase.servicelocator - Loaded liquibase.diff.compare.DatabaseObjectComparator instance liquibase.diff.compare.core.MSSQLViewComparator
2026-09-20 01:18:31 [main] DEBUG liquibase.servicelocator - Loaded liquibase.diff.compare.DatabaseObjectComparator instance liquibase.diff.compare.core.PrimaryKeyComparator
2026-09-20 01:18:31 [main] DEBUG liquibase.servicelocator - Loaded liquibase.diff.compare.DatabaseObjectComparator instance liquibase.diff.compare.core.SchemaComparator
2026-09-20 01:18:31 [main] DEBUG liquibase.servicelocator - Loaded liquibase.diff.compare.DatabaseObjectComparator instance liquibase.diff.compare.core.TableComparator
2026-09-20 01:18:31 [main] DEBUG liquibase.servicelocator - Loaded liquibase.diff.compare.DatabaseObjectComparator instance liquibase.diff.compare.core.UniqueConstraintComparator
2026-09-20 01:18:31 [main] DEBUG liquibase.configuration - No configuration value for liquibase.includeCatalogInSpecification found
2026-09-20 01:18:31 [main] DEBUG liquibase.configuration - Configuration liquibase.includeCatalogInSpecification is using the default value of false
2026-09-20 01:18:31 [main] DEBUG liquibase.executor - Changelog query completed.
2026-09-20 01:18:31 [main] INFO  liquibase.changelog - Reading from public.databasechangelog
2026-09-20 01:18:31 [main] DEBUG liquibase.executor - Changelog query completed.
2026-09-20 01:18:31 [main] DEBUG liquibase.configuration - No configuration value for liquibase.allowInheritLogicalFilePath found
2026-09-20 01:18:31 [main] DEBUG liquibase.configuration - Configuration liquibase.allowInheritLogicalFilePath is using the default value of true
2026-09-20 01:18:31 [main] DEBUG liquibase.configuration - Found 'liquibase.command.update.updateNullChecksums' configuration of 'true'
    command argument 'updateNullChecksums' of 'true'
2026-09-20 01:18:31 [main] DEBUG liquibase.servicelocator - Loaded liquibase.lockservice.LockService instance liquibase.lockservice.LockServiceImpl
2026-09-20 01:18:31 [main] DEBUG liquibase.servicelocator - Loaded liquibase.lockservice.LockService instance liquibase.lockservice.MockLockService
2026-09-20 01:18:31 [main] DEBUG liquibase.servicelocator - Loaded liquibase.lockservice.LockService instance liquibase.lockservice.OfflineLockService
2026-09-20 01:18:31 [main] DEBUG liquibase.servicelocator - Loaded liquibase.lockservice.LockService instance liquibase.lockservice.StandardLockService
2026-09-20 01:18:31 [main] DEBUG liquibase.executor - Changelog query completed.
2026-09-20 01:18:31 [main] DEBUG liquibase.configuration - No configuration value for liquibase.allowDuplicatedChangesetIdentifiers found
2026-09-20 01:18:31 [main] DEBUG liquibase.configuration - Configuration liquibase.allowDuplicatedChangesetIdentifiers is using the default value of false
2026-09-20 01:18:31 [main] DEBUG liquibase.servicelocator - Loaded liquibase.changelog.visitor.ValidatingVisitorGenerator instance liquibase.changelog.visitor.StandardValidatingVisitorGenerator
2026-09-20 01:18:31 [main] DEBUG liquibase.servicelocator - Loaded liquibase.datatype.LiquibaseDataType instance liquibase.datatype.core.BigIntType
2026-09-20 01:18:31 [main] DEBUG liquibase.servicelocator - Loaded liquibase.datatype.LiquibaseDataType instance liquibase.datatype.core.BlobType
2026-09-20 01:18:31 [main] DEBUG liquibase.servicelocator - Loaded liquibase.datatype.LiquibaseDataType instance liquibase.datatype.core.BooleanType
2026-09-20 01:18:31 [main] DEBUG liquibase.servicelocator - Loaded liquibase.datatype.LiquibaseDataType instance liquibase.datatype.core.CharType
2026-09-20 01:18:31 [main] DEBUG liquibase.servicelocator - Loaded liquibase.datatype.LiquibaseDataType instance liquibase.datatype.core.ClobType
2026-09-20 01:18:31 [main] DEBUG liquibase.servicelocator - Loaded liquibase.datatype.LiquibaseDataType instance liquibase.datatype.core.CurrencyType
2026-09-20 01:18:31 [main] DEBUG liquibase.servicelocator - Loaded liquibase.datatype.LiquibaseDataType instance liquibase.datatype.core.DatabaseFunctionType
2026-09-20 01:18:31 [main] DEBUG liquibase.servicelocator - Loaded liquibase.datatype.LiquibaseDataType instance liquibase.datatype.core.DateTimeType
2026-09-20 01:18:31 [main] DEBUG liquibase.servicelocator - Loaded liquibase.datatype.LiquibaseDataType instance liquibase.datatype.core.DateType
2026-09-20 01:18:31 [main] DEBUG liquibase.servicelocator - Loaded liquibase.datatype.LiquibaseDataType instance liquibase.datatype.core.DecimalType
2026-09-20 01:18:31 [main] DEBUG liquibase.servicelocator - Loaded liquibase.datatype.LiquibaseDataType instance liquibase.datatype.core.DoubleType
2026-09-20 01:18:31 [main] DEBUG liquibase.servicelocator - Loaded liquibase.datatype.LiquibaseDataType instance liquibase.datatype.core.FloatType
2026-09-20 01:18:31 [main] DEBUG liquibase.servicelocator - Loaded liquibase.datatype.LiquibaseDataType instance liquibase.datatype.core.IntType
2026-09-20 01:18:31 [main] DEBUG liquibase.servicelocator - Loaded liquibase.datatype.LiquibaseDataType instance liquibase.datatype.core.MediumIntType
2026-09-20 01:18:31 [main] DEBUG liquibase.servicelocator - Loaded liquibase.datatype.LiquibaseDataType instance liquibase.datatype.core.NCharType
2026-09-20 01:18:31 [main] DEBUG liquibase.servicelocator - Loaded liquibase.datatype.LiquibaseDataType instance liquibase.datatype.core.NVarcharType
2026-09-20 01:18:31 [main] DEBUG liquibase.servicelocator - Loaded liquibase.datatype.LiquibaseDataType instance liquibase.datatype.core.NumberType
2026-09-20 01:18:31 [main] DEBUG liquibase.servicelocator - Loaded liquibase.datatype.LiquibaseDataType instance liquibase.datatype.core.SmallIntType
2026-09-20 01:18:31 [main] DEBUG liquibase.servicelocator - Loaded liquibase.datatype.LiquibaseDataType instance liquibase.datatype.core.TimeType
2026-09-20 01:18:31 [main] DEBUG liquibase.servicelocator - Loaded liquibase.datatype.LiquibaseDataType instance liquibase.datatype.core.TimestampType
2026-09-20 01:18:31 [main] DEBUG liquibase.servicelocator - Loaded liquibase.datatype.LiquibaseDataType instance liquibase.datatype.core.TinyIntType
2026-09-20 01:18:31 [main] DEBUG liquibase.servicelocator - Loaded liquibase.datatype.LiquibaseDataType instance liquibase.datatype.core.UUIDType
2026-09-20 01:18:31 [main] DEBUG liquibase.servicelocator - Loaded liquibase.datatype.LiquibaseDataType instance liquibase.datatype.core.UnknownType
2026-09-20 01:18:31 [main] DEBUG liquibase.servicelocator - Loaded liquibase.datatype.LiquibaseDataType instance liquibase.datatype.core.VarcharType
2026-09-20 01:18:31 [main] DEBUG liquibase.servicelocator - Loaded liquibase.datatype.LiquibaseDataType instance liquibase.datatype.core.XMLType
2026-09-20 01:18:31 [main] DEBUG liquibase.servicelocator - Loaded liquibase.datatype.LiquibaseDataType instance liquibase.datatype.core.TextDataTypeSnowflake
2026-09-20 01:18:31 [main] DEBUG liquibase.servicelocator - Loaded liquibase.datatype.LiquibaseDataType instance liquibase.datatype.core.TimestampNTZTypeSnowflake
2026-09-20 01:18:31 [main] DEBUG liquibase.servicelocator - Loaded liquibase.datatype.LiquibaseDataType instance liquibase.datatype.core.DoubleDataTypeSnowflake
2026-09-20 01:18:31 [main] DEBUG liquibase.servicelocator - Loaded liquibase.datatype.LiquibaseDataType instance liquibase.datatype.core.BinaryTypeSnowflake
2026-09-20 01:18:31 [main] DEBUG liquibase.servicelocator - Loaded liquibase.datatype.LiquibaseDataType instance liquibase.datatype.core.ClobTypeSnowflake
2026-09-20 01:18:31 [main] DEBUG liquibase.servicelocator - Loaded liquibase.datatype.LiquibaseDataType instance liquibase.datatype.core.DateTypeSnowflake
2026-09-20 01:18:31 [main] DEBUG liquibase.servicelocator - Loaded liquibase.datatype.LiquibaseDataType instance liquibase.datatype.core.TimeTypeSnowflake
2026-09-20 01:18:31 [main] DEBUG liquibase.servicelocator - Loaded liquibase.datatype.LiquibaseDataType instance liquibase.datatype.core.TimestampTypeSnowflake
2026-09-20 01:18:31 [main] DEBUG liquibase.command - Executing internal command changeExecListener
2026-09-20 01:18:31 [main] DEBUG liquibase.command - Executing internal command update migrate
2026-09-20 01:18:31 [main] DEBUG liquibase.configuration - No configuration value for liquibase.changelogLockWaitTimeInMinutes aka liquibase.changeLogLockWaitTimeInMinutes found
2026-09-20 01:18:31 [main] DEBUG liquibase.configuration - Configuration liquibase.changelogLockWaitTimeInMinutes is using the default value of 5
2026-09-20 01:18:31 [main] DEBUG liquibase.executor - Changelog query completed.
2026-09-20 01:18:31 [main] DEBUG liquibase.executor - Changelog query completed.
2026-09-20 01:18:31 [main] DEBUG liquibase.executor - Lock Database
2026-09-20 01:18:31 [main] DEBUG liquibase.executor - Changelog query completed.
2026-09-20 01:18:31 [main] INFO  liquibase.lockservice - Successfully acquired change log lock
2026-09-20 01:18:31 [main] INFO  liquibase.command - Using deploymentId: 9856310343
2026-09-20 01:18:31 [main] INFO  liquibase.changelog - Reading from public.databasechangelog
2026-09-20 01:18:31 [main] DEBUG liquibase.executor - Changelog query completed.
2026-09-20 01:18:31 [main] DEBUG liquibase.util - Computed checksum for createTable:[
    columns=[
        [
            [
                nullable="false"
                primaryKey="true"
            ]
            autoIncrement="true"
            name="id"
            type="BIGINT"
        ],
        [
            [
                nullable="false"
            ]
            name="age"
            type="INT"
        ],
        [
            [
                nullable="false"
            ]
            name="name"
            type="VARCHAR(255)"
        ],
        [... [truncated in log] as 49d5af09a9f137b5cbfc516576aaaf48
2026-09-20 01:18:31 [main] DEBUG liquibase.util - Computed checksum for 9:49d5af09a9f137b5cbfc516576aaaf48: as 371c4bb80ba44732ecc683c32845069d
2026-09-20 01:18:31 [main] DEBUG liquibase.util - Computed checksum for createTable:[
    columns=[
        [
            [
                nullable="false"
                primaryKey="true"
            ]
            autoIncrement="true"
            name="id"
            type="BIGINT"
        ],
        [
            [
                nullable="false"
            ]
            name="age"
            type="INT"
        ],
        [
            [
                nullable="false"
            ]
            name="name"
            type="VARCHAR(255)"
        ],
        [... [truncated in log] as 49d5af09a9f137b5cbfc516576aaaf48
2026-09-20 01:18:31 [main] DEBUG liquibase.util - Computed checksum for 9:49d5af09a9f137b5cbfc516576aaaf48: as 371c4bb80ba44732ecc683c32845069d
2026-09-20 01:18:31 [main] INFO  liquibase.ui - Running Changeset: db/changelog/changes/001-create-users.yaml::001-create-users::ruzleer
2026-09-20 01:18:31 [main] DEBUG liquibase.changelog - Running Changeset: db/changelog/changes/001-create-users.yaml::001-create-users::ruzleer
2026-09-20 01:18:31 [main] DEBUG liquibase.executor - Changeset db/changelog/changes/001-create-users.yaml::001-create-users::ruzleer
2026-09-20 01:18:31 [main] DEBUG liquibase.changelog - Reading ChangeSet: db/changelog/changes/001-create-users.yaml::001-create-users::ruzleer
2026-09-20 01:18:31 [main] DEBUG liquibase.configuration - No configuration value for liquibase.convertDataTypes found
2026-09-20 01:18:31 [main] DEBUG liquibase.configuration - Configuration liquibase.convertDataTypes is using the default value of true
2026-09-20 01:18:31 [main] DEBUG liquibase.configuration - No configuration value for liquibase.fileEncoding found
2026-09-20 01:18:31 [main] DEBUG liquibase.configuration - Configuration liquibase.fileEncoding is using the default value of UTF-8
2026-09-20 01:18:31 [main] DEBUG liquibase.executor - Executing Statement: 
liquibase.statement.core.CreateTableStatement@61b8c9de
2026-09-20 01:18:31 [main] DEBUG liquibase.configuration - No configuration value for liquibase.sql.logLevel found
2026-09-20 01:18:31 [main] DEBUG liquibase.configuration - Configuration liquibase.sql.logLevel is using the default value of FINE
2026-09-20 01:18:31 [main] DEBUG liquibase.executor - 
CREATE TABLE public.users (id BIGINT GENERATED BY DEFAULT AS IDENTITY NOT NULL, age INTEGER NOT NULL, name VARCHAR(255) NOT NULL, email VARCHAR(255) NOT NULL, created_at TIMESTAMP WITHOUT TIME ZONE NOT NULL, CONSTRAINT users_pkey PRIMARY KEY (id), UNIQUE (email))
2026-09-20 01:18:31 [main] ERROR liquibase.changelog - ChangeSet db/changelog/changes/001-create-users.yaml::001-create-users::ruzleer encountered an exception.
liquibase.exception.DatabaseException: ОШИБКА: отношение "users" уже существует [Failed SQL: (0) CREATE TABLE public.users (id BIGINT GENERATED BY DEFAULT AS IDENTITY NOT NULL, age INTEGER NOT NULL, name VARCHAR(255) NOT NULL, email VARCHAR(255) NOT NULL, created_at TIMESTAMP WITHOUT TIME ZONE NOT NULL, CONSTRAINT users_pkey PRIMARY KEY (id), UNIQUE (email))]
	at liquibase.executor.jvm.JdbcExecutor$ExecuteStatementCallback.doInStatement(JdbcExecutor.java:525)
	at liquibase.executor.jvm.JdbcExecutor.execute(JdbcExecutor.java:85)
	at liquibase.executor.jvm.JdbcExecutor.execute(JdbcExecutor.java:188)
	at liquibase.executor.AbstractExecutor.execute(AbstractExecutor.java:148)
	at liquibase.database.AbstractJdbcDatabase.executeStatements(AbstractJdbcDatabase.java:1198)
	at liquibase.changelog.ChangeSet.execute(ChangeSet.java:860)
	at liquibase.changelog.visitor.UpdateVisitor.executeAcceptedChange(UpdateVisitor.java:127)
	at liquibase.changelog.visitor.UpdateVisitor.visit(UpdateVisitor.java:71)
	at liquibase.changelog.ChangeLogIterator.lambda$run$0(ChangeLogIterator.java:133)
	at liquibase.Scope.lambda$child$0(Scope.java:243)
	at liquibase.Scope.child(Scope.java:252)
	at liquibase.Scope.child(Scope.java:242)
	at liquibase.Scope.child(Scope.java:221)
	at liquibase.changelog.ChangeLogIterator.lambda$run$1(ChangeLogIterator.java:122)
	at liquibase.Scope.lambda$child$0(Scope.java:243)
	at liquibase.Scope.child(Scope.java:252)
	at liquibase.Scope.child(Scope.java:242)
	at liquibase.Scope.child(Scope.java:221)
	at liquibase.Scope.child(Scope.java:309)
	at liquibase.Scope.child(Scope.java:313)
	at liquibase.changelog.ChangeLogIterator.run(ChangeLogIterator.java:91)
	at liquibase.command.core.AbstractUpdateCommandStep.lambda$run$1(AbstractUpdateCommandStep.java:122)
	at liquibase.Scope.lambda$child$0(Scope.java:243)
	at liquibase.Scope.child(Scope.java:252)
	at liquibase.Scope.child(Scope.java:242)
	at liquibase.Scope.child(Scope.java:221)
	at liquibase.command.core.AbstractUpdateCommandStep.run(AbstractUpdateCommandStep.java:120)
	at liquibase.command.core.UpdateCommandStep.run(UpdateCommandStep.java:100)
	at liquibase.command.CommandScope.lambda$execute$5(CommandScope.java:269)
	at liquibase.Scope.child(Scope.java:252)
	at liquibase.Scope.child(Scope.java:228)
	at liquibase.command.CommandScope.execute(CommandScope.java:257)
	at liquibase.Liquibase.lambda$update$0(Liquibase.java:216)
	at liquibase.Scope.lambda$child$0(Scope.java:243)
	at liquibase.Scope.child(Scope.java:252)
	at liquibase.Scope.child(Scope.java:242)
	at liquibase.Scope.child(Scope.java:221)
	at liquibase.Liquibase.runInScope(Liquibase.java:1366)
	at liquibase.Liquibase.update(Liquibase.java:205)
	at liquibase.Liquibase.update(Liquibase.java:188)
	at liquibase.integration.spring.SpringLiquibase.performUpdate(SpringLiquibase.java:327)
	at liquibase.integration.spring.SpringLiquibase.lambda$afterPropertiesSet$0(SpringLiquibase.java:279)
	at liquibase.Scope.lambda$child$0(Scope.java:243)
	at liquibase.Scope.child(Scope.java:252)
	at liquibase.Scope.child(Scope.java:242)
	at liquibase.Scope.child(Scope.java:221)
	at liquibase.integration.spring.SpringLiquibase.afterPropertiesSet(SpringLiquibase.java:272)
	at org.springframework.beans.factory.support.AbstractAutowireCapableBeanFactory.invokeInitMethods(AbstractAutowireCapableBeanFactory.java:1862)
	at org.springframework.beans.factory.support.AbstractAutowireCapableBeanFactory.initializeBean(AbstractAutowireCapableBeanFactory.java:1811)
	at org.springframework.beans.factory.support.AbstractAutowireCapableBeanFactory.doCreateBean(AbstractAutowireCapableBeanFactory.java:603)
	at org.springframework.beans.factory.support.AbstractAutowireCapableBeanFactory.createBean(AbstractAutowireCapableBeanFactory.java:525)
	at org.springframework.beans.factory.support.AbstractBeanFactory.lambda$doGetBean$0(AbstractBeanFactory.java:333)
	at org.springframework.beans.factory.support.DefaultSingletonBeanRegistry.getSingleton(DefaultSingletonBeanRegistry.java:371)
	at org.springframework.beans.factory.support.AbstractBeanFactory.doGetBean(AbstractBeanFactory.java:331)
	at org.springframework.beans.factory.support.AbstractBeanFactory.getBean(AbstractBeanFactory.java:196)
	at org.springframework.beans.factory.support.AbstractBeanFactory.doGetBean(AbstractBeanFactory.java:309)
	at org.springframework.beans.factory.support.AbstractBeanFactory.getBean(AbstractBeanFactory.java:201)
	at org.springframework.context.support.AbstractApplicationContext.finishBeanFactoryInitialization(AbstractApplicationContext.java:977)
	at org.springframework.context.support.AbstractApplicationContext.refresh(AbstractApplicationContext.java:621)
	at org.springframework.boot.web.server.servlet.context.ServletWebServerApplicationContext.refresh(ServletWebServerApplicationContext.java:143)
	at org.springframework.boot.SpringApplication.refresh(SpringApplication.java:756)
	at org.springframework.boot.SpringApplication.refreshContext(SpringApplication.java:445)
	at org.springframework.boot.SpringApplication.run(SpringApplication.java:321)
	at org.springframework.boot.SpringApplication.run(SpringApplication.java:1365)
	at org.springframework.boot.SpringApplication.run(SpringApplication.java:1354)
	at ru.aston.user.service.UserServiceApplication.main(UserServiceApplication.java:10)
Caused by: org.postgresql.util.PSQLException: ОШИБКА: отношение "users" уже существует
	at org.postgresql.core.v3.QueryExecutorImpl.receiveErrorResponse(QueryExecutorImpl.java:2993)
	at org.postgresql.core.v3.QueryExecutorImpl.processResults(QueryExecutorImpl.java:2656)
	at org.postgresql.core.v3.QueryExecutorImpl.execute(QueryExecutorImpl.java:446)
	at org.postgresql.jdbc.PgStatement.executeInternal(PgStatement.java:533)
	at org.postgresql.jdbc.PgStatement.execute(PgStatement.java:449)
	at org.postgresql.jdbc.PgStatement.executeWithFlags(PgStatement.java:371)
	at org.postgresql.jdbc.PgStatement.executeCachedSql(PgStatement.java:356)
	at org.postgresql.jdbc.PgStatement.executeWithFlags(PgStatement.java:332)
	at org.postgresql.jdbc.PgStatement.execute(PgStatement.java:327)
	at com.zaxxer.hikari.pool.ProxyStatement.execute(ProxyStatement.java:95)
	at com.zaxxer.hikari.pool.HikariProxyStatement.execute(HikariProxyStatement.java)
	at liquibase.executor.jvm.JdbcExecutor$ExecuteStatementCallback.doInStatement(JdbcExecutor.java:517)
	... 65 common frames omitted
2026-09-20 01:18:31 [main] DEBUG liquibase.servicelocator - Loaded liquibase.report.ShowSummaryGenerator instance liquibase.report.StandardShowSummaryGenerator
2026-09-20 01:18:31 [main] DEBUG liquibase.util - Computed checksum for  as d41d8cd98f00b204e9800998ecf8427e
2026-09-20 01:18:31 [main] INFO  liquibase.util - UPDATE SUMMARY
2026-09-20 01:18:31 [main] INFO  liquibase.util - Run:                          0
2026-09-20 01:18:31 [main] INFO  liquibase.util - Previously run:               0
2026-09-20 01:18:31 [main] INFO  liquibase.util - Filtered out:                 0
2026-09-20 01:18:31 [main] INFO  liquibase.util - -------------------------------
2026-09-20 01:18:31 [main] INFO  liquibase.util - Total change sets:            1
2026-09-20 01:18:31 [main] INFO  liquibase.util - Update summary generated
2026-09-20 01:18:31 [main] INFO  liquibase.command - Update command encountered an exception.
2026-09-20 01:18:31 [main] DEBUG liquibase.executor - Release Database Lock
2026-09-20 01:18:31 [main] DEBUG liquibase.executor - Changelog query completed.
2026-09-20 01:18:31 [main] INFO  liquibase.lockservice - Successfully released change log lock
2026-09-20 01:18:31 [main] INFO  liquibase.command - Logging exception.
2026-09-20 01:18:31 [main] INFO  liquibase.ui - ERROR: Exception Details
2026-09-20 01:18:31 [main] INFO  liquibase.ui - ERROR: Exception Primary Class:  PSQLException
2026-09-20 01:18:31 [main] INFO  liquibase.ui - ERROR: Exception Primary Reason:  ОШИБКА: отношение "users" уже существует
2026-09-20 01:18:31 [main] INFO  liquibase.ui - ERROR: Exception Primary Source:  PostgreSQL 17.4
2026-09-20 01:18:31 [main] INFO  liquibase.command - Command execution complete
2026-09-20 01:18:31 [main] WARN  o.s.b.w.s.s.c.AnnotationConfigServletWebServerApplicationContext - Exception encountered during context initialization - cancelling refresh attempt: org.springframework.beans.factory.BeanCreationException: Error creating bean with name 'entityManagerFactory' defined in class path resource [org/springframework/boot/hibernate/autoconfigure/HibernateJpaConfiguration.class]: Failed to initialize dependency 'liquibase' of LoadTimeWeaverAware bean 'entityManagerFactory': Error creating bean with name 'liquibase' defined in class path resource [org/springframework/boot/liquibase/autoconfigure/LiquibaseAutoConfiguration$LiquibaseConfiguration.class]: liquibase.exception.CommandExecutionException: liquibase.exception.LiquibaseException: liquibase.exception.MigrationFailedException: Migration failed for changeset db/changelog/changes/001-create-users.yaml::001-create-users::ruzleer:
     Reason: liquibase.exception.DatabaseException: ОШИБКА: отношение "users" уже существует [Failed SQL: (0) CREATE TABLE public.users (id BIGINT GENERATED BY DEFAULT AS IDENTITY NOT NULL, age INTEGER NOT NULL, name VARCHAR(255) NOT NULL, email VARCHAR(255) NOT NULL, created_at TIMESTAMP WITHOUT TIME ZONE NOT NULL, CONSTRAINT users_pkey PRIMARY KEY (id), UNIQUE (email))]
2026-09-20 01:18:31 [main] INFO  com.zaxxer.hikari.HikariDataSource - HikariPool-1 - Shutdown initiated...
2026-09-20 01:18:31 [main] DEBUG com.zaxxer.hikari.pool.HikariPool - HikariPool-1 - Before shutdown stats (total=10/10, idle=10/10, active=0, waiting=0)
2026-09-20 01:18:31 [HikariPool-1:connection-closer] DEBUG com.zaxxer.hikari.pool.PoolBase - HikariPool-1 - Closing connection org.postgresql.jdbc.PgConnection@6aa7e176: (connection evicted)
2026-09-20 01:18:31 [HikariPool-1:connection-closer] DEBUG com.zaxxer.hikari.pool.PoolBase - HikariPool-1 - Closing connection org.postgresql.jdbc.PgConnection@60695118: (connection evicted)
2026-09-20 01:18:31 [HikariPool-1:connection-closer] DEBUG com.zaxxer.hikari.pool.PoolBase - HikariPool-1 - Closing connection org.postgresql.jdbc.PgConnection@6eaeb365: (connection evicted)
2026-09-20 01:18:31 [HikariPool-1:connection-closer] DEBUG com.zaxxer.hikari.pool.PoolBase - HikariPool-1 - Closing connection org.postgresql.jdbc.PgConnection@6a913a68: (connection evicted)
2026-09-20 01:18:31 [HikariPool-1:connection-closer] DEBUG com.zaxxer.hikari.pool.PoolBase - HikariPool-1 - Closing connection org.postgresql.jdbc.PgConnection@2f93b95e: (connection evicted)
2026-09-20 01:18:31 [HikariPool-1:connection-closer] DEBUG com.zaxxer.hikari.pool.PoolBase - HikariPool-1 - Closing connection org.postgresql.jdbc.PgConnection@5d8cc25: (connection evicted)
2026-09-20 01:18:31 [HikariPool-1:connection-closer] DEBUG com.zaxxer.hikari.pool.PoolBase - HikariPool-1 - Closing connection org.postgresql.jdbc.PgConnection@1ef67260: (connection evicted)
2026-09-20 01:18:31 [HikariPool-1:connection-closer] DEBUG com.zaxxer.hikari.pool.PoolBase - HikariPool-1 - Closing connection org.postgresql.jdbc.PgConnection@7d5759ac: (connection evicted)
2026-09-20 01:18:31 [HikariPool-1:connection-closer] DEBUG com.zaxxer.hikari.pool.PoolBase - HikariPool-1 - Closing connection org.postgresql.jdbc.PgConnection@4fbc4611: (connection evicted)
2026-09-20 01:18:31 [HikariPool-1:connection-closer] DEBUG com.zaxxer.hikari.pool.PoolBase - HikariPool-1 - Closing connection org.postgresql.jdbc.PgConnection@c460227: (connection evicted)
2026-09-20 01:18:31 [main] DEBUG com.zaxxer.hikari.pool.HikariPool - HikariPool-1 - After  shutdown stats (total=0/10, idle=0/10, active=0, waiting=0)
2026-09-20 01:18:31 [main] INFO  com.zaxxer.hikari.HikariDataSource - HikariPool-1 - Shutdown completed.
2026-09-20 01:18:31 [main] DEBUG o.s.s.c.ThreadPoolTaskExecutor - Shutting down ExecutorService 'applicationTaskExecutor'
2026-09-20 01:18:31 [main] INFO  o.a.catalina.core.StandardService - Stopping service [Tomcat]
2026-09-20 01:18:31 [main] DEBUG o.s.b.a.l.ConditionEvaluationReportLogger - 


============================
CONDITIONS EVALUATION REPORT
============================


Positive matches:
-----------------

   AopAutoConfiguration matched:
      - @ConditionalOnBooleanProperty (spring.aop.auto=true) matched (OnPropertyCondition)

   AopAutoConfiguration.AspectJAutoProxyingConfiguration matched:
      - @ConditionalOnClass found required class 'org.aspectj.weaver.Advice' (OnClassCondition)

   AopAutoConfiguration.AspectJAutoProxyingConfiguration.CglibAutoProxyConfiguration matched:
      - @ConditionalOnBooleanProperty (spring.aop.proxy-target-class=true) matched (OnPropertyCondition)

   ApplicationAvailabilityAutoConfiguration#applicationAvailability matched:
      - @ConditionalOnMissingBean (types: org.springframework.boot.availability.ApplicationAvailability; SearchStrategy: all) did not find any beans (OnBeanCondition)

   DataJpaRepositoriesAutoConfiguration matched:
      - @ConditionalOnClass found required class 'org.springframework.data.jpa.repository.JpaRepository' (OnClassCondition)
      - @ConditionalOnBooleanProperty (spring.data.jpa.repositories.enabled=true) matched (OnPropertyCondition)
      - @ConditionalOnBean (types: javax.sql.DataSource; SearchStrategy: all) found bean 'dataSource'; @ConditionalOnMissingBean (types: org.springframework.data.jpa.repository.support.JpaRepositoryFactoryBean,org.springframework.data.jpa.repository.config.JpaRepositoryConfigExtension; SearchStrategy: all) did not find any beans (OnBeanCondition)

   DataSourceAutoConfiguration matched:
      - @ConditionalOnClass found required classes 'javax.sql.DataSource', 'org.springframework.jdbc.datasource.embedded.EmbeddedDatabaseType' (OnClassCondition)
      - @ConditionalOnMissingBean (types: io.r2dbc.spi.ConnectionFactory; SearchStrategy: all) did not find any beans (OnBeanCondition)

   DataSourceAutoConfiguration.PooledDataSourceConfiguration matched:
      - AnyNestedCondition 1 matched 1 did not; NestedCondition on DataSourceAutoConfiguration.PooledDataSourceCondition.PooledDataSourceAvailable PooledDataSource found supported DataSource; NestedCondition on DataSourceAutoConfiguration.PooledDataSourceCondition.ExplicitType @ConditionalOnProperty (spring.datasource.type) did not find property 'spring.datasource.type' (DataSourceAutoConfiguration.PooledDataSourceCondition)
      - @ConditionalOnMissingBean (types: javax.sql.DataSource,javax.sql.XADataSource; SearchStrategy: all) did not find any beans (OnBeanCondition)

   DataSourceAutoConfiguration.PooledDataSourceConfiguration#jdbcConnectionDetails matched:
      - @ConditionalOnMissingBean (types: org.springframework.boot.jdbc.autoconfigure.JdbcConnectionDetails; SearchStrategy: all) did not find any beans (OnBeanCondition)

   DataSourceConfiguration.Hikari matched:
      - @ConditionalOnClass found required class 'com.zaxxer.hikari.HikariDataSource' (OnClassCondition)
      - @ConditionalOnProperty (spring.datasource.type=com.zaxxer.hikari.HikariDataSource) matched (OnPropertyCondition)
      - @ConditionalOnMissingBean (types: javax.sql.DataSource; SearchStrategy: all) did not find any beans (OnBeanCondition)

   DataSourceInitializationAutoConfiguration matched:
      - @ConditionalOnClass found required class 'org.springframework.jdbc.datasource.init.DatabasePopulator' (OnClassCondition)
      - SQL InitializationDatabase Initialization default value is EMBEDDED (OnSqlInitializationCondition)
      - @ConditionalOnSingleCandidate (types: javax.sql.DataSource; SearchStrategy: all) found a single bean 'dataSource'; @ConditionalOnMissingBean (types: org.springframework.boot.sql.autoconfigure.init.ApplicationScriptDatabaseInitializer; SearchStrategy: all) did not find any beans (OnBeanCondition)

   DataSourceJmxConfiguration matched:
      - @ConditionalOnBooleanProperty (spring.jmx.enabled=true) matched (OnPropertyCondition)

   DataSourceJmxConfiguration.Hikari matched:
      - @ConditionalOnClass found required class 'com.zaxxer.hikari.HikariDataSource' (OnClassCondition)
      - @ConditionalOnSingleCandidate (types: javax.sql.DataSource; SearchStrategy: all) found a single bean 'dataSource' (OnBeanCondition)

   DataSourcePoolMetadataProvidersConfiguration.HikariPoolDataSourceMetadataProviderConfiguration matched:
      - @ConditionalOnClass found required class 'com.zaxxer.hikari.HikariDataSource' (OnClassCondition)

   DataSourceTransactionManagerAutoConfiguration matched:
      - @ConditionalOnClass found required classes 'javax.sql.DataSource', 'org.springframework.jdbc.core.JdbcTemplate', 'org.springframework.transaction.TransactionManager' (OnClassCondition)

   DataSourceTransactionManagerAutoConfiguration.JdbcTransactionManagerConfiguration matched:
      - @ConditionalOnSingleCandidate (types: javax.sql.DataSource; SearchStrategy: all) found a single bean 'dataSource' (OnBeanCondition)

   DataWebAutoConfiguration matched:
      - @ConditionalOnClass found required classes 'org.springframework.data.web.PageableHandlerMethodArgumentResolver', 'org.springframework.web.servlet.config.annotation.WebMvcConfigurer' (OnClassCondition)
      - found 'session' scope (OnWebApplicationCondition)
      - @ConditionalOnMissingBean (types: org.springframework.data.web.PageableHandlerMethodArgumentResolver; SearchStrategy: all) did not find any beans (OnBeanCondition)

   DataWebAutoConfiguration#pageableCustomizer matched:
      - @ConditionalOnMissingBean (types: org.springframework.data.web.config.PageableHandlerMethodArgumentResolverCustomizer; SearchStrategy: all) did not find any beans (OnBeanCondition)

   DataWebAutoConfiguration#sortCustomizer matched:
      - @ConditionalOnMissingBean (types: org.springframework.data.web.config.SortHandlerMethodArgumentResolverCustomizer; SearchStrategy: all) did not find any beans (OnBeanCondition)

   DataWebAutoConfiguration#springDataWebSettings matched:
      - @ConditionalOnMissingBean (types: org.springframework.data.web.config.SpringDataWebSettings; SearchStrategy: all) did not find any beans (OnBeanCondition)

   DispatcherServletAutoConfiguration matched:
      - @ConditionalOnClass found required class 'org.springframework.web.servlet.DispatcherServlet' (OnClassCondition)
      - found 'session' scope (OnWebApplicationCondition)

   DispatcherServletAutoConfiguration.DispatcherServletConfiguration matched:
      - @ConditionalOnClass found required class 'jakarta.servlet.ServletRegistration' (OnClassCondition)
      - Default DispatcherServlet did not find dispatcher servlet beans (DispatcherServletAutoConfiguration.DefaultDispatcherServletCondition)

   DispatcherServletAutoConfiguration.DispatcherServletRegistrationConfiguration matched:
      - @ConditionalOnClass found required class 'jakarta.servlet.ServletRegistration' (OnClassCondition)
      - DispatcherServlet Registration did not find servlet registration bean (DispatcherServletAutoConfiguration.DispatcherServletRegistrationCondition)

   DispatcherServletAutoConfiguration.DispatcherServletRegistrationConfiguration#dispatcherServletRegistration matched:
      - @ConditionalOnBean (names: dispatcherServlet types: org.springframework.web.servlet.DispatcherServlet; SearchStrategy: all) found bean 'dispatcherServlet' (OnBeanCondition)

   ErrorMvcAutoConfiguration matched:
      - @ConditionalOnClass found required classes 'jakarta.servlet.Servlet', 'org.springframework.web.servlet.DispatcherServlet' (OnClassCondition)
      - found 'session' scope (OnWebApplicationCondition)

   ErrorMvcAutoConfiguration#basicErrorController matched:
      - @ConditionalOnMissingBean (types: org.springframework.boot.webmvc.error.ErrorController; SearchStrategy: current) did not find any beans (OnBeanCondition)

   ErrorMvcAutoConfiguration#errorAttributes matched:
      - @ConditionalOnMissingBean (types: org.springframework.boot.webmvc.error.ErrorAttributes; SearchStrategy: current) did not find any beans (OnBeanCondition)

   ErrorMvcAutoConfiguration.DefaultErrorViewResolverConfiguration#conventionErrorViewResolver matched:
      - @ConditionalOnBean (types: org.springframework.web.servlet.DispatcherServlet; SearchStrategy: all) found bean 'dispatcherServlet'; @ConditionalOnMissingBean (types: org.springframework.boot.webmvc.autoconfigure.error.ErrorViewResolver; SearchStrategy: all) did not find any beans (OnBeanCondition)

   ErrorMvcAutoConfiguration.WhitelabelErrorViewConfiguration matched:
      - @ConditionalOnBooleanProperty (spring.web.error.whitelabel.enabled=true) matched (OnPropertyCondition)
      - ErrorTemplate Missing did not find error template view (ErrorMvcAutoConfiguration.ErrorTemplateMissingCondition)

   ErrorMvcAutoConfiguration.WhitelabelErrorViewConfiguration#beanNameViewResolver matched:
      - @ConditionalOnMissingBean (types: org.springframework.web.servlet.view.BeanNameViewResolver; SearchStrategy: all) did not find any beans (OnBeanCondition)

   ErrorMvcAutoConfiguration.WhitelabelErrorViewConfiguration#defaultErrorView matched:
      - @ConditionalOnMissingBean (names: error; SearchStrategy: all) did not find any beans (OnBeanCondition)

   HibernateJpaAutoConfiguration matched:
      - @ConditionalOnClass found required classes 'org.springframework.orm.jpa.LocalContainerEntityManagerFactoryBean', 'jakarta.persistence.EntityManager', 'org.hibernate.engine.spi.SessionImplementor' (OnClassCondition)

   HibernateJpaConfiguration matched:
      - @ConditionalOnSingleCandidate (types: javax.sql.DataSource; SearchStrategy: all) found a single bean 'dataSource' (OnBeanCondition)

   HttpEncodingAutoConfiguration matched:
      - @ConditionalOnClass found required class 'org.springframework.web.filter.CharacterEncodingFilter' (OnClassCondition)
      - found 'session' scope (OnWebApplicationCondition)
      - @ConditionalOnBooleanProperty (spring.servlet.encoding.enabled=true) matched (OnPropertyCondition)

   HttpEncodingAutoConfiguration#characterEncodingFilter matched:
      - @ConditionalOnMissingBean (types: org.springframework.web.filter.CharacterEncodingFilter; SearchStrategy: all) did not find any beans (OnBeanCondition)

   HttpMessageConvertersAutoConfiguration matched:
      - @ConditionalOnClass found required class 'org.springframework.http.converter.HttpMessageConverter' (OnClassCondition)
      - NoneNestedConditions 0 matched 1 did not; NestedCondition on HttpMessageConvertersAutoConfiguration.NotReactiveWebApplicationCondition.ReactiveWebApplication did not find reactive web application classes (HttpMessageConvertersAutoConfiguration.NotReactiveWebApplicationCondition)

   HttpMessageConvertersAutoConfiguration.StringHttpMessageConverterConfiguration#stringHttpMessageConvertersCustomizer matched:
      - @ConditionalOnMissingBean (types: org.springframework.http.converter.StringHttpMessageConverter; SearchStrategy: all) did not find any beans (OnBeanCondition)

   JacksonAutoConfiguration matched:
      - @ConditionalOnClass found required class 'tools.jackson.databind.json.JsonMapper' (OnClassCondition)

   JacksonAutoConfiguration#jacksonJsonMapper matched:
      - @ConditionalOnMissingBean (types: tools.jackson.databind.json.JsonMapper; SearchStrategy: all) did not find any beans (OnBeanCondition)

   JacksonAutoConfiguration#jsonFactory matched:
      - @ConditionalOnMissingBean (types: tools.jackson.core.json.JsonFactory; SearchStrategy: all) did not find any beans (OnBeanCondition)

   JacksonAutoConfiguration#jsonMapperBuilder matched:
      - @ConditionalOnMissingBean (types: tools.jackson.databind.json.JsonMapper$Builder; SearchStrategy: all) did not find any beans (OnBeanCondition)

   JacksonAutoConfiguration.JsonProblemDetailsConfiguration matched:
      - @ConditionalOnClass found required class 'org.springframework.http.ProblemDetail' (OnClassCondition)

   JacksonHttpMessageConvertersConfiguration.JacksonJsonHttpMessageConverterConfiguration matched:
      - @ConditionalOnClass found required class 'tools.jackson.databind.json.JsonMapper' (OnClassCondition)
      - @ConditionalOnProperty (spring.http.converters.preferred-json-mapper=jackson) matched (OnPropertyCondition)
      - @ConditionalOnBean (types: tools.jackson.databind.json.JsonMapper; SearchStrategy: all) found bean 'jacksonJsonMapper' (OnBeanCondition)

   JacksonHttpMessageConvertersConfiguration.JacksonJsonHttpMessageConverterConfiguration#jacksonJsonHttpMessageConvertersCustomizer matched:
      - @ConditionalOnMissingBean (types: org.springframework.http.converter.json.JacksonJsonHttpMessageConverter ignored: org.springframework.hateoas.server.mvc.TypeConstrainedJacksonJsonHttpMessageConverter,org.springframework.data.rest.webmvc.alps.AlpsJacksonJsonHttpMessageConverter; SearchStrategy: all) did not find any beans (OnBeanCondition)

   JdbcClientAutoConfiguration matched:
      - @ConditionalOnSingleCandidate (types: org.springframework.jdbc.core.namedparam.NamedParameterJdbcTemplate; SearchStrategy: all) found a single bean 'namedParameterJdbcTemplate'; @ConditionalOnMissingBean (types: org.springframework.jdbc.core.simple.JdbcClient; SearchStrategy: all) did not find any beans (OnBeanCondition)

   JdbcTemplateAutoConfiguration matched:
      - @ConditionalOnClass found required classes 'javax.sql.DataSource', 'org.springframework.jdbc.core.JdbcTemplate' (OnClassCondition)
      - @ConditionalOnSingleCandidate (types: javax.sql.DataSource; SearchStrategy: all) found a single bean 'dataSource' (OnBeanCondition)

   JdbcTemplateConfiguration matched:
      - @ConditionalOnMissingBean (types: org.springframework.jdbc.core.JdbcOperations; SearchStrategy: all) did not find any beans (OnBeanCondition)

   JmxAutoConfiguration matched:
      - @ConditionalOnClass found required class 'org.springframework.jmx.export.MBeanExporter' (OnClassCondition)
      - @ConditionalOnBooleanProperty (spring.jmx.enabled=true) matched (OnPropertyCondition)

   JmxAutoConfiguration#mbeanExporter matched:
      - @ConditionalOnMissingBean (types: org.springframework.jmx.export.MBeanExporter; SearchStrategy: current) did not find any beans (OnBeanCondition)

   JmxAutoConfiguration#mbeanServer matched:
      - @ConditionalOnMissingBean (types: javax.management.MBeanServer; SearchStrategy: all) did not find any beans (OnBeanCondition)

   JmxAutoConfiguration#objectNamingStrategy matched:
      - @ConditionalOnMissingBean (types: org.springframework.jmx.export.naming.ObjectNamingStrategy; SearchStrategy: current) did not find any beans (OnBeanCondition)

   JpaBaseConfiguration#entityManagerFactory matched:
      - @ConditionalOnMissingBean (types: org.springframework.orm.jpa.LocalContainerEntityManagerFactoryBean,jakarta.persistence.EntityManagerFactory; SearchStrategy: all) did not find any beans (OnBeanCondition)

   JpaBaseConfiguration#entityManagerFactoryBuilder matched:
      - @ConditionalOnMissingBean (types: org.springframework.boot.jpa.EntityManagerFactoryBuilder; SearchStrategy: all) did not find any beans (OnBeanCondition)

   JpaBaseConfiguration#jpaVendorAdapter matched:
      - @ConditionalOnMissingBean (types: org.springframework.orm.jpa.JpaVendorAdapter; SearchStrategy: all) did not find any beans (OnBeanCondition)

   JpaBaseConfiguration#transactionManager matched:
      - @ConditionalOnMissingBean (types: org.springframework.transaction.TransactionManager; SearchStrategy: all) did not find any beans (OnBeanCondition)

   JpaBaseConfiguration.PersistenceManagedTypesConfiguration matched:
      - @ConditionalOnMissingBean (types: org.springframework.orm.jpa.LocalContainerEntityManagerFactoryBean,jakarta.persistence.EntityManagerFactory; SearchStrategy: all) did not find any beans (OnBeanCondition)

   JpaBaseConfiguration.PersistenceManagedTypesConfiguration#persistenceManagedTypes matched:
      - @ConditionalOnMissingBean (types: org.springframework.orm.jpa.persistenceunit.PersistenceManagedTypes; SearchStrategy: all) did not find any beans (OnBeanCondition)

   JtaAutoConfiguration matched:
      - @ConditionalOnClass found required class 'jakarta.transaction.Transaction' (OnClassCondition)
      - @ConditionalOnBooleanProperty (spring.jta.enabled=true) matched (OnPropertyCondition)

   LifecycleAutoConfiguration#defaultLifecycleProcessor matched:
      - @ConditionalOnMissingBean (names: lifecycleProcessor; SearchStrategy: current) did not find any beans (OnBeanCondition)

   LiquibaseAutoConfiguration matched:
      - @ConditionalOnClass found required classes 'liquibase.integration.spring.SpringLiquibase', 'liquibase.change.DatabaseChange' (OnClassCondition)
      - @ConditionalOnBooleanProperty (spring.liquibase.enabled=true) matched (OnPropertyCondition)
      - AnyNestedCondition 2 matched 1 did not; NestedCondition on LiquibaseAutoConfiguration.LiquibaseDataSourceCondition.LiquibaseUrlCondition @ConditionalOnProperty (spring.liquibase.url) did not find property 'spring.liquibase.url'; NestedCondition on LiquibaseAutoConfiguration.LiquibaseDataSourceCondition.JdbcConnectionDetailsCondition @ConditionalOnBean (types: org.springframework.boot.jdbc.autoconfigure.JdbcConnectionDetails; SearchStrategy: all) found bean 'jdbcConnectionDetails'; NestedCondition on LiquibaseAutoConfiguration.LiquibaseDataSourceCondition.DataSourceBeanCondition @ConditionalOnBean (types: javax.sql.DataSource; SearchStrategy: all) found bean 'dataSource' (LiquibaseAutoConfiguration.LiquibaseDataSourceCondition)

   LiquibaseAutoConfiguration.CustomizerConfiguration matched:
      - @ConditionalOnClass found required class 'liquibase.integration.spring.Customizer' (OnClassCondition)

   LiquibaseAutoConfiguration.LiquibaseConfiguration matched:
      - @ConditionalOnClass found required class 'org.springframework.jdbc.core.ConnectionCallback' (OnClassCondition)
      - @ConditionalOnMissingBean (types: liquibase.integration.spring.SpringLiquibase; SearchStrategy: all) did not find any beans (OnBeanCondition)

   LiquibaseAutoConfiguration.LiquibaseConfiguration#liquibaseConnectionDetails matched:
      - @ConditionalOnMissingBean (types: org.springframework.boot.liquibase.autoconfigure.LiquibaseConnectionDetails; SearchStrategy: all) did not find any beans (OnBeanCondition)

   MultipartAutoConfiguration matched:
      - @ConditionalOnClass found required classes 'jakarta.servlet.Servlet', 'org.springframework.web.multipart.support.StandardServletMultipartResolver', 'jakarta.servlet.MultipartConfigElement' (OnClassCondition)
      - found 'session' scope (OnWebApplicationCondition)
      - @ConditionalOnBooleanProperty (spring.servlet.multipart.enabled=true) matched (OnPropertyCondition)

   MultipartAutoConfiguration#multipartConfigElement matched:
      - @ConditionalOnMissingBean (types: jakarta.servlet.MultipartConfigElement; SearchStrategy: all) did not find any beans (OnBeanCondition)

   MultipartAutoConfiguration#multipartResolver matched:
      - @ConditionalOnMissingBean (types: org.springframework.web.multipart.MultipartResolver; SearchStrategy: all) did not find any beans (OnBeanCondition)

   NamedParameterJdbcTemplateConfiguration matched:
      - @ConditionalOnSingleCandidate (types: org.springframework.jdbc.core.JdbcTemplate; SearchStrategy: all) found a single bean 'jdbcTemplate'; @ConditionalOnMissingBean (types: org.springframework.jdbc.core.namedparam.NamedParameterJdbcOperations; SearchStrategy: all) did not find any beans (OnBeanCondition)

   PersistenceExceptionTranslationAutoConfiguration matched:
      - @ConditionalOnClass found required class 'org.springframework.dao.annotation.PersistenceExceptionTranslationPostProcessor' (OnClassCondition)

   PersistenceExceptionTranslationAutoConfiguration#persistenceExceptionTranslationPostProcessor matched:
      - @ConditionalOnBooleanProperty (spring.persistence.exceptiontranslation.enabled=true) matched (OnPropertyCondition)
      - @ConditionalOnMissingBean (types: org.springframework.dao.annotation.PersistenceExceptionTranslationPostProcessor; SearchStrategy: all) did not find any beans (OnBeanCondition)

   PropertyPlaceholderAutoConfiguration#propertySourcesPlaceholderConfigurer matched:
      - @ConditionalOnMissingBean (types: org.springframework.context.support.PropertySourcesPlaceholderConfigurer; SearchStrategy: current) did not find any beans (OnBeanCondition)

   SpringApplicationAdminJmxAutoConfiguration matched:
      - @ConditionalOnBooleanProperty (spring.application.admin.enabled=true) matched (OnPropertyCondition)

   SpringApplicationAdminJmxAutoConfiguration#springApplicationAdminRegistrar matched:
      - @ConditionalOnMissingBean (types: org.springframework.boot.admin.SpringApplicationAdminMXBeanRegistrar; SearchStrategy: all) did not find any beans (OnBeanCondition)

   SslAutoConfiguration#sslBundleRegistry matched:
      - @ConditionalOnMissingBean (types: org.springframework.boot.ssl.SslBundleRegistry,org.springframework.boot.ssl.SslBundles; SearchStrategy: all) did not find any beans (OnBeanCondition)

   TaskExecutionAutoConfiguration matched:
      - @ConditionalOnClass found required class 'org.springframework.scheduling.concurrent.ThreadPoolTaskExecutor' (OnClassCondition)

   TaskExecutorConfigurations.AsyncConfigurerConfiguration matched:
      - @ConditionalOnMissingBean (types: org.springframework.scheduling.annotation.AsyncConfigurer; SearchStrategy: all) did not find any beans (OnBeanCondition)

   TaskExecutorConfigurations.SimpleAsyncTaskExecutorBuilderConfiguration#simpleAsyncTaskExecutorBuilder matched:
      - @ConditionalOnMissingBean (types: org.springframework.boot.task.SimpleAsyncTaskExecutorBuilder; SearchStrategy: all) did not find any beans (OnBeanCondition)
      - @ConditionalOnThreading found PLATFORM (OnThreadingCondition)

   TaskExecutorConfigurations.TaskExecutorConfiguration matched:
      - AnyNestedCondition 1 matched 1 did not; NestedCondition on TaskExecutorConfigurations.OnExecutorCondition.ModelCondition @ConditionalOnProperty (spring.task.execution.mode=force) did not find property 'spring.task.execution.mode'; NestedCondition on TaskExecutorConfigurations.OnExecutorCondition.ExecutorBeanCondition @ConditionalOnMissingBean (types: java.util.concurrent.Executor; SearchStrategy: all) did not find any beans (TaskExecutorConfigurations.OnExecutorCondition)

   TaskExecutorConfigurations.TaskExecutorConfiguration#applicationTaskExecutor matched:
      - @ConditionalOnThreading found PLATFORM (OnThreadingCondition)

   TaskExecutorConfigurations.ThreadPoolTaskExecutorBuilderConfiguration#threadPoolTaskExecutorBuilder matched:
      - @ConditionalOnMissingBean (types: org.springframework.boot.task.ThreadPoolTaskExecutorBuilder; SearchStrategy: all) did not find any beans (OnBeanCondition)

   TaskSchedulingAutoConfiguration matched:
      - @ConditionalOnClass found required class 'org.springframework.scheduling.concurrent.ThreadPoolTaskScheduler' (OnClassCondition)

   TaskSchedulingConfigurations.SimpleAsyncTaskSchedulerBuilderConfiguration#simpleAsyncTaskSchedulerBuilder matched:
      - @ConditionalOnMissingBean (types: org.springframework.boot.task.SimpleAsyncTaskSchedulerBuilder; SearchStrategy: all) did not find any beans (OnBeanCondition)
      - @ConditionalOnThreading found PLATFORM (OnThreadingCondition)

   TaskSchedulingConfigurations.ThreadPoolTaskSchedulerBuilderConfiguration#threadPoolTaskSchedulerBuilder matched:
      - @ConditionalOnMissingBean (types: org.springframework.boot.task.ThreadPoolTaskSchedulerBuilder; SearchStrategy: all) did not find any beans (OnBeanCondition)

   TomcatServletWebServerAutoConfiguration matched:
      - @ConditionalOnClass found required classes 'jakarta.servlet.ServletRequest', 'org.apache.catalina.startup.Tomcat', 'org.apache.coyote.UpgradeProtocol', 'org.springframework.boot.tomcat.servlet.TomcatServletWebServerFactory' (OnClassCondition)
      - found 'session' scope (OnWebApplicationCondition)

   TomcatServletWebServerAutoConfiguration#tomcatServletWebServerFactory matched:
      - @ConditionalOnMissingBean (types: org.springframework.boot.web.server.servlet.ServletWebServerFactory; SearchStrategy: current) did not find any beans (OnBeanCondition)

   TomcatWebServerConfiguration matched:
      - @ConditionalOnWarDeployment the application is not deployed as a WAR file. (OnWarDeploymentCondition)

   TomcatWebServerConfiguration.TomcatWebSocketConfiguration matched:
      - @ConditionalOnClass found required class 'org.apache.tomcat.websocket.server.WsSci' (OnClassCondition)

   TransactionAutoConfiguration matched:
      - @ConditionalOnClass found required class 'org.springframework.transaction.PlatformTransactionManager' (OnClassCondition)

   TransactionAutoConfiguration.EnableTransactionManagementConfiguration matched:
      - @ConditionalOnBean (types: org.springframework.transaction.TransactionManager; SearchStrategy: all) found bean 'transactionManager'; @ConditionalOnMissingBean (types: org.springframework.transaction.annotation.AbstractTransactionManagementConfiguration; SearchStrategy: all) did not find any beans (OnBeanCondition)

   TransactionAutoConfiguration.EnableTransactionManagementConfiguration.CglibAutoProxyConfiguration matched:
      - @ConditionalOnBooleanProperty (spring.aop.proxy-target-class=true) matched (OnPropertyCondition)

   TransactionAutoConfiguration.TransactionTemplateConfiguration matched:
      - @ConditionalOnSingleCandidate (types: org.springframework.transaction.PlatformTransactionManager; SearchStrategy: all) found a single bean 'transactionManager' (OnBeanCondition)

   TransactionAutoConfiguration.TransactionTemplateConfiguration#transactionTemplate matched:
      - @ConditionalOnMissingBean (types: org.springframework.transaction.support.TransactionOperations; SearchStrategy: all) did not find any beans (OnBeanCondition)

   TransactionManagerCustomizationAutoConfiguration matched:
      - @ConditionalOnClass found required class 'org.springframework.transaction.PlatformTransactionManager' (OnClassCondition)

   TransactionManagerCustomizationAutoConfiguration#platformTransactionManagerCustomizers matched:
      - @ConditionalOnMissingBean (types: org.springframework.boot.transaction.autoconfigure.TransactionManagerCustomizers; SearchStrategy: all) did not find any beans (OnBeanCondition)

   ValidationAutoConfiguration matched:
      - @ConditionalOnClass found required class 'jakarta.validation.executable.ExecutableValidator' (OnClassCondition)
      - @ConditionalOnResource found location classpath:META-INF/services/jakarta.validation.spi.ValidationProvider (OnResourceCondition)

   ValidationAutoConfiguration#defaultValidator matched:
      - @ConditionalOnMissingBean (types: jakarta.validation.Validator; SearchStrategy: all) did not find any beans (OnBeanCondition)

   ValidationAutoConfiguration#methodValidationPostProcessor matched:
      - @ConditionalOnMissingBean (types: org.springframework.validation.beanvalidation.MethodValidationPostProcessor; SearchStrategy: current) did not find any beans (OnBeanCondition)

   WebMvcAutoConfiguration matched:
      - @ConditionalOnClass found required classes 'jakarta.servlet.Servlet', 'org.springframework.web.servlet.DispatcherServlet', 'org.springframework.web.servlet.config.annotation.WebMvcConfigurer' (OnClassCondition)
      - found 'session' scope (OnWebApplicationCondition)
      - @ConditionalOnMissingBean (types: org.springframework.web.servlet.config.annotation.WebMvcConfigurationSupport; SearchStrategy: all) did not find any beans (OnBeanCondition)

   WebMvcAutoConfiguration#formContentFilter matched:
      - @ConditionalOnBooleanProperty (spring.mvc.formcontent.filter.enabled=true) matched (OnPropertyCondition)
      - @ConditionalOnMissingBean (types: org.springframework.web.filter.FormContentFilter; SearchStrategy: all) did not find any beans (OnBeanCondition)

   WebMvcAutoConfiguration.EnableWebMvcConfiguration#flashMapManager matched:
      - @ConditionalOnMissingBean (names: flashMapManager; SearchStrategy: all) did not find any beans (OnBeanCondition)

   WebMvcAutoConfiguration.EnableWebMvcConfiguration#localeResolver matched:
      - @ConditionalOnMissingBean (names: localeResolver; SearchStrategy: all) did not find any beans (OnBeanCondition)

   WebMvcAutoConfiguration.EnableWebMvcConfiguration#viewNameTranslator matched:
      - @ConditionalOnMissingBean (names: viewNameTranslator; SearchStrategy: all) did not find any beans (OnBeanCondition)

   WebMvcAutoConfiguration.WebMvcAutoConfigurationAdapter#defaultViewResolver matched:
      - @ConditionalOnMissingBean (types: org.springframework.web.servlet.view.InternalResourceViewResolver; SearchStrategy: all) did not find any beans (OnBeanCondition)

   WebMvcAutoConfiguration.WebMvcAutoConfigurationAdapter#requestContextFilter matched:
      - @ConditionalOnMissingBean (types: org.springframework.web.context.request.RequestContextListener,org.springframework.web.filter.RequestContextFilter; SearchStrategy: all) did not find any beans (OnBeanCondition)

   WebMvcAutoConfiguration.WebMvcAutoConfigurationAdapter#viewResolver matched:
      - @ConditionalOnBean (types: org.springframework.web.servlet.ViewResolver; SearchStrategy: all) found beans 'defaultViewResolver', 'beanNameViewResolver', 'mvcViewResolver'; @ConditionalOnMissingBean (names: viewResolver types: org.springframework.web.servlet.view.ContentNegotiatingViewResolver; SearchStrategy: all) did not find any beans (OnBeanCondition)


Negative matches:
-----------------

   AopAutoConfiguration.AspectJAutoProxyingConfiguration.JdkDynamicAutoProxyConfiguration:
      Did not match:
         - @ConditionalOnBooleanProperty (spring.aop.proxy-target-class=false) did not find property 'spring.aop.proxy-target-class' (OnPropertyCondition)

   AopAutoConfiguration.ClassProxyingConfiguration:
      Did not match:
         - @ConditionalOnMissingClass found unwanted class 'org.aspectj.weaver.Advice' (OnClassCondition)

   DataJpaRepositoriesAutoConfiguration#entityManagerFactoryBootstrapExecutorCustomizer:
      Did not match:
         - @ConditionalOnProperty (spring.data.jpa.repositories.bootstrap-mode=deferred) did not find property 'spring.data.jpa.repositories.bootstrap-mode' (OnPropertyCondition)

   DataRepositoryMetricsAutoConfiguration:
      Did not match:
         - @ConditionalOnBean did not find required type 'io.micrometer.core.instrument.MeterRegistry' (OnBeanCondition)

   DataSourceAutoConfiguration.EmbeddedDatabaseConfiguration:
      Did not match:
         - EmbeddedDataSource spring.datasource.url is set (DataSourceAutoConfiguration.EmbeddedDatabaseCondition)

   DataSourceCheckpointRestoreConfiguration:
      Did not match:
         - @ConditionalOnClass did not find required class 'org.crac.Resource' (OnClassCondition)

   DataSourceConfiguration.Dbcp2:
      Did not match:
         - @ConditionalOnClass did not find required class 'org.apache.commons.dbcp2.BasicDataSource' (OnClassCondition)

   DataSourceConfiguration.Generic:
      Did not match:
         - @ConditionalOnProperty (spring.datasource.type) did not find property 'spring.datasource.type' (OnPropertyCondition)

   DataSourceConfiguration.OracleUcp:
      Did not match:
         - @ConditionalOnClass did not find required classes 'oracle.ucp.jdbc.PoolDataSourceImpl', 'oracle.jdbc.OracleConnection' (OnClassCondition)

   DataSourceConfiguration.Tomcat:
      Did not match:
         - @ConditionalOnClass did not find required class 'org.apache.tomcat.jdbc.pool.DataSource' (OnClassCondition)

   DataSourceHealthContributorAutoConfiguration:
      Did not match:
         - @ConditionalOnClass did not find required class 'org.springframework.boot.health.autoconfigure.contributor.ConditionalOnEnabledHealthIndicator' (OnClassCondition)

   DataSourceJmxConfiguration.TomcatDataSourceJmxConfiguration:
      Did not match:
         - @ConditionalOnClass did not find required class 'org.apache.tomcat.jdbc.pool.DataSourceProxy' (OnClassCondition)

   DataSourcePoolMetadataProvidersConfiguration.CommonsDbcp2PoolDataSourceMetadataProviderConfiguration:
      Did not match:
         - @ConditionalOnClass did not find required class 'org.apache.commons.dbcp2.BasicDataSource' (OnClassCondition)

   DataSourcePoolMetadataProvidersConfiguration.OracleUcpPoolDataSourceMetadataProviderConfiguration:
      Did not match:
         - @ConditionalOnClass did not find required classes 'oracle.ucp.jdbc.PoolDataSource', 'oracle.jdbc.OracleConnection' (OnClassCondition)

   DataSourcePoolMetadataProvidersConfiguration.TomcatDataSourcePoolMetadataProviderConfiguration:
      Did not match:
         - @ConditionalOnClass did not find required class 'org.apache.tomcat.jdbc.pool.DataSource' (OnClassCondition)

   DataSourcePoolMetricsAutoConfiguration:
      Did not match:
         - @ConditionalOnClass did not find required class 'io.micrometer.core.instrument.MeterRegistry' (OnClassCondition)

   DataSourceTransactionManagerAutoConfiguration.JdbcTransactionManagerConfiguration#transactionManager:
      Did not match:
         - @ConditionalOnMissingBean (types: org.springframework.transaction.TransactionManager; SearchStrategy: all) found beans of type 'org.springframework.transaction.TransactionManager' transactionManager (OnBeanCondition)

   DispatcherServletAutoConfiguration.DispatcherServletConfiguration#multipartResolver:
      Did not match:
         - @ConditionalOnBean (types: org.springframework.web.multipart.MultipartResolver; SearchStrategy: all) did not find any beans of type org.springframework.web.multipart.MultipartResolver (OnBeanCondition)

   GsonHttpMessageConvertersConfiguration:
      Did not match:
         - @ConditionalOnClass did not find required class 'com.google.gson.Gson' (OnClassCondition)

   HibernateMetricsAutoConfiguration:
      Did not match:
         - @ConditionalOnClass did not find required class 'io.micrometer.core.instrument.MeterRegistry' (OnClassCondition)

   Jackson2HttpMessageConvertersConfiguration.MappingJackson2HttpMessageConverterConfiguration:
      Did not match:
         - @ConditionalOnClass did not find required class 'com.fasterxml.jackson.databind.ObjectMapper' (OnClassCondition)

   Jackson2HttpMessageConvertersConfiguration.MappingJackson2XmlHttpMessageConverterConfiguration:
      Did not match:
         - @ConditionalOnClass did not find required class 'com.fasterxml.jackson.dataformat.xml.XmlMapper' (OnClassCondition)

   JacksonAutoConfiguration.CborConfiguration:
      Did not match:
         - @ConditionalOnClass did not find required class 'tools.jackson.dataformat.cbor.CBORMapper' (OnClassCondition)

   JacksonAutoConfiguration.XmlConfiguration:
      Did not match:
         - @ConditionalOnClass did not find required class 'tools.jackson.dataformat.xml.XmlMapper' (OnClassCondition)

   JacksonHttpMessageConvertersConfiguration.JacksonXmlHttpMessageConverterConfiguration:
      Did not match:
         - @ConditionalOnClass did not find required class 'tools.jackson.dataformat.xml.XmlMapper' (OnClassCondition)

   JndiDataSourceAutoConfiguration:
      Did not match:
         - @ConditionalOnProperty (spring.datasource.jndi-name) did not find property 'spring.datasource.jndi-name' (OnPropertyCondition)
      Matched:
         - @ConditionalOnClass found required classes 'javax.sql.DataSource', 'org.springframework.jdbc.datasource.embedded.EmbeddedDatabaseType' (OnClassCondition)

   JndiJtaConfiguration:
      Did not match:
         - @ConditionalOnJndi JNDI environment is not available (OnJndiCondition)
      Matched:
         - @ConditionalOnClass found required class 'org.springframework.transaction.jta.JtaTransactionManager' (OnClassCondition)

   JpaBaseConfiguration.JpaWebConfiguration:
      Did not match:
         - @ConditionalOnBooleanProperty (spring.jpa.open-in-view=true) found different value in property 'spring.jpa.open-in-view' (OnPropertyCondition)
      Matched:
         - @ConditionalOnClass found required class 'org.springframework.web.servlet.config.annotation.WebMvcConfigurer' (OnClassCondition)
         - found 'session' scope (OnWebApplicationCondition)

   JsonbHttpMessageConvertersConfiguration:
      Did not match:
         - @ConditionalOnClass did not find required class 'jakarta.json.bind.Jsonb' (OnClassCondition)

   KotlinSerializationHttpMessageConvertersConfiguration:
      Did not match:
         - @ConditionalOnClass did not find required classes 'kotlinx.serialization.Serializable', 'kotlinx.serialization.json.Json' (OnClassCondition)

   LazyConnectionDataSourceConfiguration:
      Did not match:
         - @ConditionalOnProperty (spring.datasource.connection-fetch=lazy) did not find property 'spring.datasource.connection-fetch' (OnPropertyCondition)

   LiquibaseAutoConfiguration.CustomizerConfiguration#springLiquibaseCustomizer:
      Did not match:
         - @ConditionalOnBean (types: liquibase.integration.spring.Customizer; SearchStrategy: all) did not find any beans of type liquibase.integration.spring.Customizer (OnBeanCondition)

   LiquibaseEndpointAutoConfiguration:
      Did not match:
         - @ConditionalOnClass did not find required class 'org.springframework.boot.actuate.autoconfigure.endpoint.condition.ConditionalOnAvailableEndpoint' (OnClassCondition)

   MessageSourceAutoConfiguration:
      Did not match:
         - ResourceBundle did not find bundle with basename messages (MessageSourceAutoConfiguration.ResourceBundleCondition)

   ProjectInfoAutoConfiguration#buildProperties:
      Did not match:
         - @ConditionalOnResource did not find resource '${spring.info.build.location:classpath:META-INF/build-info.properties}' (OnResourceCondition)

   ProjectInfoAutoConfiguration#gitProperties:
      Did not match:
         - GitResource did not find git info at classpath:git.properties (ProjectInfoAutoConfiguration.GitResourceAvailableCondition)

   ServletHttpExchangesAutoConfiguration:
      Did not match:
         - @ConditionalOnBean did not find required type 'org.springframework.boot.actuate.web.exchanges.HttpExchangeRepository' (OnBeanCondition)

   ServletManagementContextAutoConfiguration:
      Did not match:
         - @ConditionalOnClass did not find required class 'org.springframework.boot.actuate.autoconfigure.endpoint.web.WebEndpointProperties' (OnClassCondition)

   ServletMappingsAutoConfiguration:
      Did not match:
         - @ConditionalOnClass did not find required class 'org.springframework.boot.actuate.autoconfigure.endpoint.condition.ConditionalOnAvailableEndpoint' (OnClassCondition)

   ServletWebServerConfiguration#forwardedHeaderFilter:
      Did not match:
         - @ConditionalOnProperty (server.forward-headers-strategy=framework) did not find property 'server.forward-headers-strategy' (OnPropertyCondition)

   TaskExecutorConfigurations.AsyncConfigurerWrapperConfiguration:
      Did not match:
         - @ConditionalOnBean (types: org.springframework.scheduling.annotation.AsyncConfigurer; SearchStrategy: all) did not find any beans of type org.springframework.scheduling.annotation.AsyncConfigurer (OnBeanCondition)

   TaskExecutorConfigurations.SimpleAsyncTaskExecutorBuilderConfiguration#simpleAsyncTaskExecutorBuilderVirtualThreads:
      Did not match:
         - @ConditionalOnMissingBean (types: org.springframework.boot.task.SimpleAsyncTaskExecutorBuilder; SearchStrategy: all) found beans of type 'org.springframework.boot.task.SimpleAsyncTaskExecutorBuilder' simpleAsyncTaskExecutorBuilder (OnBeanCondition)

   TaskExecutorConfigurations.TaskExecutorConfiguration#applicationTaskExecutorVirtualThreads:
      Did not match:
         - @ConditionalOnThreading did not find VIRTUAL (OnThreadingCondition)

   TaskExecutorConfigurations.TaskExecutorContextPropagationConfiguration:
      Did not match:
         - @ConditionalOnClass did not find required class 'io.micrometer.context.ContextSnapshot' (OnClassCondition)

   TaskSchedulingAutoConfiguration#scheduledBeanLazyInitializationExcludeFilter:
      Did not match:
         - @ConditionalOnBean (names: org.springframework.scheduling.config.internalScheduledAnnotationProcessor; SearchStrategy: all) did not find any beans named org.springframework.scheduling.config.internalScheduledAnnotationProcessor (OnBeanCondition)

   TaskSchedulingConfigurations.SimpleAsyncTaskSchedulerBuilderConfiguration#simpleAsyncTaskSchedulerBuilderVirtualThreads:
      Did not match:
         - @ConditionalOnMissingBean (types: org.springframework.boot.task.SimpleAsyncTaskSchedulerBuilder; SearchStrategy: all) found beans of type 'org.springframework.boot.task.SimpleAsyncTaskSchedulerBuilder' simpleAsyncTaskSchedulerBuilder (OnBeanCondition)

   TaskSchedulingConfigurations.TaskSchedulerConfiguration:
      Did not match:
         - @ConditionalOnBean (names: org.springframework.scheduling.config.internalScheduledAnnotationProcessor; SearchStrategy: all) did not find any beans named org.springframework.scheduling.config.internalScheduledAnnotationProcessor (OnBeanCondition)

   TomcatMetricsAutoConfiguration:
      Did not match:
         - @ConditionalOnClass did not find required class 'io.micrometer.core.instrument.binder.tomcat.TomcatMetrics' (OnClassCondition)

   TomcatReactiveManagementContextAutoConfiguration:
      Did not match:
         - @ConditionalOnClass did not find required class 'org.springframework.boot.actuate.autoconfigure.web.server.ManagementContextFactory' (OnClassCondition)

   TomcatReactiveWebServerAutoConfiguration:
      Did not match:
         - @ConditionalOnWebApplication did not find reactive web application classes (OnWebApplicationCondition)

   TomcatServletManagementContextAutoConfiguration:
      Did not match:
         - @ConditionalOnClass did not find required class 'org.springframework.boot.actuate.autoconfigure.web.server.ManagementContextFactory' (OnClassCondition)

   TomcatServletWebServerAutoConfiguration#tomcatForwardedHeaderFilterCustomizer:
      Did not match:
         - @ConditionalOnProperty (server.forward-headers-strategy=framework) did not find property 'server.forward-headers-strategy' (OnPropertyCondition)

   TomcatWebServerConfiguration#tomcatVirtualThreadsProtocolHandlerCustomizer:
      Did not match:
         - @ConditionalOnThreading did not find VIRTUAL (OnThreadingCondition)

   TransactionAutoConfiguration#transactionalOperator:
      Did not match:
         - @ConditionalOnSingleCandidate (types: org.springframework.transaction.ReactiveTransactionManager; SearchStrategy: all) did not find any beans (OnBeanCondition)

   TransactionAutoConfiguration.AspectJTransactionManagementConfiguration:
      Did not match:
         - @ConditionalOnBean (types: org.springframework.transaction.aspectj.AbstractTransactionAspect; SearchStrategy: all) did not find any beans of type org.springframework.transaction.aspectj.AbstractTransactionAspect (OnBeanCondition)

   TransactionAutoConfiguration.EnableTransactionManagementConfiguration.JdkDynamicAutoProxyConfiguration:
      Did not match:
         - @ConditionalOnBooleanProperty (spring.aop.proxy-target-class=false) did not find property 'spring.aop.proxy-target-class' (OnPropertyCondition)

   WebMvcAutoConfiguration#hiddenHttpMethodFilter:
      Did not match:
         - @ConditionalOnBooleanProperty (spring.mvc.hiddenmethod.filter.enabled=true) did not find property 'spring.mvc.hiddenmethod.filter.enabled' (OnPropertyCondition)

   WebMvcAutoConfiguration.ProblemDetailsErrorHandlingConfiguration:
      Did not match:
         - @ConditionalOnBooleanProperty (spring.mvc.problemdetails.enabled=true) did not find property 'spring.mvc.problemdetails.enabled' (OnPropertyCondition)

   WebMvcAutoConfiguration.ResourceChainCustomizerConfiguration:
      Did not match:
         - @ConditionalOnEnabledResourceChain did not find class org.webjars.WebJarVersionLocator (OnEnabledResourceChainCondition)

   WebMvcAutoConfiguration.WebMvcAutoConfigurationAdapter#beanNameViewResolver:
      Did not match:
         - @ConditionalOnMissingBean (types: org.springframework.web.servlet.view.BeanNameViewResolver; SearchStrategy: all) found beans of type 'org.springframework.web.servlet.view.BeanNameViewResolver' beanNameViewResolver (OnBeanCondition)

   WebMvcHealthEndpointExtensionAutoConfiguration:
      Did not match:
         - @ConditionalOnClass did not find required class 'org.springframework.boot.health.actuate.endpoint.HealthEndpoint' (OnClassCondition)

   WebMvcMappingsAutoConfiguration:
      Did not match:
         - @ConditionalOnClass did not find required class 'org.springframework.boot.actuate.autoconfigure.endpoint.condition.ConditionalOnAvailableEndpoint' (OnClassCondition)

   WebMvcObservationAutoConfiguration:
      Did not match:
         - @ConditionalOnClass did not find required class 'org.springframework.boot.micrometer.observation.autoconfigure.ObservationProperties' (OnClassCondition)

   XADataSourceAutoConfiguration:
      Did not match:
         - @ConditionalOnBean (types: org.springframework.boot.jdbc.XADataSourceWrapper; SearchStrategy: all) did not find any beans of type org.springframework.boot.jdbc.XADataSourceWrapper (OnBeanCondition)
      Matched:
         - @ConditionalOnClass found required classes 'javax.sql.DataSource', 'jakarta.transaction.TransactionManager', 'org.springframework.jdbc.datasource.embedded.EmbeddedDatabaseType' (OnClassCondition)


Exclusions:
-----------

    None


Unconditional classes:
----------------------

    org.springframework.boot.autoconfigure.context.ConfigurationPropertiesAutoConfiguration

    org.springframework.boot.autoconfigure.ssl.SslAutoConfiguration

    org.springframework.boot.autoconfigure.context.LifecycleAutoConfiguration

    org.springframework.boot.autoconfigure.context.PropertyPlaceholderAutoConfiguration

    org.springframework.boot.autoconfigure.availability.ApplicationAvailabilityAutoConfiguration

    org.springframework.boot.autoconfigure.info.ProjectInfoAutoConfiguration



2026-09-20 01:18:31 [main] ERROR o.s.boot.SpringApplication - Application run failed
org.springframework.beans.factory.BeanCreationException: Error creating bean with name 'entityManagerFactory' defined in class path resource [org/springframework/boot/hibernate/autoconfigure/HibernateJpaConfiguration.class]: Failed to initialize dependency 'liquibase' of LoadTimeWeaverAware bean 'entityManagerFactory': Error creating bean with name 'liquibase' defined in class path resource [org/springframework/boot/liquibase/autoconfigure/LiquibaseAutoConfiguration$LiquibaseConfiguration.class]: liquibase.exception.CommandExecutionException: liquibase.exception.LiquibaseException: liquibase.exception.MigrationFailedException: Migration failed for changeset db/changelog/changes/001-create-users.yaml::001-create-users::ruzleer:
     Reason: liquibase.exception.DatabaseException: ОШИБКА: отношение "users" уже существует [Failed SQL: (0) CREATE TABLE public.users (id BIGINT GENERATED BY DEFAULT AS IDENTITY NOT NULL, age INTEGER NOT NULL, name VARCHAR(255) NOT NULL, email VARCHAR(255) NOT NULL, created_at TIMESTAMP WITHOUT TIME ZONE NOT NULL, CONSTRAINT users_pkey PRIMARY KEY (id), UNIQUE (email))]
	at org.springframework.beans.factory.support.AbstractBeanFactory.doGetBean(AbstractBeanFactory.java:322)
	at org.springframework.beans.factory.support.AbstractBeanFactory.getBean(AbstractBeanFactory.java:201)
	at org.springframework.context.support.AbstractApplicationContext.finishBeanFactoryInitialization(AbstractApplicationContext.java:977)
	at org.springframework.context.support.AbstractApplicationContext.refresh(AbstractApplicationContext.java:621)
	at org.springframework.boot.web.server.servlet.context.ServletWebServerApplicationContext.refresh(ServletWebServerApplicationContext.java:143)
	at org.springframework.boot.SpringApplication.refresh(SpringApplication.java:756)
	at org.springframework.boot.SpringApplication.refreshContext(SpringApplication.java:445)
	at org.springframework.boot.SpringApplication.run(SpringApplication.java:321)
	at org.springframework.boot.SpringApplication.run(SpringApplication.java:1365)
	at org.springframework.boot.SpringApplication.run(SpringApplication.java:1354)
	at ru.aston.user.service.UserServiceApplication.main(UserServiceApplication.java:10)
Caused by: org.springframework.beans.factory.BeanCreationException: Error creating bean with name 'liquibase' defined in class path resource [org/springframework/boot/liquibase/autoconfigure/LiquibaseAutoConfiguration$LiquibaseConfiguration.class]: liquibase.exception.CommandExecutionException: liquibase.exception.LiquibaseException: liquibase.exception.MigrationFailedException: Migration failed for changeset db/changelog/changes/001-create-users.yaml::001-create-users::ruzleer:
     Reason: liquibase.exception.DatabaseException: ОШИБКА: отношение "users" уже существует [Failed SQL: (0) CREATE TABLE public.users (id BIGINT GENERATED BY DEFAULT AS IDENTITY NOT NULL, age INTEGER NOT NULL, name VARCHAR(255) NOT NULL, email VARCHAR(255) NOT NULL, created_at TIMESTAMP WITHOUT TIME ZONE NOT NULL, CONSTRAINT users_pkey PRIMARY KEY (id), UNIQUE (email))]
	at org.springframework.beans.factory.support.AbstractAutowireCapableBeanFactory.initializeBean(AbstractAutowireCapableBeanFactory.java:1815)
	at org.springframework.beans.factory.support.AbstractAutowireCapableBeanFactory.doCreateBean(AbstractAutowireCapableBeanFactory.java:603)
	at org.springframework.beans.factory.support.AbstractAutowireCapableBeanFactory.createBean(AbstractAutowireCapableBeanFactory.java:525)
	at org.springframework.beans.factory.support.AbstractBeanFactory.lambda$doGetBean$0(AbstractBeanFactory.java:333)
	at org.springframework.beans.factory.support.DefaultSingletonBeanRegistry.getSingleton(DefaultSingletonBeanRegistry.java:371)
	at org.springframework.beans.factory.support.AbstractBeanFactory.doGetBean(AbstractBeanFactory.java:331)
	at org.springframework.beans.factory.support.AbstractBeanFactory.getBean(AbstractBeanFactory.java:196)
	at org.springframework.beans.factory.support.AbstractBeanFactory.doGetBean(AbstractBeanFactory.java:309)
	... 10 common frames omitted
Caused by: liquibase.exception.LiquibaseException: liquibase.exception.CommandExecutionException: liquibase.exception.LiquibaseException: liquibase.exception.MigrationFailedException: Migration failed for changeset db/changelog/changes/001-create-users.yaml::001-create-users::ruzleer:
     Reason: liquibase.exception.DatabaseException: ОШИБКА: отношение "users" уже существует [Failed SQL: (0) CREATE TABLE public.users (id BIGINT GENERATED BY DEFAULT AS IDENTITY NOT NULL, age INTEGER NOT NULL, name VARCHAR(255) NOT NULL, email VARCHAR(255) NOT NULL, created_at TIMESTAMP WITHOUT TIME ZONE NOT NULL, CONSTRAINT users_pkey PRIMARY KEY (id), UNIQUE (email))]
	at liquibase.integration.spring.SpringLiquibase.afterPropertiesSet(SpringLiquibase.java:289)
	at org.springframework.beans.factory.support.AbstractAutowireCapableBeanFactory.invokeInitMethods(AbstractAutowireCapableBeanFactory.java:1862)
	at org.springframework.beans.factory.support.AbstractAutowireCapableBeanFactory.initializeBean(AbstractAutowireCapableBeanFactory.java:1811)
	... 17 common frames omitted
Caused by: liquibase.exception.CommandExecutionException: liquibase.exception.LiquibaseException: liquibase.exception.MigrationFailedException: Migration failed for changeset db/changelog/changes/001-create-users.yaml::001-create-users::ruzleer:
     Reason: liquibase.exception.DatabaseException: ОШИБКА: отношение "users" уже существует [Failed SQL: (0) CREATE TABLE public.users (id BIGINT GENERATED BY DEFAULT AS IDENTITY NOT NULL, age INTEGER NOT NULL, name VARCHAR(255) NOT NULL, email VARCHAR(255) NOT NULL, created_at TIMESTAMP WITHOUT TIME ZONE NOT NULL, CONSTRAINT users_pkey PRIMARY KEY (id), UNIQUE (email))]
	at liquibase.command.CommandScope.lambda$execute$5(CommandScope.java:325)
	at liquibase.Scope.child(Scope.java:252)
	at liquibase.Scope.child(Scope.java:228)
	at liquibase.command.CommandScope.execute(CommandScope.java:257)
	at liquibase.Liquibase.lambda$update$0(Liquibase.java:216)
	at liquibase.Scope.lambda$child$0(Scope.java:243)
	at liquibase.Scope.child(Scope.java:252)
	at liquibase.Scope.child(Scope.java:242)
	at liquibase.Scope.child(Scope.java:221)
	at liquibase.Liquibase.runInScope(Liquibase.java:1366)
	at liquibase.Liquibase.update(Liquibase.java:205)
	at liquibase.Liquibase.update(Liquibase.java:188)
	at liquibase.integration.spring.SpringLiquibase.performUpdate(SpringLiquibase.java:327)
	at liquibase.integration.spring.SpringLiquibase.lambda$afterPropertiesSet$0(SpringLiquibase.java:279)
	at liquibase.Scope.lambda$child$0(Scope.java:243)
	at liquibase.Scope.child(Scope.java:252)
	at liquibase.Scope.child(Scope.java:242)
	at liquibase.Scope.child(Scope.java:221)
	at liquibase.integration.spring.SpringLiquibase.afterPropertiesSet(SpringLiquibase.java:272)
	... 19 common frames omitted
Caused by: liquibase.exception.LiquibaseException: liquibase.exception.MigrationFailedException: Migration failed for changeset db/changelog/changes/001-create-users.yaml::001-create-users::ruzleer:
     Reason: liquibase.exception.DatabaseException: ОШИБКА: отношение "users" уже существует [Failed SQL: (0) CREATE TABLE public.users (id BIGINT GENERATED BY DEFAULT AS IDENTITY NOT NULL, age INTEGER NOT NULL, name VARCHAR(255) NOT NULL, email VARCHAR(255) NOT NULL, created_at TIMESTAMP WITHOUT TIME ZONE NOT NULL, CONSTRAINT users_pkey PRIMARY KEY (id), UNIQUE (email))]
	at liquibase.changelog.ChangeLogIterator.run(ChangeLogIterator.java:155)
	at liquibase.command.core.AbstractUpdateCommandStep.lambda$run$1(AbstractUpdateCommandStep.java:122)
	at liquibase.Scope.lambda$child$0(Scope.java:243)
	at liquibase.Scope.child(Scope.java:252)
	at liquibase.Scope.child(Scope.java:242)
	at liquibase.Scope.child(Scope.java:221)
	at liquibase.command.core.AbstractUpdateCommandStep.run(AbstractUpdateCommandStep.java:120)
	at liquibase.command.core.UpdateCommandStep.run(UpdateCommandStep.java:100)
	at liquibase.command.CommandScope.lambda$execute$5(CommandScope.java:269)
	... 37 common frames omitted
Caused by: liquibase.exception.MigrationFailedException: Migration failed for changeset db/changelog/changes/001-create-users.yaml::001-create-users::ruzleer:
     Reason: liquibase.exception.DatabaseException: ОШИБКА: отношение "users" уже существует [Failed SQL: (0) CREATE TABLE public.users (id BIGINT GENERATED BY DEFAULT AS IDENTITY NOT NULL, age INTEGER NOT NULL, name VARCHAR(255) NOT NULL, email VARCHAR(255) NOT NULL, created_at TIMESTAMP WITHOUT TIME ZONE NOT NULL, CONSTRAINT users_pkey PRIMARY KEY (id), UNIQUE (email))]
	at liquibase.changelog.ChangeSet.execute(ChangeSet.java:918)
	at liquibase.changelog.visitor.UpdateVisitor.executeAcceptedChange(UpdateVisitor.java:127)
	at liquibase.changelog.visitor.UpdateVisitor.visit(UpdateVisitor.java:71)
	at liquibase.changelog.ChangeLogIterator.lambda$run$0(ChangeLogIterator.java:133)
	at liquibase.Scope.lambda$child$0(Scope.java:243)
	at liquibase.Scope.child(Scope.java:252)
	at liquibase.Scope.child(Scope.java:242)
	at liquibase.Scope.child(Scope.java:221)
	at liquibase.changelog.ChangeLogIterator.lambda$run$1(ChangeLogIterator.java:122)
	at liquibase.Scope.lambda$child$0(Scope.java:243)
	at liquibase.Scope.child(Scope.java:252)
	at liquibase.Scope.child(Scope.java:242)
	at liquibase.Scope.child(Scope.java:221)
	at liquibase.Scope.child(Scope.java:309)
	at liquibase.Scope.child(Scope.java:313)
	at liquibase.changelog.ChangeLogIterator.run(ChangeLogIterator.java:91)
	... 45 common frames omitted
Caused by: liquibase.exception.DatabaseException: ОШИБКА: отношение "users" уже существует [Failed SQL: (0) CREATE TABLE public.users (id BIGINT GENERATED BY DEFAULT AS IDENTITY NOT NULL, age INTEGER NOT NULL, name VARCHAR(255) NOT NULL, email VARCHAR(255) NOT NULL, created_at TIMESTAMP WITHOUT TIME ZONE NOT NULL, CONSTRAINT users_pkey PRIMARY KEY (id), UNIQUE (email))]
	at liquibase.executor.jvm.JdbcExecutor$ExecuteStatementCallback.doInStatement(JdbcExecutor.java:525)
	at liquibase.executor.jvm.JdbcExecutor.execute(JdbcExecutor.java:85)
	at liquibase.executor.jvm.JdbcExecutor.execute(JdbcExecutor.java:188)
	at liquibase.executor.AbstractExecutor.execute(AbstractExecutor.java:148)
	at liquibase.database.AbstractJdbcDatabase.executeStatements(AbstractJdbcDatabase.java:1198)
	at liquibase.changelog.ChangeSet.execute(ChangeSet.java:860)
	... 60 common frames omitted
Caused by: org.postgresql.util.PSQLException: ОШИБКА: отношение "users" уже существует
	at org.postgresql.core.v3.QueryExecutorImpl.receiveErrorResponse(QueryExecutorImpl.java:2993)
	at org.postgresql.core.v3.QueryExecutorImpl.processResults(QueryExecutorImpl.java:2656)
	at org.postgresql.core.v3.QueryExecutorImpl.execute(QueryExecutorImpl.java:446)
	at org.postgresql.jdbc.PgStatement.executeInternal(PgStatement.java:533)
	at org.postgresql.jdbc.PgStatement.execute(PgStatement.java:449)
	at org.postgresql.jdbc.PgStatement.executeWithFlags(PgStatement.java:371)
	at org.postgresql.jdbc.PgStatement.executeCachedSql(PgStatement.java:356)
	at org.postgresql.jdbc.PgStatement.executeWithFlags(PgStatement.java:332)
	at org.postgresql.jdbc.PgStatement.execute(PgStatement.java:327)
	at com.zaxxer.hikari.pool.ProxyStatement.execute(ProxyStatement.java:95)
	at com.zaxxer.hikari.pool.HikariProxyStatement.execute(HikariProxyStatement.java)
	at liquibase.executor.jvm.JdbcExecutor$ExecuteStatementCallback.doInStatement(JdbcExecutor.java:517)
	... 65 common frames omitted
2026-09-20 01:20:37 [main] DEBUG o.s.t.c.s.AbstractContextLoader - Could not detect default resource locations for test class [ru.aston.user.service.repository.UserRepositoryTest]: no resource found for suffixes {-context.xml, Context.groovy}.
2026-09-20 01:20:37 [main] INFO  o.s.t.c.s.AnnotationConfigContextLoaderUtils - Could not detect default configuration classes for test class [ru.aston.user.service.repository.UserRepositoryTest]: UserRepositoryTest does not declare any static, non-private, non-final, nested classes annotated with @Configuration.
2026-09-20 01:20:37 [main] DEBUG o.s.b.d.j.t.a.DataJpaTestContextBootstrapper - Using ContextCustomizerFactory implementations for test class [UserRepositoryTest]: [SpringBootTestRandomPortContextCustomizerFactory, ImportsContextCustomizerFactory, PropertyMappingContextCustomizerFactory, ExcludeFilterContextCustomizerFactory, TypeExcludeFiltersContextCustomizerFactory, DisableReactorResourceFactoryGlobalResourcesContextCustomizerFactory, DuplicateJsonObjectContextCustomizerFactory, OnFailureConditionReportContextCustomizerFactory, OverrideAutoConfigurationContextCustomizerFactory, BeanOverrideContextCustomizerFactory, MockServerContainerContextCustomizerFactory, DynamicPropertiesContextCustomizerFactory]
2026-09-20 01:20:37 [main] DEBUG o.s.b.d.j.t.a.DataJpaTestContextBootstrapper - Using ContextCustomizers for test class [UserRepositoryTest]: [SpringBootTestRandomPortContextCustomizer, ImportsContextCustomizer, PropertyMappingContextCustomizer, ExcludeFilterContextCustomizer, TypeExcludeFiltersContextCustomizer, DuplicateJsonObjectContextCustomizer, OnFailureConditionReportContextCustomizer, DisableAutoConfigurationContextCustomizer, DynamicPropertiesContextCustomizer]
2026-09-20 01:20:37 [main] DEBUG o.s.c.a.ClassPathScanningCandidateComponentProvider - Identified candidate component class: file [D:\aston\intensive\user-service\target\classes\ru\aston\user\service\UserServiceApplication.class]
2026-09-20 01:20:37 [main] INFO  o.s.b.t.c.SpringBootTestContextBootstrapper - Found @SpringBootConfiguration ru.aston.user.service.UserServiceApplication for test class ru.aston.user.service.repository.UserRepositoryTest
2026-09-20 01:20:37 [main] DEBUG o.s.t.c.s.AbstractContextLoader - Could not detect default resource locations for test class [ru.aston.user.service.repository.UserRepositoryTest]: no resource found for suffixes {-context.xml, Context.groovy}.
2026-09-20 01:20:37 [main] INFO  o.s.t.c.s.AnnotationConfigContextLoaderUtils - Could not detect default configuration classes for test class [ru.aston.user.service.repository.UserRepositoryTest]: UserRepositoryTest does not declare any static, non-private, non-final, nested classes annotated with @Configuration.
2026-09-20 01:20:37 [main] DEBUG o.s.b.d.j.t.a.DataJpaTestContextBootstrapper - Using ContextCustomizerFactory implementations for test class [UserRepositoryTest]: [SpringBootTestRandomPortContextCustomizerFactory, ImportsContextCustomizerFactory, PropertyMappingContextCustomizerFactory, ExcludeFilterContextCustomizerFactory, TypeExcludeFiltersContextCustomizerFactory, DisableReactorResourceFactoryGlobalResourcesContextCustomizerFactory, DuplicateJsonObjectContextCustomizerFactory, OnFailureConditionReportContextCustomizerFactory, OverrideAutoConfigurationContextCustomizerFactory, BeanOverrideContextCustomizerFactory, MockServerContainerContextCustomizerFactory, DynamicPropertiesContextCustomizerFactory]
2026-09-20 01:20:37 [main] DEBUG o.s.b.d.j.t.a.DataJpaTestContextBootstrapper - Using ContextCustomizers for test class [UserRepositoryTest]: [SpringBootTestRandomPortContextCustomizer, ImportsContextCustomizer, PropertyMappingContextCustomizer, ExcludeFilterContextCustomizer, TypeExcludeFiltersContextCustomizer, DuplicateJsonObjectContextCustomizer, OnFailureConditionReportContextCustomizer, DisableAutoConfigurationContextCustomizer, DynamicPropertiesContextCustomizer]
2026-09-20 01:20:37 [main] INFO  o.s.b.t.c.SpringBootTestContextBootstrapper - Found @SpringBootConfiguration ru.aston.user.service.UserServiceApplication for test class ru.aston.user.service.repository.UserRepositoryTest
2026-09-20 01:20:37 [main] DEBUG o.s.b.d.j.t.a.DataJpaTestContextBootstrapper - Neither @ContextConfiguration nor @ContextHierarchy found for test class [UserRepositoryTest]: using SpringBootContextLoader
2026-09-20 01:20:37 [main] DEBUG o.s.t.c.u.TestContextSpringFactoriesUtils - Skipping candidate TestExecutionListener [org.springframework.test.context.observation.MicrometerObservationRegistryTestExecutionListener] due to a missing dependency. Specify custom TestExecutionListener classes or make the default TestExecutionListener classes and their required dependencies available. Offending class: io.micrometer.context.ThreadLocalAccessor. MicrometerObservationRegistryTestExecutionListener requires io.micrometer:micrometer-observation:1.10.8 or higher and io.micrometer:context-propagation:1.0.3 or higher.
2026-09-20 01:20:37 [main] DEBUG o.s.b.d.j.t.a.DataJpaTestContextBootstrapper - Using TestExecutionListeners for test class [UserRepositoryTest]: [ServletTestExecutionListener, DirtiesContextBeforeModesTestExecutionListener, ApplicationEventsTestExecutionListener, BeanOverrideTestExecutionListener, DependencyInjectionTestExecutionListener, DirtiesContextTestExecutionListener, CommonCachesTestExecutionListener, TransactionalTestExecutionListener, SqlScriptsTestExecutionListener, EventPublishingTestExecutionListener, MockitoResetTestExecutionListener]
2026-09-20 01:20:37 [main] DEBUG o.s.t.c.s.DirtiesContextBeforeModesTestExecutionListener - Before test class: class [UserRepositoryTest], class annotated with @DirtiesContext [false] with mode [null]
2026-09-20 01:20:37 [main] DEBUG o.s.t.c.s.DependencyInjectionTestExecutionListener - Performing dependency injection for test class ru.aston.user.service.repository.UserRepositoryTest
2026-09-20 01:20:38 [main] INFO  r.a.u.s.r.UserRepositoryTest - Starting UserRepositoryTest using Java 24.0.1 with PID 24528 (started by Vadim in D:\aston\intensive\user-service)
2026-09-20 01:20:38 [main] DEBUG r.a.u.s.r.UserRepositoryTest - Running with Spring Boot v4.1.1, Spring v7.0.9
2026-09-20 01:20:38 [main] INFO  r.a.u.s.r.UserRepositoryTest - No active profile set, falling back to 1 default profile: "default"
2026-09-20 01:20:38 [main] DEBUG o.s.boot.SpringApplication - Loading source class ru.aston.user.service.UserServiceApplication
2026-09-20 01:20:38 [main] DEBUG o.s.c.a.AnnotationConfigApplicationContext - Refreshing org.springframework.context.annotation.AnnotationConfigApplicationContext@49d831c2
2026-09-20 01:20:38 [main] DEBUG o.s.b.f.s.DefaultListableBeanFactory - Creating shared instance of singleton bean 'org.springframework.context.annotation.internalConfigurationAnnotationProcessor'
2026-09-20 01:20:38 [main] DEBUG o.s.b.f.s.DefaultListableBeanFactory - Creating shared instance of singleton bean 'org.springframework.boot.autoconfigure.internalCachingMetadataReaderFactory'
2026-09-20 01:20:38 [background-preinit] DEBUG org.jboss.logging - Logging Provider: org.jboss.logging.Slf4jLoggerProvider found via system property
2026-09-20 01:20:38 [background-preinit] INFO  o.h.validator.internal.util.Version - HV000001: Hibernate Validator 9.1.3.Final
2026-09-20 01:20:38 [background-preinit] DEBUG o.h.v.i.x.config.ValidationXmlParser - Trying to load META-INF/validation.xml for XML based Validator configuration.
2026-09-20 01:20:38 [background-preinit] DEBUG o.h.v.i.x.c.ResourceLoaderHelper - Trying to load META-INF/validation.xml via TCCL
2026-09-20 01:20:38 [background-preinit] DEBUG o.h.v.i.x.c.ResourceLoaderHelper - Trying to load META-INF/validation.xml via Hibernate Validator's class loader
2026-09-20 01:20:38 [background-preinit] DEBUG o.h.v.i.x.config.ValidationXmlParser - No META-INF/validation.xml found. Using annotation based configuration only.
2026-09-20 01:20:38 [background-preinit] DEBUG o.h.v.i.e.r.TraversableResolvers - Found jakarta.persistence.Persistence on classpath containing 'getPersistenceUtil'. Assuming Jakarta Persistence environment. Trying to instantiate Jakarta Persistence aware TraversableResolver
2026-09-20 01:20:38 [background-preinit] DEBUG o.h.v.i.e.r.TraversableResolvers - Instantiated Jakarta Persistence aware TraversableResolver of type org.hibernate.validator.internal.engine.resolver.JPATraversableResolver.
2026-09-20 01:20:38 [background-preinit] DEBUG o.h.v.m.ResourceBundleMessageInterpolator - Loaded expression factory via original TCCL
2026-09-20 01:20:38 [background-preinit] DEBUG o.h.v.i.e.ValidatorFactoryConfigurationHelper - HV000252: Using org.hibernate.validator.internal.engine.DefaultPropertyNodeNameProvider as property node name provider.
2026-09-20 01:20:38 [background-preinit] DEBUG o.h.v.i.e.ValidatorFactoryConfigurationHelper - HV000234: Using org.hibernate.validator.messageinterpolation.ResourceBundleMessageInterpolator as ValidatorFactory-scoped message interpolator.
2026-09-20 01:20:38 [background-preinit] DEBUG o.h.v.i.e.ValidatorFactoryConfigurationHelper - HV000234: Using org.hibernate.validator.internal.engine.resolver.JPATraversableResolver as ValidatorFactory-scoped traversable resolver.
2026-09-20 01:20:38 [background-preinit] DEBUG o.h.v.i.e.ValidatorFactoryConfigurationHelper - HV000234: Using org.hibernate.validator.internal.util.ExecutableParameterNameProvider as ValidatorFactory-scoped parameter name provider.
2026-09-20 01:20:38 [background-preinit] DEBUG o.h.v.i.e.ValidatorFactoryConfigurationHelper - HV000234: Using org.hibernate.validator.internal.engine.DefaultClockProvider as ValidatorFactory-scoped clock provider.
2026-09-20 01:20:38 [background-preinit] DEBUG o.h.v.i.e.ValidatorFactoryConfigurationHelper - HV000234: Using org.hibernate.validator.internal.engine.scripting.DefaultScriptEvaluatorFactory as ValidatorFactory-scoped script evaluator factory.
2026-09-20 01:20:38 [main] INFO  o.s.d.r.c.RepositoryConfigurationDelegate - Bootstrapping Spring Data JPA repositories in DEFAULT mode.
2026-09-20 01:20:38 [main] DEBUG o.s.b.f.s.DefaultListableBeanFactory - Creating shared instance of singleton bean 'org.springframework.boot.autoconfigure.AutoConfigurationPackages'
2026-09-20 01:20:38 [main] DEBUG o.s.b.a.AutoConfigurationPackages - @EnableAutoConfiguration was declared on a class in the package 'ru.aston.user.service'. Automatic @Repository and @Entity scanning is enabled.
2026-09-20 01:20:38 [main] DEBUG o.s.d.r.c.RepositoryConfigurationDelegate - Scanning for JPA repositories in packages ru.aston.user.service.
2026-09-20 01:20:38 [main] DEBUG o.s.d.r.c.RepositoryComponentProvider - Identified candidate component class: file [D:\aston\intensive\user-service\target\classes\ru\aston\user\service\repository\UserRepository.class]
2026-09-20 01:20:38 [main] DEBUG o.s.c.a.ClassPathScanningCandidateComponentProvider - Identified candidate component class: file [D:\aston\intensive\user-service\target\classes\ru\aston\user\service\service\UserServiceImpl.class]
2026-09-20 01:20:38 [main] INFO  o.s.d.r.c.RepositoryConfigurationDelegate - Finished Spring Data repository scanning in 35 ms. Found 1 JPA repository interface.
2026-09-20 01:20:38 [main] DEBUG o.s.b.f.s.DefaultListableBeanFactory - Creating shared instance of singleton bean 'org.springframework.boot.test.context.ImportsContextCustomizer$ImportsCleanupPostProcessor'
2026-09-20 01:20:38 [main] DEBUG o.s.b.f.s.DefaultListableBeanFactory - Creating shared instance of singleton bean 'org.springframework.boot.sql.init.dependency.DatabaseInitializationDependencyConfigurer$DependsOnDatabaseInitializationPostProcessor'
2026-09-20 01:20:38 [main] DEBUG o.s.b.f.s.DefaultListableBeanFactory - Creating shared instance of singleton bean 'org.springframework.context.event.internalEventListenerProcessor'
2026-09-20 01:20:38 [main] DEBUG o.s.b.f.s.DefaultListableBeanFactory - Creating shared instance of singleton bean 'org.springframework.context.event.internalEventListenerFactory'
2026-09-20 01:20:38 [main] DEBUG o.s.b.f.s.DefaultListableBeanFactory - Creating shared instance of singleton bean 'org.springframework.transaction.config.internalTransactionalEventListenerFactory'
2026-09-20 01:20:38 [main] DEBUG o.s.b.f.s.DefaultListableBeanFactory - Creating shared instance of singleton bean 'org.springframework.context.annotation.internalAutowiredAnnotationProcessor'
2026-09-20 01:20:38 [main] DEBUG o.s.b.f.s.DefaultListableBeanFactory - Creating shared instance of singleton bean 'org.springframework.context.annotation.internalCommonAnnotationProcessor'
2026-09-20 01:20:38 [main] DEBUG o.s.b.f.s.DefaultListableBeanFactory - Creating shared instance of singleton bean 'org.springframework.context.annotation.internalPersistenceAnnotationProcessor'
2026-09-20 01:20:38 [main] DEBUG o.s.b.f.s.DefaultListableBeanFactory - Creating shared instance of singleton bean 'jdbcConnectionDetailsHikariBeanPostProcessor'
2026-09-20 01:20:38 [main] DEBUG o.s.b.f.s.DefaultListableBeanFactory - Creating shared instance of singleton bean 'org.springframework.boot.context.properties.ConfigurationPropertiesBindingPostProcessor'
2026-09-20 01:20:38 [main] DEBUG o.s.b.f.s.DefaultListableBeanFactory - Creating shared instance of singleton bean 'org.springframework.boot.context.internalConfigurationPropertiesBinder'
2026-09-20 01:20:38 [main] DEBUG o.s.b.f.s.DefaultListableBeanFactory - Creating shared instance of singleton bean 'org.springframework.aop.config.internalAutoProxyCreator'
2026-09-20 01:20:38 [main] DEBUG o.s.b.f.s.DefaultListableBeanFactory - Creating shared instance of singleton bean 'org.springframework.aop.framework.autoproxy.defaultProxyConfig'
2026-09-20 01:20:38 [main] DEBUG o.s.b.f.s.DefaultListableBeanFactory - Creating shared instance of singleton bean 'org.springframework.test.context.support.internalDynamicPropertyRegistrarBeanInitializer'
2026-09-20 01:20:38 [main] DEBUG o.s.b.f.s.DefaultListableBeanFactory - Creating shared instance of singleton bean 'org.springframework.transaction.config.internalTransactionAdvisor'
2026-09-20 01:20:38 [main] DEBUG o.s.b.f.s.DefaultListableBeanFactory - Creating shared instance of singleton bean 'org.springframework.transaction.annotation.ProxyTransactionManagementConfiguration'
2026-09-20 01:20:38 [main] DEBUG o.s.b.f.s.DefaultListableBeanFactory - Creating shared instance of singleton bean 'transactionAttributeSource'
2026-09-20 01:20:38 [main] DEBUG o.s.b.f.s.DefaultListableBeanFactory - Creating shared instance of singleton bean 'transactionInterceptor'
2026-09-20 01:20:38 [main] DEBUG o.s.b.f.s.DefaultListableBeanFactory - Autowiring by type from bean name 'transactionInterceptor' via factory method to bean named 'transactionAttributeSource'
2026-09-20 01:20:38 [main] DEBUG o.s.b.f.s.DefaultListableBeanFactory - Autowiring by type from bean name 'org.springframework.transaction.config.internalTransactionAdvisor' via factory method to bean named 'transactionAttributeSource'
2026-09-20 01:20:38 [main] DEBUG o.s.b.f.s.DefaultListableBeanFactory - Autowiring by type from bean name 'org.springframework.transaction.config.internalTransactionAdvisor' via factory method to bean named 'transactionInterceptor'
2026-09-20 01:20:38 [main] DEBUG o.s.b.f.s.DefaultListableBeanFactory - Creating shared instance of singleton bean 'liquibase'
2026-09-20 01:20:38 [main] DEBUG o.s.b.f.s.DefaultListableBeanFactory - Creating shared instance of singleton bean 'org.springframework.boot.liquibase.autoconfigure.LiquibaseAutoConfiguration$LiquibaseConfiguration'
2026-09-20 01:20:38 [main] DEBUG o.s.b.f.s.DefaultListableBeanFactory - Creating shared instance of singleton bean 'spring.liquibase-org.springframework.boot.liquibase.autoconfigure.LiquibaseProperties'
2026-09-20 01:20:38 [main] DEBUG o.s.b.f.s.DefaultListableBeanFactory - Creating shared instance of singleton bean 'org.springframework.boot.context.properties.BoundConfigurationProperties'
2026-09-20 01:20:38 [main] DEBUG o.s.b.f.s.DefaultListableBeanFactory - Creating shared instance of singleton bean 'liquibaseConnectionDetails'
2026-09-20 01:20:38 [main] DEBUG o.s.b.f.s.DefaultListableBeanFactory - Autowiring by type from bean name 'liquibaseConnectionDetails' via factory method to bean named 'spring.liquibase-org.springframework.boot.liquibase.autoconfigure.LiquibaseProperties'
2026-09-20 01:20:38 [main] DEBUG o.s.b.f.s.DefaultListableBeanFactory - Autowiring by type from bean name 'liquibase' via factory method to bean named 'spring.liquibase-org.springframework.boot.liquibase.autoconfigure.LiquibaseProperties'
2026-09-20 01:20:38 [main] DEBUG o.s.b.f.s.DefaultListableBeanFactory - Autowiring by type from bean name 'liquibase' via factory method to bean named 'liquibaseConnectionDetails'
2026-09-20 01:20:38 [main] DEBUG o.s.b.f.s.DefaultListableBeanFactory - Creating shared instance of singleton bean 'dataSource'
2026-09-20 01:20:38 [main] DEBUG o.s.b.f.s.DefaultListableBeanFactory - Creating shared instance of singleton bean 'org.springframework.boot.jdbc.autoconfigure.DataSourceConfiguration$Hikari'
2026-09-20 01:20:38 [main] DEBUG o.s.b.f.s.DefaultListableBeanFactory - Creating shared instance of singleton bean 'spring.datasource-org.springframework.boot.jdbc.autoconfigure.DataSourceProperties'
2026-09-20 01:20:38 [main] DEBUG o.s.b.f.s.DefaultListableBeanFactory - Creating shared instance of singleton bean 'jdbcConnectionDetails'
2026-09-20 01:20:38 [main] DEBUG o.s.b.f.s.DefaultListableBeanFactory - Creating shared instance of singleton bean 'org.springframework.boot.jdbc.autoconfigure.DataSourceAutoConfiguration$PooledDataSourceConfiguration'
2026-09-20 01:20:38 [main] DEBUG o.s.b.f.s.DefaultListableBeanFactory - Autowiring by type from bean name 'jdbcConnectionDetails' via factory method to bean named 'spring.datasource-org.springframework.boot.jdbc.autoconfigure.DataSourceProperties'
2026-09-20 01:20:38 [main] DEBUG o.s.b.f.s.DefaultListableBeanFactory - Autowiring by type from bean name 'dataSource' via factory method to bean named 'spring.datasource-org.springframework.boot.jdbc.autoconfigure.DataSourceProperties'
2026-09-20 01:20:38 [main] DEBUG o.s.b.f.s.DefaultListableBeanFactory - Autowiring by type from bean name 'dataSource' via factory method to bean named 'jdbcConnectionDetails'
2026-09-20 01:20:38 [main] DEBUG o.s.b.f.s.DefaultListableBeanFactory - Autowiring by type from bean name 'dataSource' via factory method to bean named 'environment'
2026-09-20 01:20:38 [main] DEBUG com.zaxxer.hikari.util.UtilityElf - Class org.postgresql.Driver found in Thread context class loader jdk.internal.loader.ClassLoaders$AppClassLoader@c387f44
2026-09-20 01:20:38 [main] DEBUG liquibase.servicelocator - Loaded liquibase.logging.LogService instance liquibase.logging.core.BufferedLogService
2026-09-20 01:20:38 [main] DEBUG liquibase.servicelocator - Loaded liquibase.logging.LogService instance liquibase.logging.core.CompositeLogService
2026-09-20 01:20:38 [main] DEBUG liquibase.servicelocator - Loaded liquibase.logging.LogService instance liquibase.logging.core.JavaLogService
2026-09-20 01:20:38 [main] DEBUG liquibase.servicelocator - Loaded liquibase.configuration.AutoloadedConfigurations instance liquibase.GlobalConfiguration
2026-09-20 01:20:38 [main] DEBUG liquibase.servicelocator - Loaded liquibase.configuration.AutoloadedConfigurations instance liquibase.integration.commandline.LiquibaseCommandLineConfiguration
2026-09-20 01:20:38 [main] DEBUG liquibase.servicelocator - Loaded liquibase.configuration.AutoloadedConfigurations instance liquibase.logging.core.DefaultLoggerConfiguration
2026-09-20 01:20:38 [main] DEBUG liquibase.servicelocator - Loaded liquibase.configuration.AutoloadedConfigurations instance liquibase.sql.SqlConfiguration
2026-09-20 01:20:38 [main] DEBUG liquibase.servicelocator - Loaded liquibase.configuration.AutoloadedConfigurations instance liquibase.parser.ChangeLogParserConfiguration
2026-09-20 01:20:38 [main] DEBUG liquibase.servicelocator - Loaded liquibase.configuration.AutoloadedConfigurations instance liquibase.analytics.configuration.AnalyticsArgs
2026-09-20 01:20:38 [main] DEBUG liquibase.servicelocator - Loaded liquibase.configuration.AutoloadedConfigurations instance liquibase.license.LicenseTrackingArgs
2026-09-20 01:20:38 [main] DEBUG liquibase.servicelocator - Loaded liquibase.configuration.AutoloadedConfigurations instance liquibase.database.core.MSSQLDatabase$SpecificConfiguration
2026-09-20 01:20:38 [main] DEBUG liquibase.configuration - Found ConfigurationDefinitions in liquibase.GlobalConfiguration
2026-09-20 01:20:38 [main] DEBUG liquibase.configuration - Found ConfigurationDefinitions in liquibase.integration.commandline.LiquibaseCommandLineConfiguration
2026-09-20 01:20:38 [main] DEBUG liquibase.configuration - Found ConfigurationDefinitions in liquibase.logging.core.DefaultLoggerConfiguration
2026-09-20 01:20:38 [main] DEBUG liquibase.configuration - Found ConfigurationDefinitions in liquibase.sql.SqlConfiguration
2026-09-20 01:20:38 [main] DEBUG liquibase.configuration - Found ConfigurationDefinitions in liquibase.parser.ChangeLogParserConfiguration
2026-09-20 01:20:38 [main] DEBUG liquibase.configuration - Found ConfigurationDefinitions in liquibase.analytics.configuration.AnalyticsArgs
2026-09-20 01:20:38 [main] DEBUG liquibase.configuration - Found ConfigurationDefinitions in liquibase.license.LicenseTrackingArgs
2026-09-20 01:20:38 [main] DEBUG liquibase.configuration - Found ConfigurationDefinitions in liquibase.database.core.MSSQLDatabase$SpecificConfiguration
2026-09-20 01:20:38 [main] DEBUG liquibase.servicelocator - Loaded liquibase.configuration.ConfigurationValueProvider instance liquibase.configuration.core.DeprecatedConfigurationValueProvider
2026-09-20 01:20:38 [main] DEBUG liquibase.servicelocator - Loaded liquibase.configuration.ConfigurationValueProvider instance liquibase.configuration.core.SystemPropertyValueProvider
2026-09-20 01:20:38 [main] DEBUG liquibase.servicelocator - Loaded liquibase.configuration.ConfigurationValueProvider instance liquibase.configuration.core.ScopeValueProvider
2026-09-20 01:20:38 [main] DEBUG liquibase.servicelocator - Loaded liquibase.configuration.ConfigurationValueProvider instance liquibase.configuration.core.EnvironmentValueProvider
2026-09-20 01:20:38 [main] DEBUG liquibase.servicelocator - Loaded liquibase.servicelocator.ServiceLocator instance liquibase.servicelocator.StandardServiceLocator
2026-09-20 01:20:38 [main] DEBUG liquibase.configuration - No configuration value for liquibase.shouldRun aka should.run found
2026-09-20 01:20:38 [main] DEBUG liquibase.configuration - Configuration liquibase.shouldRun is using the default value of true
2026-09-20 01:20:38 [main] DEBUG com.zaxxer.hikari.HikariConfig - HikariPool-1 - configuration:
2026-09-20 01:20:38 [main] DEBUG com.zaxxer.hikari.HikariConfig - allowPoolSuspension.............false
2026-09-20 01:20:38 [main] DEBUG com.zaxxer.hikari.HikariConfig - autoCommit......................true
2026-09-20 01:20:38 [main] DEBUG com.zaxxer.hikari.HikariConfig - catalog.........................none
2026-09-20 01:20:38 [main] DEBUG com.zaxxer.hikari.HikariConfig - connectionInitSql...............none
2026-09-20 01:20:38 [main] DEBUG com.zaxxer.hikari.HikariConfig - connectionTestQuery.............none
2026-09-20 01:20:38 [main] DEBUG com.zaxxer.hikari.HikariConfig - connectionTimeout...............30000
2026-09-20 01:20:38 [main] DEBUG com.zaxxer.hikari.HikariConfig - credentials.....................com.zaxxer.hikari.util.Credentials@52abed9d
2026-09-20 01:20:38 [main] DEBUG com.zaxxer.hikari.HikariConfig - credentialsProvider.............none
2026-09-20 01:20:38 [main] DEBUG com.zaxxer.hikari.HikariConfig - credentialsProviderClassName....none
2026-09-20 01:20:38 [main] DEBUG com.zaxxer.hikari.HikariConfig - dataSource......................none
2026-09-20 01:20:38 [main] DEBUG com.zaxxer.hikari.HikariConfig - dataSourceClassName.............none
2026-09-20 01:20:38 [main] DEBUG com.zaxxer.hikari.HikariConfig - dataSourceJNDI..................none
2026-09-20 01:20:38 [main] DEBUG com.zaxxer.hikari.HikariConfig - dataSourceProperties............{password=<masked>}
2026-09-20 01:20:38 [main] DEBUG com.zaxxer.hikari.HikariConfig - driverClassName................."org.postgresql.Driver"
2026-09-20 01:20:38 [main] DEBUG com.zaxxer.hikari.HikariConfig - exceptionOverride...............none
2026-09-20 01:20:38 [main] DEBUG com.zaxxer.hikari.HikariConfig - exceptionOverrideClassName......none
2026-09-20 01:20:38 [main] DEBUG com.zaxxer.hikari.HikariConfig - healthCheckProperties...........{}
2026-09-20 01:20:38 [main] DEBUG com.zaxxer.hikari.HikariConfig - healthCheckRegistry.............none
2026-09-20 01:20:38 [main] DEBUG com.zaxxer.hikari.HikariConfig - idleTimeout.....................600000
2026-09-20 01:20:38 [main] DEBUG com.zaxxer.hikari.HikariConfig - initializationFailTimeout.......1
2026-09-20 01:20:38 [main] DEBUG com.zaxxer.hikari.HikariConfig - isolateInternalQueries..........false
2026-09-20 01:20:38 [main] DEBUG com.zaxxer.hikari.HikariConfig - jdbcUrl.........................jdbc:postgresql://localhost:5432/postgres
2026-09-20 01:20:38 [main] DEBUG com.zaxxer.hikari.HikariConfig - keepaliveTime...................120000
2026-09-20 01:20:38 [main] DEBUG com.zaxxer.hikari.HikariConfig - leakDetectionThreshold..........0
2026-09-20 01:20:38 [main] DEBUG com.zaxxer.hikari.HikariConfig - maxLifetime.....................1800000
2026-09-20 01:20:38 [main] DEBUG com.zaxxer.hikari.HikariConfig - maximumPoolSize.................10
2026-09-20 01:20:38 [main] DEBUG com.zaxxer.hikari.HikariConfig - metricRegistry..................none
2026-09-20 01:20:38 [main] DEBUG com.zaxxer.hikari.HikariConfig - metricsTrackerFactory...........none
2026-09-20 01:20:38 [main] DEBUG com.zaxxer.hikari.HikariConfig - minimumIdle.....................10
2026-09-20 01:20:38 [main] DEBUG com.zaxxer.hikari.HikariConfig - password........................<masked>
2026-09-20 01:20:38 [main] DEBUG com.zaxxer.hikari.HikariConfig - poolName........................"HikariPool-1"
2026-09-20 01:20:38 [main] DEBUG com.zaxxer.hikari.HikariConfig - readOnly........................false
2026-09-20 01:20:38 [main] DEBUG com.zaxxer.hikari.HikariConfig - registerMbeans..................false
2026-09-20 01:20:38 [main] DEBUG com.zaxxer.hikari.HikariConfig - scheduledExecutor...............none
2026-09-20 01:20:38 [main] DEBUG com.zaxxer.hikari.HikariConfig - schema..........................none
2026-09-20 01:20:38 [main] DEBUG com.zaxxer.hikari.HikariConfig - threadFactory...................internal
2026-09-20 01:20:38 [main] DEBUG com.zaxxer.hikari.HikariConfig - transactionIsolation............default
2026-09-20 01:20:38 [main] DEBUG com.zaxxer.hikari.HikariConfig - username........................"postgres"
2026-09-20 01:20:38 [main] DEBUG com.zaxxer.hikari.HikariConfig - validationTimeout...............5000
2026-09-20 01:20:38 [main] INFO  com.zaxxer.hikari.HikariDataSource - HikariPool-1 - Starting...
2026-09-20 01:20:38 [main] DEBUG com.zaxxer.hikari.pool.PoolBase - HikariPool-1 - Attempting to create/setup new connection (639aa9f2-edf0-49e5-8931-ab1e018a2e62)
2026-09-20 01:20:38 [main] DEBUG com.zaxxer.hikari.pool.PoolBase - HikariPool-1 - Established new connection (639aa9f2-edf0-49e5-8931-ab1e018a2e62)
2026-09-20 01:20:38 [main] INFO  com.zaxxer.hikari.pool.HikariPool - HikariPool-1 - Added connection org.postgresql.jdbc.PgConnection@96abc76
2026-09-20 01:20:38 [main] INFO  com.zaxxer.hikari.HikariDataSource - HikariPool-1 - Start completed.
2026-09-20 01:20:38 [main] DEBUG liquibase.servicelocator - Loaded liquibase.database.jvm.ConnectionPatterns instance liquibase.database.jvm.JdbcConnectionPatterns
2026-09-20 01:20:38 [main] DEBUG liquibase.servicelocator - Loaded liquibase.database.Database instance liquibase.database.core.CockroachDatabase
2026-09-20 01:20:38 [main] DEBUG liquibase.servicelocator - Loaded liquibase.database.Database instance liquibase.database.core.DB2Database
2026-09-20 01:20:38 [main] DEBUG liquibase.servicelocator - Loaded liquibase.database.Database instance liquibase.database.core.Db2zDatabase
2026-09-20 01:20:38 [main] DEBUG liquibase.servicelocator - Loaded liquibase.database.Database instance liquibase.database.core.DerbyDatabase
2026-09-20 01:20:38 [main] DEBUG liquibase.servicelocator - Loaded liquibase.database.Database instance liquibase.database.core.EnterpriseDBDatabase
2026-09-20 01:20:38 [main] DEBUG liquibase.servicelocator - Loaded liquibase.database.Database instance liquibase.database.core.FirebirdDatabase
2026-09-20 01:20:38 [main] DEBUG liquibase.servicelocator - Loaded liquibase.database.Database instance liquibase.database.core.H2Database
2026-09-20 01:20:38 [main] DEBUG liquibase.servicelocator - Loaded liquibase.database.Database instance liquibase.database.core.HsqlDatabase
2026-09-20 01:20:38 [main] DEBUG liquibase.servicelocator - Loaded liquibase.database.Database instance liquibase.database.core.InformixDatabase
2026-09-20 01:20:38 [main] DEBUG liquibase.servicelocator - Loaded liquibase.database.Database instance liquibase.database.core.Ingres9Database
2026-09-20 01:20:38 [main] DEBUG liquibase.servicelocator - Loaded liquibase.database.Database instance liquibase.database.core.MSSQLDatabase
2026-09-20 01:20:38 [main] DEBUG liquibase.servicelocator - Loaded liquibase.database.Database instance liquibase.database.core.MariaDBDatabase
2026-09-20 01:20:38 [main] DEBUG liquibase.servicelocator - Loaded liquibase.database.Database instance liquibase.database.core.MockDatabase
2026-09-20 01:20:38 [main] DEBUG liquibase.servicelocator - Loaded liquibase.database.Database instance liquibase.database.core.MySQLDatabase
2026-09-20 01:20:38 [main] DEBUG liquibase.servicelocator - Loaded liquibase.database.Database instance liquibase.database.core.OracleDatabase
2026-09-20 01:20:38 [main] DEBUG liquibase.servicelocator - Loaded liquibase.database.Database instance liquibase.database.core.PostgresDatabase
2026-09-20 01:20:38 [main] DEBUG liquibase.servicelocator - Loaded liquibase.database.Database instance liquibase.database.core.SQLiteDatabase
2026-09-20 01:20:38 [main] DEBUG liquibase.servicelocator - Loaded liquibase.database.Database instance liquibase.database.core.SybaseASADatabase
2026-09-20 01:20:38 [main] DEBUG liquibase.servicelocator - Loaded liquibase.database.Database instance liquibase.database.core.SybaseDatabase
2026-09-20 01:20:38 [main] DEBUG liquibase.servicelocator - Loaded liquibase.database.Database instance liquibase.database.core.UnsupportedDatabase
2026-09-20 01:20:38 [main] DEBUG liquibase.servicelocator - Loaded liquibase.database.Database instance liquibase.database.core.SnowflakeDatabase
2026-09-20 01:20:39 [main] DEBUG liquibase.database - Connected to postgres@jdbc:postgresql://localhost:5432/postgres
2026-09-20 01:20:39 [main] DEBUG liquibase.database - Setting auto commit to false from true
2026-09-20 01:20:39 [main] DEBUG liquibase.servicelocator - Loaded liquibase.executor.Executor instance liquibase.executor.jvm.JdbcExecutor
2026-09-20 01:20:39 [main] DEBUG liquibase.servicelocator - Loaded liquibase.executor.Executor instance liquibase.executor.jvm.SnowflakeJdbcExecutor
2026-09-20 01:20:39 [main] DEBUG liquibase.servicelocator - Loaded liquibase.sqlgenerator.SqlGenerator instance liquibase.sqlgenerator.core.AddAutoIncrementGenerator
2026-09-20 01:20:39 [main] DEBUG liquibase.servicelocator - Loaded liquibase.sqlgenerator.SqlGenerator instance liquibase.sqlgenerator.core.AddAutoIncrementGeneratorDB2
2026-09-20 01:20:39 [main] DEBUG liquibase.servicelocator - Loaded liquibase.sqlgenerator.SqlGenerator instance liquibase.sqlgenerator.core.AddAutoIncrementGeneratorHsqlH2
2026-09-20 01:20:39 [main] DEBUG liquibase.servicelocator - Loaded liquibase.sqlgenerator.SqlGenerator instance liquibase.sqlgenerator.core.AddAutoIncrementGeneratorInformix
2026-09-20 01:20:39 [main] DEBUG liquibase.servicelocator - Loaded liquibase.sqlgenerator.SqlGenerator instance liquibase.sqlgenerator.core.AddAutoIncrementGeneratorMySQL
2026-09-20 01:20:39 [main] DEBUG liquibase.servicelocator - Loaded liquibase.sqlgenerator.SqlGenerator instance liquibase.sqlgenerator.core.AddAutoIncrementGeneratorSQLite
2026-09-20 01:20:39 [main] DEBUG liquibase.servicelocator - Loaded liquibase.sqlgenerator.SqlGenerator instance liquibase.sqlgenerator.core.AddColumnGenerator
2026-09-20 01:20:39 [main] DEBUG liquibase.servicelocator - Loaded liquibase.sqlgenerator.SqlGenerator instance liquibase.sqlgenerator.core.AddColumnGeneratorDefaultClauseBeforeNotNull
2026-09-20 01:20:39 [main] DEBUG liquibase.servicelocator - Loaded liquibase.sqlgenerator.SqlGenerator instance liquibase.sqlgenerator.core.AddColumnGeneratorSQLite
2026-09-20 01:20:39 [main] DEBUG liquibase.servicelocator - Loaded liquibase.sqlgenerator.SqlGenerator instance liquibase.sqlgenerator.core.AddDefaultValueGenerator
2026-09-20 01:20:39 [main] DEBUG liquibase.servicelocator - Loaded liquibase.sqlgenerator.SqlGenerator instance liquibase.sqlgenerator.core.AddDefaultValueGeneratorDerby
2026-09-20 01:20:39 [main] DEBUG liquibase.servicelocator - Loaded liquibase.sqlgenerator.SqlGenerator instance liquibase.sqlgenerator.core.AddDefaultValueGeneratorHsqldb
2026-09-20 01:20:39 [main] DEBUG liquibase.servicelocator - Loaded liquibase.sqlgenerator.SqlGenerator instance liquibase.sqlgenerator.core.AddDefaultValueGeneratorInformix
2026-09-20 01:20:39 [main] DEBUG liquibase.servicelocator - Loaded liquibase.sqlgenerator.SqlGenerator instance liquibase.sqlgenerator.core.AddDefaultValueGeneratorMSSQL
2026-09-20 01:20:39 [main] DEBUG liquibase.servicelocator - Loaded liquibase.sqlgenerator.SqlGenerator instance liquibase.sqlgenerator.core.AddDefaultValueGeneratorMySQL
2026-09-20 01:20:39 [main] DEBUG liquibase.servicelocator - Loaded liquibase.sqlgenerator.SqlGenerator instance liquibase.sqlgenerator.core.AddDefaultValueGeneratorOracle
2026-09-20 01:20:39 [main] DEBUG liquibase.servicelocator - Loaded liquibase.sqlgenerator.SqlGenerator instance liquibase.sqlgenerator.core.AddDefaultValueGeneratorPostgres
2026-09-20 01:20:39 [main] DEBUG liquibase.servicelocator - Loaded liquibase.sqlgenerator.SqlGenerator instance liquibase.sqlgenerator.core.AddDefaultValueGeneratorSQLite
2026-09-20 01:20:39 [main] DEBUG liquibase.servicelocator - Loaded liquibase.sqlgenerator.SqlGenerator instance liquibase.sqlgenerator.core.AddDefaultValueGeneratorSybase
2026-09-20 01:20:39 [main] DEBUG liquibase.servicelocator - Loaded liquibase.sqlgenerator.SqlGenerator instance liquibase.sqlgenerator.core.AddDefaultValueGeneratorSybaseASA
2026-09-20 01:20:39 [main] DEBUG liquibase.servicelocator - Loaded liquibase.sqlgenerator.SqlGenerator instance liquibase.sqlgenerator.core.AddForeignKeyConstraintGenerator
2026-09-20 01:20:39 [main] DEBUG liquibase.servicelocator - Loaded liquibase.sqlgenerator.SqlGenerator instance liquibase.sqlgenerator.core.AddPrimaryKeyGenerator
2026-09-20 01:20:39 [main] DEBUG liquibase.servicelocator - Loaded liquibase.sqlgenerator.SqlGenerator instance liquibase.sqlgenerator.core.AddPrimaryKeyGeneratorInformix
2026-09-20 01:20:39 [main] DEBUG liquibase.servicelocator - Loaded liquibase.sqlgenerator.SqlGenerator instance liquibase.sqlgenerator.core.AddUniqueConstraintGenerator
2026-09-20 01:20:39 [main] DEBUG liquibase.servicelocator - Loaded liquibase.sqlgenerator.SqlGenerator instance liquibase.sqlgenerator.core.AddUniqueConstraintGeneratorInformix
2026-09-20 01:20:39 [main] DEBUG liquibase.servicelocator - Loaded liquibase.sqlgenerator.SqlGenerator instance liquibase.sqlgenerator.core.AddUniqueConstraintGeneratorTDS
2026-09-20 01:20:39 [main] DEBUG liquibase.servicelocator - Loaded liquibase.sqlgenerator.SqlGenerator instance liquibase.sqlgenerator.core.AlterSequenceGenerator
2026-09-20 01:20:39 [main] DEBUG liquibase.servicelocator - Loaded liquibase.sqlgenerator.SqlGenerator instance liquibase.sqlgenerator.core.BatchDmlExecutablePreparedStatementGenerator
2026-09-20 01:20:39 [main] DEBUG liquibase.servicelocator - Loaded liquibase.sqlgenerator.SqlGenerator instance liquibase.sqlgenerator.core.ClearDatabaseChangeLogTableGenerator
2026-09-20 01:20:39 [main] DEBUG liquibase.servicelocator - Loaded liquibase.sqlgenerator.SqlGenerator instance liquibase.sqlgenerator.core.CommentGenerator
2026-09-20 01:20:39 [main] DEBUG liquibase.servicelocator - Loaded liquibase.sqlgenerator.SqlGenerator instance liquibase.sqlgenerator.core.CopyRowsGenerator
2026-09-20 01:20:39 [main] DEBUG liquibase.servicelocator - Loaded liquibase.sqlgenerator.SqlGenerator instance liquibase.sqlgenerator.core.CreateDatabaseChangeLogLockTableGenerator
2026-09-20 01:20:39 [main] DEBUG liquibase.servicelocator - Loaded liquibase.sqlgenerator.SqlGenerator instance liquibase.sqlgenerator.core.CreateDatabaseChangeLogTableGenerator
2026-09-20 01:20:39 [main] DEBUG liquibase.servicelocator - Loaded liquibase.sqlgenerator.SqlGenerator instance liquibase.sqlgenerator.core.CreateDatabaseChangeLogTableGeneratorSybase
2026-09-20 01:20:39 [main] DEBUG liquibase.servicelocator - Loaded liquibase.sqlgenerator.SqlGenerator instance liquibase.sqlgenerator.core.CreateIndexGenerator
2026-09-20 01:20:39 [main] DEBUG liquibase.servicelocator - Loaded liquibase.sqlgenerator.SqlGenerator instance liquibase.sqlgenerator.core.CreateIndexGeneratorFirebird
2026-09-20 01:20:39 [main] DEBUG liquibase.servicelocator - Loaded liquibase.sqlgenerator.SqlGenerator instance liquibase.sqlgenerator.core.CreateIndexGeneratorPostgres
2026-09-20 01:20:39 [main] DEBUG liquibase.servicelocator - Loaded liquibase.sqlgenerator.SqlGenerator instance liquibase.sqlgenerator.core.CreateProcedureGenerator
2026-09-20 01:20:39 [main] DEBUG liquibase.servicelocator - Loaded liquibase.sqlgenerator.SqlGenerator instance liquibase.sqlgenerator.core.CreateSequenceGenerator
2026-09-20 01:20:39 [main] DEBUG liquibase.servicelocator - Loaded liquibase.sqlgenerator.SqlGenerator instance liquibase.sqlgenerator.core.CreateTableGenerator
2026-09-20 01:20:39 [main] DEBUG liquibase.servicelocator - Loaded liquibase.sqlgenerator.SqlGenerator instance liquibase.sqlgenerator.core.CreateTableGeneratorInformix
2026-09-20 01:20:39 [main] DEBUG liquibase.servicelocator - Loaded liquibase.sqlgenerator.SqlGenerator instance liquibase.sqlgenerator.core.CreateViewGenerator
2026-09-20 01:20:39 [main] DEBUG liquibase.servicelocator - Loaded liquibase.sqlgenerator.SqlGenerator instance liquibase.sqlgenerator.core.CreateViewGeneratorInformix
2026-09-20 01:20:39 [main] DEBUG liquibase.servicelocator - Loaded liquibase.sqlgenerator.SqlGenerator instance liquibase.sqlgenerator.core.DeleteGenerator
2026-09-20 01:20:39 [main] DEBUG liquibase.servicelocator - Loaded liquibase.sqlgenerator.SqlGenerator instance liquibase.sqlgenerator.core.DropColumnGenerator
2026-09-20 01:20:39 [main] DEBUG liquibase.servicelocator - Loaded liquibase.sqlgenerator.SqlGenerator instance liquibase.sqlgenerator.core.DropDefaultValueGenerator
2026-09-20 01:20:39 [main] DEBUG liquibase.servicelocator - Loaded liquibase.sqlgenerator.SqlGenerator instance liquibase.sqlgenerator.core.DropForeignKeyConstraintGenerator
2026-09-20 01:20:39 [main] DEBUG liquibase.servicelocator - Loaded liquibase.sqlgenerator.SqlGenerator instance liquibase.sqlgenerator.core.DropIndexGenerator
2026-09-20 01:20:39 [main] DEBUG liquibase.servicelocator - Loaded liquibase.sqlgenerator.SqlGenerator instance liquibase.sqlgenerator.core.DropPrimaryKeyGenerator
2026-09-20 01:20:39 [main] DEBUG liquibase.servicelocator - Loaded liquibase.sqlgenerator.SqlGenerator instance liquibase.sqlgenerator.core.DropProcedureGenerator
2026-09-20 01:20:39 [main] DEBUG liquibase.servicelocator - Loaded liquibase.sqlgenerator.SqlGenerator instance liquibase.sqlgenerator.core.DropSequenceGenerator
2026-09-20 01:20:39 [main] DEBUG liquibase.servicelocator - Loaded liquibase.sqlgenerator.SqlGenerator instance liquibase.sqlgenerator.core.DropTableGenerator
2026-09-20 01:20:39 [main] DEBUG liquibase.servicelocator - Loaded liquibase.sqlgenerator.SqlGenerator instance liquibase.sqlgenerator.core.DropUniqueConstraintGenerator
2026-09-20 01:20:39 [main] DEBUG liquibase.servicelocator - Loaded liquibase.sqlgenerator.SqlGenerator instance liquibase.sqlgenerator.core.DropViewGenerator
2026-09-20 01:20:39 [main] DEBUG liquibase.servicelocator - Loaded liquibase.sqlgenerator.SqlGenerator instance liquibase.sqlgenerator.core.GetNextChangeSetSequenceValueGenerator
2026-09-20 01:20:39 [main] DEBUG liquibase.servicelocator - Loaded liquibase.sqlgenerator.SqlGenerator instance liquibase.sqlgenerator.core.GetViewDefinitionGenerator
2026-09-20 01:20:39 [main] DEBUG liquibase.servicelocator - Loaded liquibase.sqlgenerator.SqlGenerator instance liquibase.sqlgenerator.core.GetViewDefinitionGeneratorDB2
2026-09-20 01:20:39 [main] DEBUG liquibase.servicelocator - Loaded liquibase.sqlgenerator.SqlGenerator instance liquibase.sqlgenerator.core.GetViewDefinitionGeneratorDerby
2026-09-20 01:20:39 [main] DEBUG liquibase.servicelocator - Loaded liquibase.sqlgenerator.SqlGenerator instance liquibase.sqlgenerator.core.GetViewDefinitionGeneratorFirebird
2026-09-20 01:20:39 [main] DEBUG liquibase.servicelocator - Loaded liquibase.sqlgenerator.SqlGenerator instance liquibase.sqlgenerator.core.GetViewDefinitionGeneratorHsql
2026-09-20 01:20:39 [main] DEBUG liquibase.servicelocator - Loaded liquibase.sqlgenerator.SqlGenerator instance liquibase.sqlgenerator.core.GetViewDefinitionGeneratorInformix
2026-09-20 01:20:39 [main] DEBUG liquibase.servicelocator - Loaded liquibase.sqlgenerator.SqlGenerator instance liquibase.sqlgenerator.core.GetViewDefinitionGeneratorMSSQL
2026-09-20 01:20:39 [main] DEBUG liquibase.servicelocator - Loaded liquibase.sqlgenerator.SqlGenerator instance liquibase.sqlgenerator.core.GetViewDefinitionGeneratorOracle
2026-09-20 01:20:39 [main] DEBUG liquibase.servicelocator - Loaded liquibase.sqlgenerator.SqlGenerator instance liquibase.sqlgenerator.core.GetViewDefinitionGeneratorPostgres
2026-09-20 01:20:39 [main] DEBUG liquibase.servicelocator - Loaded liquibase.sqlgenerator.SqlGenerator instance liquibase.sqlgenerator.core.GetViewDefinitionGeneratorSybase
2026-09-20 01:20:39 [main] DEBUG liquibase.servicelocator - Loaded liquibase.sqlgenerator.SqlGenerator instance liquibase.sqlgenerator.core.GetViewDefinitionGeneratorSybaseASA
2026-09-20 01:20:39 [main] DEBUG liquibase.servicelocator - Loaded liquibase.sqlgenerator.SqlGenerator instance liquibase.sqlgenerator.core.InitializeDatabaseChangeLogLockTableGenerator
2026-09-20 01:20:39 [main] DEBUG liquibase.servicelocator - Loaded liquibase.sqlgenerator.SqlGenerator instance liquibase.sqlgenerator.core.InsertDataChangeGenerator
2026-09-20 01:20:39 [main] DEBUG liquibase.servicelocator - Loaded liquibase.sqlgenerator.SqlGenerator instance liquibase.sqlgenerator.core.InsertGenerator
2026-09-20 01:20:39 [main] DEBUG liquibase.servicelocator - Loaded liquibase.sqlgenerator.SqlGenerator instance liquibase.sqlgenerator.core.InsertOrUpdateGeneratorDB2
2026-09-20 01:20:39 [main] DEBUG liquibase.servicelocator - Loaded liquibase.sqlgenerator.SqlGenerator instance liquibase.sqlgenerator.core.InsertOrUpdateGeneratorH2
2026-09-20 01:20:39 [main] DEBUG liquibase.servicelocator - Loaded liquibase.sqlgenerator.SqlGenerator instance liquibase.sqlgenerator.core.InsertOrUpdateGeneratorHsql
2026-09-20 01:20:39 [main] DEBUG liquibase.servicelocator - Loaded liquibase.sqlgenerator.SqlGenerator instance liquibase.sqlgenerator.core.InsertOrUpdateGeneratorInformix
2026-09-20 01:20:39 [main] DEBUG liquibase.servicelocator - Loaded liquibase.sqlgenerator.SqlGenerator instance liquibase.sqlgenerator.core.InsertOrUpdateGeneratorMSSQL
2026-09-20 01:20:39 [main] DEBUG liquibase.servicelocator - Loaded liquibase.sqlgenerator.SqlGenerator instance liquibase.sqlgenerator.core.InsertOrUpdateGeneratorMySQL
2026-09-20 01:20:39 [main] DEBUG liquibase.servicelocator - Loaded liquibase.sqlgenerator.SqlGenerator instance liquibase.sqlgenerator.core.InsertOrUpdateGeneratorOracle
2026-09-20 01:20:39 [main] DEBUG liquibase.servicelocator - Loaded liquibase.sqlgenerator.SqlGenerator instance liquibase.sqlgenerator.core.InsertOrUpdateGeneratorPostgres
2026-09-20 01:20:39 [main] DEBUG liquibase.servicelocator - Loaded liquibase.sqlgenerator.SqlGenerator instance liquibase.sqlgenerator.core.InsertOrUpdateGeneratorSQLite
2026-09-20 01:20:39 [main] DEBUG liquibase.servicelocator - Loaded liquibase.sqlgenerator.SqlGenerator instance liquibase.sqlgenerator.core.InsertOrUpdateGeneratorSybaseASA
2026-09-20 01:20:39 [main] DEBUG liquibase.servicelocator - Loaded liquibase.sqlgenerator.SqlGenerator instance liquibase.sqlgenerator.core.InsertSetGenerator
2026-09-20 01:20:39 [main] DEBUG liquibase.servicelocator - Loaded liquibase.sqlgenerator.SqlGenerator instance liquibase.sqlgenerator.core.LockDatabaseChangeLogGenerator
2026-09-20 01:20:39 [main] DEBUG liquibase.servicelocator - Loaded liquibase.sqlgenerator.SqlGenerator instance liquibase.sqlgenerator.core.MarkChangeSetRanGenerator
2026-09-20 01:20:39 [main] DEBUG liquibase.servicelocator - Loaded liquibase.sqlgenerator.SqlGenerator instance liquibase.sqlgenerator.core.ModifyDataTypeGenerator
2026-09-20 01:20:39 [main] DEBUG liquibase.servicelocator - Loaded liquibase.sqlgenerator.SqlGenerator instance liquibase.sqlgenerator.core.RawParameterizedSqlGenerator
2026-09-20 01:20:39 [main] DEBUG liquibase.servicelocator - Loaded liquibase.sqlgenerator.SqlGenerator instance liquibase.sqlgenerator.core.RawSqlGenerator
2026-09-20 01:20:39 [main] DEBUG liquibase.servicelocator - Loaded liquibase.sqlgenerator.SqlGenerator instance liquibase.sqlgenerator.core.ReindexGeneratorSQLite
2026-09-20 01:20:39 [main] DEBUG liquibase.servicelocator - Loaded liquibase.sqlgenerator.SqlGenerator instance liquibase.sqlgenerator.core.RemoveChangeSetRanStatusGenerator
2026-09-20 01:20:39 [main] DEBUG liquibase.servicelocator - Loaded liquibase.sqlgenerator.SqlGenerator instance liquibase.sqlgenerator.core.RenameColumnGenerator
2026-09-20 01:20:39 [main] DEBUG liquibase.servicelocator - Loaded liquibase.sqlgenerator.SqlGenerator instance liquibase.sqlgenerator.core.RenameSequenceGenerator
2026-09-20 01:20:39 [main] DEBUG liquibase.servicelocator - Loaded liquibase.sqlgenerator.SqlGenerator instance liquibase.sqlgenerator.core.RenameTableGenerator
2026-09-20 01:20:39 [main] DEBUG liquibase.servicelocator - Loaded liquibase.sqlgenerator.SqlGenerator instance liquibase.sqlgenerator.core.RenameViewGenerator
2026-09-20 01:20:39 [main] DEBUG liquibase.servicelocator - Loaded liquibase.sqlgenerator.SqlGenerator instance liquibase.sqlgenerator.core.ReorganizeTableGeneratorDB2
2026-09-20 01:20:39 [main] DEBUG liquibase.servicelocator - Loaded liquibase.sqlgenerator.SqlGenerator instance liquibase.sqlgenerator.core.RuntimeGenerator
2026-09-20 01:20:39 [main] DEBUG liquibase.servicelocator - Loaded liquibase.sqlgenerator.SqlGenerator instance liquibase.sqlgenerator.core.SelectFromDatabaseChangeLogGenerator
2026-09-20 01:20:39 [main] DEBUG liquibase.servicelocator - Loaded liquibase.sqlgenerator.SqlGenerator instance liquibase.sqlgenerator.core.SelectFromDatabaseChangeLogLockGenerator
2026-09-20 01:20:39 [main] DEBUG liquibase.servicelocator - Loaded liquibase.sqlgenerator.SqlGenerator instance liquibase.sqlgenerator.core.SetColumnRemarksGenerator
2026-09-20 01:20:39 [main] DEBUG liquibase.servicelocator - Loaded liquibase.sqlgenerator.SqlGenerator instance liquibase.sqlgenerator.core.SetNullableGenerator
2026-09-20 01:20:39 [main] DEBUG liquibase.servicelocator - Loaded liquibase.sqlgenerator.SqlGenerator instance liquibase.sqlgenerator.core.SetTableRemarksGenerator
2026-09-20 01:20:39 [main] DEBUG liquibase.servicelocator - Loaded liquibase.sqlgenerator.SqlGenerator instance liquibase.sqlgenerator.core.SetViewRemarksGenerator
2026-09-20 01:20:39 [main] DEBUG liquibase.servicelocator - Loaded liquibase.sqlgenerator.SqlGenerator instance liquibase.sqlgenerator.core.StoredProcedureGenerator
2026-09-20 01:20:39 [main] DEBUG liquibase.servicelocator - Loaded liquibase.sqlgenerator.SqlGenerator instance liquibase.sqlgenerator.core.TableIsEmptyGenerator
2026-09-20 01:20:39 [main] DEBUG liquibase.servicelocator - Loaded liquibase.sqlgenerator.SqlGenerator instance liquibase.sqlgenerator.core.TableRowCountGenerator
2026-09-20 01:20:39 [main] DEBUG liquibase.servicelocator - Loaded liquibase.sqlgenerator.SqlGenerator instance liquibase.sqlgenerator.core.TagDatabaseGenerator
2026-09-20 01:20:39 [main] DEBUG liquibase.servicelocator - Loaded liquibase.sqlgenerator.SqlGenerator instance liquibase.sqlgenerator.core.UnlockDatabaseChangeLogGenerator
2026-09-20 01:20:39 [main] DEBUG liquibase.servicelocator - Loaded liquibase.sqlgenerator.SqlGenerator instance liquibase.sqlgenerator.core.UpdateChangeSetChecksumGenerator
2026-09-20 01:20:39 [main] DEBUG liquibase.servicelocator - Loaded liquibase.sqlgenerator.SqlGenerator instance liquibase.sqlgenerator.core.UpdateChangeSetFilenameGenerator
2026-09-20 01:20:39 [main] DEBUG liquibase.servicelocator - Loaded liquibase.sqlgenerator.SqlGenerator instance liquibase.sqlgenerator.core.UpdateDataChangeGenerator
2026-09-20 01:20:39 [HikariPool-1:housekeeper] DEBUG com.zaxxer.hikari.pool.HikariPool - HikariPool-1 - Pool stats (total=1/10, idle=0/10, active=1, waiting=0)
2026-09-20 01:20:39 [main] DEBUG liquibase.servicelocator - Loaded liquibase.sqlgenerator.SqlGenerator instance liquibase.sqlgenerator.core.UpdateGenerator
2026-09-20 01:20:39 [main] DEBUG liquibase.servicelocator - Loaded liquibase.sqlgenerator.SqlGenerator instance liquibase.sqlgenerator.core.CreateSequenceGeneratorSnowflake
2026-09-20 01:20:39 [HikariPool-1:connection-adder] DEBUG com.zaxxer.hikari.pool.PoolBase - HikariPool-1 - Attempting to create/setup new connection (cfa0af81-3656-415c-a57e-a612ae6f8dbc)
2026-09-20 01:20:39 [main] DEBUG liquibase.servicelocator - Loaded liquibase.sqlgenerator.SqlGenerator instance liquibase.sqlgenerator.core.DropDefaultValueGeneratorSnowflake
2026-09-20 01:20:39 [main] DEBUG liquibase.servicelocator - Loaded liquibase.sqlgenerator.SqlGenerator instance liquibase.sqlgenerator.core.DropProcedureGeneratorSnowflake
2026-09-20 01:20:39 [main] DEBUG liquibase.servicelocator - Loaded liquibase.sqlgenerator.SqlGenerator instance liquibase.sqlgenerator.core.InsertOrUpdateGeneratorSnowflake
2026-09-20 01:20:39 [main] DEBUG liquibase.servicelocator - Loaded liquibase.sqlgenerator.SqlGenerator instance liquibase.sqlgenerator.core.RenameTableGeneratorSnowflake
2026-09-20 01:20:39 [main] DEBUG liquibase.servicelocator - Loaded liquibase.sqlgenerator.SqlGenerator instance liquibase.sqlgenerator.core.RenameViewGeneratorSnowflake
2026-09-20 01:20:39 [main] DEBUG liquibase.servicelocator - Loaded liquibase.sqlgenerator.SqlGenerator instance liquibase.sqlgenerator.core.SetColumnRemarksGeneratorSnowflake
2026-09-20 01:20:39 [main] DEBUG liquibase.servicelocator - Loaded liquibase.sqlgenerator.SqlGenerator instance liquibase.sqlgenerator.core.SetTableRemarksGeneratorSnowflake
2026-09-20 01:20:39 [main] DEBUG liquibase.servicelocator - Loaded liquibase.sqlgenerator.SqlGenerator instance liquibase.sqlgenerator.core.GetViewDefinitionGeneratorSnowflake
2026-09-20 01:20:39 [main] INFO  liquibase.database - Set default schema name to public
2026-09-20 01:20:39 [main] DEBUG liquibase.configuration - No configuration value for liquibase.liquibaseSchemaName aka liquibase.schemaName found
2026-09-20 01:20:39 [main] DEBUG liquibase.configuration - No configuration value for liquibase.supportPropertyEscaping aka enableEscaping found
2026-09-20 01:20:39 [main] DEBUG liquibase.configuration - Configuration liquibase.supportPropertyEscaping is using the default value of false
2026-09-20 01:20:39 [main] DEBUG liquibase.servicelocator - Loaded liquibase.command.CommandStep instance liquibase.command.core.ChangelogSyncCommandStep
2026-09-20 01:20:39 [main] DEBUG liquibase.servicelocator - Loaded liquibase.command.CommandStep instance liquibase.command.core.UpdateCountCommandStep
2026-09-20 01:20:39 [main] DEBUG liquibase.servicelocator - Loaded liquibase.command.CommandStep instance liquibase.command.core.UpdateTestingRollbackCommandStep
2026-09-20 01:20:39 [main] DEBUG liquibase.servicelocator - Loaded liquibase.command.CommandStep instance liquibase.command.core.UpdateCommandStep
2026-09-20 01:20:39 [main] DEBUG liquibase.servicelocator - Loaded liquibase.command.CommandStep instance liquibase.command.core.GenerateChangelogCommandStep
2026-09-20 01:20:39 [main] DEBUG liquibase.servicelocator - Loaded liquibase.command.CommandStep instance liquibase.command.core.ExecuteSqlCommandStep
2026-09-20 01:20:39 [main] DEBUG liquibase.servicelocator - Loaded liquibase.command.CommandStep instance liquibase.command.core.ClearChecksumsCommandStep
2026-09-20 01:20:39 [main] DEBUG liquibase.servicelocator - Loaded liquibase.command.CommandStep instance liquibase.command.core.HistoryCommandStep
2026-09-20 01:20:39 [main] DEBUG liquibase.servicelocator - Loaded liquibase.command.CommandStep instance liquibase.command.core.TagCommandStep
2026-09-20 01:20:39 [HikariPool-1:connection-adder] DEBUG com.zaxxer.hikari.pool.PoolBase - HikariPool-1 - Established new connection (cfa0af81-3656-415c-a57e-a612ae6f8dbc)
2026-09-20 01:20:39 [HikariPool-1:connection-adder] DEBUG com.zaxxer.hikari.pool.HikariPool - HikariPool-1 - Added connection org.postgresql.jdbc.PgConnection@4b134bc6
2026-09-20 01:20:39 [main] DEBUG liquibase.servicelocator - Loaded liquibase.command.CommandStep instance liquibase.command.core.RollbackCountCommandStep
2026-09-20 01:20:39 [main] DEBUG liquibase.servicelocator - Loaded liquibase.command.CommandStep instance liquibase.command.core.MarkNextChangesetRanSqlCommandStep
2026-09-20 01:20:39 [main] DEBUG liquibase.servicelocator - Loaded liquibase.command.CommandStep instance liquibase.command.core.RollbackToDateCommandStep
2026-09-20 01:20:39 [main] DEBUG liquibase.servicelocator - Loaded liquibase.command.CommandStep instance liquibase.command.core.StatusCommandStep
2026-09-20 01:20:39 [main] DEBUG liquibase.servicelocator - Loaded liquibase.command.CommandStep instance liquibase.command.core.FutureRollbackFromTagSqlCommandStep
2026-09-20 01:20:39 [main] DEBUG liquibase.servicelocator - Loaded liquibase.command.CommandStep instance liquibase.command.core.SnapshotCommandStep
2026-09-20 01:20:39 [main] DEBUG liquibase.servicelocator - Loaded liquibase.command.CommandStep instance liquibase.command.core.StopH2CommandStep
2026-09-20 01:20:39 [main] DEBUG liquibase.servicelocator - Loaded liquibase.command.CommandStep instance liquibase.command.core.StartH2CommandStep
2026-09-20 01:20:39 [main] DEBUG liquibase.servicelocator - Loaded liquibase.command.CommandStep instance liquibase.command.core.ReleaseLocksCommandStep
2026-09-20 01:20:39 [main] DEBUG liquibase.servicelocator - Loaded liquibase.command.CommandStep instance liquibase.command.core.helpers.DiffOutputControlCommandStep
2026-09-20 01:20:39 [main] DEBUG liquibase.servicelocator - Loaded liquibase.command.CommandStep instance liquibase.command.core.helpers.OutputWriterCommandStep
2026-09-20 01:20:39 [main] DEBUG liquibase.servicelocator - Loaded liquibase.command.CommandStep instance liquibase.command.core.helpers.DiffArgumentsCommandStep
2026-09-20 01:20:39 [main] DEBUG liquibase.servicelocator - Loaded liquibase.command.CommandStep instance liquibase.command.core.helpers.ReferenceDatabaseOutputWriterCommandStep
2026-09-20 01:20:39 [main] DEBUG liquibase.servicelocator - Loaded liquibase.command.CommandStep instance liquibase.command.core.helpers.ReferenceDbUrlConnectionCommandStep
2026-09-20 01:20:39 [main] DEBUG liquibase.servicelocator - Loaded liquibase.command.CommandStep instance liquibase.command.core.helpers.DbUrlConnectionCommandStep
2026-09-20 01:20:39 [main] DEBUG liquibase.servicelocator - Loaded liquibase.command.CommandStep instance liquibase.command.core.helpers.DatabaseChangelogCommandStep
2026-09-20 01:20:39 [main] DEBUG liquibase.servicelocator - Loaded liquibase.command.CommandStep instance liquibase.command.core.helpers.ShowSummaryArgument
2026-09-20 01:20:39 [main] DEBUG liquibase.servicelocator - Loaded liquibase.command.CommandStep instance liquibase.command.core.helpers.LockServiceCommandStep
2026-09-20 01:20:39 [main] DEBUG liquibase.servicelocator - Loaded liquibase.command.CommandStep instance liquibase.command.core.helpers.ChangeExecListenerCommandStep
2026-09-20 01:20:39 [main] DEBUG liquibase.servicelocator - Loaded liquibase.command.CommandStep instance liquibase.command.core.helpers.PreCompareCommandStep
2026-09-20 01:20:39 [main] DEBUG liquibase.servicelocator - Loaded liquibase.command.CommandStep instance liquibase.command.core.helpers.DbUrlConnectionArgumentsCommandStep
2026-09-20 01:20:39 [main] DEBUG liquibase.servicelocator - Loaded liquibase.command.CommandStep instance liquibase.command.core.RollbackToDateSqlCommandStep
2026-09-20 01:20:39 [main] DEBUG liquibase.servicelocator - Loaded liquibase.command.CommandStep instance liquibase.command.core.CalculateChecksumCommandStep
2026-09-20 01:20:39 [main] DEBUG liquibase.servicelocator - Loaded liquibase.command.CommandStep instance liquibase.command.core.TagExistsCommandStep
2026-09-20 01:20:39 [main] DEBUG liquibase.servicelocator - Loaded liquibase.command.CommandStep instance liquibase.command.core.UnexpectedChangesetsCommandStep
2026-09-20 01:20:39 [main] DEBUG liquibase.servicelocator - Loaded liquibase.command.CommandStep instance liquibase.command.core.UpdateToTagSqlCommandStep
2026-09-20 01:20:39 [main] DEBUG liquibase.servicelocator - Loaded liquibase.command.CommandStep instance liquibase.command.core.LpmCommandStep
2026-09-20 01:20:39 [main] DEBUG liquibase.servicelocator - Loaded liquibase.command.CommandStep instance liquibase.command.core.InternalSnapshotCommandStep
2026-09-20 01:20:39 [main] DEBUG liquibase.servicelocator - Loaded liquibase.command.CommandStep instance liquibase.command.core.MarkNextChangesetRanCommandStep
2026-09-20 01:20:39 [main] DEBUG liquibase.servicelocator - Loaded liquibase.command.CommandStep instance liquibase.command.core.DiffChangelogCommandStep
2026-09-20 01:20:39 [main] DEBUG liquibase.servicelocator - Loaded liquibase.command.CommandStep instance liquibase.command.core.RollbackCommandStep
2026-09-20 01:20:39 [main] DEBUG liquibase.servicelocator - Loaded liquibase.command.CommandStep instance liquibase.command.core.DropAllCommandStep
2026-09-20 01:20:39 [HikariPool-1:connection-adder] DEBUG com.zaxxer.hikari.pool.HikariPool - HikariPool-1 - After adding stats (total=2/10, idle=1/10, active=1, waiting=0)
2026-09-20 01:20:39 [main] DEBUG liquibase.servicelocator - Loaded liquibase.command.CommandStep instance liquibase.command.core.ChangelogSyncSqlCommandStep
2026-09-20 01:20:39 [HikariPool-1:connection-adder] DEBUG com.zaxxer.hikari.pool.PoolBase - HikariPool-1 - Attempting to create/setup new connection (05944d6f-a822-4ac3-bc11-8b5fa6109e66)
2026-09-20 01:20:39 [main] DEBUG liquibase.servicelocator - Loaded liquibase.command.CommandStep instance liquibase.command.core.ListLocksCommandStep
2026-09-20 01:20:39 [main] DEBUG liquibase.servicelocator - Loaded liquibase.command.CommandStep instance liquibase.command.core.SnapshotReferenceCommandStep
2026-09-20 01:20:39 [main] DEBUG liquibase.servicelocator - Loaded liquibase.command.CommandStep instance liquibase.command.core.FutureRollbackSqlCommandStep
2026-09-20 01:20:39 [main] DEBUG liquibase.servicelocator - Loaded liquibase.command.CommandStep instance liquibase.command.core.DbDocCommandStep
2026-09-20 01:20:39 [main] DEBUG liquibase.servicelocator - Loaded liquibase.command.CommandStep instance liquibase.command.core.ValidateCommandStep
2026-09-20 01:20:39 [main] DEBUG liquibase.servicelocator - Loaded liquibase.command.CommandStep instance liquibase.command.core.RollbackCountSqlCommandStep
2026-09-20 01:20:39 [main] DEBUG liquibase.servicelocator - Loaded liquibase.command.CommandStep instance liquibase.command.core.init.InitProjectCommandStep
2026-09-20 01:20:39 [main] DEBUG liquibase.servicelocator - Loaded liquibase.command.CommandStep instance liquibase.command.core.init.InitCopyCommandStep
2026-09-20 01:20:39 [main] DEBUG liquibase.servicelocator - Loaded liquibase.command.CommandStep instance liquibase.command.core.ChangelogSyncToTagSqlCommandStep
2026-09-20 01:20:39 [main] DEBUG liquibase.servicelocator - Loaded liquibase.command.CommandStep instance liquibase.command.core.UpdateToTagCommandStep
2026-09-20 01:20:39 [main] DEBUG liquibase.servicelocator - Loaded liquibase.command.CommandStep instance liquibase.command.core.ChangelogSyncToTagCommandStep
2026-09-20 01:20:39 [main] DEBUG liquibase.servicelocator - Loaded liquibase.command.CommandStep instance liquibase.command.core.DiffCommandStep
2026-09-20 01:20:39 [main] DEBUG liquibase.servicelocator - Loaded liquibase.command.CommandStep instance liquibase.command.core.UpdateCountSqlCommandStep
2026-09-20 01:20:39 [main] DEBUG liquibase.servicelocator - Loaded liquibase.command.CommandStep instance liquibase.command.core.RollbackSqlCommandStep
2026-09-20 01:20:39 [main] DEBUG liquibase.servicelocator - Loaded liquibase.command.CommandStep instance liquibase.command.core.UpdateSqlCommandStep
2026-09-20 01:20:39 [main] DEBUG liquibase.servicelocator - Loaded liquibase.command.CommandStep instance liquibase.command.core.FutureRollbackCountSqlCommandStep
2026-09-20 01:20:39 [main] DEBUG liquibase.servicelocator - Loaded liquibase.logging.mdc.MdcManager instance liquibase.logging.mdc.NoOpMdcManager
2026-09-20 01:20:39 [main] DEBUG liquibase.servicelocator - Loaded liquibase.analytics.AnalyticsListener instance liquibase.analytics.LiquibaseAnalyticsListener
2026-09-20 01:20:39 [main] DEBUG liquibase.servicelocator - Loaded liquibase.analytics.AnalyticsListener instance liquibase.analytics.NoOpAnalyticsListener
2026-09-20 01:20:39 [main] DEBUG liquibase.configuration - No configuration value for liquibase.analytics.devOverride found
2026-09-20 01:20:39 [main] DEBUG liquibase.configuration - Configuration liquibase.analytics.devOverride is using the default value of false
2026-09-20 01:20:39 [main] DEBUG liquibase.configuration - No configuration value for liquibase.analytics.configEndpointUrl found
2026-09-20 01:20:39 [main] DEBUG liquibase.configuration - Configuration liquibase.analytics.configEndpointUrl is using the default value of https://config.liquibase.com/analytics.yaml
2026-09-20 01:20:39 [main] DEBUG liquibase.configuration - No configuration value for liquibase.analytics.enabled found
2026-09-20 01:20:39 [main] DEBUG liquibase.servicelocator - Loaded liquibase.license.LicenseService instance liquibase.license.OSSLicenseService
2026-09-20 01:20:39 [main] DEBUG liquibase.configuration - No configuration value for liquibase.analytics.configCacheTimeoutMillis found
2026-09-20 01:20:39 [main] DEBUG liquibase.configuration - Configuration liquibase.analytics.configCacheTimeoutMillis is using the default value of 3600000
2026-09-20 01:20:39 [main] DEBUG liquibase.servicelocator - Loaded liquibase.analytics.configuration.AnalyticsConfiguration instance liquibase.analytics.configuration.LiquibaseRemoteAnalyticsConfiguration
2026-09-20 01:20:39 [main] DEBUG liquibase.configuration - No configuration value for liquibase.analytics.logLevel found
2026-09-20 01:20:39 [main] DEBUG liquibase.configuration - Configuration liquibase.analytics.logLevel is using the default value of OFF
2026-09-20 01:20:39 [HikariPool-1:connection-adder] DEBUG com.zaxxer.hikari.pool.PoolBase - HikariPool-1 - Established new connection (05944d6f-a822-4ac3-bc11-8b5fa6109e66)
2026-09-20 01:20:39 [HikariPool-1:connection-adder] DEBUG com.zaxxer.hikari.pool.HikariPool - HikariPool-1 - Added connection org.postgresql.jdbc.PgConnection@3fd5340d
2026-09-20 01:20:39 [HikariPool-1:connection-adder] DEBUG com.zaxxer.hikari.pool.HikariPool - HikariPool-1 - After adding stats (total=3/10, idle=2/10, active=1, waiting=0)
2026-09-20 01:20:39 [HikariPool-1:connection-adder] DEBUG com.zaxxer.hikari.pool.PoolBase - HikariPool-1 - Attempting to create/setup new connection (3d22b8a1-cf02-41c3-939e-9f9833bbf382)
2026-09-20 01:20:39 [main] DEBUG liquibase.configuration - No configuration value for liquibase.analytics.configEndpointTimeoutMillis found
2026-09-20 01:20:39 [main] DEBUG liquibase.configuration - Configuration liquibase.analytics.configEndpointTimeoutMillis is using the default value of 1500
2026-09-20 01:20:39 [HikariPool-1:connection-adder] DEBUG com.zaxxer.hikari.pool.PoolBase - HikariPool-1 - Established new connection (3d22b8a1-cf02-41c3-939e-9f9833bbf382)
2026-09-20 01:20:39 [HikariPool-1:connection-adder] DEBUG com.zaxxer.hikari.pool.HikariPool - HikariPool-1 - Added connection org.postgresql.jdbc.PgConnection@45ebc3ff
2026-09-20 01:20:39 [HikariPool-1:connection-adder] DEBUG com.zaxxer.hikari.pool.HikariPool - HikariPool-1 - After adding stats (total=4/10, idle=3/10, active=1, waiting=0)
2026-09-20 01:20:39 [HikariPool-1:connection-adder] DEBUG com.zaxxer.hikari.pool.PoolBase - HikariPool-1 - Attempting to create/setup new connection (79a22a03-b300-4046-98a2-bc54a8e324e0)
2026-09-20 01:20:39 [HikariPool-1:connection-adder] DEBUG com.zaxxer.hikari.pool.PoolBase - HikariPool-1 - Established new connection (79a22a03-b300-4046-98a2-bc54a8e324e0)
2026-09-20 01:20:39 [HikariPool-1:connection-adder] DEBUG com.zaxxer.hikari.pool.HikariPool - HikariPool-1 - Added connection org.postgresql.jdbc.PgConnection@6a703900
2026-09-20 01:20:39 [HikariPool-1:connection-adder] DEBUG com.zaxxer.hikari.pool.HikariPool - HikariPool-1 - After adding stats (total=5/10, idle=4/10, active=1, waiting=0)
2026-09-20 01:20:39 [HikariPool-1:connection-adder] DEBUG com.zaxxer.hikari.pool.PoolBase - HikariPool-1 - Attempting to create/setup new connection (e896bd17-9694-40f2-9337-711e64d4d120)
2026-09-20 01:20:39 [HikariPool-1:connection-adder] DEBUG com.zaxxer.hikari.pool.PoolBase - HikariPool-1 - Established new connection (e896bd17-9694-40f2-9337-711e64d4d120)
2026-09-20 01:20:39 [HikariPool-1:connection-adder] DEBUG com.zaxxer.hikari.pool.HikariPool - HikariPool-1 - Added connection org.postgresql.jdbc.PgConnection@7a328329
2026-09-20 01:20:39 [HikariPool-1:connection-adder] DEBUG com.zaxxer.hikari.pool.HikariPool - HikariPool-1 - After adding stats (total=6/10, idle=5/10, active=1, waiting=0)
2026-09-20 01:20:39 [HikariPool-1:connection-adder] DEBUG com.zaxxer.hikari.pool.PoolBase - HikariPool-1 - Attempting to create/setup new connection (0afc712e-6488-4bb2-81d3-ea17d24849ba)
2026-09-20 01:20:39 [HikariPool-1:connection-adder] DEBUG com.zaxxer.hikari.pool.PoolBase - HikariPool-1 - Established new connection (0afc712e-6488-4bb2-81d3-ea17d24849ba)
2026-09-20 01:20:39 [HikariPool-1:connection-adder] DEBUG com.zaxxer.hikari.pool.HikariPool - HikariPool-1 - Added connection org.postgresql.jdbc.PgConnection@62fc5ef9
2026-09-20 01:20:39 [HikariPool-1:connection-adder] DEBUG com.zaxxer.hikari.pool.HikariPool - HikariPool-1 - After adding stats (total=7/10, idle=6/10, active=1, waiting=0)
2026-09-20 01:20:39 [HikariPool-1:connection-adder] DEBUG com.zaxxer.hikari.pool.PoolBase - HikariPool-1 - Attempting to create/setup new connection (5cbeb5bd-4a77-4ae3-97ab-e7764345f700)
2026-09-20 01:20:39 [HikariPool-1:connection-adder] DEBUG com.zaxxer.hikari.pool.PoolBase - HikariPool-1 - Established new connection (5cbeb5bd-4a77-4ae3-97ab-e7764345f700)
2026-09-20 01:20:39 [HikariPool-1:connection-adder] DEBUG com.zaxxer.hikari.pool.HikariPool - HikariPool-1 - Added connection org.postgresql.jdbc.PgConnection@6dc53ee9
2026-09-20 01:20:39 [HikariPool-1:connection-adder] DEBUG com.zaxxer.hikari.pool.HikariPool - HikariPool-1 - After adding stats (total=8/10, idle=7/10, active=1, waiting=0)
2026-09-20 01:20:39 [HikariPool-1:connection-adder] DEBUG com.zaxxer.hikari.pool.PoolBase - HikariPool-1 - Attempting to create/setup new connection (006635aa-e141-412b-84fd-4cee83518604)
2026-09-20 01:20:39 [HikariPool-1:connection-adder] DEBUG com.zaxxer.hikari.pool.PoolBase - HikariPool-1 - Established new connection (006635aa-e141-412b-84fd-4cee83518604)
2026-09-20 01:20:39 [HikariPool-1:connection-adder] DEBUG com.zaxxer.hikari.pool.HikariPool - HikariPool-1 - Added connection org.postgresql.jdbc.PgConnection@656f4828
2026-09-20 01:20:39 [HikariPool-1:connection-adder] DEBUG com.zaxxer.hikari.pool.HikariPool - HikariPool-1 - After adding stats (total=9/10, idle=8/10, active=1, waiting=0)
2026-09-20 01:20:39 [HikariPool-1:connection-adder] DEBUG com.zaxxer.hikari.pool.PoolBase - HikariPool-1 - Attempting to create/setup new connection (42766e7b-8b57-4a65-b6be-ca1757446df0)
2026-09-20 01:20:39 [HikariPool-1:connection-adder] DEBUG com.zaxxer.hikari.pool.PoolBase - HikariPool-1 - Established new connection (42766e7b-8b57-4a65-b6be-ca1757446df0)
2026-09-20 01:20:39 [HikariPool-1:connection-adder] DEBUG com.zaxxer.hikari.pool.HikariPool - HikariPool-1 - Added connection org.postgresql.jdbc.PgConnection@31c006ad
2026-09-20 01:20:39 [HikariPool-1:connection-adder] DEBUG com.zaxxer.hikari.pool.HikariPool - HikariPool-1 - After adding stats (total=10/10, idle=9/10, active=1, waiting=0)
2026-09-20 01:20:39 [HikariPool-1:connection-adder] DEBUG com.zaxxer.hikari.pool.HikariPool - HikariPool-1 - Connection not added, stats (total=10/10, idle=9/10, active=1, waiting=0)
2026-09-20 01:20:39 [main] DEBUG liquibase.configuration - No configuration value for liquibase.strict found
2026-09-20 01:20:39 [main] DEBUG liquibase.configuration - Configuration liquibase.strict is using the default value of false
2026-09-20 01:20:39 [main] DEBUG liquibase.configuration - No configuration value for liquibase.command.update.changeExecListener found
2026-09-20 01:20:39 [main] DEBUG liquibase.configuration - No configuration value for liquibase.command.changeExecListener found
2026-09-20 01:20:39 [main] DEBUG liquibase.configuration - No configuration value for liquibase.command.update.changeExecListenerClass found
2026-09-20 01:20:39 [main] DEBUG liquibase.configuration - No configuration value for liquibase.command.changeExecListenerClass found
2026-09-20 01:20:39 [main] DEBUG liquibase.configuration - No configuration value for liquibase.command.update.changeExecListenerPropertiesFile found
2026-09-20 01:20:39 [main] DEBUG liquibase.configuration - No configuration value for liquibase.command.changeExecListenerPropertiesFile found
2026-09-20 01:20:39 [main] DEBUG liquibase.configuration - Found 'liquibase.command.update.changelogFile' configuration of 'classpath:db/changelog/db.changelog-master.yaml'
    command argument 'changelogFile' of 'classpath:db/changelog/db.changelog-master.yaml'
2026-09-20 01:20:39 [main] DEBUG liquibase.configuration - Found 'liquibase.command.update.changelogParameters' configuration of 'liquibase.changelog.ChangeLogParameters@6113a26f'
    command argument 'changelogParameters' of 'liquibase.changelog.ChangeLogParameters@6113a26f'
2026-09-20 01:20:39 [main] DEBUG liquibase.configuration - No configuration value for liquibase.command.update.contextFilter aka liquibase.command.update.contexts found
2026-09-20 01:20:39 [main] DEBUG liquibase.configuration - No configuration value for liquibase.command.contextFilter aka liquibase.command.contexts found
2026-09-20 01:20:39 [main] DEBUG liquibase.configuration - Found 'liquibase.command.update.database' configuration of 'postgres @ jdbc:postgresql://localhost:5432/postgres (Default Schema: public)'
    command argument 'database' of 'postgres @ jdbc:postgresql://localhost:5432/postgres (Default Schema: public)'
2026-09-20 01:20:39 [main] DEBUG liquibase.configuration - No configuration value for liquibase.command.update.databaseChangelog found
2026-09-20 01:20:39 [main] DEBUG liquibase.configuration - No configuration value for liquibase.command.databaseChangelog found
2026-09-20 01:20:39 [main] DEBUG liquibase.configuration - No configuration value for liquibase.command.update.defaultCatalogName found
2026-09-20 01:20:39 [main] DEBUG liquibase.configuration - No configuration value for liquibase.command.defaultCatalogName found
2026-09-20 01:20:39 [main] DEBUG liquibase.configuration - No configuration value for liquibase.command.update.defaultSchemaName found
2026-09-20 01:20:39 [main] DEBUG liquibase.configuration - No configuration value for liquibase.command.defaultSchemaName found
2026-09-20 01:20:39 [main] DEBUG liquibase.configuration - No configuration value for liquibase.command.update.driver found
2026-09-20 01:20:39 [main] DEBUG liquibase.configuration - No configuration value for liquibase.command.driver found
2026-09-20 01:20:39 [main] DEBUG liquibase.configuration - No configuration value for liquibase.command.update.driverPropertiesFile found
2026-09-20 01:20:39 [main] DEBUG liquibase.configuration - No configuration value for liquibase.command.driverPropertiesFile found
2026-09-20 01:20:39 [main] DEBUG liquibase.configuration - No configuration value for liquibase.command.update.labelFilter aka liquibase.command.update.labels found
2026-09-20 01:20:39 [main] DEBUG liquibase.configuration - No configuration value for liquibase.command.labelFilter aka liquibase.command.labels found
2026-09-20 01:20:39 [main] DEBUG liquibase.configuration - No configuration value for liquibase.command.update.password found
2026-09-20 01:20:39 [main] DEBUG liquibase.configuration - No configuration value for liquibase.command.password found
2026-09-20 01:20:39 [main] DEBUG liquibase.configuration - No configuration value for liquibase.command.update.showSummary found
2026-09-20 01:20:39 [main] DEBUG liquibase.configuration - Configuration liquibase.command.update.showSummary is using the default value of SUMMARY
2026-09-20 01:20:39 [main] DEBUG liquibase.configuration - No configuration value for liquibase.command.showSummary found
2026-09-20 01:20:39 [main] DEBUG liquibase.configuration - Configuration liquibase.command.showSummary is using the default value of SUMMARY
2026-09-20 01:20:39 [main] DEBUG liquibase.configuration - Found 'liquibase.command.update.showSummaryOutput' configuration of 'LOG'
    command argument 'showSummaryOutput' of 'LOG'
2026-09-20 01:20:39 [main] DEBUG liquibase.configuration - No configuration value for liquibase.command.update.skipDatabaseStep found
2026-09-20 01:20:39 [main] DEBUG liquibase.configuration - Configuration liquibase.command.update.skipDatabaseStep is using the default value of false
2026-09-20 01:20:39 [main] DEBUG liquibase.configuration - No configuration value for liquibase.command.skipDatabaseStep found
2026-09-20 01:20:39 [main] DEBUG liquibase.configuration - Configuration liquibase.command.skipDatabaseStep is using the default value of false
2026-09-20 01:20:39 [main] DEBUG liquibase.configuration - No configuration value for liquibase.command.update.updateNullChecksums found
2026-09-20 01:20:39 [main] DEBUG liquibase.configuration - Configuration liquibase.command.update.updateNullChecksums is using the default value of false
2026-09-20 01:20:39 [main] DEBUG liquibase.configuration - No configuration value for liquibase.command.updateNullChecksums found
2026-09-20 01:20:39 [main] DEBUG liquibase.configuration - Configuration liquibase.command.updateNullChecksums is using the default value of false
2026-09-20 01:20:39 [main] DEBUG liquibase.configuration - No configuration value for liquibase.command.update.url found
2026-09-20 01:20:39 [main] DEBUG liquibase.configuration - No configuration value for liquibase.command.url found
2026-09-20 01:20:39 [main] DEBUG liquibase.configuration - No configuration value for liquibase.command.update.username found
2026-09-20 01:20:39 [main] DEBUG liquibase.configuration - No configuration value for liquibase.command.username found
2026-09-20 01:20:39 [main] DEBUG liquibase.command - Pipeline for command 'update: liquibase.command.core.helpers.DbUrlConnectionArgumentsCommandStep then liquibase.command.core.helpers.ShowSummaryArgument then liquibase.command.core.helpers.DbUrlConnectionCommandStep then liquibase.command.core.helpers.DatabaseChangelogCommandStep then liquibase.command.core.helpers.ChangeExecListenerCommandStep then liquibase.command.core.UpdateCommandStep
2026-09-20 01:20:39 [main] DEBUG liquibase.configuration - No configuration value for liquibase.outputFile found
2026-09-20 01:20:39 [main] DEBUG liquibase.configuration - No configuration value for liquibase.outputFileEncoding found
2026-09-20 01:20:39 [main] DEBUG liquibase.configuration - Configuration liquibase.outputFileEncoding is using the default value of UTF-8
2026-09-20 01:20:39 [main] DEBUG liquibase.command - Writing output with encoding 'UTF-8'
2026-09-20 01:20:39 [main] DEBUG liquibase.command - Executing internal command dbUrlConnectionArguments
2026-09-20 01:20:39 [main] DEBUG liquibase.command - Executing internal command showSummary
2026-09-20 01:20:39 [main] DEBUG liquibase.configuration - Configuration liquibase.command.update.showSummary is using the default value of SUMMARY
2026-09-20 01:20:39 [main] DEBUG liquibase.configuration - Configuration liquibase.command.showSummary is using the default value of SUMMARY
2026-09-20 01:20:39 [main] DEBUG liquibase.command - Executing internal command dbUrlConnectionCommandStep
2026-09-20 01:20:39 [main] DEBUG liquibase.configuration - Configuration liquibase.command.update.skipDatabaseStep is using the default value of false
2026-09-20 01:20:39 [main] DEBUG liquibase.configuration - Configuration liquibase.command.skipDatabaseStep is using the default value of false
2026-09-20 01:20:39 [main] DEBUG liquibase.configuration - No configuration value for liquibase.liquibaseCatalogName aka liquibase.catalogName found
2026-09-20 01:20:39 [main] DEBUG liquibase.configuration - No configuration value for liquibase.license.tracking.enabled aka liquibase.license.utility.enabled found
2026-09-20 01:20:39 [main] DEBUG liquibase.configuration - Configuration liquibase.license.tracking.enabled is using the default value of false
2026-09-20 01:20:39 [main] DEBUG liquibase.command - Executing internal command changelogCommandStep
2026-09-20 01:20:39 [main] DEBUG liquibase.servicelocator - Loaded liquibase.parser.ChangeLogParser instance liquibase.parser.core.formattedsql.FormattedSqlChangeLogParser
2026-09-20 01:20:39 [main] DEBUG liquibase.servicelocator - Loaded liquibase.parser.ChangeLogParser instance liquibase.parser.core.json.JsonChangeLogParser
2026-09-20 01:20:39 [main] DEBUG liquibase.servicelocator - Loaded liquibase.parser.ChangeLogParser instance liquibase.parser.core.sql.SqlChangeLogParser
2026-09-20 01:20:39 [main] DEBUG liquibase.configuration - No configuration value for liquibase.validateXmlChangelogFiles found
2026-09-20 01:20:39 [main] DEBUG liquibase.configuration - Configuration liquibase.validateXmlChangelogFiles is using the default value of true
2026-09-20 01:20:39 [main] DEBUG liquibase.configuration - No configuration value for liquibase.secureParsing found
2026-09-20 01:20:39 [main] DEBUG liquibase.configuration - Configuration liquibase.secureParsing is using the default value of true
2026-09-20 01:20:39 [main] DEBUG liquibase.servicelocator - Loaded liquibase.parser.ChangeLogParser instance liquibase.parser.core.xml.XMLChangeLogSAXParser
2026-09-20 01:20:39 [main] DEBUG liquibase.servicelocator - Loaded liquibase.parser.ChangeLogParser instance liquibase.parser.core.yaml.YamlChangeLogParser
2026-09-20 01:20:39 [main] DEBUG liquibase.parser - Matched file 'classpath:db/changelog/db.changelog-master.yaml' to parser 'YamlChangeLogParser'
2026-09-20 01:20:39 [main] DEBUG liquibase.configuration - No configuration value for liquibase.preserveClasspathPrefixInNormalizedPaths found
2026-09-20 01:20:39 [main] DEBUG liquibase.configuration - Configuration liquibase.preserveClasspathPrefixInNormalizedPaths is using the default value of false
2026-09-20 01:20:39 [main] DEBUG liquibase.parser - Matched file 'db/changelog/changes/001-create-users.yaml' to parser 'YamlChangeLogParser'
2026-09-20 01:20:39 [main] DEBUG liquibase.servicelocator - Loaded liquibase.changeset.ChangeSetService instance liquibase.changeset.StandardChangeSetService
2026-09-20 01:20:39 [main] DEBUG liquibase.servicelocator - Loaded liquibase.change.Change instance liquibase.change.core.AddAutoIncrementChange
2026-09-20 01:20:39 [main] DEBUG liquibase.servicelocator - Loaded liquibase.change.Change instance liquibase.change.core.AddColumnChange
2026-09-20 01:20:39 [main] DEBUG liquibase.servicelocator - Loaded liquibase.change.Change instance liquibase.change.core.AddDefaultValueChange
2026-09-20 01:20:39 [main] DEBUG liquibase.servicelocator - Loaded liquibase.change.Change instance liquibase.change.core.AddForeignKeyConstraintChange
2026-09-20 01:20:39 [main] DEBUG liquibase.servicelocator - Loaded liquibase.change.Change instance liquibase.change.core.AddLookupTableChange
2026-09-20 01:20:39 [main] DEBUG liquibase.servicelocator - Loaded liquibase.change.Change instance liquibase.change.core.AddNotNullConstraintChange
2026-09-20 01:20:39 [main] DEBUG liquibase.servicelocator - Loaded liquibase.change.Change instance liquibase.change.core.AddPrimaryKeyChange
2026-09-20 01:20:39 [main] DEBUG liquibase.servicelocator - Loaded liquibase.change.Change instance liquibase.change.core.AddUniqueConstraintChange
2026-09-20 01:20:39 [main] DEBUG liquibase.servicelocator - Loaded liquibase.change.Change instance liquibase.change.core.AlterSequenceChange
2026-09-20 01:20:39 [main] DEBUG liquibase.servicelocator - Loaded liquibase.change.Change instance liquibase.change.core.CreateIndexChange
2026-09-20 01:20:39 [main] DEBUG liquibase.servicelocator - Loaded liquibase.change.Change instance liquibase.change.core.CreateProcedureChange
2026-09-20 01:20:39 [main] DEBUG liquibase.servicelocator - Loaded liquibase.change.Change instance liquibase.change.core.CreateSequenceChange
2026-09-20 01:20:39 [main] DEBUG liquibase.servicelocator - Loaded liquibase.change.Change instance liquibase.change.core.CreateTableChange
2026-09-20 01:20:39 [main] DEBUG liquibase.servicelocator - Loaded liquibase.change.Change instance liquibase.change.core.CreateViewChange
2026-09-20 01:20:39 [main] DEBUG liquibase.servicelocator - Loaded liquibase.change.Change instance liquibase.change.core.DeleteDataChange
2026-09-20 01:20:39 [main] DEBUG liquibase.servicelocator - Loaded liquibase.change.Change instance liquibase.change.core.DropAllForeignKeyConstraintsChange
2026-09-20 01:20:39 [main] DEBUG liquibase.servicelocator - Loaded liquibase.change.Change instance liquibase.change.core.DropColumnChange
2026-09-20 01:20:39 [main] DEBUG liquibase.servicelocator - Loaded liquibase.change.Change instance liquibase.change.core.DropDefaultValueChange
2026-09-20 01:20:39 [main] DEBUG liquibase.servicelocator - Loaded liquibase.change.Change instance liquibase.change.core.DropForeignKeyConstraintChange
2026-09-20 01:20:39 [main] DEBUG liquibase.servicelocator - Loaded liquibase.change.Change instance liquibase.change.core.DropIndexChange
2026-09-20 01:20:39 [main] DEBUG liquibase.servicelocator - Loaded liquibase.change.Change instance liquibase.change.core.DropNotNullConstraintChange
2026-09-20 01:20:39 [main] DEBUG liquibase.servicelocator - Loaded liquibase.change.Change instance liquibase.change.core.DropPrimaryKeyChange
2026-09-20 01:20:39 [main] DEBUG liquibase.servicelocator - Loaded liquibase.change.Change instance liquibase.change.core.DropProcedureChange
2026-09-20 01:20:39 [main] DEBUG liquibase.servicelocator - Loaded liquibase.change.Change instance liquibase.change.core.DropSequenceChange
2026-09-20 01:20:39 [main] DEBUG liquibase.servicelocator - Loaded liquibase.change.Change instance liquibase.change.core.DropTableChange
2026-09-20 01:20:39 [main] DEBUG liquibase.servicelocator - Loaded liquibase.change.Change instance liquibase.change.core.DropUniqueConstraintChange
2026-09-20 01:20:39 [main] DEBUG liquibase.servicelocator - Loaded liquibase.change.Change instance liquibase.change.core.DropViewChange
2026-09-20 01:20:39 [main] DEBUG liquibase.servicelocator - Loaded liquibase.change.Change instance liquibase.change.core.EmptyChange
2026-09-20 01:20:39 [main] DEBUG liquibase.servicelocator - Loaded liquibase.change.Change instance liquibase.change.core.ExecuteShellCommandChange
2026-09-20 01:20:39 [main] DEBUG liquibase.servicelocator - Loaded liquibase.change.Change instance liquibase.change.core.InsertDataChange
2026-09-20 01:20:39 [main] DEBUG liquibase.servicelocator - Loaded liquibase.change.Change instance liquibase.change.core.LoadDataChange
2026-09-20 01:20:39 [main] DEBUG liquibase.servicelocator - Loaded liquibase.change.Change instance liquibase.change.core.LoadUpdateDataChange
2026-09-20 01:20:39 [main] DEBUG liquibase.servicelocator - Loaded liquibase.change.Change instance liquibase.change.core.MergeColumnChange
2026-09-20 01:20:39 [main] DEBUG liquibase.servicelocator - Loaded liquibase.change.Change instance liquibase.change.core.ModifyDataTypeChange
2026-09-20 01:20:39 [main] DEBUG liquibase.servicelocator - Loaded liquibase.change.Change instance liquibase.change.core.OutputChange
2026-09-20 01:20:39 [main] DEBUG liquibase.servicelocator - Loaded liquibase.change.Change instance liquibase.change.core.RawSQLChange
2026-09-20 01:20:39 [main] DEBUG liquibase.servicelocator - Loaded liquibase.change.Change instance liquibase.change.core.RenameColumnChange
2026-09-20 01:20:39 [main] DEBUG liquibase.servicelocator - Loaded liquibase.change.Change instance liquibase.change.core.RenameSequenceChange
2026-09-20 01:20:39 [main] DEBUG liquibase.servicelocator - Loaded liquibase.change.Change instance liquibase.change.core.RenameTableChange
2026-09-20 01:20:39 [main] DEBUG liquibase.servicelocator - Loaded liquibase.change.Change instance liquibase.change.core.RenameViewChange
2026-09-20 01:20:39 [main] DEBUG liquibase.servicelocator - Loaded liquibase.change.Change instance liquibase.change.core.SQLFileChange
2026-09-20 01:20:39 [main] DEBUG liquibase.servicelocator - Loaded liquibase.change.Change instance liquibase.change.core.SetColumnRemarksChange
2026-09-20 01:20:39 [main] DEBUG liquibase.servicelocator - Loaded liquibase.change.Change instance liquibase.change.core.SetTableRemarksChange
2026-09-20 01:20:39 [main] DEBUG liquibase.servicelocator - Loaded liquibase.change.Change instance liquibase.change.core.StopChange
2026-09-20 01:20:39 [main] DEBUG liquibase.servicelocator - Loaded liquibase.change.Change instance liquibase.change.core.TagDatabaseChange
2026-09-20 01:20:39 [main] DEBUG liquibase.servicelocator - Loaded liquibase.change.Change instance liquibase.change.core.UpdateDataChange
2026-09-20 01:20:39 [main] DEBUG liquibase.servicelocator - Loaded liquibase.change.Change instance liquibase.change.custom.CustomChangeWrapper
2026-09-20 01:20:39 [main] DEBUG liquibase.servicelocator - Loaded liquibase.changelog.ChangeLogHistoryService instance liquibase.changelog.MockChangeLogHistoryService
2026-09-20 01:20:39 [main] DEBUG liquibase.servicelocator - Loaded liquibase.changelog.ChangeLogHistoryService instance liquibase.changelog.StandardChangeLogHistoryService
2026-09-20 01:20:39 [main] DEBUG liquibase.servicelocator - Loaded liquibase.snapshot.SnapshotGenerator instance liquibase.snapshot.jvm.CatalogSnapshotGenerator
2026-09-20 01:20:39 [main] DEBUG liquibase.servicelocator - Loaded liquibase.snapshot.SnapshotGenerator instance liquibase.snapshot.jvm.ColumnSnapshotGenerator
2026-09-20 01:20:39 [main] DEBUG liquibase.servicelocator - Loaded liquibase.snapshot.SnapshotGenerator instance liquibase.snapshot.jvm.ColumnSnapshotGeneratorH2
2026-09-20 01:20:39 [main] DEBUG liquibase.servicelocator - Loaded liquibase.snapshot.SnapshotGenerator instance liquibase.snapshot.jvm.ColumnSnapshotGeneratorInformix
2026-09-20 01:20:39 [main] DEBUG liquibase.servicelocator - Loaded liquibase.snapshot.SnapshotGenerator instance liquibase.snapshot.jvm.ColumnSnapshotGeneratorOracle
2026-09-20 01:20:39 [main] DEBUG liquibase.servicelocator - Loaded liquibase.snapshot.SnapshotGenerator instance liquibase.snapshot.jvm.DataSnapshotGenerator
2026-09-20 01:20:39 [main] DEBUG liquibase.servicelocator - Loaded liquibase.snapshot.SnapshotGenerator instance liquibase.snapshot.jvm.ForeignKeySnapshotGenerator
2026-09-20 01:20:39 [main] DEBUG liquibase.servicelocator - Loaded liquibase.snapshot.SnapshotGenerator instance liquibase.snapshot.jvm.IndexSnapshotGenerator
2026-09-20 01:20:39 [main] DEBUG liquibase.servicelocator - Loaded liquibase.snapshot.SnapshotGenerator instance liquibase.snapshot.jvm.PrimaryKeySnapshotGenerator
2026-09-20 01:20:39 [main] DEBUG liquibase.servicelocator - Loaded liquibase.snapshot.SnapshotGenerator instance liquibase.snapshot.jvm.SchemaSnapshotGenerator
2026-09-20 01:20:39 [main] DEBUG liquibase.servicelocator - Loaded liquibase.snapshot.SnapshotGenerator instance liquibase.snapshot.jvm.SequenceSnapshotGenerator
2026-09-20 01:20:39 [main] DEBUG liquibase.servicelocator - Loaded liquibase.snapshot.SnapshotGenerator instance liquibase.snapshot.jvm.TableSnapshotGenerator
2026-09-20 01:20:39 [main] DEBUG liquibase.servicelocator - Loaded liquibase.snapshot.SnapshotGenerator instance liquibase.snapshot.jvm.UniqueConstraintSnapshotGenerator
2026-09-20 01:20:39 [main] DEBUG liquibase.servicelocator - Loaded liquibase.snapshot.SnapshotGenerator instance liquibase.snapshot.jvm.ViewSnapshotGenerator
2026-09-20 01:20:39 [main] DEBUG liquibase.servicelocator - Loaded liquibase.snapshot.SnapshotGenerator instance liquibase.snapshot.jvm.SchemaSnapshotGeneratorSnowflake
2026-09-20 01:20:39 [main] DEBUG liquibase.servicelocator - Loaded liquibase.snapshot.SnapshotGenerator instance liquibase.snapshot.jvm.SequenceSnapshotGeneratorSnowflake
2026-09-20 01:20:39 [main] DEBUG liquibase.servicelocator - Loaded liquibase.snapshot.SnapshotGenerator instance liquibase.snapshot.jvm.UniqueConstraintSnapshotGeneratorSnowflake
2026-09-20 01:20:39 [main] DEBUG liquibase.configuration - No configuration value for liquibase.supportsMethodValidationLevel found
2026-09-20 01:20:39 [main] DEBUG liquibase.configuration - Configuration liquibase.supportsMethodValidationLevel is using the default value of WARN
2026-09-20 01:20:39 [main] DEBUG liquibase.util - Computed checksum for 1789856439978 as fe88475478e5e3d8d1ce8200f211bafa
2026-09-20 01:20:39 [main] DEBUG liquibase.configuration - No configuration value for liquibase.preserveSchemaCase found
2026-09-20 01:20:39 [main] DEBUG liquibase.configuration - Configuration liquibase.preserveSchemaCase is using the default value of false
2026-09-20 01:20:40 [main] DEBUG liquibase.servicelocator - Loaded liquibase.database.LiquibaseTableNames instance liquibase.database.StandardLiquibaseTableNames
2026-09-20 01:20:40 [main] DEBUG liquibase.servicelocator - Loaded liquibase.diff.compare.DatabaseObjectComparator instance liquibase.diff.compare.core.CatalogComparator
2026-09-20 01:20:40 [main] DEBUG liquibase.servicelocator - Loaded liquibase.diff.compare.DatabaseObjectComparator instance liquibase.diff.compare.core.ColumnComparator
2026-09-20 01:20:40 [main] DEBUG liquibase.servicelocator - Loaded liquibase.diff.compare.DatabaseObjectComparator instance liquibase.diff.compare.core.DefaultDatabaseObjectComparator
2026-09-20 01:20:40 [main] DEBUG liquibase.servicelocator - Loaded liquibase.diff.compare.DatabaseObjectComparator instance liquibase.diff.compare.core.ForeignKeyComparator
2026-09-20 01:20:40 [main] DEBUG liquibase.servicelocator - Loaded liquibase.diff.compare.DatabaseObjectComparator instance liquibase.diff.compare.core.IndexComparator
2026-09-20 01:20:40 [main] DEBUG liquibase.servicelocator - Loaded liquibase.diff.compare.DatabaseObjectComparator instance liquibase.diff.compare.core.MSSQLViewComparator
2026-09-20 01:20:40 [main] DEBUG liquibase.servicelocator - Loaded liquibase.diff.compare.DatabaseObjectComparator instance liquibase.diff.compare.core.PrimaryKeyComparator
2026-09-20 01:20:40 [main] DEBUG liquibase.servicelocator - Loaded liquibase.diff.compare.DatabaseObjectComparator instance liquibase.diff.compare.core.SchemaComparator
2026-09-20 01:20:40 [main] DEBUG liquibase.servicelocator - Loaded liquibase.diff.compare.DatabaseObjectComparator instance liquibase.diff.compare.core.TableComparator
2026-09-20 01:20:40 [main] DEBUG liquibase.servicelocator - Loaded liquibase.diff.compare.DatabaseObjectComparator instance liquibase.diff.compare.core.UniqueConstraintComparator
2026-09-20 01:20:40 [main] DEBUG liquibase.configuration - No configuration value for liquibase.includeCatalogInSpecification found
2026-09-20 01:20:40 [main] DEBUG liquibase.configuration - Configuration liquibase.includeCatalogInSpecification is using the default value of false
2026-09-20 01:20:40 [main] DEBUG liquibase.executor - Changelog query completed.
2026-09-20 01:20:40 [main] INFO  liquibase.changelog - Reading from public.databasechangelog
2026-09-20 01:20:40 [main] DEBUG liquibase.executor - Changelog query completed.
2026-09-20 01:20:40 [main] DEBUG liquibase.configuration - No configuration value for liquibase.allowInheritLogicalFilePath found
2026-09-20 01:20:40 [main] DEBUG liquibase.configuration - Configuration liquibase.allowInheritLogicalFilePath is using the default value of true
2026-09-20 01:20:40 [main] DEBUG liquibase.configuration - Found 'liquibase.command.update.updateNullChecksums' configuration of 'true'
    command argument 'updateNullChecksums' of 'true'
2026-09-20 01:20:40 [main] DEBUG liquibase.servicelocator - Loaded liquibase.lockservice.LockService instance liquibase.lockservice.LockServiceImpl
2026-09-20 01:20:40 [main] DEBUG liquibase.servicelocator - Loaded liquibase.lockservice.LockService instance liquibase.lockservice.MockLockService
2026-09-20 01:20:40 [main] DEBUG liquibase.servicelocator - Loaded liquibase.lockservice.LockService instance liquibase.lockservice.OfflineLockService
2026-09-20 01:20:40 [main] DEBUG liquibase.servicelocator - Loaded liquibase.lockservice.LockService instance liquibase.lockservice.StandardLockService
2026-09-20 01:20:40 [main] DEBUG liquibase.executor - Changelog query completed.
2026-09-20 01:20:40 [main] DEBUG liquibase.configuration - No configuration value for liquibase.allowDuplicatedChangesetIdentifiers found
2026-09-20 01:20:40 [main] DEBUG liquibase.configuration - Configuration liquibase.allowDuplicatedChangesetIdentifiers is using the default value of false
2026-09-20 01:20:40 [main] DEBUG liquibase.servicelocator - Loaded liquibase.changelog.visitor.ValidatingVisitorGenerator instance liquibase.changelog.visitor.StandardValidatingVisitorGenerator
2026-09-20 01:20:40 [main] DEBUG liquibase.servicelocator - Loaded liquibase.datatype.LiquibaseDataType instance liquibase.datatype.core.BigIntType
2026-09-20 01:20:40 [main] DEBUG liquibase.servicelocator - Loaded liquibase.datatype.LiquibaseDataType instance liquibase.datatype.core.BlobType
2026-09-20 01:20:40 [main] DEBUG liquibase.servicelocator - Loaded liquibase.datatype.LiquibaseDataType instance liquibase.datatype.core.BooleanType
2026-09-20 01:20:40 [main] DEBUG liquibase.servicelocator - Loaded liquibase.datatype.LiquibaseDataType instance liquibase.datatype.core.CharType
2026-09-20 01:20:40 [main] DEBUG liquibase.servicelocator - Loaded liquibase.datatype.LiquibaseDataType instance liquibase.datatype.core.ClobType
2026-09-20 01:20:40 [main] DEBUG liquibase.servicelocator - Loaded liquibase.datatype.LiquibaseDataType instance liquibase.datatype.core.CurrencyType
2026-09-20 01:20:40 [main] DEBUG liquibase.servicelocator - Loaded liquibase.datatype.LiquibaseDataType instance liquibase.datatype.core.DatabaseFunctionType
2026-09-20 01:20:40 [main] DEBUG liquibase.servicelocator - Loaded liquibase.datatype.LiquibaseDataType instance liquibase.datatype.core.DateTimeType
2026-09-20 01:20:40 [main] DEBUG liquibase.servicelocator - Loaded liquibase.datatype.LiquibaseDataType instance liquibase.datatype.core.DateType
2026-09-20 01:20:40 [main] DEBUG liquibase.servicelocator - Loaded liquibase.datatype.LiquibaseDataType instance liquibase.datatype.core.DecimalType
2026-09-20 01:20:40 [main] DEBUG liquibase.servicelocator - Loaded liquibase.datatype.LiquibaseDataType instance liquibase.datatype.core.DoubleType
2026-09-20 01:20:40 [main] DEBUG liquibase.servicelocator - Loaded liquibase.datatype.LiquibaseDataType instance liquibase.datatype.core.FloatType
2026-09-20 01:20:40 [main] DEBUG liquibase.servicelocator - Loaded liquibase.datatype.LiquibaseDataType instance liquibase.datatype.core.IntType
2026-09-20 01:20:40 [main] DEBUG liquibase.servicelocator - Loaded liquibase.datatype.LiquibaseDataType instance liquibase.datatype.core.MediumIntType
2026-09-20 01:20:40 [main] DEBUG liquibase.servicelocator - Loaded liquibase.datatype.LiquibaseDataType instance liquibase.datatype.core.NCharType
2026-09-20 01:20:40 [main] DEBUG liquibase.servicelocator - Loaded liquibase.datatype.LiquibaseDataType instance liquibase.datatype.core.NVarcharType
2026-09-20 01:20:40 [main] DEBUG liquibase.servicelocator - Loaded liquibase.datatype.LiquibaseDataType instance liquibase.datatype.core.NumberType
2026-09-20 01:20:40 [main] DEBUG liquibase.servicelocator - Loaded liquibase.datatype.LiquibaseDataType instance liquibase.datatype.core.SmallIntType
2026-09-20 01:20:40 [main] DEBUG liquibase.servicelocator - Loaded liquibase.datatype.LiquibaseDataType instance liquibase.datatype.core.TimeType
2026-09-20 01:20:40 [main] DEBUG liquibase.servicelocator - Loaded liquibase.datatype.LiquibaseDataType instance liquibase.datatype.core.TimestampType
2026-09-20 01:20:40 [main] DEBUG liquibase.servicelocator - Loaded liquibase.datatype.LiquibaseDataType instance liquibase.datatype.core.TinyIntType
2026-09-20 01:20:40 [main] DEBUG liquibase.servicelocator - Loaded liquibase.datatype.LiquibaseDataType instance liquibase.datatype.core.UUIDType
2026-09-20 01:20:40 [main] DEBUG liquibase.servicelocator - Loaded liquibase.datatype.LiquibaseDataType instance liquibase.datatype.core.UnknownType
2026-09-20 01:20:40 [main] DEBUG liquibase.servicelocator - Loaded liquibase.datatype.LiquibaseDataType instance liquibase.datatype.core.VarcharType
2026-09-20 01:20:40 [main] DEBUG liquibase.servicelocator - Loaded liquibase.datatype.LiquibaseDataType instance liquibase.datatype.core.XMLType
2026-09-20 01:20:40 [main] DEBUG liquibase.servicelocator - Loaded liquibase.datatype.LiquibaseDataType instance liquibase.datatype.core.TextDataTypeSnowflake
2026-09-20 01:20:40 [main] DEBUG liquibase.servicelocator - Loaded liquibase.datatype.LiquibaseDataType instance liquibase.datatype.core.TimestampNTZTypeSnowflake
2026-09-20 01:20:40 [main] DEBUG liquibase.servicelocator - Loaded liquibase.datatype.LiquibaseDataType instance liquibase.datatype.core.DoubleDataTypeSnowflake
2026-09-20 01:20:40 [main] DEBUG liquibase.servicelocator - Loaded liquibase.datatype.LiquibaseDataType instance liquibase.datatype.core.BinaryTypeSnowflake
2026-09-20 01:20:40 [main] DEBUG liquibase.servicelocator - Loaded liquibase.datatype.LiquibaseDataType instance liquibase.datatype.core.ClobTypeSnowflake
2026-09-20 01:20:40 [main] DEBUG liquibase.servicelocator - Loaded liquibase.datatype.LiquibaseDataType instance liquibase.datatype.core.DateTypeSnowflake
2026-09-20 01:20:40 [main] DEBUG liquibase.servicelocator - Loaded liquibase.datatype.LiquibaseDataType instance liquibase.datatype.core.TimeTypeSnowflake
2026-09-20 01:20:40 [main] DEBUG liquibase.servicelocator - Loaded liquibase.datatype.LiquibaseDataType instance liquibase.datatype.core.TimestampTypeSnowflake
2026-09-20 01:20:40 [main] DEBUG liquibase.command - Executing internal command changeExecListener
2026-09-20 01:20:40 [main] DEBUG liquibase.command - Executing internal command update migrate
2026-09-20 01:20:40 [main] DEBUG liquibase.configuration - No configuration value for liquibase.changelogLockWaitTimeInMinutes aka liquibase.changeLogLockWaitTimeInMinutes found
2026-09-20 01:20:40 [main] DEBUG liquibase.configuration - Configuration liquibase.changelogLockWaitTimeInMinutes is using the default value of 5
2026-09-20 01:20:40 [main] DEBUG liquibase.executor - Changelog query completed.
2026-09-20 01:20:40 [main] DEBUG liquibase.executor - Changelog query completed.
2026-09-20 01:20:40 [main] DEBUG liquibase.executor - Lock Database
2026-09-20 01:20:40 [main] DEBUG liquibase.executor - Changelog query completed.
2026-09-20 01:20:40 [main] INFO  liquibase.lockservice - Successfully acquired change log lock
2026-09-20 01:20:40 [main] INFO  liquibase.command - Using deploymentId: 9856438754
2026-09-20 01:20:40 [main] INFO  liquibase.changelog - Reading from public.databasechangelog
2026-09-20 01:20:40 [main] DEBUG liquibase.executor - Changelog query completed.
2026-09-20 01:20:40 [main] DEBUG liquibase.util - Computed checksum for createTable:[
    columns=[
        [
            [
                nullable="false"
                primaryKey="true"
            ]
            autoIncrement="true"
            name="id"
            type="BIGINT"
        ],
        [
            [
                nullable="false"
            ]
            name="age"
            type="INT"
        ],
        [
            [
                nullable="false"
            ]
            name="name"
            type="VARCHAR(255)"
        ],
        [... [truncated in log] as 49d5af09a9f137b5cbfc516576aaaf48
2026-09-20 01:20:40 [main] DEBUG liquibase.util - Computed checksum for 9:49d5af09a9f137b5cbfc516576aaaf48: as 371c4bb80ba44732ecc683c32845069d
2026-09-20 01:20:40 [main] DEBUG liquibase.util - Computed checksum for createTable:[
    columns=[
        [
            [
                nullable="false"
                primaryKey="true"
            ]
            autoIncrement="true"
            name="id"
            type="BIGINT"
        ],
        [
            [
                nullable="false"
            ]
            name="age"
            type="INT"
        ],
        [
            [
                nullable="false"
            ]
            name="name"
            type="VARCHAR(255)"
        ],
        [... [truncated in log] as 49d5af09a9f137b5cbfc516576aaaf48
2026-09-20 01:20:40 [main] DEBUG liquibase.util - Computed checksum for 9:49d5af09a9f137b5cbfc516576aaaf48: as 371c4bb80ba44732ecc683c32845069d
2026-09-20 01:20:40 [main] INFO  liquibase.ui - Running Changeset: db/changelog/changes/001-create-users.yaml::001-create-users::ruzleer
2026-09-20 01:20:40 [main] DEBUG liquibase.changelog - Running Changeset: db/changelog/changes/001-create-users.yaml::001-create-users::ruzleer
2026-09-20 01:20:40 [main] DEBUG liquibase.executor - Changeset db/changelog/changes/001-create-users.yaml::001-create-users::ruzleer
2026-09-20 01:20:40 [main] DEBUG liquibase.changelog - Reading ChangeSet: db/changelog/changes/001-create-users.yaml::001-create-users::ruzleer
2026-09-20 01:20:40 [main] DEBUG liquibase.configuration - No configuration value for liquibase.convertDataTypes found
2026-09-20 01:20:40 [main] DEBUG liquibase.configuration - Configuration liquibase.convertDataTypes is using the default value of true
2026-09-20 01:20:40 [main] DEBUG liquibase.configuration - No configuration value for liquibase.fileEncoding found
2026-09-20 01:20:40 [main] DEBUG liquibase.configuration - Configuration liquibase.fileEncoding is using the default value of UTF-8
2026-09-20 01:20:40 [main] DEBUG liquibase.executor - Executing Statement: 
liquibase.statement.core.CreateTableStatement@3f80d8c
2026-09-20 01:20:40 [main] DEBUG liquibase.configuration - No configuration value for liquibase.sql.logLevel found
2026-09-20 01:20:40 [main] DEBUG liquibase.configuration - Configuration liquibase.sql.logLevel is using the default value of FINE
2026-09-20 01:20:40 [main] DEBUG liquibase.executor - 
CREATE TABLE public.users (id BIGINT GENERATED BY DEFAULT AS IDENTITY NOT NULL, age INTEGER NOT NULL, name VARCHAR(255) NOT NULL, email VARCHAR(255) NOT NULL, created_at TIMESTAMP WITHOUT TIME ZONE NOT NULL, CONSTRAINT users_pkey PRIMARY KEY (id), UNIQUE (email))
2026-09-20 01:20:40 [main] ERROR liquibase.changelog - ChangeSet db/changelog/changes/001-create-users.yaml::001-create-users::ruzleer encountered an exception.
liquibase.exception.DatabaseException: ОШИБКА: отношение "users" уже существует [Failed SQL: (0) CREATE TABLE public.users (id BIGINT GENERATED BY DEFAULT AS IDENTITY NOT NULL, age INTEGER NOT NULL, name VARCHAR(255) NOT NULL, email VARCHAR(255) NOT NULL, created_at TIMESTAMP WITHOUT TIME ZONE NOT NULL, CONSTRAINT users_pkey PRIMARY KEY (id), UNIQUE (email))]
	at liquibase.executor.jvm.JdbcExecutor$ExecuteStatementCallback.doInStatement(JdbcExecutor.java:525)
	at liquibase.executor.jvm.JdbcExecutor.execute(JdbcExecutor.java:85)
	at liquibase.executor.jvm.JdbcExecutor.execute(JdbcExecutor.java:188)
	at liquibase.executor.AbstractExecutor.execute(AbstractExecutor.java:148)
	at liquibase.database.AbstractJdbcDatabase.executeStatements(AbstractJdbcDatabase.java:1198)
	at liquibase.changelog.ChangeSet.execute(ChangeSet.java:860)
	at liquibase.changelog.visitor.UpdateVisitor.executeAcceptedChange(UpdateVisitor.java:127)
	at liquibase.changelog.visitor.UpdateVisitor.visit(UpdateVisitor.java:71)
	at liquibase.changelog.ChangeLogIterator.lambda$run$0(ChangeLogIterator.java:133)
	at liquibase.Scope.lambda$child$0(Scope.java:243)
	at liquibase.Scope.child(Scope.java:252)
	at liquibase.Scope.child(Scope.java:242)
	at liquibase.Scope.child(Scope.java:221)
	at liquibase.changelog.ChangeLogIterator.lambda$run$1(ChangeLogIterator.java:122)
	at liquibase.Scope.lambda$child$0(Scope.java:243)
	at liquibase.Scope.child(Scope.java:252)
	at liquibase.Scope.child(Scope.java:242)
	at liquibase.Scope.child(Scope.java:221)
	at liquibase.Scope.child(Scope.java:309)
	at liquibase.Scope.child(Scope.java:313)
	at liquibase.changelog.ChangeLogIterator.run(ChangeLogIterator.java:91)
	at liquibase.command.core.AbstractUpdateCommandStep.lambda$run$1(AbstractUpdateCommandStep.java:122)
	at liquibase.Scope.lambda$child$0(Scope.java:243)
	at liquibase.Scope.child(Scope.java:252)
	at liquibase.Scope.child(Scope.java:242)
	at liquibase.Scope.child(Scope.java:221)
	at liquibase.command.core.AbstractUpdateCommandStep.run(AbstractUpdateCommandStep.java:120)
	at liquibase.command.core.UpdateCommandStep.run(UpdateCommandStep.java:100)
	at liquibase.command.CommandScope.lambda$execute$5(CommandScope.java:269)
	at liquibase.Scope.child(Scope.java:252)
	at liquibase.Scope.child(Scope.java:228)
	at liquibase.command.CommandScope.execute(CommandScope.java:257)
	at liquibase.Liquibase.lambda$update$0(Liquibase.java:216)
	at liquibase.Scope.lambda$child$0(Scope.java:243)
	at liquibase.Scope.child(Scope.java:252)
	at liquibase.Scope.child(Scope.java:242)
	at liquibase.Scope.child(Scope.java:221)
	at liquibase.Liquibase.runInScope(Liquibase.java:1366)
	at liquibase.Liquibase.update(Liquibase.java:205)
	at liquibase.Liquibase.update(Liquibase.java:188)
	at liquibase.integration.spring.SpringLiquibase.performUpdate(SpringLiquibase.java:327)
	at liquibase.integration.spring.SpringLiquibase.lambda$afterPropertiesSet$0(SpringLiquibase.java:279)
	at liquibase.Scope.lambda$child$0(Scope.java:243)
	at liquibase.Scope.child(Scope.java:252)
	at liquibase.Scope.child(Scope.java:242)
	at liquibase.Scope.child(Scope.java:221)
	at liquibase.integration.spring.SpringLiquibase.afterPropertiesSet(SpringLiquibase.java:272)
	at org.springframework.beans.factory.support.AbstractAutowireCapableBeanFactory.invokeInitMethods(AbstractAutowireCapableBeanFactory.java:1862)
	at org.springframework.beans.factory.support.AbstractAutowireCapableBeanFactory.initializeBean(AbstractAutowireCapableBeanFactory.java:1811)
	at org.springframework.beans.factory.support.AbstractAutowireCapableBeanFactory.doCreateBean(AbstractAutowireCapableBeanFactory.java:603)
	at org.springframework.beans.factory.support.AbstractAutowireCapableBeanFactory.createBean(AbstractAutowireCapableBeanFactory.java:525)
	at org.springframework.beans.factory.support.AbstractBeanFactory.lambda$doGetBean$0(AbstractBeanFactory.java:333)
	at org.springframework.beans.factory.support.DefaultSingletonBeanRegistry.getSingleton(DefaultSingletonBeanRegistry.java:371)
	at org.springframework.beans.factory.support.AbstractBeanFactory.doGetBean(AbstractBeanFactory.java:331)
	at org.springframework.beans.factory.support.AbstractBeanFactory.getBean(AbstractBeanFactory.java:196)
	at org.springframework.beans.factory.support.AbstractBeanFactory.doGetBean(AbstractBeanFactory.java:309)
	at org.springframework.beans.factory.support.AbstractBeanFactory.getBean(AbstractBeanFactory.java:201)
	at org.springframework.context.support.AbstractApplicationContext.finishBeanFactoryInitialization(AbstractApplicationContext.java:977)
	at org.springframework.context.support.AbstractApplicationContext.refresh(AbstractApplicationContext.java:621)
	at org.springframework.boot.SpringApplication.refresh(SpringApplication.java:756)
	at org.springframework.boot.SpringApplication.refreshContext(SpringApplication.java:445)
	at org.springframework.boot.SpringApplication.run(SpringApplication.java:321)
	at org.springframework.boot.test.context.SpringBootContextLoader.lambda$loadContext$2(SpringBootContextLoader.java:155)
	at org.springframework.util.function.ThrowingSupplier.get(ThrowingSupplier.java:58)
	at org.springframework.util.function.ThrowingSupplier.get(ThrowingSupplier.java:46)
	at org.springframework.boot.SpringApplication.withHook(SpringApplication.java:1465)
	at org.springframework.boot.test.context.SpringBootContextLoader$ContextLoaderHook.run(SpringBootContextLoader.java:600)
	at org.springframework.boot.test.context.SpringBootContextLoader.loadContext(SpringBootContextLoader.java:155)
	at org.springframework.boot.test.context.SpringBootContextLoader.loadContext(SpringBootContextLoader.java:114)
	at org.springframework.test.context.cache.DefaultCacheAwareContextLoaderDelegate.loadContextInternal(DefaultCacheAwareContextLoaderDelegate.java:247)
	at org.springframework.test.context.cache.DefaultCacheAwareContextLoaderDelegate.lambda$loadContext$0(DefaultCacheAwareContextLoaderDelegate.java:167)
	at org.springframework.test.context.cache.DefaultContextCache.put(DefaultContextCache.java:214)
	at org.springframework.test.context.cache.DefaultCacheAwareContextLoaderDelegate.loadContext(DefaultCacheAwareContextLoaderDelegate.java:160)
	at org.springframework.test.context.support.DefaultTestContext.getApplicationContext(DefaultTestContext.java:128)
	at org.springframework.test.context.support.DependencyInjectionTestExecutionListener.injectDependencies(DependencyInjectionTestExecutionListener.java:156)
	at org.springframework.test.context.support.DependencyInjectionTestExecutionListener.prepareTestInstance(DependencyInjectionTestExecutionListener.java:111)
	at org.springframework.test.context.TestContextManager.prepareTestInstance(TestContextManager.java:260)
	at org.springframework.test.context.junit.jupiter.SpringExtension.postProcessTestInstance(SpringExtension.java:242)
	at org.junit.jupiter.engine.descriptor.ClassBasedTestDescriptor.lambda$invokeTestInstancePostProcessors$1(ClassBasedTestDescriptor.java:423)
	at org.junit.jupiter.engine.descriptor.ClassBasedTestDescriptor.executeAndMaskThrowable(ClassBasedTestDescriptor.java:428)
	at org.junit.jupiter.engine.descriptor.ClassBasedTestDescriptor.lambda$invokeTestInstancePostProcessors$0(ClassBasedTestDescriptor.java:422)
	at java.base/java.util.stream.ForEachOps$ForEachOp$OfRef.accept(ForEachOps.java:186)
	at java.base/java.util.stream.ReferencePipeline$3$1.accept(ReferencePipeline.java:215)
	at java.base/java.util.stream.ReferencePipeline$2$1.accept(ReferencePipeline.java:197)
	at java.base/java.util.stream.ReferencePipeline$3$1.accept(ReferencePipeline.java:215)
	at java.base/java.util.ArrayList$ArrayListSpliterator.forEachRemaining(ArrayList.java:1716)
	at java.base/java.util.stream.AbstractPipeline.copyInto(AbstractPipeline.java:570)
	at java.base/java.util.stream.AbstractPipeline.wrapAndCopyInto(AbstractPipeline.java:560)
	at java.base/java.util.stream.ForEachOps$ForEachOp.evaluateSequential(ForEachOps.java:153)
	at java.base/java.util.stream.ForEachOps$ForEachOp$OfRef.evaluateSequential(ForEachOps.java:176)
	at java.base/java.util.stream.AbstractPipeline.evaluate(AbstractPipeline.java:265)
	at java.base/java.util.stream.ReferencePipeline.forEach(ReferencePipeline.java:636)
	at org.junit.jupiter.engine.descriptor.ClassBasedTestDescriptor.invokeTestInstancePostProcessors(ClassBasedTestDescriptor.java:422)
	at org.junit.jupiter.engine.descriptor.ClassBasedTestDescriptor.lambda$instantiateAndPostProcessTestInstance$0(ClassBasedTestDescriptor.java:334)
	at org.junit.platform.engine.support.hierarchical.ThrowableCollector.execute(ThrowableCollector.java:74)
	at org.junit.jupiter.engine.descriptor.ClassBasedTestDescriptor.instantiateAndPostProcessTestInstance(ClassBasedTestDescriptor.java:333)
	at org.junit.jupiter.engine.descriptor.ClassBasedTestDescriptor.lambda$testInstancesProvider$1(ClassBasedTestDescriptor.java:322)
	at java.base/java.util.Optional.orElseGet(Optional.java:364)
	at org.junit.jupiter.engine.descriptor.ClassBasedTestDescriptor.lambda$testInstancesProvider$0(ClassBasedTestDescriptor.java:321)
	at org.junit.jupiter.engine.execution.TestInstancesProvider.getTestInstances(TestInstancesProvider.java:27)
	at org.junit.jupiter.engine.descriptor.TestMethodTestDescriptor.lambda$prepare$0(TestMethodTestDescriptor.java:127)
	at org.junit.platform.engine.support.hierarchical.ThrowableCollector.execute(ThrowableCollector.java:74)
	at org.junit.jupiter.engine.descriptor.TestMethodTestDescriptor.prepare(TestMethodTestDescriptor.java:126)
	at org.junit.jupiter.engine.descriptor.TestMethodTestDescriptor.prepare(TestMethodTestDescriptor.java:70)
	at org.junit.platform.engine.support.hierarchical.NodeTestTask.lambda$prepare$0(NodeTestTask.java:144)
	at org.junit.platform.engine.support.hierarchical.ThrowableCollector.execute(ThrowableCollector.java:74)
	at org.junit.platform.engine.support.hierarchical.NodeTestTask.prepare(NodeTestTask.java:144)
	at org.junit.platform.engine.support.hierarchical.NodeTestTask.execute(NodeTestTask.java:110)
	at java.base/java.util.ArrayList.forEach(ArrayList.java:1604)
	at org.junit.platform.engine.support.hierarchical.SameThreadHierarchicalTestExecutorService.invokeAll(SameThreadHierarchicalTestExecutorService.java:42)
	at org.junit.platform.engine.support.hierarchical.NodeTestTask.lambda$executeRecursively$2(NodeTestTask.java:180)
	at org.junit.platform.engine.support.hierarchical.ThrowableCollector.execute(ThrowableCollector.java:74)
	at org.junit.platform.engine.support.hierarchical.NodeTestTask.lambda$executeRecursively$1(NodeTestTask.java:166)
	at org.junit.platform.engine.support.hierarchical.Node.around(Node.java:138)
	at org.junit.platform.engine.support.hierarchical.NodeTestTask.lambda$executeRecursively$0(NodeTestTask.java:164)
	at org.junit.platform.engine.support.hierarchical.ThrowableCollector.execute(ThrowableCollector.java:74)
	at org.junit.platform.engine.support.hierarchical.NodeTestTask.executeRecursively(NodeTestTask.java:163)
	at org.junit.platform.engine.support.hierarchical.NodeTestTask.execute(NodeTestTask.java:116)
	at java.base/java.util.ArrayList.forEach(ArrayList.java:1604)
	at org.junit.platform.engine.support.hierarchical.SameThreadHierarchicalTestExecutorService.invokeAll(SameThreadHierarchicalTestExecutorService.java:42)
	at org.junit.platform.engine.support.hierarchical.NodeTestTask.lambda$executeRecursively$2(NodeTestTask.java:180)
	at org.junit.platform.engine.support.hierarchical.ThrowableCollector.execute(ThrowableCollector.java:74)
	at org.junit.platform.engine.support.hierarchical.NodeTestTask.lambda$executeRecursively$1(NodeTestTask.java:166)
	at org.junit.platform.engine.support.hierarchical.Node.around(Node.java:138)
	at org.junit.platform.engine.support.hierarchical.NodeTestTask.lambda$executeRecursively$0(NodeTestTask.java:164)
	at org.junit.platform.engine.support.hierarchical.ThrowableCollector.execute(ThrowableCollector.java:74)
	at org.junit.platform.engine.support.hierarchical.NodeTestTask.executeRecursively(NodeTestTask.java:163)
	at org.junit.platform.engine.support.hierarchical.NodeTestTask.execute(NodeTestTask.java:116)
	at org.junit.platform.engine.support.hierarchical.SameThreadHierarchicalTestExecutorService.submit(SameThreadHierarchicalTestExecutorService.java:36)
	at org.junit.platform.engine.support.hierarchical.HierarchicalTestExecutor.execute(HierarchicalTestExecutor.java:52)
	at org.junit.platform.engine.support.hierarchical.HierarchicalTestEngine.execute(HierarchicalTestEngine.java:58)
	at org.junit.platform.launcher.core.EngineExecutionOrchestrator.executeEngine(EngineExecutionOrchestrator.java:246)
	at org.junit.platform.launcher.core.EngineExecutionOrchestrator.failOrExecuteEngine(EngineExecutionOrchestrator.java:218)
	at org.junit.platform.launcher.core.EngineExecutionOrchestrator.execute(EngineExecutionOrchestrator.java:179)
	at org.junit.platform.launcher.core.EngineExecutionOrchestrator.execute(EngineExecutionOrchestrator.java:108)
	at org.junit.platform.launcher.core.EngineExecutionOrchestrator.lambda$execute$0(EngineExecutionOrchestrator.java:66)
	at org.junit.platform.launcher.core.EngineExecutionOrchestrator.withInterceptedStreams(EngineExecutionOrchestrator.java:157)
	at org.junit.platform.launcher.core.EngineExecutionOrchestrator.execute(EngineExecutionOrchestrator.java:65)
	at org.junit.platform.launcher.core.DefaultLauncher.execute(DefaultLauncher.java:125)
	at org.junit.platform.launcher.core.DefaultLauncher.execute(DefaultLauncher.java:114)
	at org.junit.platform.launcher.core.DefaultLauncher.execute(DefaultLauncher.java:93)
	at org.junit.platform.launcher.core.DelegatingLauncher.execute(DelegatingLauncher.java:48)
	at org.junit.platform.launcher.core.InterceptingLauncher.lambda$execute$0(InterceptingLauncher.java:41)
	at org.junit.platform.launcher.core.ClasspathAlignmentCheckingLauncherInterceptor.intercept(ClasspathAlignmentCheckingLauncherInterceptor.java:25)
	at org.junit.platform.launcher.core.InterceptingLauncher.execute(InterceptingLauncher.java:40)
	at org.junit.platform.launcher.core.DelegatingLauncher.execute(DelegatingLauncher.java:48)
	at org.junit.platform.launcher.core.SessionPerRequestLauncher.execute(SessionPerRequestLauncher.java:67)
	at com.intellij.junit5.JUnit5IdeaTestRunner.startRunnerWithArgs(JUnit5IdeaTestRunner.java:66)
	at com.intellij.rt.junit.IdeaTestRunner$Repeater$1.execute(IdeaTestRunner.java:38)
	at com.intellij.rt.execution.junit.TestsRepeater.repeat(TestsRepeater.java:11)
	at com.intellij.rt.junit.IdeaTestRunner$Repeater.startRunnerWithArgs(IdeaTestRunner.java:35)
	at com.intellij.rt.junit.JUnitStarter.prepareStreamsAndStart(JUnitStarter.java:231)
	at com.intellij.rt.junit.JUnitStarter.main(JUnitStarter.java:55)
Caused by: org.postgresql.util.PSQLException: ОШИБКА: отношение "users" уже существует
	at org.postgresql.core.v3.QueryExecutorImpl.receiveErrorResponse(QueryExecutorImpl.java:2993)
	at org.postgresql.core.v3.QueryExecutorImpl.processResults(QueryExecutorImpl.java:2656)
	at org.postgresql.core.v3.QueryExecutorImpl.execute(QueryExecutorImpl.java:446)
	at org.postgresql.jdbc.PgStatement.executeInternal(PgStatement.java:533)
	at org.postgresql.jdbc.PgStatement.execute(PgStatement.java:449)
	at org.postgresql.jdbc.PgStatement.executeWithFlags(PgStatement.java:371)
	at org.postgresql.jdbc.PgStatement.executeCachedSql(PgStatement.java:356)
	at org.postgresql.jdbc.PgStatement.executeWithFlags(PgStatement.java:332)
	at org.postgresql.jdbc.PgStatement.execute(PgStatement.java:327)
	at com.zaxxer.hikari.pool.ProxyStatement.execute(ProxyStatement.java:95)
	at com.zaxxer.hikari.pool.HikariProxyStatement.execute(HikariProxyStatement.java)
	at liquibase.executor.jvm.JdbcExecutor$ExecuteStatementCallback.doInStatement(JdbcExecutor.java:517)
	... 152 common frames omitted
2026-09-20 01:20:40 [main] DEBUG liquibase.servicelocator - Loaded liquibase.report.ShowSummaryGenerator instance liquibase.report.StandardShowSummaryGenerator
2026-09-20 01:20:40 [main] DEBUG liquibase.util - Computed checksum for  as d41d8cd98f00b204e9800998ecf8427e
2026-09-20 01:20:40 [main] INFO  liquibase.util - UPDATE SUMMARY
2026-09-20 01:20:40 [main] INFO  liquibase.util - Run:                          0
2026-09-20 01:20:40 [main] INFO  liquibase.util - Previously run:               0
2026-09-20 01:20:40 [main] INFO  liquibase.util - Filtered out:                 0
2026-09-20 01:20:40 [main] INFO  liquibase.util - -------------------------------
2026-09-20 01:20:40 [main] INFO  liquibase.util - Total change sets:            1
2026-09-20 01:20:40 [main] INFO  liquibase.util - Update summary generated
2026-09-20 01:20:40 [main] INFO  liquibase.command - Update command encountered an exception.
2026-09-20 01:20:40 [main] DEBUG liquibase.executor - Release Database Lock
2026-09-20 01:20:40 [main] DEBUG liquibase.executor - Changelog query completed.
2026-09-20 01:20:40 [main] INFO  liquibase.lockservice - Successfully released change log lock
2026-09-20 01:20:40 [main] INFO  liquibase.command - Logging exception.
2026-09-20 01:20:40 [main] INFO  liquibase.ui - ERROR: Exception Details
2026-09-20 01:20:40 [main] INFO  liquibase.ui - ERROR: Exception Primary Class:  PSQLException
2026-09-20 01:20:40 [main] INFO  liquibase.ui - ERROR: Exception Primary Reason:  ОШИБКА: отношение "users" уже существует
2026-09-20 01:20:40 [main] INFO  liquibase.ui - ERROR: Exception Primary Source:  PostgreSQL 17.4
2026-09-20 01:20:40 [main] INFO  liquibase.command - Command execution complete
2026-09-20 01:20:40 [main] WARN  o.s.c.a.AnnotationConfigApplicationContext - Exception encountered during context initialization - cancelling refresh attempt: org.springframework.beans.factory.BeanCreationException: Error creating bean with name 'entityManagerFactory' defined in class path resource [org/springframework/boot/hibernate/autoconfigure/HibernateJpaConfiguration.class]: Failed to initialize dependency 'liquibase' of LoadTimeWeaverAware bean 'entityManagerFactory': Error creating bean with name 'liquibase' defined in class path resource [org/springframework/boot/liquibase/autoconfigure/LiquibaseAutoConfiguration$LiquibaseConfiguration.class]: liquibase.exception.CommandExecutionException: liquibase.exception.LiquibaseException: liquibase.exception.MigrationFailedException: Migration failed for changeset db/changelog/changes/001-create-users.yaml::001-create-users::ruzleer:
     Reason: liquibase.exception.DatabaseException: ОШИБКА: отношение "users" уже существует [Failed SQL: (0) CREATE TABLE public.users (id BIGINT GENERATED BY DEFAULT AS IDENTITY NOT NULL, age INTEGER NOT NULL, name VARCHAR(255) NOT NULL, email VARCHAR(255) NOT NULL, created_at TIMESTAMP WITHOUT TIME ZONE NOT NULL, CONSTRAINT users_pkey PRIMARY KEY (id), UNIQUE (email))]
2026-09-20 01:20:40 [main] INFO  com.zaxxer.hikari.HikariDataSource - HikariPool-1 - Shutdown initiated...
2026-09-20 01:20:40 [main] DEBUG com.zaxxer.hikari.pool.HikariPool - HikariPool-1 - Before shutdown stats (total=10/10, idle=10/10, active=0, waiting=0)
2026-09-20 01:20:40 [HikariPool-1:connection-closer] DEBUG com.zaxxer.hikari.pool.PoolBase - HikariPool-1 - Closing connection org.postgresql.jdbc.PgConnection@96abc76: (connection evicted)
2026-09-20 01:20:40 [HikariPool-1:connection-closer] DEBUG com.zaxxer.hikari.pool.PoolBase - HikariPool-1 - Closing connection org.postgresql.jdbc.PgConnection@4b134bc6: (connection evicted)
2026-09-20 01:20:40 [HikariPool-1:connection-closer] DEBUG com.zaxxer.hikari.pool.PoolBase - HikariPool-1 - Closing connection org.postgresql.jdbc.PgConnection@3fd5340d: (connection evicted)
2026-09-20 01:20:40 [HikariPool-1:connection-closer] DEBUG com.zaxxer.hikari.pool.PoolBase - HikariPool-1 - Closing connection org.postgresql.jdbc.PgConnection@45ebc3ff: (connection evicted)
2026-09-20 01:20:40 [HikariPool-1:connection-closer] DEBUG com.zaxxer.hikari.pool.PoolBase - HikariPool-1 - Closing connection org.postgresql.jdbc.PgConnection@6a703900: (connection evicted)
2026-09-20 01:20:40 [HikariPool-1:connection-closer] DEBUG com.zaxxer.hikari.pool.PoolBase - HikariPool-1 - Closing connection org.postgresql.jdbc.PgConnection@7a328329: (connection evicted)
2026-09-20 01:20:40 [HikariPool-1:connection-closer] DEBUG com.zaxxer.hikari.pool.PoolBase - HikariPool-1 - Closing connection org.postgresql.jdbc.PgConnection@62fc5ef9: (connection evicted)
2026-09-20 01:20:40 [HikariPool-1:connection-closer] DEBUG com.zaxxer.hikari.pool.PoolBase - HikariPool-1 - Closing connection org.postgresql.jdbc.PgConnection@6dc53ee9: (connection evicted)
2026-09-20 01:20:40 [HikariPool-1:connection-closer] DEBUG com.zaxxer.hikari.pool.PoolBase - HikariPool-1 - Closing connection org.postgresql.jdbc.PgConnection@656f4828: (connection evicted)
2026-09-20 01:20:40 [HikariPool-1:connection-closer] DEBUG com.zaxxer.hikari.pool.PoolBase - HikariPool-1 - Closing connection org.postgresql.jdbc.PgConnection@31c006ad: (connection evicted)
2026-09-20 01:20:40 [main] DEBUG com.zaxxer.hikari.pool.HikariPool - HikariPool-1 - After  shutdown stats (total=0/10, idle=0/10, active=0, waiting=0)
2026-09-20 01:20:40 [main] INFO  com.zaxxer.hikari.HikariDataSource - HikariPool-1 - Shutdown completed.
2026-09-20 01:20:40 [main] DEBUG o.s.b.a.l.ConditionEvaluationReportLogger - 


============================
CONDITIONS EVALUATION REPORT
============================


Positive matches:
-----------------

   DataJpaRepositoriesAutoConfiguration matched:
      - @ConditionalOnClass found required class 'org.springframework.data.jpa.repository.JpaRepository' (OnClassCondition)
      - @ConditionalOnBooleanProperty (spring.data.jpa.repositories.enabled=true) matched (OnPropertyCondition)
      - @ConditionalOnBean (types: javax.sql.DataSource; SearchStrategy: all) found bean 'dataSource'; @ConditionalOnMissingBean (types: org.springframework.data.jpa.repository.support.JpaRepositoryFactoryBean,org.springframework.data.jpa.repository.config.JpaRepositoryConfigExtension; SearchStrategy: all) did not find any beans (OnBeanCondition)

   DataSourceAutoConfiguration matched:
      - @ConditionalOnClass found required classes 'javax.sql.DataSource', 'org.springframework.jdbc.datasource.embedded.EmbeddedDatabaseType' (OnClassCondition)
      - @ConditionalOnMissingBean (types: io.r2dbc.spi.ConnectionFactory; SearchStrategy: all) did not find any beans (OnBeanCondition)

   DataSourceAutoConfiguration.PooledDataSourceConfiguration matched:
      - AnyNestedCondition 1 matched 1 did not; NestedCondition on DataSourceAutoConfiguration.PooledDataSourceCondition.PooledDataSourceAvailable PooledDataSource found supported DataSource; NestedCondition on DataSourceAutoConfiguration.PooledDataSourceCondition.ExplicitType @ConditionalOnProperty (spring.datasource.type) did not find property 'spring.datasource.type' (DataSourceAutoConfiguration.PooledDataSourceCondition)
      - @ConditionalOnMissingBean (types: javax.sql.DataSource,javax.sql.XADataSource; SearchStrategy: all) did not find any beans (OnBeanCondition)

   DataSourceAutoConfiguration.PooledDataSourceConfiguration#jdbcConnectionDetails matched:
      - @ConditionalOnMissingBean (types: org.springframework.boot.jdbc.autoconfigure.JdbcConnectionDetails; SearchStrategy: all) did not find any beans (OnBeanCondition)

   DataSourceConfiguration.Hikari matched:
      - @ConditionalOnClass found required class 'com.zaxxer.hikari.HikariDataSource' (OnClassCondition)
      - @ConditionalOnProperty (spring.datasource.type=com.zaxxer.hikari.HikariDataSource) matched (OnPropertyCondition)
      - @ConditionalOnMissingBean (types: javax.sql.DataSource; SearchStrategy: all) did not find any beans (OnBeanCondition)

   DataSourceInitializationAutoConfiguration matched:
      - @ConditionalOnClass found required class 'org.springframework.jdbc.datasource.init.DatabasePopulator' (OnClassCondition)
      - SQL InitializationDatabase Initialization default value is EMBEDDED (OnSqlInitializationCondition)
      - @ConditionalOnSingleCandidate (types: javax.sql.DataSource; SearchStrategy: all) found a single bean 'dataSource'; @ConditionalOnMissingBean (types: org.springframework.boot.sql.autoconfigure.init.ApplicationScriptDatabaseInitializer; SearchStrategy: all) did not find any beans (OnBeanCondition)

   DataSourcePoolMetadataProvidersConfiguration.HikariPoolDataSourceMetadataProviderConfiguration matched:
      - @ConditionalOnClass found required class 'com.zaxxer.hikari.HikariDataSource' (OnClassCondition)

   DataSourceTransactionManagerAutoConfiguration matched:
      - @ConditionalOnClass found required classes 'javax.sql.DataSource', 'org.springframework.jdbc.core.JdbcTemplate', 'org.springframework.transaction.TransactionManager' (OnClassCondition)

   DataSourceTransactionManagerAutoConfiguration.JdbcTransactionManagerConfiguration matched:
      - @ConditionalOnSingleCandidate (types: javax.sql.DataSource; SearchStrategy: all) found a single bean 'dataSource' (OnBeanCondition)

   HibernateJpaAutoConfiguration matched:
      - @ConditionalOnClass found required classes 'org.springframework.orm.jpa.LocalContainerEntityManagerFactoryBean', 'jakarta.persistence.EntityManager', 'org.hibernate.engine.spi.SessionImplementor' (OnClassCondition)

   HibernateJpaConfiguration matched:
      - @ConditionalOnSingleCandidate (types: javax.sql.DataSource; SearchStrategy: all) found a single bean 'dataSource' (OnBeanCondition)

   JdbcClientAutoConfiguration matched:
      - @ConditionalOnSingleCandidate (types: org.springframework.jdbc.core.namedparam.NamedParameterJdbcTemplate; SearchStrategy: all) found a single bean 'namedParameterJdbcTemplate'; @ConditionalOnMissingBean (types: org.springframework.jdbc.core.simple.JdbcClient; SearchStrategy: all) did not find any beans (OnBeanCondition)

   JdbcTemplateAutoConfiguration matched:
      - @ConditionalOnClass found required classes 'javax.sql.DataSource', 'org.springframework.jdbc.core.JdbcTemplate' (OnClassCondition)
      - @ConditionalOnSingleCandidate (types: javax.sql.DataSource; SearchStrategy: all) found a single bean 'dataSource' (OnBeanCondition)

   JdbcTemplateConfiguration matched:
      - @ConditionalOnMissingBean (types: org.springframework.jdbc.core.JdbcOperations; SearchStrategy: all) did not find any beans (OnBeanCondition)

   JpaBaseConfiguration#entityManagerFactory matched:
      - @ConditionalOnMissingBean (types: org.springframework.orm.jpa.LocalContainerEntityManagerFactoryBean,jakarta.persistence.EntityManagerFactory; SearchStrategy: all) did not find any beans (OnBeanCondition)

   JpaBaseConfiguration#entityManagerFactoryBuilder matched:
      - @ConditionalOnMissingBean (types: org.springframework.boot.jpa.EntityManagerFactoryBuilder; SearchStrategy: all) did not find any beans (OnBeanCondition)

   JpaBaseConfiguration#jpaVendorAdapter matched:
      - @ConditionalOnMissingBean (types: org.springframework.orm.jpa.JpaVendorAdapter; SearchStrategy: all) did not find any beans (OnBeanCondition)

   JpaBaseConfiguration#transactionManager matched:
      - @ConditionalOnMissingBean (types: org.springframework.transaction.TransactionManager; SearchStrategy: all) did not find any beans (OnBeanCondition)

   JpaBaseConfiguration.PersistenceManagedTypesConfiguration matched:
      - @ConditionalOnMissingBean (types: org.springframework.orm.jpa.LocalContainerEntityManagerFactoryBean,jakarta.persistence.EntityManagerFactory; SearchStrategy: all) did not find any beans (OnBeanCondition)

   JpaBaseConfiguration.PersistenceManagedTypesConfiguration#persistenceManagedTypes matched:
      - @ConditionalOnMissingBean (types: org.springframework.orm.jpa.persistenceunit.PersistenceManagedTypes; SearchStrategy: all) did not find any beans (OnBeanCondition)

   LiquibaseAutoConfiguration matched:
      - @ConditionalOnClass found required classes 'liquibase.integration.spring.SpringLiquibase', 'liquibase.change.DatabaseChange' (OnClassCondition)
      - @ConditionalOnBooleanProperty (spring.liquibase.enabled=true) matched (OnPropertyCondition)
      - AnyNestedCondition 2 matched 1 did not; NestedCondition on LiquibaseAutoConfiguration.LiquibaseDataSourceCondition.LiquibaseUrlCondition @ConditionalOnProperty (spring.liquibase.url) did not find property 'spring.liquibase.url'; NestedCondition on LiquibaseAutoConfiguration.LiquibaseDataSourceCondition.JdbcConnectionDetailsCondition @ConditionalOnBean (types: org.springframework.boot.jdbc.autoconfigure.JdbcConnectionDetails; SearchStrategy: all) found bean 'jdbcConnectionDetails'; NestedCondition on LiquibaseAutoConfiguration.LiquibaseDataSourceCondition.DataSourceBeanCondition @ConditionalOnBean (types: javax.sql.DataSource; SearchStrategy: all) found bean 'dataSource' (LiquibaseAutoConfiguration.LiquibaseDataSourceCondition)

   LiquibaseAutoConfiguration.CustomizerConfiguration matched:
      - @ConditionalOnClass found required class 'liquibase.integration.spring.Customizer' (OnClassCondition)

   LiquibaseAutoConfiguration.LiquibaseConfiguration matched:
      - @ConditionalOnClass found required class 'org.springframework.jdbc.core.ConnectionCallback' (OnClassCondition)
      - @ConditionalOnMissingBean (types: liquibase.integration.spring.SpringLiquibase; SearchStrategy: all) did not find any beans (OnBeanCondition)

   LiquibaseAutoConfiguration.LiquibaseConfiguration#liquibaseConnectionDetails matched:
      - @ConditionalOnMissingBean (types: org.springframework.boot.liquibase.autoconfigure.LiquibaseConnectionDetails; SearchStrategy: all) did not find any beans (OnBeanCondition)

   NamedParameterJdbcTemplateConfiguration matched:
      - @ConditionalOnSingleCandidate (types: org.springframework.jdbc.core.JdbcTemplate; SearchStrategy: all) found a single bean 'jdbcTemplate'; @ConditionalOnMissingBean (types: org.springframework.jdbc.core.namedparam.NamedParameterJdbcOperations; SearchStrategy: all) did not find any beans (OnBeanCondition)

   TestEntityManagerAutoConfiguration matched:
      - @ConditionalOnClass found required class 'jakarta.persistence.EntityManagerFactory' (OnClassCondition)

   TestEntityManagerAutoConfiguration#testEntityManager matched:
      - @ConditionalOnMissingBean (types: org.springframework.boot.jpa.test.autoconfigure.TestEntityManager; SearchStrategy: all) did not find any beans (OnBeanCondition)

   TransactionAutoConfiguration matched:
      - @ConditionalOnClass found required class 'org.springframework.transaction.PlatformTransactionManager' (OnClassCondition)

   TransactionAutoConfiguration.EnableTransactionManagementConfiguration matched:
      - @ConditionalOnBean (types: org.springframework.transaction.TransactionManager; SearchStrategy: all) found bean 'transactionManager'; @ConditionalOnMissingBean (types: org.springframework.transaction.annotation.AbstractTransactionManagementConfiguration; SearchStrategy: all) did not find any beans (OnBeanCondition)

   TransactionAutoConfiguration.EnableTransactionManagementConfiguration.CglibAutoProxyConfiguration matched:
      - @ConditionalOnBooleanProperty (spring.aop.proxy-target-class=true) matched (OnPropertyCondition)

   TransactionAutoConfiguration.TransactionTemplateConfiguration matched:
      - @ConditionalOnSingleCandidate (types: org.springframework.transaction.PlatformTransactionManager; SearchStrategy: all) found a single bean 'transactionManager' (OnBeanCondition)

   TransactionAutoConfiguration.TransactionTemplateConfiguration#transactionTemplate matched:
      - @ConditionalOnMissingBean (types: org.springframework.transaction.support.TransactionOperations; SearchStrategy: all) did not find any beans (OnBeanCondition)

   TransactionManagerCustomizationAutoConfiguration matched:
      - @ConditionalOnClass found required class 'org.springframework.transaction.PlatformTransactionManager' (OnClassCondition)

   TransactionManagerCustomizationAutoConfiguration#platformTransactionManagerCustomizers matched:
      - @ConditionalOnMissingBean (types: org.springframework.boot.transaction.autoconfigure.TransactionManagerCustomizers; SearchStrategy: all) did not find any beans (OnBeanCondition)


Negative matches:
-----------------

   DataJpaRepositoriesAutoConfiguration#entityManagerFactoryBootstrapExecutorCustomizer:
      Did not match:
         - @ConditionalOnProperty (spring.data.jpa.repositories.bootstrap-mode=deferred) found different value in property 'spring.data.jpa.repositories.bootstrap-mode' (OnPropertyCondition)

   DataSourceAutoConfiguration.EmbeddedDatabaseConfiguration:
      Did not match:
         - EmbeddedDataSource spring.datasource.url is set (DataSourceAutoConfiguration.EmbeddedDatabaseCondition)

   DataSourceCheckpointRestoreConfiguration:
      Did not match:
         - @ConditionalOnClass did not find required class 'org.crac.Resource' (OnClassCondition)

   DataSourceConfiguration.Dbcp2:
      Did not match:
         - @ConditionalOnClass did not find required class 'org.apache.commons.dbcp2.BasicDataSource' (OnClassCondition)

   DataSourceConfiguration.Generic:
      Did not match:
         - @ConditionalOnProperty (spring.datasource.type) did not find property 'spring.datasource.type' (OnPropertyCondition)

   DataSourceConfiguration.OracleUcp:
      Did not match:
         - @ConditionalOnClass did not find required classes 'oracle.ucp.jdbc.PoolDataSourceImpl', 'oracle.jdbc.OracleConnection' (OnClassCondition)

   DataSourceConfiguration.Tomcat:
      Did not match:
         - @ConditionalOnClass did not find required class 'org.apache.tomcat.jdbc.pool.DataSource' (OnClassCondition)

   DataSourceJmxConfiguration:
      Did not match:
         - @ConditionalOnBooleanProperty (spring.jmx.enabled=true) found different value in property 'spring.jmx.enabled' (OnPropertyCondition)

   DataSourcePoolMetadataProvidersConfiguration.CommonsDbcp2PoolDataSourceMetadataProviderConfiguration:
      Did not match:
         - @ConditionalOnClass did not find required class 'org.apache.commons.dbcp2.BasicDataSource' (OnClassCondition)

   DataSourcePoolMetadataProvidersConfiguration.OracleUcpPoolDataSourceMetadataProviderConfiguration:
      Did not match:
         - @ConditionalOnClass did not find required classes 'oracle.ucp.jdbc.PoolDataSource', 'oracle.jdbc.OracleConnection' (OnClassCondition)

   DataSourcePoolMetadataProvidersConfiguration.TomcatDataSourcePoolMetadataProviderConfiguration:
      Did not match:
         - @ConditionalOnClass did not find required class 'org.apache.tomcat.jdbc.pool.DataSource' (OnClassCondition)

   DataSourceTransactionManagerAutoConfiguration.JdbcTransactionManagerConfiguration#transactionManager:
      Did not match:
         - @ConditionalOnMissingBean (types: org.springframework.transaction.TransactionManager; SearchStrategy: all) found beans of type 'org.springframework.transaction.TransactionManager' transactionManager (OnBeanCondition)

   JpaBaseConfiguration.JpaWebConfiguration:
      Did not match:
         - not a servlet web application (OnWebApplicationCondition)
      Matched:
         - @ConditionalOnClass found required class 'org.springframework.web.servlet.config.annotation.WebMvcConfigurer' (OnClassCondition)

   LazyConnectionDataSourceConfiguration:
      Did not match:
         - @ConditionalOnProperty (spring.datasource.connection-fetch=lazy) did not find property 'spring.datasource.connection-fetch' (OnPropertyCondition)

   LiquibaseAutoConfiguration.CustomizerConfiguration#springLiquibaseCustomizer:
      Did not match:
         - @ConditionalOnBean (types: liquibase.integration.spring.Customizer; SearchStrategy: all) did not find any beans of type liquibase.integration.spring.Customizer (OnBeanCondition)

   TestDatabaseAutoConfiguration#dataSource:
      Did not match:
         - @ConditionalOnProperty (spring.test.database.replace=AUTO_CONFIGURED) found different value in property 'spring.test.database.replace' (OnPropertyCondition)

   TestDatabaseAutoConfiguration#embeddedDataSourceBeanFactoryPostProcessor:
      Did not match:
         - @ConditionalOnProperty (spring.test.database.replace=ANY) found different value in property 'spring.test.database.replace' (OnPropertyCondition)

   TestDatabaseAutoConfiguration#nonTestEmbeddedDataSourceBeanFactoryPostProcessor:
      Did not match:
         - @ConditionalOnProperty (spring.test.database.replace=NON_TEST) found different value in property 'spring.test.database.replace' (OnPropertyCondition)

   TransactionAutoConfiguration#transactionalOperator:
      Did not match:
         - @ConditionalOnSingleCandidate (types: org.springframework.transaction.ReactiveTransactionManager; SearchStrategy: all) did not find any beans (OnBeanCondition)

   TransactionAutoConfiguration.AspectJTransactionManagementConfiguration:
      Did not match:
         - @ConditionalOnBean (types: org.springframework.transaction.aspectj.AbstractTransactionAspect; SearchStrategy: all) did not find any beans of type org.springframework.transaction.aspectj.AbstractTransactionAspect (OnBeanCondition)

   TransactionAutoConfiguration.EnableTransactionManagementConfiguration.JdkDynamicAutoProxyConfiguration:
      Did not match:
         - @ConditionalOnBooleanProperty (spring.aop.proxy-target-class=false) did not find property 'spring.aop.proxy-target-class' (OnPropertyCondition)


Exclusions:
-----------

    None


Unconditional classes:
----------------------

    org.springframework.boot.jdbc.test.autoconfigure.TestDatabaseAutoConfiguration



2026-09-20 01:20:40 [main] ERROR o.s.boot.SpringApplication - Application run failed
org.springframework.beans.factory.BeanCreationException: Error creating bean with name 'entityManagerFactory' defined in class path resource [org/springframework/boot/hibernate/autoconfigure/HibernateJpaConfiguration.class]: Failed to initialize dependency 'liquibase' of LoadTimeWeaverAware bean 'entityManagerFactory': Error creating bean with name 'liquibase' defined in class path resource [org/springframework/boot/liquibase/autoconfigure/LiquibaseAutoConfiguration$LiquibaseConfiguration.class]: liquibase.exception.CommandExecutionException: liquibase.exception.LiquibaseException: liquibase.exception.MigrationFailedException: Migration failed for changeset db/changelog/changes/001-create-users.yaml::001-create-users::ruzleer:
     Reason: liquibase.exception.DatabaseException: ОШИБКА: отношение "users" уже существует [Failed SQL: (0) CREATE TABLE public.users (id BIGINT GENERATED BY DEFAULT AS IDENTITY NOT NULL, age INTEGER NOT NULL, name VARCHAR(255) NOT NULL, email VARCHAR(255) NOT NULL, created_at TIMESTAMP WITHOUT TIME ZONE NOT NULL, CONSTRAINT users_pkey PRIMARY KEY (id), UNIQUE (email))]
	at org.springframework.beans.factory.support.AbstractBeanFactory.doGetBean(AbstractBeanFactory.java:322)
	at org.springframework.beans.factory.support.AbstractBeanFactory.getBean(AbstractBeanFactory.java:201)
	at org.springframework.context.support.AbstractApplicationContext.finishBeanFactoryInitialization(AbstractApplicationContext.java:977)
	at org.springframework.context.support.AbstractApplicationContext.refresh(AbstractApplicationContext.java:621)
	at org.springframework.boot.SpringApplication.refresh(SpringApplication.java:756)
	at org.springframework.boot.SpringApplication.refreshContext(SpringApplication.java:445)
	at org.springframework.boot.SpringApplication.run(SpringApplication.java:321)
	at org.springframework.boot.test.context.SpringBootContextLoader.lambda$loadContext$2(SpringBootContextLoader.java:155)
	at org.springframework.util.function.ThrowingSupplier.get(ThrowingSupplier.java:58)
	at org.springframework.util.function.ThrowingSupplier.get(ThrowingSupplier.java:46)
	at org.springframework.boot.SpringApplication.withHook(SpringApplication.java:1465)
	at org.springframework.boot.test.context.SpringBootContextLoader$ContextLoaderHook.run(SpringBootContextLoader.java:600)
	at org.springframework.boot.test.context.SpringBootContextLoader.loadContext(SpringBootContextLoader.java:155)
	at org.springframework.boot.test.context.SpringBootContextLoader.loadContext(SpringBootContextLoader.java:114)
	at org.springframework.test.context.cache.DefaultCacheAwareContextLoaderDelegate.loadContextInternal(DefaultCacheAwareContextLoaderDelegate.java:247)
	at org.springframework.test.context.cache.DefaultCacheAwareContextLoaderDelegate.lambda$loadContext$0(DefaultCacheAwareContextLoaderDelegate.java:167)
	at org.springframework.test.context.cache.DefaultContextCache.put(DefaultContextCache.java:214)
	at org.springframework.test.context.cache.DefaultCacheAwareContextLoaderDelegate.loadContext(DefaultCacheAwareContextLoaderDelegate.java:160)
	at org.springframework.test.context.support.DefaultTestContext.getApplicationContext(DefaultTestContext.java:128)
	at org.springframework.test.context.support.DependencyInjectionTestExecutionListener.injectDependencies(DependencyInjectionTestExecutionListener.java:156)
	at org.springframework.test.context.support.DependencyInjectionTestExecutionListener.prepareTestInstance(DependencyInjectionTestExecutionListener.java:111)
	at org.springframework.test.context.TestContextManager.prepareTestInstance(TestContextManager.java:260)
	at org.springframework.test.context.junit.jupiter.SpringExtension.postProcessTestInstance(SpringExtension.java:242)
	at org.junit.jupiter.engine.descriptor.ClassBasedTestDescriptor.lambda$invokeTestInstancePostProcessors$1(ClassBasedTestDescriptor.java:423)
	at org.junit.jupiter.engine.descriptor.ClassBasedTestDescriptor.executeAndMaskThrowable(ClassBasedTestDescriptor.java:428)
	at org.junit.jupiter.engine.descriptor.ClassBasedTestDescriptor.lambda$invokeTestInstancePostProcessors$0(ClassBasedTestDescriptor.java:422)
	at java.base/java.util.stream.ForEachOps$ForEachOp$OfRef.accept(ForEachOps.java:186)
	at java.base/java.util.stream.ReferencePipeline$3$1.accept(ReferencePipeline.java:215)
	at java.base/java.util.stream.ReferencePipeline$2$1.accept(ReferencePipeline.java:197)
	at java.base/java.util.stream.ReferencePipeline$3$1.accept(ReferencePipeline.java:215)
	at java.base/java.util.ArrayList$ArrayListSpliterator.forEachRemaining(ArrayList.java:1716)
	at java.base/java.util.stream.AbstractPipeline.copyInto(AbstractPipeline.java:570)
	at java.base/java.util.stream.AbstractPipeline.wrapAndCopyInto(AbstractPipeline.java:560)
	at java.base/java.util.stream.ForEachOps$ForEachOp.evaluateSequential(ForEachOps.java:153)
	at java.base/java.util.stream.ForEachOps$ForEachOp$OfRef.evaluateSequential(ForEachOps.java:176)
	at java.base/java.util.stream.AbstractPipeline.evaluate(AbstractPipeline.java:265)
	at java.base/java.util.stream.ReferencePipeline.forEach(ReferencePipeline.java:636)
	at org.junit.jupiter.engine.descriptor.ClassBasedTestDescriptor.invokeTestInstancePostProcessors(ClassBasedTestDescriptor.java:422)
	at org.junit.jupiter.engine.descriptor.ClassBasedTestDescriptor.lambda$instantiateAndPostProcessTestInstance$0(ClassBasedTestDescriptor.java:334)
	at org.junit.platform.engine.support.hierarchical.ThrowableCollector.execute(ThrowableCollector.java:74)
	at org.junit.jupiter.engine.descriptor.ClassBasedTestDescriptor.instantiateAndPostProcessTestInstance(ClassBasedTestDescriptor.java:333)
	at org.junit.jupiter.engine.descriptor.ClassBasedTestDescriptor.lambda$testInstancesProvider$1(ClassBasedTestDescriptor.java:322)
	at java.base/java.util.Optional.orElseGet(Optional.java:364)
	at org.junit.jupiter.engine.descriptor.ClassBasedTestDescriptor.lambda$testInstancesProvider$0(ClassBasedTestDescriptor.java:321)
	at org.junit.jupiter.engine.execution.TestInstancesProvider.getTestInstances(TestInstancesProvider.java:27)
	at org.junit.jupiter.engine.descriptor.TestMethodTestDescriptor.lambda$prepare$0(TestMethodTestDescriptor.java:127)
	at org.junit.platform.engine.support.hierarchical.ThrowableCollector.execute(ThrowableCollector.java:74)
	at org.junit.jupiter.engine.descriptor.TestMethodTestDescriptor.prepare(TestMethodTestDescriptor.java:126)
	at org.junit.jupiter.engine.descriptor.TestMethodTestDescriptor.prepare(TestMethodTestDescriptor.java:70)
	at org.junit.platform.engine.support.hierarchical.NodeTestTask.lambda$prepare$0(NodeTestTask.java:144)
	at org.junit.platform.engine.support.hierarchical.ThrowableCollector.execute(ThrowableCollector.java:74)
	at org.junit.platform.engine.support.hierarchical.NodeTestTask.prepare(NodeTestTask.java:144)
	at org.junit.platform.engine.support.hierarchical.NodeTestTask.execute(NodeTestTask.java:110)
	at java.base/java.util.ArrayList.forEach(ArrayList.java:1604)
	at org.junit.platform.engine.support.hierarchical.SameThreadHierarchicalTestExecutorService.invokeAll(SameThreadHierarchicalTestExecutorService.java:42)
	at org.junit.platform.engine.support.hierarchical.NodeTestTask.lambda$executeRecursively$2(NodeTestTask.java:180)
	at org.junit.platform.engine.support.hierarchical.ThrowableCollector.execute(ThrowableCollector.java:74)
	at org.junit.platform.engine.support.hierarchical.NodeTestTask.lambda$executeRecursively$1(NodeTestTask.java:166)
	at org.junit.platform.engine.support.hierarchical.Node.around(Node.java:138)
	at org.junit.platform.engine.support.hierarchical.NodeTestTask.lambda$executeRecursively$0(NodeTestTask.java:164)
	at org.junit.platform.engine.support.hierarchical.ThrowableCollector.execute(ThrowableCollector.java:74)
	at org.junit.platform.engine.support.hierarchical.NodeTestTask.executeRecursively(NodeTestTask.java:163)
	at org.junit.platform.engine.support.hierarchical.NodeTestTask.execute(NodeTestTask.java:116)
	at java.base/java.util.ArrayList.forEach(ArrayList.java:1604)
	at org.junit.platform.engine.support.hierarchical.SameThreadHierarchicalTestExecutorService.invokeAll(SameThreadHierarchicalTestExecutorService.java:42)
	at org.junit.platform.engine.support.hierarchical.NodeTestTask.lambda$executeRecursively$2(NodeTestTask.java:180)
	at org.junit.platform.engine.support.hierarchical.ThrowableCollector.execute(ThrowableCollector.java:74)
	at org.junit.platform.engine.support.hierarchical.NodeTestTask.lambda$executeRecursively$1(NodeTestTask.java:166)
	at org.junit.platform.engine.support.hierarchical.Node.around(Node.java:138)
	at org.junit.platform.engine.support.hierarchical.NodeTestTask.lambda$executeRecursively$0(NodeTestTask.java:164)
	at org.junit.platform.engine.support.hierarchical.ThrowableCollector.execute(ThrowableCollector.java:74)
	at org.junit.platform.engine.support.hierarchical.NodeTestTask.executeRecursively(NodeTestTask.java:163)
	at org.junit.platform.engine.support.hierarchical.NodeTestTask.execute(NodeTestTask.java:116)
	at org.junit.platform.engine.support.hierarchical.SameThreadHierarchicalTestExecutorService.submit(SameThreadHierarchicalTestExecutorService.java:36)
	at org.junit.platform.engine.support.hierarchical.HierarchicalTestExecutor.execute(HierarchicalTestExecutor.java:52)
	at org.junit.platform.engine.support.hierarchical.HierarchicalTestEngine.execute(HierarchicalTestEngine.java:58)
	at org.junit.platform.launcher.core.EngineExecutionOrchestrator.executeEngine(EngineExecutionOrchestrator.java:246)
	at org.junit.platform.launcher.core.EngineExecutionOrchestrator.failOrExecuteEngine(EngineExecutionOrchestrator.java:218)
	at org.junit.platform.launcher.core.EngineExecutionOrchestrator.execute(EngineExecutionOrchestrator.java:179)
	at org.junit.platform.launcher.core.EngineExecutionOrchestrator.execute(EngineExecutionOrchestrator.java:108)
	at org.junit.platform.launcher.core.EngineExecutionOrchestrator.lambda$execute$0(EngineExecutionOrchestrator.java:66)
	at org.junit.platform.launcher.core.EngineExecutionOrchestrator.withInterceptedStreams(EngineExecutionOrchestrator.java:157)
	at org.junit.platform.launcher.core.EngineExecutionOrchestrator.execute(EngineExecutionOrchestrator.java:65)
	at org.junit.platform.launcher.core.DefaultLauncher.execute(DefaultLauncher.java:125)
	at org.junit.platform.launcher.core.DefaultLauncher.execute(DefaultLauncher.java:114)
	at org.junit.platform.launcher.core.DefaultLauncher.execute(DefaultLauncher.java:93)
	at org.junit.platform.launcher.core.DelegatingLauncher.execute(DelegatingLauncher.java:48)
	at org.junit.platform.launcher.core.InterceptingLauncher.lambda$execute$0(InterceptingLauncher.java:41)
	at org.junit.platform.launcher.core.ClasspathAlignmentCheckingLauncherInterceptor.intercept(ClasspathAlignmentCheckingLauncherInterceptor.java:25)
	at org.junit.platform.launcher.core.InterceptingLauncher.execute(InterceptingLauncher.java:40)
	at org.junit.platform.launcher.core.DelegatingLauncher.execute(DelegatingLauncher.java:48)
	at org.junit.platform.launcher.core.SessionPerRequestLauncher.execute(SessionPerRequestLauncher.java:67)
	at com.intellij.junit5.JUnit5IdeaTestRunner.startRunnerWithArgs(JUnit5IdeaTestRunner.java:66)
	at com.intellij.rt.junit.IdeaTestRunner$Repeater$1.execute(IdeaTestRunner.java:38)
	at com.intellij.rt.execution.junit.TestsRepeater.repeat(TestsRepeater.java:11)
	at com.intellij.rt.junit.IdeaTestRunner$Repeater.startRunnerWithArgs(IdeaTestRunner.java:35)
	at com.intellij.rt.junit.JUnitStarter.prepareStreamsAndStart(JUnitStarter.java:231)
	at com.intellij.rt.junit.JUnitStarter.main(JUnitStarter.java:55)
Caused by: org.springframework.beans.factory.BeanCreationException: Error creating bean with name 'liquibase' defined in class path resource [org/springframework/boot/liquibase/autoconfigure/LiquibaseAutoConfiguration$LiquibaseConfiguration.class]: liquibase.exception.CommandExecutionException: liquibase.exception.LiquibaseException: liquibase.exception.MigrationFailedException: Migration failed for changeset db/changelog/changes/001-create-users.yaml::001-create-users::ruzleer:
     Reason: liquibase.exception.DatabaseException: ОШИБКА: отношение "users" уже существует [Failed SQL: (0) CREATE TABLE public.users (id BIGINT GENERATED BY DEFAULT AS IDENTITY NOT NULL, age INTEGER NOT NULL, name VARCHAR(255) NOT NULL, email VARCHAR(255) NOT NULL, created_at TIMESTAMP WITHOUT TIME ZONE NOT NULL, CONSTRAINT users_pkey PRIMARY KEY (id), UNIQUE (email))]
	at org.springframework.beans.factory.support.AbstractAutowireCapableBeanFactory.initializeBean(AbstractAutowireCapableBeanFactory.java:1815)
	at org.springframework.beans.factory.support.AbstractAutowireCapableBeanFactory.doCreateBean(AbstractAutowireCapableBeanFactory.java:603)
	at org.springframework.beans.factory.support.AbstractAutowireCapableBeanFactory.createBean(AbstractAutowireCapableBeanFactory.java:525)
	at org.springframework.beans.factory.support.AbstractBeanFactory.lambda$doGetBean$0(AbstractBeanFactory.java:333)
	at org.springframework.beans.factory.support.DefaultSingletonBeanRegistry.getSingleton(DefaultSingletonBeanRegistry.java:371)
	at org.springframework.beans.factory.support.AbstractBeanFactory.doGetBean(AbstractBeanFactory.java:331)
	at org.springframework.beans.factory.support.AbstractBeanFactory.getBean(AbstractBeanFactory.java:196)
	at org.springframework.beans.factory.support.AbstractBeanFactory.doGetBean(AbstractBeanFactory.java:309)
	... 97 common frames omitted
Caused by: liquibase.exception.LiquibaseException: liquibase.exception.CommandExecutionException: liquibase.exception.LiquibaseException: liquibase.exception.MigrationFailedException: Migration failed for changeset db/changelog/changes/001-create-users.yaml::001-create-users::ruzleer:
     Reason: liquibase.exception.DatabaseException: ОШИБКА: отношение "users" уже существует [Failed SQL: (0) CREATE TABLE public.users (id BIGINT GENERATED BY DEFAULT AS IDENTITY NOT NULL, age INTEGER NOT NULL, name VARCHAR(255) NOT NULL, email VARCHAR(255) NOT NULL, created_at TIMESTAMP WITHOUT TIME ZONE NOT NULL, CONSTRAINT users_pkey PRIMARY KEY (id), UNIQUE (email))]
	at liquibase.integration.spring.SpringLiquibase.afterPropertiesSet(SpringLiquibase.java:289)
	at org.springframework.beans.factory.support.AbstractAutowireCapableBeanFactory.invokeInitMethods(AbstractAutowireCapableBeanFactory.java:1862)
	at org.springframework.beans.factory.support.AbstractAutowireCapableBeanFactory.initializeBean(AbstractAutowireCapableBeanFactory.java:1811)
	... 104 common frames omitted
Caused by: liquibase.exception.CommandExecutionException: liquibase.exception.LiquibaseException: liquibase.exception.MigrationFailedException: Migration failed for changeset db/changelog/changes/001-create-users.yaml::001-create-users::ruzleer:
     Reason: liquibase.exception.DatabaseException: ОШИБКА: отношение "users" уже существует [Failed SQL: (0) CREATE TABLE public.users (id BIGINT GENERATED BY DEFAULT AS IDENTITY NOT NULL, age INTEGER NOT NULL, name VARCHAR(255) NOT NULL, email VARCHAR(255) NOT NULL, created_at TIMESTAMP WITHOUT TIME ZONE NOT NULL, CONSTRAINT users_pkey PRIMARY KEY (id), UNIQUE (email))]
	at liquibase.command.CommandScope.lambda$execute$5(CommandScope.java:325)
	at liquibase.Scope.child(Scope.java:252)
	at liquibase.Scope.child(Scope.java:228)
	at liquibase.command.CommandScope.execute(CommandScope.java:257)
	at liquibase.Liquibase.lambda$update$0(Liquibase.java:216)
	at liquibase.Scope.lambda$child$0(Scope.java:243)
	at liquibase.Scope.child(Scope.java:252)
	at liquibase.Scope.child(Scope.java:242)
	at liquibase.Scope.child(Scope.java:221)
	at liquibase.Liquibase.runInScope(Liquibase.java:1366)
	at liquibase.Liquibase.update(Liquibase.java:205)
	at liquibase.Liquibase.update(Liquibase.java:188)
	at liquibase.integration.spring.SpringLiquibase.performUpdate(SpringLiquibase.java:327)
	at liquibase.integration.spring.SpringLiquibase.lambda$afterPropertiesSet$0(SpringLiquibase.java:279)
	at liquibase.Scope.lambda$child$0(Scope.java:243)
	at liquibase.Scope.child(Scope.java:252)
	at liquibase.Scope.child(Scope.java:242)
	at liquibase.Scope.child(Scope.java:221)
	at liquibase.integration.spring.SpringLiquibase.afterPropertiesSet(SpringLiquibase.java:272)
	... 106 common frames omitted
Caused by: liquibase.exception.LiquibaseException: liquibase.exception.MigrationFailedException: Migration failed for changeset db/changelog/changes/001-create-users.yaml::001-create-users::ruzleer:
     Reason: liquibase.exception.DatabaseException: ОШИБКА: отношение "users" уже существует [Failed SQL: (0) CREATE TABLE public.users (id BIGINT GENERATED BY DEFAULT AS IDENTITY NOT NULL, age INTEGER NOT NULL, name VARCHAR(255) NOT NULL, email VARCHAR(255) NOT NULL, created_at TIMESTAMP WITHOUT TIME ZONE NOT NULL, CONSTRAINT users_pkey PRIMARY KEY (id), UNIQUE (email))]
	at liquibase.changelog.ChangeLogIterator.run(ChangeLogIterator.java:155)
	at liquibase.command.core.AbstractUpdateCommandStep.lambda$run$1(AbstractUpdateCommandStep.java:122)
	at liquibase.Scope.lambda$child$0(Scope.java:243)
	at liquibase.Scope.child(Scope.java:252)
	at liquibase.Scope.child(Scope.java:242)
	at liquibase.Scope.child(Scope.java:221)
	at liquibase.command.core.AbstractUpdateCommandStep.run(AbstractUpdateCommandStep.java:120)
	at liquibase.command.core.UpdateCommandStep.run(UpdateCommandStep.java:100)
	at liquibase.command.CommandScope.lambda$execute$5(CommandScope.java:269)
	... 124 common frames omitted
Caused by: liquibase.exception.MigrationFailedException: Migration failed for changeset db/changelog/changes/001-create-users.yaml::001-create-users::ruzleer:
     Reason: liquibase.exception.DatabaseException: ОШИБКА: отношение "users" уже существует [Failed SQL: (0) CREATE TABLE public.users (id BIGINT GENERATED BY DEFAULT AS IDENTITY NOT NULL, age INTEGER NOT NULL, name VARCHAR(255) NOT NULL, email VARCHAR(255) NOT NULL, created_at TIMESTAMP WITHOUT TIME ZONE NOT NULL, CONSTRAINT users_pkey PRIMARY KEY (id), UNIQUE (email))]
	at liquibase.changelog.ChangeSet.execute(ChangeSet.java:918)
	at liquibase.changelog.visitor.UpdateVisitor.executeAcceptedChange(UpdateVisitor.java:127)
	at liquibase.changelog.visitor.UpdateVisitor.visit(UpdateVisitor.java:71)
	at liquibase.changelog.ChangeLogIterator.lambda$run$0(ChangeLogIterator.java:133)
	at liquibase.Scope.lambda$child$0(Scope.java:243)
	at liquibase.Scope.child(Scope.java:252)
	at liquibase.Scope.child(Scope.java:242)
	at liquibase.Scope.child(Scope.java:221)
	at liquibase.changelog.ChangeLogIterator.lambda$run$1(ChangeLogIterator.java:122)
	at liquibase.Scope.lambda$child$0(Scope.java:243)
	at liquibase.Scope.child(Scope.java:252)
	at liquibase.Scope.child(Scope.java:242)
	at liquibase.Scope.child(Scope.java:221)
	at liquibase.Scope.child(Scope.java:309)
	at liquibase.Scope.child(Scope.java:313)
	at liquibase.changelog.ChangeLogIterator.run(ChangeLogIterator.java:91)
	... 132 common frames omitted
Caused by: liquibase.exception.DatabaseException: ОШИБКА: отношение "users" уже существует [Failed SQL: (0) CREATE TABLE public.users (id BIGINT GENERATED BY DEFAULT AS IDENTITY NOT NULL, age INTEGER NOT NULL, name VARCHAR(255) NOT NULL, email VARCHAR(255) NOT NULL, created_at TIMESTAMP WITHOUT TIME ZONE NOT NULL, CONSTRAINT users_pkey PRIMARY KEY (id), UNIQUE (email))]
	at liquibase.executor.jvm.JdbcExecutor$ExecuteStatementCallback.doInStatement(JdbcExecutor.java:525)
	at liquibase.executor.jvm.JdbcExecutor.execute(JdbcExecutor.java:85)
	at liquibase.executor.jvm.JdbcExecutor.execute(JdbcExecutor.java:188)
	at liquibase.executor.AbstractExecutor.execute(AbstractExecutor.java:148)
	at liquibase.database.AbstractJdbcDatabase.executeStatements(AbstractJdbcDatabase.java:1198)
	at liquibase.changelog.ChangeSet.execute(ChangeSet.java:860)
	... 147 common frames omitted
Caused by: org.postgresql.util.PSQLException: ОШИБКА: отношение "users" уже существует
	at org.postgresql.core.v3.QueryExecutorImpl.receiveErrorResponse(QueryExecutorImpl.java:2993)
	at org.postgresql.core.v3.QueryExecutorImpl.processResults(QueryExecutorImpl.java:2656)
	at org.postgresql.core.v3.QueryExecutorImpl.execute(QueryExecutorImpl.java:446)
	at org.postgresql.jdbc.PgStatement.executeInternal(PgStatement.java:533)
	at org.postgresql.jdbc.PgStatement.execute(PgStatement.java:449)
	at org.postgresql.jdbc.PgStatement.executeWithFlags(PgStatement.java:371)
	at org.postgresql.jdbc.PgStatement.executeCachedSql(PgStatement.java:356)
	at org.postgresql.jdbc.PgStatement.executeWithFlags(PgStatement.java:332)
	at org.postgresql.jdbc.PgStatement.execute(PgStatement.java:327)
	at com.zaxxer.hikari.pool.ProxyStatement.execute(ProxyStatement.java:95)
	at com.zaxxer.hikari.pool.HikariProxyStatement.execute(HikariProxyStatement.java)
	at liquibase.executor.jvm.JdbcExecutor$ExecuteStatementCallback.doInStatement(JdbcExecutor.java:517)
	... 152 common frames omitted
2026-09-20 01:20:40 [main] DEBUG o.springframework.test.context.cache - Spring test ApplicationContext cache statistics: [DefaultContextCache@6cbbfe29 size = 0, maxSize = 32, contextUsageCount = 0, parentContextCount = 0, hitCount = 0, missCount = 1, failureCount = 1]
2026-09-20 01:20:40 [main] WARN  o.s.test.context.TestContextManager - Caught exception while allowing TestExecutionListener [org.springframework.test.context.support.DependencyInjectionTestExecutionListener] to prepare test instance [ru.aston.user.service.repository.UserRepositoryTest@25823192]
java.lang.IllegalStateException: Failed to load ApplicationContext for [MergedContextConfiguration@48aa0813 testClass = ru.aston.user.service.repository.UserRepositoryTest, locations = [], classes = [ru.aston.user.service.UserServiceApplication], contextInitializerClasses = [], activeProfiles = [], propertySourceDescriptors = [], propertySourceProperties = ["org.springframework.boot.data.jpa.test.autoconfigure.DataJpaTestContextBootstrapper=true"], contextCustomizers = [org.springframework.boot.web.server.context.SpringBootTestRandomPortContextCustomizer@585ac855, [ImportsContextCustomizer@45849604 key = [org.springframework.boot.hibernate.autoconfigure.HibernateJpaAutoConfiguration, org.springframework.boot.liquibase.autoconfigure.LiquibaseAutoConfiguration, org.springframework.boot.jpa.test.autoconfigure.TestEntityManagerAutoConfiguration, org.springframework.boot.transaction.autoconfigure.TransactionAutoConfiguration, org.springframework.boot.transaction.autoconfigure.TransactionManagerCustomizationAutoConfiguration, org.springframework.boot.jdbc.autoconfigure.DataSourceTransactionManagerAutoConfiguration, org.springframework.boot.jdbc.autoconfigure.JdbcTemplateAutoConfiguration, org.springframework.boot.data.jpa.autoconfigure.DataJpaRepositoriesAutoConfiguration, org.springframework.boot.jdbc.autoconfigure.DataSourceInitializationAutoConfiguration, org.springframework.boot.jdbc.autoconfigure.JdbcClientAutoConfiguration, org.springframework.boot.jdbc.test.autoconfigure.TestDatabaseAutoConfiguration, org.springframework.boot.jdbc.autoconfigure.DataSourceAutoConfiguration]], org.springframework.boot.test.context.PropertyMappingContextCustomizer@23e9d51c, org.springframework.boot.test.context.filter.ExcludeFilterContextCustomizer@50825a02, org.springframework.boot.test.context.filter.annotation.TypeExcludeFiltersContextCustomizer@34be3d80, org.springframework.boot.test.json.DuplicateJsonObjectContextCustomizerFactory$DuplicateJsonObjectContextCustomizer@6edaa77a, org.springframework.boot.test.autoconfigure.OnFailureConditionReportContextCustomizerFactory$OnFailureConditionReportContextCustomizer@16c3ca31, org.springframework.boot.test.autoconfigure.OverrideAutoConfigurationContextCustomizerFactory$DisableAutoConfigurationContextCustomizer@4e38d975, org.springframework.test.context.support.DynamicPropertiesContextCustomizer@0, org.springframework.boot.test.context.SpringBootTestAnnotation@71f48915], contextLoader = org.springframework.boot.test.context.SpringBootContextLoader, parent = null]
	at org.springframework.test.context.cache.DefaultCacheAwareContextLoaderDelegate.lambda$loadContext$0(DefaultCacheAwareContextLoaderDelegate.java:195)
	at org.springframework.test.context.cache.DefaultContextCache.put(DefaultContextCache.java:214)
	at org.springframework.test.context.cache.DefaultCacheAwareContextLoaderDelegate.loadContext(DefaultCacheAwareContextLoaderDelegate.java:160)
	at org.springframework.test.context.support.DefaultTestContext.getApplicationContext(DefaultTestContext.java:128)
	at org.springframework.test.context.support.DependencyInjectionTestExecutionListener.injectDependencies(DependencyInjectionTestExecutionListener.java:156)
	at org.springframework.test.context.support.DependencyInjectionTestExecutionListener.prepareTestInstance(DependencyInjectionTestExecutionListener.java:111)
	at org.springframework.test.context.TestContextManager.prepareTestInstance(TestContextManager.java:260)
	at org.springframework.test.context.junit.jupiter.SpringExtension.postProcessTestInstance(SpringExtension.java:242)
	at org.junit.jupiter.engine.descriptor.ClassBasedTestDescriptor.lambda$invokeTestInstancePostProcessors$1(ClassBasedTestDescriptor.java:423)
	at org.junit.jupiter.engine.descriptor.ClassBasedTestDescriptor.executeAndMaskThrowable(ClassBasedTestDescriptor.java:428)
	at org.junit.jupiter.engine.descriptor.ClassBasedTestDescriptor.lambda$invokeTestInstancePostProcessors$0(ClassBasedTestDescriptor.java:422)
	at java.base/java.util.stream.ForEachOps$ForEachOp$OfRef.accept(ForEachOps.java:186)
	at java.base/java.util.stream.ReferencePipeline$3$1.accept(ReferencePipeline.java:215)
	at java.base/java.util.stream.ReferencePipeline$2$1.accept(ReferencePipeline.java:197)
	at java.base/java.util.stream.ReferencePipeline$3$1.accept(ReferencePipeline.java:215)
	at java.base/java.util.ArrayList$ArrayListSpliterator.forEachRemaining(ArrayList.java:1716)
	at java.base/java.util.stream.AbstractPipeline.copyInto(AbstractPipeline.java:570)
	at java.base/java.util.stream.AbstractPipeline.wrapAndCopyInto(AbstractPipeline.java:560)
	at java.base/java.util.stream.ForEachOps$ForEachOp.evaluateSequential(ForEachOps.java:153)
	at java.base/java.util.stream.ForEachOps$ForEachOp$OfRef.evaluateSequential(ForEachOps.java:176)
	at java.base/java.util.stream.AbstractPipeline.evaluate(AbstractPipeline.java:265)
	at java.base/java.util.stream.ReferencePipeline.forEach(ReferencePipeline.java:636)
	at org.junit.jupiter.engine.descriptor.ClassBasedTestDescriptor.invokeTestInstancePostProcessors(ClassBasedTestDescriptor.java:422)
	at org.junit.jupiter.engine.descriptor.ClassBasedTestDescriptor.lambda$instantiateAndPostProcessTestInstance$0(ClassBasedTestDescriptor.java:334)
	at org.junit.platform.engine.support.hierarchical.ThrowableCollector.execute(ThrowableCollector.java:74)
	at org.junit.jupiter.engine.descriptor.ClassBasedTestDescriptor.instantiateAndPostProcessTestInstance(ClassBasedTestDescriptor.java:333)
	at org.junit.jupiter.engine.descriptor.ClassBasedTestDescriptor.lambda$testInstancesProvider$1(ClassBasedTestDescriptor.java:322)
	at java.base/java.util.Optional.orElseGet(Optional.java:364)
	at org.junit.jupiter.engine.descriptor.ClassBasedTestDescriptor.lambda$testInstancesProvider$0(ClassBasedTestDescriptor.java:321)
	at org.junit.jupiter.engine.execution.TestInstancesProvider.getTestInstances(TestInstancesProvider.java:27)
	at org.junit.jupiter.engine.descriptor.TestMethodTestDescriptor.lambda$prepare$0(TestMethodTestDescriptor.java:127)
	at org.junit.platform.engine.support.hierarchical.ThrowableCollector.execute(ThrowableCollector.java:74)
	at org.junit.jupiter.engine.descriptor.TestMethodTestDescriptor.prepare(TestMethodTestDescriptor.java:126)
	at org.junit.jupiter.engine.descriptor.TestMethodTestDescriptor.prepare(TestMethodTestDescriptor.java:70)
	at org.junit.platform.engine.support.hierarchical.NodeTestTask.lambda$prepare$0(NodeTestTask.java:144)
	at org.junit.platform.engine.support.hierarchical.ThrowableCollector.execute(ThrowableCollector.java:74)
	at org.junit.platform.engine.support.hierarchical.NodeTestTask.prepare(NodeTestTask.java:144)
	at org.junit.platform.engine.support.hierarchical.NodeTestTask.execute(NodeTestTask.java:110)
	at java.base/java.util.ArrayList.forEach(ArrayList.java:1604)
	at org.junit.platform.engine.support.hierarchical.SameThreadHierarchicalTestExecutorService.invokeAll(SameThreadHierarchicalTestExecutorService.java:42)
	at org.junit.platform.engine.support.hierarchical.NodeTestTask.lambda$executeRecursively$2(NodeTestTask.java:180)
	at org.junit.platform.engine.support.hierarchical.ThrowableCollector.execute(ThrowableCollector.java:74)
	at org.junit.platform.engine.support.hierarchical.NodeTestTask.lambda$executeRecursively$1(NodeTestTask.java:166)
	at org.junit.platform.engine.support.hierarchical.Node.around(Node.java:138)
	at org.junit.platform.engine.support.hierarchical.NodeTestTask.lambda$executeRecursively$0(NodeTestTask.java:164)
	at org.junit.platform.engine.support.hierarchical.ThrowableCollector.execute(ThrowableCollector.java:74)
	at org.junit.platform.engine.support.hierarchical.NodeTestTask.executeRecursively(NodeTestTask.java:163)
	at org.junit.platform.engine.support.hierarchical.NodeTestTask.execute(NodeTestTask.java:116)
	at java.base/java.util.ArrayList.forEach(ArrayList.java:1604)
	at org.junit.platform.engine.support.hierarchical.SameThreadHierarchicalTestExecutorService.invokeAll(SameThreadHierarchicalTestExecutorService.java:42)
	at org.junit.platform.engine.support.hierarchical.NodeTestTask.lambda$executeRecursively$2(NodeTestTask.java:180)
	at org.junit.platform.engine.support.hierarchical.ThrowableCollector.execute(ThrowableCollector.java:74)
	at org.junit.platform.engine.support.hierarchical.NodeTestTask.lambda$executeRecursively$1(NodeTestTask.java:166)
	at org.junit.platform.engine.support.hierarchical.Node.around(Node.java:138)
	at org.junit.platform.engine.support.hierarchical.NodeTestTask.lambda$executeRecursively$0(NodeTestTask.java:164)
	at org.junit.platform.engine.support.hierarchical.ThrowableCollector.execute(ThrowableCollector.java:74)
	at org.junit.platform.engine.support.hierarchical.NodeTestTask.executeRecursively(NodeTestTask.java:163)
	at org.junit.platform.engine.support.hierarchical.NodeTestTask.execute(NodeTestTask.java:116)
	at org.junit.platform.engine.support.hierarchical.SameThreadHierarchicalTestExecutorService.submit(SameThreadHierarchicalTestExecutorService.java:36)
	at org.junit.platform.engine.support.hierarchical.HierarchicalTestExecutor.execute(HierarchicalTestExecutor.java:52)
	at org.junit.platform.engine.support.hierarchical.HierarchicalTestEngine.execute(HierarchicalTestEngine.java:58)
	at org.junit.platform.launcher.core.EngineExecutionOrchestrator.executeEngine(EngineExecutionOrchestrator.java:246)
	at org.junit.platform.launcher.core.EngineExecutionOrchestrator.failOrExecuteEngine(EngineExecutionOrchestrator.java:218)
	at org.junit.platform.launcher.core.EngineExecutionOrchestrator.execute(EngineExecutionOrchestrator.java:179)
	at org.junit.platform.launcher.core.EngineExecutionOrchestrator.execute(EngineExecutionOrchestrator.java:108)
	at org.junit.platform.launcher.core.EngineExecutionOrchestrator.lambda$execute$0(EngineExecutionOrchestrator.java:66)
	at org.junit.platform.launcher.core.EngineExecutionOrchestrator.withInterceptedStreams(EngineExecutionOrchestrator.java:157)
	at org.junit.platform.launcher.core.EngineExecutionOrchestrator.execute(EngineExecutionOrchestrator.java:65)
	at org.junit.platform.launcher.core.DefaultLauncher.execute(DefaultLauncher.java:125)
	at org.junit.platform.launcher.core.DefaultLauncher.execute(DefaultLauncher.java:114)
	at org.junit.platform.launcher.core.DefaultLauncher.execute(DefaultLauncher.java:93)
	at org.junit.platform.launcher.core.DelegatingLauncher.execute(DelegatingLauncher.java:48)
	at org.junit.platform.launcher.core.InterceptingLauncher.lambda$execute$0(InterceptingLauncher.java:41)
	at org.junit.platform.launcher.core.ClasspathAlignmentCheckingLauncherInterceptor.intercept(ClasspathAlignmentCheckingLauncherInterceptor.java:25)
	at org.junit.platform.launcher.core.InterceptingLauncher.execute(InterceptingLauncher.java:40)
	at org.junit.platform.launcher.core.DelegatingLauncher.execute(DelegatingLauncher.java:48)
	at org.junit.platform.launcher.core.SessionPerRequestLauncher.execute(SessionPerRequestLauncher.java:67)
	at com.intellij.junit5.JUnit5IdeaTestRunner.startRunnerWithArgs(JUnit5IdeaTestRunner.java:66)
	at com.intellij.rt.junit.IdeaTestRunner$Repeater$1.execute(IdeaTestRunner.java:38)
	at com.intellij.rt.execution.junit.TestsRepeater.repeat(TestsRepeater.java:11)
	at com.intellij.rt.junit.IdeaTestRunner$Repeater.startRunnerWithArgs(IdeaTestRunner.java:35)
	at com.intellij.rt.junit.JUnitStarter.prepareStreamsAndStart(JUnitStarter.java:231)
	at com.intellij.rt.junit.JUnitStarter.main(JUnitStarter.java:55)
Caused by: org.springframework.beans.factory.BeanCreationException: Error creating bean with name 'entityManagerFactory' defined in class path resource [org/springframework/boot/hibernate/autoconfigure/HibernateJpaConfiguration.class]: Failed to initialize dependency 'liquibase' of LoadTimeWeaverAware bean 'entityManagerFactory': Error creating bean with name 'liquibase' defined in class path resource [org/springframework/boot/liquibase/autoconfigure/LiquibaseAutoConfiguration$LiquibaseConfiguration.class]: liquibase.exception.CommandExecutionException: liquibase.exception.LiquibaseException: liquibase.exception.MigrationFailedException: Migration failed for changeset db/changelog/changes/001-create-users.yaml::001-create-users::ruzleer:
     Reason: liquibase.exception.DatabaseException: ОШИБКА: отношение "users" уже существует [Failed SQL: (0) CREATE TABLE public.users (id BIGINT GENERATED BY DEFAULT AS IDENTITY NOT NULL, age INTEGER NOT NULL, name VARCHAR(255) NOT NULL, email VARCHAR(255) NOT NULL, created_at TIMESTAMP WITHOUT TIME ZONE NOT NULL, CONSTRAINT users_pkey PRIMARY KEY (id), UNIQUE (email))]
	at org.springframework.beans.factory.support.AbstractBeanFactory.doGetBean(AbstractBeanFactory.java:322)
	at org.springframework.beans.factory.support.AbstractBeanFactory.getBean(AbstractBeanFactory.java:201)
	at org.springframework.context.support.AbstractApplicationContext.finishBeanFactoryInitialization(AbstractApplicationContext.java:977)
	at org.springframework.context.support.AbstractApplicationContext.refresh(AbstractApplicationContext.java:621)
	at org.springframework.boot.SpringApplication.refresh(SpringApplication.java:756)
	at org.springframework.boot.SpringApplication.refreshContext(SpringApplication.java:445)
	at org.springframework.boot.SpringApplication.run(SpringApplication.java:321)
	at org.springframework.boot.test.context.SpringBootContextLoader.lambda$loadContext$2(SpringBootContextLoader.java:155)
	at org.springframework.util.function.ThrowingSupplier.get(ThrowingSupplier.java:58)
	at org.springframework.util.function.ThrowingSupplier.get(ThrowingSupplier.java:46)
	at org.springframework.boot.SpringApplication.withHook(SpringApplication.java:1465)
	at org.springframework.boot.test.context.SpringBootContextLoader$ContextLoaderHook.run(SpringBootContextLoader.java:600)
	at org.springframework.boot.test.context.SpringBootContextLoader.loadContext(SpringBootContextLoader.java:155)
	at org.springframework.boot.test.context.SpringBootContextLoader.loadContext(SpringBootContextLoader.java:114)
	at org.springframework.test.context.cache.DefaultCacheAwareContextLoaderDelegate.loadContextInternal(DefaultCacheAwareContextLoaderDelegate.java:247)
	at org.springframework.test.context.cache.DefaultCacheAwareContextLoaderDelegate.lambda$loadContext$0(DefaultCacheAwareContextLoaderDelegate.java:167)
	... 82 common frames omitted
Caused by: org.springframework.beans.factory.BeanCreationException: Error creating bean with name 'liquibase' defined in class path resource [org/springframework/boot/liquibase/autoconfigure/LiquibaseAutoConfiguration$LiquibaseConfiguration.class]: liquibase.exception.CommandExecutionException: liquibase.exception.LiquibaseException: liquibase.exception.MigrationFailedException: Migration failed for changeset db/changelog/changes/001-create-users.yaml::001-create-users::ruzleer:
     Reason: liquibase.exception.DatabaseException: ОШИБКА: отношение "users" уже существует [Failed SQL: (0) CREATE TABLE public.users (id BIGINT GENERATED BY DEFAULT AS IDENTITY NOT NULL, age INTEGER NOT NULL, name VARCHAR(255) NOT NULL, email VARCHAR(255) NOT NULL, created_at TIMESTAMP WITHOUT TIME ZONE NOT NULL, CONSTRAINT users_pkey PRIMARY KEY (id), UNIQUE (email))]
	at org.springframework.beans.factory.support.AbstractAutowireCapableBeanFactory.initializeBean(AbstractAutowireCapableBeanFactory.java:1815)
	at org.springframework.beans.factory.support.AbstractAutowireCapableBeanFactory.doCreateBean(AbstractAutowireCapableBeanFactory.java:603)
	at org.springframework.beans.factory.support.AbstractAutowireCapableBeanFactory.createBean(AbstractAutowireCapableBeanFactory.java:525)
	at org.springframework.beans.factory.support.AbstractBeanFactory.lambda$doGetBean$0(AbstractBeanFactory.java:333)
	at org.springframework.beans.factory.support.DefaultSingletonBeanRegistry.getSingleton(DefaultSingletonBeanRegistry.java:371)
	at org.springframework.beans.factory.support.AbstractBeanFactory.doGetBean(AbstractBeanFactory.java:331)
	at org.springframework.beans.factory.support.AbstractBeanFactory.getBean(AbstractBeanFactory.java:196)
	at org.springframework.beans.factory.support.AbstractBeanFactory.doGetBean(AbstractBeanFactory.java:309)
	... 97 common frames omitted
Caused by: liquibase.exception.LiquibaseException: liquibase.exception.CommandExecutionException: liquibase.exception.LiquibaseException: liquibase.exception.MigrationFailedException: Migration failed for changeset db/changelog/changes/001-create-users.yaml::001-create-users::ruzleer:
     Reason: liquibase.exception.DatabaseException: ОШИБКА: отношение "users" уже существует [Failed SQL: (0) CREATE TABLE public.users (id BIGINT GENERATED BY DEFAULT AS IDENTITY NOT NULL, age INTEGER NOT NULL, name VARCHAR(255) NOT NULL, email VARCHAR(255) NOT NULL, created_at TIMESTAMP WITHOUT TIME ZONE NOT NULL, CONSTRAINT users_pkey PRIMARY KEY (id), UNIQUE (email))]
	at liquibase.integration.spring.SpringLiquibase.afterPropertiesSet(SpringLiquibase.java:289)
	at org.springframework.beans.factory.support.AbstractAutowireCapableBeanFactory.invokeInitMethods(AbstractAutowireCapableBeanFactory.java:1862)
	at org.springframework.beans.factory.support.AbstractAutowireCapableBeanFactory.initializeBean(AbstractAutowireCapableBeanFactory.java:1811)
	... 104 common frames omitted
Caused by: liquibase.exception.CommandExecutionException: liquibase.exception.LiquibaseException: liquibase.exception.MigrationFailedException: Migration failed for changeset db/changelog/changes/001-create-users.yaml::001-create-users::ruzleer:
     Reason: liquibase.exception.DatabaseException: ОШИБКА: отношение "users" уже существует [Failed SQL: (0) CREATE TABLE public.users (id BIGINT GENERATED BY DEFAULT AS IDENTITY NOT NULL, age INTEGER NOT NULL, name VARCHAR(255) NOT NULL, email VARCHAR(255) NOT NULL, created_at TIMESTAMP WITHOUT TIME ZONE NOT NULL, CONSTRAINT users_pkey PRIMARY KEY (id), UNIQUE (email))]
	at liquibase.command.CommandScope.lambda$execute$5(CommandScope.java:325)
	at liquibase.Scope.child(Scope.java:252)
	at liquibase.Scope.child(Scope.java:228)
	at liquibase.command.CommandScope.execute(CommandScope.java:257)
	at liquibase.Liquibase.lambda$update$0(Liquibase.java:216)
	at liquibase.Scope.lambda$child$0(Scope.java:243)
	at liquibase.Scope.child(Scope.java:252)
	at liquibase.Scope.child(Scope.java:242)
	at liquibase.Scope.child(Scope.java:221)
	at liquibase.Liquibase.runInScope(Liquibase.java:1366)
	at liquibase.Liquibase.update(Liquibase.java:205)
	at liquibase.Liquibase.update(Liquibase.java:188)
	at liquibase.integration.spring.SpringLiquibase.performUpdate(SpringLiquibase.java:327)
	at liquibase.integration.spring.SpringLiquibase.lambda$afterPropertiesSet$0(SpringLiquibase.java:279)
	at liquibase.Scope.lambda$child$0(Scope.java:243)
	at liquibase.Scope.child(Scope.java:252)
	at liquibase.Scope.child(Scope.java:242)
	at liquibase.Scope.child(Scope.java:221)
	at liquibase.integration.spring.SpringLiquibase.afterPropertiesSet(SpringLiquibase.java:272)
	... 106 common frames omitted
Caused by: liquibase.exception.LiquibaseException: liquibase.exception.MigrationFailedException: Migration failed for changeset db/changelog/changes/001-create-users.yaml::001-create-users::ruzleer:
     Reason: liquibase.exception.DatabaseException: ОШИБКА: отношение "users" уже существует [Failed SQL: (0) CREATE TABLE public.users (id BIGINT GENERATED BY DEFAULT AS IDENTITY NOT NULL, age INTEGER NOT NULL, name VARCHAR(255) NOT NULL, email VARCHAR(255) NOT NULL, created_at TIMESTAMP WITHOUT TIME ZONE NOT NULL, CONSTRAINT users_pkey PRIMARY KEY (id), UNIQUE (email))]
	at liquibase.changelog.ChangeLogIterator.run(ChangeLogIterator.java:155)
	at liquibase.command.core.AbstractUpdateCommandStep.lambda$run$1(AbstractUpdateCommandStep.java:122)
	at liquibase.Scope.lambda$child$0(Scope.java:243)
	at liquibase.Scope.child(Scope.java:252)
	at liquibase.Scope.child(Scope.java:242)
	at liquibase.Scope.child(Scope.java:221)
	at liquibase.command.core.AbstractUpdateCommandStep.run(AbstractUpdateCommandStep.java:120)
	at liquibase.command.core.UpdateCommandStep.run(UpdateCommandStep.java:100)
	at liquibase.command.CommandScope.lambda$execute$5(CommandScope.java:269)
	... 124 common frames omitted
Caused by: liquibase.exception.MigrationFailedException: Migration failed for changeset db/changelog/changes/001-create-users.yaml::001-create-users::ruzleer:
     Reason: liquibase.exception.DatabaseException: ОШИБКА: отношение "users" уже существует [Failed SQL: (0) CREATE TABLE public.users (id BIGINT GENERATED BY DEFAULT AS IDENTITY NOT NULL, age INTEGER NOT NULL, name VARCHAR(255) NOT NULL, email VARCHAR(255) NOT NULL, created_at TIMESTAMP WITHOUT TIME ZONE NOT NULL, CONSTRAINT users_pkey PRIMARY KEY (id), UNIQUE (email))]
	at liquibase.changelog.ChangeSet.execute(ChangeSet.java:918)
	at liquibase.changelog.visitor.UpdateVisitor.executeAcceptedChange(UpdateVisitor.java:127)
	at liquibase.changelog.visitor.UpdateVisitor.visit(UpdateVisitor.java:71)
	at liquibase.changelog.ChangeLogIterator.lambda$run$0(ChangeLogIterator.java:133)
	at liquibase.Scope.lambda$child$0(Scope.java:243)
	at liquibase.Scope.child(Scope.java:252)
	at liquibase.Scope.child(Scope.java:242)
	at liquibase.Scope.child(Scope.java:221)
	at liquibase.changelog.ChangeLogIterator.lambda$run$1(ChangeLogIterator.java:122)
	at liquibase.Scope.lambda$child$0(Scope.java:243)
	at liquibase.Scope.child(Scope.java:252)
	at liquibase.Scope.child(Scope.java:242)
	at liquibase.Scope.child(Scope.java:221)
	at liquibase.Scope.child(Scope.java:309)
	at liquibase.Scope.child(Scope.java:313)
	at liquibase.changelog.ChangeLogIterator.run(ChangeLogIterator.java:91)
	... 132 common frames omitted
Caused by: liquibase.exception.DatabaseException: ОШИБКА: отношение "users" уже существует [Failed SQL: (0) CREATE TABLE public.users (id BIGINT GENERATED BY DEFAULT AS IDENTITY NOT NULL, age INTEGER NOT NULL, name VARCHAR(255) NOT NULL, email VARCHAR(255) NOT NULL, created_at TIMESTAMP WITHOUT TIME ZONE NOT NULL, CONSTRAINT users_pkey PRIMARY KEY (id), UNIQUE (email))]
	at liquibase.executor.jvm.JdbcExecutor$ExecuteStatementCallback.doInStatement(JdbcExecutor.java:525)
	at liquibase.executor.jvm.JdbcExecutor.execute(JdbcExecutor.java:85)
	at liquibase.executor.jvm.JdbcExecutor.execute(JdbcExecutor.java:188)
	at liquibase.executor.AbstractExecutor.execute(AbstractExecutor.java:148)
	at liquibase.database.AbstractJdbcDatabase.executeStatements(AbstractJdbcDatabase.java:1198)
	at liquibase.changelog.ChangeSet.execute(ChangeSet.java:860)
	... 147 common frames omitted
Caused by: org.postgresql.util.PSQLException: ОШИБКА: отношение "users" уже существует
	at org.postgresql.core.v3.QueryExecutorImpl.receiveErrorResponse(QueryExecutorImpl.java:2993)
	at org.postgresql.core.v3.QueryExecutorImpl.processResults(QueryExecutorImpl.java:2656)
	at org.postgresql.core.v3.QueryExecutorImpl.execute(QueryExecutorImpl.java:446)
	at org.postgresql.jdbc.PgStatement.executeInternal(PgStatement.java:533)
	at org.postgresql.jdbc.PgStatement.execute(PgStatement.java:449)
	at org.postgresql.jdbc.PgStatement.executeWithFlags(PgStatement.java:371)
	at org.postgresql.jdbc.PgStatement.executeCachedSql(PgStatement.java:356)
	at org.postgresql.jdbc.PgStatement.executeWithFlags(PgStatement.java:332)
	at org.postgresql.jdbc.PgStatement.execute(PgStatement.java:327)
	at com.zaxxer.hikari.pool.ProxyStatement.execute(ProxyStatement.java:95)
	at com.zaxxer.hikari.pool.HikariProxyStatement.execute(HikariProxyStatement.java)
	at liquibase.executor.jvm.JdbcExecutor$ExecuteStatementCallback.doInStatement(JdbcExecutor.java:517)
	... 152 common frames omitted
2026-09-20 01:20:40 [main] DEBUG o.s.t.c.s.DependencyInjectionTestExecutionListener - Performing dependency injection for test class ru.aston.user.service.repository.UserRepositoryTest
2026-09-20 01:20:40 [main] DEBUG o.springframework.test.context.cache - Spring test ApplicationContext cache statistics: [DefaultContextCache@6cbbfe29 size = 0, maxSize = 32, contextUsageCount = 0, parentContextCount = 0, hitCount = 0, missCount = 2, failureCount = 1]
2026-09-20 01:20:40 [main] WARN  o.s.test.context.TestContextManager - Caught exception while allowing TestExecutionListener [org.springframework.test.context.support.DependencyInjectionTestExecutionListener] to prepare test instance [ru.aston.user.service.repository.UserRepositoryTest@6ab50d1c]
java.lang.IllegalStateException: ApplicationContext failure threshold (1) exceeded: skipping repeated attempt to load context for [MergedContextConfiguration@48aa0813 testClass = ru.aston.user.service.repository.UserRepositoryTest, locations = [], classes = [ru.aston.user.service.UserServiceApplication], contextInitializerClasses = [], activeProfiles = [], propertySourceDescriptors = [], propertySourceProperties = ["org.springframework.boot.data.jpa.test.autoconfigure.DataJpaTestContextBootstrapper=true"], contextCustomizers = [org.springframework.boot.web.server.context.SpringBootTestRandomPortContextCustomizer@585ac855, [ImportsContextCustomizer@45849604 key = [org.springframework.boot.hibernate.autoconfigure.HibernateJpaAutoConfiguration, org.springframework.boot.liquibase.autoconfigure.LiquibaseAutoConfiguration, org.springframework.boot.jpa.test.autoconfigure.TestEntityManagerAutoConfiguration, org.springframework.boot.transaction.autoconfigure.TransactionAutoConfiguration, org.springframework.boot.transaction.autoconfigure.TransactionManagerCustomizationAutoConfiguration, org.springframework.boot.jdbc.autoconfigure.DataSourceTransactionManagerAutoConfiguration, org.springframework.boot.jdbc.autoconfigure.JdbcTemplateAutoConfiguration, org.springframework.boot.data.jpa.autoconfigure.DataJpaRepositoriesAutoConfiguration, org.springframework.boot.jdbc.autoconfigure.DataSourceInitializationAutoConfiguration, org.springframework.boot.jdbc.autoconfigure.JdbcClientAutoConfiguration, org.springframework.boot.jdbc.test.autoconfigure.TestDatabaseAutoConfiguration, org.springframework.boot.jdbc.autoconfigure.DataSourceAutoConfiguration]], org.springframework.boot.test.context.PropertyMappingContextCustomizer@23e9d51c, org.springframework.boot.test.context.filter.ExcludeFilterContextCustomizer@50825a02, org.springframework.boot.test.context.filter.annotation.TypeExcludeFiltersContextCustomizer@34be3d80, org.springframework.boot.test.json.DuplicateJsonObjectContextCustomizerFactory$DuplicateJsonObjectContextCustomizer@6edaa77a, org.springframework.boot.test.autoconfigure.OnFailureConditionReportContextCustomizerFactory$OnFailureConditionReportContextCustomizer@16c3ca31, org.springframework.boot.test.autoconfigure.OverrideAutoConfigurationContextCustomizerFactory$DisableAutoConfigurationContextCustomizer@4e38d975, org.springframework.test.context.support.DynamicPropertiesContextCustomizer@0, org.springframework.boot.test.context.SpringBootTestAnnotation@71f48915], contextLoader = org.springframework.boot.test.context.SpringBootContextLoader, parent = null]
	at org.springframework.test.context.cache.DefaultCacheAwareContextLoaderDelegate.loadContext(DefaultCacheAwareContextLoaderDelegate.java:157)
	at org.springframework.test.context.support.DefaultTestContext.getApplicationContext(DefaultTestContext.java:128)
	at org.springframework.test.context.support.DependencyInjectionTestExecutionListener.injectDependencies(DependencyInjectionTestExecutionListener.java:156)
	at org.springframework.test.context.support.DependencyInjectionTestExecutionListener.prepareTestInstance(DependencyInjectionTestExecutionListener.java:111)
	at org.springframework.test.context.TestContextManager.prepareTestInstance(TestContextManager.java:260)
	at org.springframework.test.context.junit.jupiter.SpringExtension.postProcessTestInstance(SpringExtension.java:242)
	at org.junit.jupiter.engine.descriptor.ClassBasedTestDescriptor.lambda$invokeTestInstancePostProcessors$1(ClassBasedTestDescriptor.java:423)
	at org.junit.jupiter.engine.descriptor.ClassBasedTestDescriptor.executeAndMaskThrowable(ClassBasedTestDescriptor.java:428)
	at org.junit.jupiter.engine.descriptor.ClassBasedTestDescriptor.lambda$invokeTestInstancePostProcessors$0(ClassBasedTestDescriptor.java:422)
	at java.base/java.util.stream.ForEachOps$ForEachOp$OfRef.accept(ForEachOps.java:186)
	at java.base/java.util.stream.ReferencePipeline$3$1.accept(ReferencePipeline.java:215)
	at java.base/java.util.stream.ReferencePipeline$2$1.accept(ReferencePipeline.java:197)
	at java.base/java.util.stream.ReferencePipeline$3$1.accept(ReferencePipeline.java:215)
	at java.base/java.util.ArrayList$ArrayListSpliterator.forEachRemaining(ArrayList.java:1716)
	at java.base/java.util.stream.AbstractPipeline.copyInto(AbstractPipeline.java:570)
	at java.base/java.util.stream.AbstractPipeline.wrapAndCopyInto(AbstractPipeline.java:560)
	at java.base/java.util.stream.ForEachOps$ForEachOp.evaluateSequential(ForEachOps.java:153)
	at java.base/java.util.stream.ForEachOps$ForEachOp$OfRef.evaluateSequential(ForEachOps.java:176)
	at java.base/java.util.stream.AbstractPipeline.evaluate(AbstractPipeline.java:265)
	at java.base/java.util.stream.ReferencePipeline.forEach(ReferencePipeline.java:636)
	at org.junit.jupiter.engine.descriptor.ClassBasedTestDescriptor.invokeTestInstancePostProcessors(ClassBasedTestDescriptor.java:422)
	at org.junit.jupiter.engine.descriptor.ClassBasedTestDescriptor.lambda$instantiateAndPostProcessTestInstance$0(ClassBasedTestDescriptor.java:334)
	at org.junit.platform.engine.support.hierarchical.ThrowableCollector.execute(ThrowableCollector.java:74)
	at org.junit.jupiter.engine.descriptor.ClassBasedTestDescriptor.instantiateAndPostProcessTestInstance(ClassBasedTestDescriptor.java:333)
	at org.junit.jupiter.engine.descriptor.ClassBasedTestDescriptor.lambda$testInstancesProvider$1(ClassBasedTestDescriptor.java:322)
	at java.base/java.util.Optional.orElseGet(Optional.java:364)
	at org.junit.jupiter.engine.descriptor.ClassBasedTestDescriptor.lambda$testInstancesProvider$0(ClassBasedTestDescriptor.java:321)
	at org.junit.jupiter.engine.execution.TestInstancesProvider.getTestInstances(TestInstancesProvider.java:27)
	at org.junit.jupiter.engine.descriptor.TestMethodTestDescriptor.lambda$prepare$0(TestMethodTestDescriptor.java:127)
	at org.junit.platform.engine.support.hierarchical.ThrowableCollector.execute(ThrowableCollector.java:74)
	at org.junit.jupiter.engine.descriptor.TestMethodTestDescriptor.prepare(TestMethodTestDescriptor.java:126)
	at org.junit.jupiter.engine.descriptor.TestMethodTestDescriptor.prepare(TestMethodTestDescriptor.java:70)
	at org.junit.platform.engine.support.hierarchical.NodeTestTask.lambda$prepare$0(NodeTestTask.java:144)
	at org.junit.platform.engine.support.hierarchical.ThrowableCollector.execute(ThrowableCollector.java:74)
	at org.junit.platform.engine.support.hierarchical.NodeTestTask.prepare(NodeTestTask.java:144)
	at org.junit.platform.engine.support.hierarchical.NodeTestTask.execute(NodeTestTask.java:110)
	at java.base/java.util.ArrayList.forEach(ArrayList.java:1604)
	at org.junit.platform.engine.support.hierarchical.SameThreadHierarchicalTestExecutorService.invokeAll(SameThreadHierarchicalTestExecutorService.java:42)
	at org.junit.platform.engine.support.hierarchical.NodeTestTask.lambda$executeRecursively$2(NodeTestTask.java:180)
	at org.junit.platform.engine.support.hierarchical.ThrowableCollector.execute(ThrowableCollector.java:74)
	at org.junit.platform.engine.support.hierarchical.NodeTestTask.lambda$executeRecursively$1(NodeTestTask.java:166)
	at org.junit.platform.engine.support.hierarchical.Node.around(Node.java:138)
	at org.junit.platform.engine.support.hierarchical.NodeTestTask.lambda$executeRecursively$0(NodeTestTask.java:164)
	at org.junit.platform.engine.support.hierarchical.ThrowableCollector.execute(ThrowableCollector.java:74)
	at org.junit.platform.engine.support.hierarchical.NodeTestTask.executeRecursively(NodeTestTask.java:163)
	at org.junit.platform.engine.support.hierarchical.NodeTestTask.execute(NodeTestTask.java:116)
	at java.base/java.util.ArrayList.forEach(ArrayList.java:1604)
	at org.junit.platform.engine.support.hierarchical.SameThreadHierarchicalTestExecutorService.invokeAll(SameThreadHierarchicalTestExecutorService.java:42)
	at org.junit.platform.engine.support.hierarchical.NodeTestTask.lambda$executeRecursively$2(NodeTestTask.java:180)
	at org.junit.platform.engine.support.hierarchical.ThrowableCollector.execute(ThrowableCollector.java:74)
	at org.junit.platform.engine.support.hierarchical.NodeTestTask.lambda$executeRecursively$1(NodeTestTask.java:166)
	at org.junit.platform.engine.support.hierarchical.Node.around(Node.java:138)
	at org.junit.platform.engine.support.hierarchical.NodeTestTask.lambda$executeRecursively$0(NodeTestTask.java:164)
	at org.junit.platform.engine.support.hierarchical.ThrowableCollector.execute(ThrowableCollector.java:74)
	at org.junit.platform.engine.support.hierarchical.NodeTestTask.executeRecursively(NodeTestTask.java:163)
	at org.junit.platform.engine.support.hierarchical.NodeTestTask.execute(NodeTestTask.java:116)
	at org.junit.platform.engine.support.hierarchical.SameThreadHierarchicalTestExecutorService.submit(SameThreadHierarchicalTestExecutorService.java:36)
	at org.junit.platform.engine.support.hierarchical.HierarchicalTestExecutor.execute(HierarchicalTestExecutor.java:52)
	at org.junit.platform.engine.support.hierarchical.HierarchicalTestEngine.execute(HierarchicalTestEngine.java:58)
	at org.junit.platform.launcher.core.EngineExecutionOrchestrator.executeEngine(EngineExecutionOrchestrator.java:246)
	at org.junit.platform.launcher.core.EngineExecutionOrchestrator.failOrExecuteEngine(EngineExecutionOrchestrator.java:218)
	at org.junit.platform.launcher.core.EngineExecutionOrchestrator.execute(EngineExecutionOrchestrator.java:179)
	at org.junit.platform.launcher.core.EngineExecutionOrchestrator.execute(EngineExecutionOrchestrator.java:108)
	at org.junit.platform.launcher.core.EngineExecutionOrchestrator.lambda$execute$0(EngineExecutionOrchestrator.java:66)
	at org.junit.platform.launcher.core.EngineExecutionOrchestrator.withInterceptedStreams(EngineExecutionOrchestrator.java:157)
	at org.junit.platform.launcher.core.EngineExecutionOrchestrator.execute(EngineExecutionOrchestrator.java:65)
	at org.junit.platform.launcher.core.DefaultLauncher.execute(DefaultLauncher.java:125)
	at org.junit.platform.launcher.core.DefaultLauncher.execute(DefaultLauncher.java:114)
	at org.junit.platform.launcher.core.DefaultLauncher.execute(DefaultLauncher.java:93)
	at org.junit.platform.launcher.core.DelegatingLauncher.execute(DelegatingLauncher.java:48)
	at org.junit.platform.launcher.core.InterceptingLauncher.lambda$execute$0(InterceptingLauncher.java:41)
	at org.junit.platform.launcher.core.ClasspathAlignmentCheckingLauncherInterceptor.intercept(ClasspathAlignmentCheckingLauncherInterceptor.java:25)
	at org.junit.platform.launcher.core.InterceptingLauncher.execute(InterceptingLauncher.java:40)
	at org.junit.platform.launcher.core.DelegatingLauncher.execute(DelegatingLauncher.java:48)
	at org.junit.platform.launcher.core.SessionPerRequestLauncher.execute(SessionPerRequestLauncher.java:67)
	at com.intellij.junit5.JUnit5IdeaTestRunner.startRunnerWithArgs(JUnit5IdeaTestRunner.java:66)
	at com.intellij.rt.junit.IdeaTestRunner$Repeater$1.execute(IdeaTestRunner.java:38)
	at com.intellij.rt.execution.junit.TestsRepeater.repeat(TestsRepeater.java:11)
	at com.intellij.rt.junit.IdeaTestRunner$Repeater.startRunnerWithArgs(IdeaTestRunner.java:35)
	at com.intellij.rt.junit.JUnitStarter.prepareStreamsAndStart(JUnitStarter.java:231)
	at com.intellij.rt.junit.JUnitStarter.main(JUnitStarter.java:55)
2026-09-20 01:20:40 [main] DEBUG o.s.t.c.s.DependencyInjectionTestExecutionListener - Performing dependency injection for test class ru.aston.user.service.repository.UserRepositoryTest
2026-09-20 01:20:40 [main] DEBUG o.springframework.test.context.cache - Spring test ApplicationContext cache statistics: [DefaultContextCache@6cbbfe29 size = 0, maxSize = 32, contextUsageCount = 0, parentContextCount = 0, hitCount = 0, missCount = 3, failureCount = 1]
2026-09-20 01:20:40 [main] WARN  o.s.test.context.TestContextManager - Caught exception while allowing TestExecutionListener [org.springframework.test.context.support.DependencyInjectionTestExecutionListener] to prepare test instance [ru.aston.user.service.repository.UserRepositoryTest@484302ee]
java.lang.IllegalStateException: ApplicationContext failure threshold (1) exceeded: skipping repeated attempt to load context for [MergedContextConfiguration@48aa0813 testClass = ru.aston.user.service.repository.UserRepositoryTest, locations = [], classes = [ru.aston.user.service.UserServiceApplication], contextInitializerClasses = [], activeProfiles = [], propertySourceDescriptors = [], propertySourceProperties = ["org.springframework.boot.data.jpa.test.autoconfigure.DataJpaTestContextBootstrapper=true"], contextCustomizers = [org.springframework.boot.web.server.context.SpringBootTestRandomPortContextCustomizer@585ac855, [ImportsContextCustomizer@45849604 key = [org.springframework.boot.hibernate.autoconfigure.HibernateJpaAutoConfiguration, org.springframework.boot.liquibase.autoconfigure.LiquibaseAutoConfiguration, org.springframework.boot.jpa.test.autoconfigure.TestEntityManagerAutoConfiguration, org.springframework.boot.transaction.autoconfigure.TransactionAutoConfiguration, org.springframework.boot.transaction.autoconfigure.TransactionManagerCustomizationAutoConfiguration, org.springframework.boot.jdbc.autoconfigure.DataSourceTransactionManagerAutoConfiguration, org.springframework.boot.jdbc.autoconfigure.JdbcTemplateAutoConfiguration, org.springframework.boot.data.jpa.autoconfigure.DataJpaRepositoriesAutoConfiguration, org.springframework.boot.jdbc.autoconfigure.DataSourceInitializationAutoConfiguration, org.springframework.boot.jdbc.autoconfigure.JdbcClientAutoConfiguration, org.springframework.boot.jdbc.test.autoconfigure.TestDatabaseAutoConfiguration, org.springframework.boot.jdbc.autoconfigure.DataSourceAutoConfiguration]], org.springframework.boot.test.context.PropertyMappingContextCustomizer@23e9d51c, org.springframework.boot.test.context.filter.ExcludeFilterContextCustomizer@50825a02, org.springframework.boot.test.context.filter.annotation.TypeExcludeFiltersContextCustomizer@34be3d80, org.springframework.boot.test.json.DuplicateJsonObjectContextCustomizerFactory$DuplicateJsonObjectContextCustomizer@6edaa77a, org.springframework.boot.test.autoconfigure.OnFailureConditionReportContextCustomizerFactory$OnFailureConditionReportContextCustomizer@16c3ca31, org.springframework.boot.test.autoconfigure.OverrideAutoConfigurationContextCustomizerFactory$DisableAutoConfigurationContextCustomizer@4e38d975, org.springframework.test.context.support.DynamicPropertiesContextCustomizer@0, org.springframework.boot.test.context.SpringBootTestAnnotation@71f48915], contextLoader = org.springframework.boot.test.context.SpringBootContextLoader, parent = null]
	at org.springframework.test.context.cache.DefaultCacheAwareContextLoaderDelegate.loadContext(DefaultCacheAwareContextLoaderDelegate.java:157)
	at org.springframework.test.context.support.DefaultTestContext.getApplicationContext(DefaultTestContext.java:128)
	at org.springframework.test.context.support.DependencyInjectionTestExecutionListener.injectDependencies(DependencyInjectionTestExecutionListener.java:156)
	at org.springframework.test.context.support.DependencyInjectionTestExecutionListener.prepareTestInstance(DependencyInjectionTestExecutionListener.java:111)
	at org.springframework.test.context.TestContextManager.prepareTestInstance(TestContextManager.java:260)
	at org.springframework.test.context.junit.jupiter.SpringExtension.postProcessTestInstance(SpringExtension.java:242)
	at org.junit.jupiter.engine.descriptor.ClassBasedTestDescriptor.lambda$invokeTestInstancePostProcessors$1(ClassBasedTestDescriptor.java:423)
	at org.junit.jupiter.engine.descriptor.ClassBasedTestDescriptor.executeAndMaskThrowable(ClassBasedTestDescriptor.java:428)
	at org.junit.jupiter.engine.descriptor.ClassBasedTestDescriptor.lambda$invokeTestInstancePostProcessors$0(ClassBasedTestDescriptor.java:422)
	at java.base/java.util.stream.ForEachOps$ForEachOp$OfRef.accept(ForEachOps.java:186)
	at java.base/java.util.stream.ReferencePipeline$3$1.accept(ReferencePipeline.java:215)
	at java.base/java.util.stream.ReferencePipeline$2$1.accept(ReferencePipeline.java:197)
	at java.base/java.util.stream.ReferencePipeline$3$1.accept(ReferencePipeline.java:215)
	at java.base/java.util.ArrayList$ArrayListSpliterator.forEachRemaining(ArrayList.java:1716)
	at java.base/java.util.stream.AbstractPipeline.copyInto(AbstractPipeline.java:570)
	at java.base/java.util.stream.AbstractPipeline.wrapAndCopyInto(AbstractPipeline.java:560)
	at java.base/java.util.stream.ForEachOps$ForEachOp.evaluateSequential(ForEachOps.java:153)
	at java.base/java.util.stream.ForEachOps$ForEachOp$OfRef.evaluateSequential(ForEachOps.java:176)
	at java.base/java.util.stream.AbstractPipeline.evaluate(AbstractPipeline.java:265)
	at java.base/java.util.stream.ReferencePipeline.forEach(ReferencePipeline.java:636)
	at org.junit.jupiter.engine.descriptor.ClassBasedTestDescriptor.invokeTestInstancePostProcessors(ClassBasedTestDescriptor.java:422)
	at org.junit.jupiter.engine.descriptor.ClassBasedTestDescriptor.lambda$instantiateAndPostProcessTestInstance$0(ClassBasedTestDescriptor.java:334)
	at org.junit.platform.engine.support.hierarchical.ThrowableCollector.execute(ThrowableCollector.java:74)
	at org.junit.jupiter.engine.descriptor.ClassBasedTestDescriptor.instantiateAndPostProcessTestInstance(ClassBasedTestDescriptor.java:333)
	at org.junit.jupiter.engine.descriptor.ClassBasedTestDescriptor.lambda$testInstancesProvider$1(ClassBasedTestDescriptor.java:322)
	at java.base/java.util.Optional.orElseGet(Optional.java:364)
	at org.junit.jupiter.engine.descriptor.ClassBasedTestDescriptor.lambda$testInstancesProvider$0(ClassBasedTestDescriptor.java:321)
	at org.junit.jupiter.engine.execution.TestInstancesProvider.getTestInstances(TestInstancesProvider.java:27)
	at org.junit.jupiter.engine.descriptor.TestMethodTestDescriptor.lambda$prepare$0(TestMethodTestDescriptor.java:127)
	at org.junit.platform.engine.support.hierarchical.ThrowableCollector.execute(ThrowableCollector.java:74)
	at org.junit.jupiter.engine.descriptor.TestMethodTestDescriptor.prepare(TestMethodTestDescriptor.java:126)
	at org.junit.jupiter.engine.descriptor.TestMethodTestDescriptor.prepare(TestMethodTestDescriptor.java:70)
	at org.junit.platform.engine.support.hierarchical.NodeTestTask.lambda$prepare$0(NodeTestTask.java:144)
	at org.junit.platform.engine.support.hierarchical.ThrowableCollector.execute(ThrowableCollector.java:74)
	at org.junit.platform.engine.support.hierarchical.NodeTestTask.prepare(NodeTestTask.java:144)
	at org.junit.platform.engine.support.hierarchical.NodeTestTask.execute(NodeTestTask.java:110)
	at java.base/java.util.ArrayList.forEach(ArrayList.java:1604)
	at org.junit.platform.engine.support.hierarchical.SameThreadHierarchicalTestExecutorService.invokeAll(SameThreadHierarchicalTestExecutorService.java:42)
	at org.junit.platform.engine.support.hierarchical.NodeTestTask.lambda$executeRecursively$2(NodeTestTask.java:180)
	at org.junit.platform.engine.support.hierarchical.ThrowableCollector.execute(ThrowableCollector.java:74)
	at org.junit.platform.engine.support.hierarchical.NodeTestTask.lambda$executeRecursively$1(NodeTestTask.java:166)
	at org.junit.platform.engine.support.hierarchical.Node.around(Node.java:138)
	at org.junit.platform.engine.support.hierarchical.NodeTestTask.lambda$executeRecursively$0(NodeTestTask.java:164)
	at org.junit.platform.engine.support.hierarchical.ThrowableCollector.execute(ThrowableCollector.java:74)
	at org.junit.platform.engine.support.hierarchical.NodeTestTask.executeRecursively(NodeTestTask.java:163)
	at org.junit.platform.engine.support.hierarchical.NodeTestTask.execute(NodeTestTask.java:116)
	at java.base/java.util.ArrayList.forEach(ArrayList.java:1604)
	at org.junit.platform.engine.support.hierarchical.SameThreadHierarchicalTestExecutorService.invokeAll(SameThreadHierarchicalTestExecutorService.java:42)
	at org.junit.platform.engine.support.hierarchical.NodeTestTask.lambda$executeRecursively$2(NodeTestTask.java:180)
	at org.junit.platform.engine.support.hierarchical.ThrowableCollector.execute(ThrowableCollector.java:74)
	at org.junit.platform.engine.support.hierarchical.NodeTestTask.lambda$executeRecursively$1(NodeTestTask.java:166)
	at org.junit.platform.engine.support.hierarchical.Node.around(Node.java:138)
	at org.junit.platform.engine.support.hierarchical.NodeTestTask.lambda$executeRecursively$0(NodeTestTask.java:164)
	at org.junit.platform.engine.support.hierarchical.ThrowableCollector.execute(ThrowableCollector.java:74)
	at org.junit.platform.engine.support.hierarchical.NodeTestTask.executeRecursively(NodeTestTask.java:163)
	at org.junit.platform.engine.support.hierarchical.NodeTestTask.execute(NodeTestTask.java:116)
	at org.junit.platform.engine.support.hierarchical.SameThreadHierarchicalTestExecutorService.submit(SameThreadHierarchicalTestExecutorService.java:36)
	at org.junit.platform.engine.support.hierarchical.HierarchicalTestExecutor.execute(HierarchicalTestExecutor.java:52)
	at org.junit.platform.engine.support.hierarchical.HierarchicalTestEngine.execute(HierarchicalTestEngine.java:58)
	at org.junit.platform.launcher.core.EngineExecutionOrchestrator.executeEngine(EngineExecutionOrchestrator.java:246)
	at org.junit.platform.launcher.core.EngineExecutionOrchestrator.failOrExecuteEngine(EngineExecutionOrchestrator.java:218)
	at org.junit.platform.launcher.core.EngineExecutionOrchestrator.execute(EngineExecutionOrchestrator.java:179)
	at org.junit.platform.launcher.core.EngineExecutionOrchestrator.execute(EngineExecutionOrchestrator.java:108)
	at org.junit.platform.launcher.core.EngineExecutionOrchestrator.lambda$execute$0(EngineExecutionOrchestrator.java:66)
	at org.junit.platform.launcher.core.EngineExecutionOrchestrator.withInterceptedStreams(EngineExecutionOrchestrator.java:157)
	at org.junit.platform.launcher.core.EngineExecutionOrchestrator.execute(EngineExecutionOrchestrator.java:65)
	at org.junit.platform.launcher.core.DefaultLauncher.execute(DefaultLauncher.java:125)
	at org.junit.platform.launcher.core.DefaultLauncher.execute(DefaultLauncher.java:114)
	at org.junit.platform.launcher.core.DefaultLauncher.execute(DefaultLauncher.java:93)
	at org.junit.platform.launcher.core.DelegatingLauncher.execute(DelegatingLauncher.java:48)
	at org.junit.platform.launcher.core.InterceptingLauncher.lambda$execute$0(InterceptingLauncher.java:41)
	at org.junit.platform.launcher.core.ClasspathAlignmentCheckingLauncherInterceptor.intercept(ClasspathAlignmentCheckingLauncherInterceptor.java:25)
	at org.junit.platform.launcher.core.InterceptingLauncher.execute(InterceptingLauncher.java:40)
	at org.junit.platform.launcher.core.DelegatingLauncher.execute(DelegatingLauncher.java:48)
	at org.junit.platform.launcher.core.SessionPerRequestLauncher.execute(SessionPerRequestLauncher.java:67)
	at com.intellij.junit5.JUnit5IdeaTestRunner.startRunnerWithArgs(JUnit5IdeaTestRunner.java:66)
	at com.intellij.rt.junit.IdeaTestRunner$Repeater$1.execute(IdeaTestRunner.java:38)
	at com.intellij.rt.execution.junit.TestsRepeater.repeat(TestsRepeater.java:11)
	at com.intellij.rt.junit.IdeaTestRunner$Repeater.startRunnerWithArgs(IdeaTestRunner.java:35)
	at com.intellij.rt.junit.JUnitStarter.prepareStreamsAndStart(JUnitStarter.java:231)
	at com.intellij.rt.junit.JUnitStarter.main(JUnitStarter.java:55)
2026-09-20 01:20:40 [main] DEBUG o.s.t.c.s.DependencyInjectionTestExecutionListener - Performing dependency injection for test class ru.aston.user.service.repository.UserRepositoryTest
2026-09-20 01:20:40 [main] DEBUG o.springframework.test.context.cache - Spring test ApplicationContext cache statistics: [DefaultContextCache@6cbbfe29 size = 0, maxSize = 32, contextUsageCount = 0, parentContextCount = 0, hitCount = 0, missCount = 4, failureCount = 1]
2026-09-20 01:20:40 [main] WARN  o.s.test.context.TestContextManager - Caught exception while allowing TestExecutionListener [org.springframework.test.context.support.DependencyInjectionTestExecutionListener] to prepare test instance [ru.aston.user.service.repository.UserRepositoryTest@4c28f97e]
java.lang.IllegalStateException: ApplicationContext failure threshold (1) exceeded: skipping repeated attempt to load context for [MergedContextConfiguration@48aa0813 testClass = ru.aston.user.service.repository.UserRepositoryTest, locations = [], classes = [ru.aston.user.service.UserServiceApplication], contextInitializerClasses = [], activeProfiles = [], propertySourceDescriptors = [], propertySourceProperties = ["org.springframework.boot.data.jpa.test.autoconfigure.DataJpaTestContextBootstrapper=true"], contextCustomizers = [org.springframework.boot.web.server.context.SpringBootTestRandomPortContextCustomizer@585ac855, [ImportsContextCustomizer@45849604 key = [org.springframework.boot.hibernate.autoconfigure.HibernateJpaAutoConfiguration, org.springframework.boot.liquibase.autoconfigure.LiquibaseAutoConfiguration, org.springframework.boot.jpa.test.autoconfigure.TestEntityManagerAutoConfiguration, org.springframework.boot.transaction.autoconfigure.TransactionAutoConfiguration, org.springframework.boot.transaction.autoconfigure.TransactionManagerCustomizationAutoConfiguration, org.springframework.boot.jdbc.autoconfigure.DataSourceTransactionManagerAutoConfiguration, org.springframework.boot.jdbc.autoconfigure.JdbcTemplateAutoConfiguration, org.springframework.boot.data.jpa.autoconfigure.DataJpaRepositoriesAutoConfiguration, org.springframework.boot.jdbc.autoconfigure.DataSourceInitializationAutoConfiguration, org.springframework.boot.jdbc.autoconfigure.JdbcClientAutoConfiguration, org.springframework.boot.jdbc.test.autoconfigure.TestDatabaseAutoConfiguration, org.springframework.boot.jdbc.autoconfigure.DataSourceAutoConfiguration]], org.springframework.boot.test.context.PropertyMappingContextCustomizer@23e9d51c, org.springframework.boot.test.context.filter.ExcludeFilterContextCustomizer@50825a02, org.springframework.boot.test.context.filter.annotation.TypeExcludeFiltersContextCustomizer@34be3d80, org.springframework.boot.test.json.DuplicateJsonObjectContextCustomizerFactory$DuplicateJsonObjectContextCustomizer@6edaa77a, org.springframework.boot.test.autoconfigure.OnFailureConditionReportContextCustomizerFactory$OnFailureConditionReportContextCustomizer@16c3ca31, org.springframework.boot.test.autoconfigure.OverrideAutoConfigurationContextCustomizerFactory$DisableAutoConfigurationContextCustomizer@4e38d975, org.springframework.test.context.support.DynamicPropertiesContextCustomizer@0, org.springframework.boot.test.context.SpringBootTestAnnotation@71f48915], contextLoader = org.springframework.boot.test.context.SpringBootContextLoader, parent = null]
	at org.springframework.test.context.cache.DefaultCacheAwareContextLoaderDelegate.loadContext(DefaultCacheAwareContextLoaderDelegate.java:157)
	at org.springframework.test.context.support.DefaultTestContext.getApplicationContext(DefaultTestContext.java:128)
	at org.springframework.test.context.support.DependencyInjectionTestExecutionListener.injectDependencies(DependencyInjectionTestExecutionListener.java:156)
	at org.springframework.test.context.support.DependencyInjectionTestExecutionListener.prepareTestInstance(DependencyInjectionTestExecutionListener.java:111)
	at org.springframework.test.context.TestContextManager.prepareTestInstance(TestContextManager.java:260)
	at org.springframework.test.context.junit.jupiter.SpringExtension.postProcessTestInstance(SpringExtension.java:242)
	at org.junit.jupiter.engine.descriptor.ClassBasedTestDescriptor.lambda$invokeTestInstancePostProcessors$1(ClassBasedTestDescriptor.java:423)
	at org.junit.jupiter.engine.descriptor.ClassBasedTestDescriptor.executeAndMaskThrowable(ClassBasedTestDescriptor.java:428)
	at org.junit.jupiter.engine.descriptor.ClassBasedTestDescriptor.lambda$invokeTestInstancePostProcessors$0(ClassBasedTestDescriptor.java:422)
	at java.base/java.util.stream.ForEachOps$ForEachOp$OfRef.accept(ForEachOps.java:186)
	at java.base/java.util.stream.ReferencePipeline$3$1.accept(ReferencePipeline.java:215)
	at java.base/java.util.stream.ReferencePipeline$2$1.accept(ReferencePipeline.java:197)
	at java.base/java.util.stream.ReferencePipeline$3$1.accept(ReferencePipeline.java:215)
	at java.base/java.util.ArrayList$ArrayListSpliterator.forEachRemaining(ArrayList.java:1716)
	at java.base/java.util.stream.AbstractPipeline.copyInto(AbstractPipeline.java:570)
	at java.base/java.util.stream.AbstractPipeline.wrapAndCopyInto(AbstractPipeline.java:560)
	at java.base/java.util.stream.ForEachOps$ForEachOp.evaluateSequential(ForEachOps.java:153)
	at java.base/java.util.stream.ForEachOps$ForEachOp$OfRef.evaluateSequential(ForEachOps.java:176)
	at java.base/java.util.stream.AbstractPipeline.evaluate(AbstractPipeline.java:265)
	at java.base/java.util.stream.ReferencePipeline.forEach(ReferencePipeline.java:636)
	at org.junit.jupiter.engine.descriptor.ClassBasedTestDescriptor.invokeTestInstancePostProcessors(ClassBasedTestDescriptor.java:422)
	at org.junit.jupiter.engine.descriptor.ClassBasedTestDescriptor.lambda$instantiateAndPostProcessTestInstance$0(ClassBasedTestDescriptor.java:334)
	at org.junit.platform.engine.support.hierarchical.ThrowableCollector.execute(ThrowableCollector.java:74)
	at org.junit.jupiter.engine.descriptor.ClassBasedTestDescriptor.instantiateAndPostProcessTestInstance(ClassBasedTestDescriptor.java:333)
	at org.junit.jupiter.engine.descriptor.ClassBasedTestDescriptor.lambda$testInstancesProvider$1(ClassBasedTestDescriptor.java:322)
	at java.base/java.util.Optional.orElseGet(Optional.java:364)
	at org.junit.jupiter.engine.descriptor.ClassBasedTestDescriptor.lambda$testInstancesProvider$0(ClassBasedTestDescriptor.java:321)
	at org.junit.jupiter.engine.execution.TestInstancesProvider.getTestInstances(TestInstancesProvider.java:27)
	at org.junit.jupiter.engine.descriptor.TestMethodTestDescriptor.lambda$prepare$0(TestMethodTestDescriptor.java:127)
	at org.junit.platform.engine.support.hierarchical.ThrowableCollector.execute(ThrowableCollector.java:74)
	at org.junit.jupiter.engine.descriptor.TestMethodTestDescriptor.prepare(TestMethodTestDescriptor.java:126)
	at org.junit.jupiter.engine.descriptor.TestMethodTestDescriptor.prepare(TestMethodTestDescriptor.java:70)
	at org.junit.platform.engine.support.hierarchical.NodeTestTask.lambda$prepare$0(NodeTestTask.java:144)
	at org.junit.platform.engine.support.hierarchical.ThrowableCollector.execute(ThrowableCollector.java:74)
	at org.junit.platform.engine.support.hierarchical.NodeTestTask.prepare(NodeTestTask.java:144)
	at org.junit.platform.engine.support.hierarchical.NodeTestTask.execute(NodeTestTask.java:110)
	at java.base/java.util.ArrayList.forEach(ArrayList.java:1604)
	at org.junit.platform.engine.support.hierarchical.SameThreadHierarchicalTestExecutorService.invokeAll(SameThreadHierarchicalTestExecutorService.java:42)
	at org.junit.platform.engine.support.hierarchical.NodeTestTask.lambda$executeRecursively$2(NodeTestTask.java:180)
	at org.junit.platform.engine.support.hierarchical.ThrowableCollector.execute(ThrowableCollector.java:74)
	at org.junit.platform.engine.support.hierarchical.NodeTestTask.lambda$executeRecursively$1(NodeTestTask.java:166)
	at org.junit.platform.engine.support.hierarchical.Node.around(Node.java:138)
	at org.junit.platform.engine.support.hierarchical.NodeTestTask.lambda$executeRecursively$0(NodeTestTask.java:164)
	at org.junit.platform.engine.support.hierarchical.ThrowableCollector.execute(ThrowableCollector.java:74)
	at org.junit.platform.engine.support.hierarchical.NodeTestTask.executeRecursively(NodeTestTask.java:163)
	at org.junit.platform.engine.support.hierarchical.NodeTestTask.execute(NodeTestTask.java:116)
	at java.base/java.util.ArrayList.forEach(ArrayList.java:1604)
	at org.junit.platform.engine.support.hierarchical.SameThreadHierarchicalTestExecutorService.invokeAll(SameThreadHierarchicalTestExecutorService.java:42)
	at org.junit.platform.engine.support.hierarchical.NodeTestTask.lambda$executeRecursively$2(NodeTestTask.java:180)
	at org.junit.platform.engine.support.hierarchical.ThrowableCollector.execute(ThrowableCollector.java:74)
	at org.junit.platform.engine.support.hierarchical.NodeTestTask.lambda$executeRecursively$1(NodeTestTask.java:166)
	at org.junit.platform.engine.support.hierarchical.Node.around(Node.java:138)
	at org.junit.platform.engine.support.hierarchical.NodeTestTask.lambda$executeRecursively$0(NodeTestTask.java:164)
	at org.junit.platform.engine.support.hierarchical.ThrowableCollector.execute(ThrowableCollector.java:74)
	at org.junit.platform.engine.support.hierarchical.NodeTestTask.executeRecursively(NodeTestTask.java:163)
	at org.junit.platform.engine.support.hierarchical.NodeTestTask.execute(NodeTestTask.java:116)
	at org.junit.platform.engine.support.hierarchical.SameThreadHierarchicalTestExecutorService.submit(SameThreadHierarchicalTestExecutorService.java:36)
	at org.junit.platform.engine.support.hierarchical.HierarchicalTestExecutor.execute(HierarchicalTestExecutor.java:52)
	at org.junit.platform.engine.support.hierarchical.HierarchicalTestEngine.execute(HierarchicalTestEngine.java:58)
	at org.junit.platform.launcher.core.EngineExecutionOrchestrator.executeEngine(EngineExecutionOrchestrator.java:246)
	at org.junit.platform.launcher.core.EngineExecutionOrchestrator.failOrExecuteEngine(EngineExecutionOrchestrator.java:218)
	at org.junit.platform.launcher.core.EngineExecutionOrchestrator.execute(EngineExecutionOrchestrator.java:179)
	at org.junit.platform.launcher.core.EngineExecutionOrchestrator.execute(EngineExecutionOrchestrator.java:108)
	at org.junit.platform.launcher.core.EngineExecutionOrchestrator.lambda$execute$0(EngineExecutionOrchestrator.java:66)
	at org.junit.platform.launcher.core.EngineExecutionOrchestrator.withInterceptedStreams(EngineExecutionOrchestrator.java:157)
	at org.junit.platform.launcher.core.EngineExecutionOrchestrator.execute(EngineExecutionOrchestrator.java:65)
	at org.junit.platform.launcher.core.DefaultLauncher.execute(DefaultLauncher.java:125)
	at org.junit.platform.launcher.core.DefaultLauncher.execute(DefaultLauncher.java:114)
	at org.junit.platform.launcher.core.DefaultLauncher.execute(DefaultLauncher.java:93)
	at org.junit.platform.launcher.core.DelegatingLauncher.execute(DelegatingLauncher.java:48)
	at org.junit.platform.launcher.core.InterceptingLauncher.lambda$execute$0(InterceptingLauncher.java:41)
	at org.junit.platform.launcher.core.ClasspathAlignmentCheckingLauncherInterceptor.intercept(ClasspathAlignmentCheckingLauncherInterceptor.java:25)
	at org.junit.platform.launcher.core.InterceptingLauncher.execute(InterceptingLauncher.java:40)
	at org.junit.platform.launcher.core.DelegatingLauncher.execute(DelegatingLauncher.java:48)
	at org.junit.platform.launcher.core.SessionPerRequestLauncher.execute(SessionPerRequestLauncher.java:67)
	at com.intellij.junit5.JUnit5IdeaTestRunner.startRunnerWithArgs(JUnit5IdeaTestRunner.java:66)
	at com.intellij.rt.junit.IdeaTestRunner$Repeater$1.execute(IdeaTestRunner.java:38)
	at com.intellij.rt.execution.junit.TestsRepeater.repeat(TestsRepeater.java:11)
	at com.intellij.rt.junit.IdeaTestRunner$Repeater.startRunnerWithArgs(IdeaTestRunner.java:35)
	at com.intellij.rt.junit.JUnitStarter.prepareStreamsAndStart(JUnitStarter.java:231)
	at com.intellij.rt.junit.JUnitStarter.main(JUnitStarter.java:55)
2026-09-20 01:20:40 [main] DEBUG o.s.t.c.s.DirtiesContextTestExecutionListener - After test class: class [UserRepositoryTest], class annotated with @DirtiesContext [false] with mode [null]
2026-09-20 01:20:53 [main] DEBUG r.a.u.s.service.UserServiceImpl - Finding users by name: null
2026-09-20 01:20:53 [main] DEBUG r.a.u.s.service.UserServiceImpl - Finding users by name:    
2026-09-20 01:20:53 [main] DEBUG r.a.u.s.service.UserServiceImpl - Finding users by name: Mem
2026-09-20 01:20:53 [main] DEBUG r.a.u.s.service.UserServiceImpl - Found 1 users with name like 'Mem'
2026-09-20 01:20:53 [main] INFO  r.a.u.s.service.UserServiceImpl - Deleting user with id: 1
2026-09-20 01:20:53 [main] INFO  r.a.u.s.service.UserServiceImpl - User deleted successfully with id: 1
2026-09-20 01:20:53 [main] INFO  r.a.u.s.service.UserServiceImpl - Deleting user with id: 99
2026-09-20 01:20:53 [main] INFO  r.a.u.s.service.UserServiceImpl - Updating user with id: 1
2026-09-20 01:20:53 [main] INFO  r.a.u.s.service.UserServiceImpl - User updated successfully with id: 1
2026-09-20 01:20:53 [main] INFO  r.a.u.s.service.UserServiceImpl - Updating user with id: 1
2026-09-20 01:20:53 [main] INFO  r.a.u.s.service.UserServiceImpl - User updated successfully with id: 1
2026-09-20 01:20:54 [main] INFO  r.a.u.s.service.UserServiceImpl - Updating user with id: 1
2026-09-20 01:20:54 [main] WARN  r.a.u.s.service.UserServiceImpl - Attempt to update user with existing email: dumala.dva@sova.com
2026-09-20 01:20:54 [main] INFO  r.a.u.s.service.UserServiceImpl - Updating user with id: 99
2026-09-20 01:20:54 [main] INFO  r.a.u.s.service.UserServiceImpl - Creating user with email: dumala@sova.com
2026-09-20 01:20:54 [main] WARN  r.a.u.s.service.UserServiceImpl - Attempt to create user with existing email: dumala@sova.com
2026-09-20 01:20:54 [main] INFO  r.a.u.s.service.UserServiceImpl - Creating user with email: dumala@sova.com
2026-09-20 01:20:54 [main] INFO  r.a.u.s.service.UserServiceImpl - User created successfully with id: 1
2026-09-20 01:20:54 [main] DEBUG r.a.u.s.service.UserServiceImpl - Fetching all users
2026-09-20 01:20:54 [main] DEBUG r.a.u.s.service.UserServiceImpl - Found 0 users
2026-09-20 01:20:54 [main] DEBUG r.a.u.s.service.UserServiceImpl - Fetching all users
2026-09-20 01:20:54 [main] DEBUG r.a.u.s.service.UserServiceImpl - Found 2 users
2026-09-20 01:20:54 [main] DEBUG r.a.u.s.service.UserServiceImpl - Fetching user by id: 1
2026-09-20 01:20:54 [main] DEBUG r.a.u.s.service.UserServiceImpl - Fetching user by id: 99
2026-09-20 01:21:50 [main] DEBUG o.s.t.c.s.AbstractContextLoader - Could not detect default resource locations for test class [ru.aston.user.service.repository.UserRepositoryTest]: no resource found for suffixes {-context.xml, Context.groovy}.
2026-09-20 01:21:50 [main] INFO  o.s.t.c.s.AnnotationConfigContextLoaderUtils - Could not detect default configuration classes for test class [ru.aston.user.service.repository.UserRepositoryTest]: UserRepositoryTest does not declare any static, non-private, non-final, nested classes annotated with @Configuration.
2026-09-20 01:21:50 [main] DEBUG o.s.b.d.j.t.a.DataJpaTestContextBootstrapper - Using ContextCustomizerFactory implementations for test class [UserRepositoryTest]: [SpringBootTestRandomPortContextCustomizerFactory, ImportsContextCustomizerFactory, PropertyMappingContextCustomizerFactory, ExcludeFilterContextCustomizerFactory, TypeExcludeFiltersContextCustomizerFactory, DisableReactorResourceFactoryGlobalResourcesContextCustomizerFactory, DuplicateJsonObjectContextCustomizerFactory, OnFailureConditionReportContextCustomizerFactory, OverrideAutoConfigurationContextCustomizerFactory, BeanOverrideContextCustomizerFactory, MockServerContainerContextCustomizerFactory, DynamicPropertiesContextCustomizerFactory]
2026-09-20 01:21:50 [main] DEBUG o.s.b.d.j.t.a.DataJpaTestContextBootstrapper - Using ContextCustomizers for test class [UserRepositoryTest]: [SpringBootTestRandomPortContextCustomizer, ImportsContextCustomizer, PropertyMappingContextCustomizer, ExcludeFilterContextCustomizer, TypeExcludeFiltersContextCustomizer, DuplicateJsonObjectContextCustomizer, OnFailureConditionReportContextCustomizer, DisableAutoConfigurationContextCustomizer, DynamicPropertiesContextCustomizer]
2026-09-20 01:21:50 [main] DEBUG o.s.c.a.ClassPathScanningCandidateComponentProvider - Identified candidate component class: file [D:\aston\intensive\user-service\target\classes\ru\aston\user\service\UserServiceApplication.class]
2026-09-20 01:21:50 [main] INFO  o.s.b.t.c.SpringBootTestContextBootstrapper - Found @SpringBootConfiguration ru.aston.user.service.UserServiceApplication for test class ru.aston.user.service.repository.UserRepositoryTest
2026-09-20 01:21:50 [main] DEBUG o.s.t.c.s.AbstractContextLoader - Could not detect default resource locations for test class [ru.aston.user.service.repository.UserRepositoryTest]: no resource found for suffixes {-context.xml, Context.groovy}.
2026-09-20 01:21:50 [main] INFO  o.s.t.c.s.AnnotationConfigContextLoaderUtils - Could not detect default configuration classes for test class [ru.aston.user.service.repository.UserRepositoryTest]: UserRepositoryTest does not declare any static, non-private, non-final, nested classes annotated with @Configuration.
2026-09-20 01:21:50 [main] DEBUG o.s.b.d.j.t.a.DataJpaTestContextBootstrapper - Using ContextCustomizerFactory implementations for test class [UserRepositoryTest]: [SpringBootTestRandomPortContextCustomizerFactory, ImportsContextCustomizerFactory, PropertyMappingContextCustomizerFactory, ExcludeFilterContextCustomizerFactory, TypeExcludeFiltersContextCustomizerFactory, DisableReactorResourceFactoryGlobalResourcesContextCustomizerFactory, DuplicateJsonObjectContextCustomizerFactory, OnFailureConditionReportContextCustomizerFactory, OverrideAutoConfigurationContextCustomizerFactory, BeanOverrideContextCustomizerFactory, MockServerContainerContextCustomizerFactory, DynamicPropertiesContextCustomizerFactory]
2026-09-20 01:21:50 [main] DEBUG o.s.b.d.j.t.a.DataJpaTestContextBootstrapper - Using ContextCustomizers for test class [UserRepositoryTest]: [SpringBootTestRandomPortContextCustomizer, ImportsContextCustomizer, PropertyMappingContextCustomizer, ExcludeFilterContextCustomizer, TypeExcludeFiltersContextCustomizer, DuplicateJsonObjectContextCustomizer, OnFailureConditionReportContextCustomizer, DisableAutoConfigurationContextCustomizer, DynamicPropertiesContextCustomizer]
2026-09-20 01:21:50 [main] INFO  o.s.b.t.c.SpringBootTestContextBootstrapper - Found @SpringBootConfiguration ru.aston.user.service.UserServiceApplication for test class ru.aston.user.service.repository.UserRepositoryTest
2026-09-20 01:21:50 [main] DEBUG o.s.b.d.j.t.a.DataJpaTestContextBootstrapper - Neither @ContextConfiguration nor @ContextHierarchy found for test class [UserRepositoryTest]: using SpringBootContextLoader
2026-09-20 01:21:50 [main] DEBUG o.s.t.c.u.TestContextSpringFactoriesUtils - Skipping candidate TestExecutionListener [org.springframework.test.context.observation.MicrometerObservationRegistryTestExecutionListener] due to a missing dependency. Specify custom TestExecutionListener classes or make the default TestExecutionListener classes and their required dependencies available. Offending class: io.micrometer.context.ThreadLocalAccessor. MicrometerObservationRegistryTestExecutionListener requires io.micrometer:micrometer-observation:1.10.8 or higher and io.micrometer:context-propagation:1.0.3 or higher.
2026-09-20 01:21:50 [main] DEBUG o.s.b.d.j.t.a.DataJpaTestContextBootstrapper - Using TestExecutionListeners for test class [UserRepositoryTest]: [ServletTestExecutionListener, DirtiesContextBeforeModesTestExecutionListener, ApplicationEventsTestExecutionListener, BeanOverrideTestExecutionListener, DependencyInjectionTestExecutionListener, DirtiesContextTestExecutionListener, CommonCachesTestExecutionListener, TransactionalTestExecutionListener, SqlScriptsTestExecutionListener, EventPublishingTestExecutionListener, MockitoResetTestExecutionListener]
2026-09-20 01:21:50 [main] DEBUG o.s.t.c.s.DirtiesContextBeforeModesTestExecutionListener - Before test class: class [UserRepositoryTest], class annotated with @DirtiesContext [false] with mode [null]
2026-09-20 01:21:50 [main] DEBUG o.s.t.c.s.DependencyInjectionTestExecutionListener - Performing dependency injection for test class ru.aston.user.service.repository.UserRepositoryTest
2026-09-20 01:21:51 [main] INFO  r.a.u.s.r.UserRepositoryTest - Starting UserRepositoryTest using Java 24.0.1 with PID 25644 (started by Vadim in D:\aston\intensive\user-service)
2026-09-20 01:21:51 [main] DEBUG r.a.u.s.r.UserRepositoryTest - Running with Spring Boot v4.1.1, Spring v7.0.9
2026-09-20 01:21:51 [main] INFO  r.a.u.s.r.UserRepositoryTest - No active profile set, falling back to 1 default profile: "default"
2026-09-20 01:21:51 [main] DEBUG o.s.boot.SpringApplication - Loading source class ru.aston.user.service.UserServiceApplication
2026-09-20 01:21:51 [main] DEBUG o.s.c.a.AnnotationConfigApplicationContext - Refreshing org.springframework.context.annotation.AnnotationConfigApplicationContext@49d831c2
2026-09-20 01:21:51 [main] DEBUG o.s.b.f.s.DefaultListableBeanFactory - Creating shared instance of singleton bean 'org.springframework.context.annotation.internalConfigurationAnnotationProcessor'
2026-09-20 01:21:51 [main] DEBUG o.s.b.f.s.DefaultListableBeanFactory - Creating shared instance of singleton bean 'org.springframework.boot.autoconfigure.internalCachingMetadataReaderFactory'
2026-09-20 01:21:51 [background-preinit] DEBUG org.jboss.logging - Logging Provider: org.jboss.logging.Slf4jLoggerProvider found via system property
2026-09-20 01:21:51 [background-preinit] INFO  o.h.validator.internal.util.Version - HV000001: Hibernate Validator 9.1.3.Final
2026-09-20 01:21:51 [background-preinit] DEBUG o.h.v.i.x.config.ValidationXmlParser - Trying to load META-INF/validation.xml for XML based Validator configuration.
2026-09-20 01:21:51 [background-preinit] DEBUG o.h.v.i.x.c.ResourceLoaderHelper - Trying to load META-INF/validation.xml via TCCL
2026-09-20 01:21:51 [background-preinit] DEBUG o.h.v.i.x.c.ResourceLoaderHelper - Trying to load META-INF/validation.xml via Hibernate Validator's class loader
2026-09-20 01:21:51 [background-preinit] DEBUG o.h.v.i.x.config.ValidationXmlParser - No META-INF/validation.xml found. Using annotation based configuration only.
2026-09-20 01:21:51 [background-preinit] DEBUG o.h.v.i.e.r.TraversableResolvers - Found jakarta.persistence.Persistence on classpath containing 'getPersistenceUtil'. Assuming Jakarta Persistence environment. Trying to instantiate Jakarta Persistence aware TraversableResolver
2026-09-20 01:21:51 [background-preinit] DEBUG o.h.v.i.e.r.TraversableResolvers - Instantiated Jakarta Persistence aware TraversableResolver of type org.hibernate.validator.internal.engine.resolver.JPATraversableResolver.
2026-09-20 01:21:51 [background-preinit] DEBUG o.h.v.m.ResourceBundleMessageInterpolator - Loaded expression factory via original TCCL
2026-09-20 01:21:51 [main] INFO  o.s.d.r.c.RepositoryConfigurationDelegate - Bootstrapping Spring Data JPA repositories in DEFAULT mode.
2026-09-20 01:21:51 [background-preinit] DEBUG o.h.v.i.e.ValidatorFactoryConfigurationHelper - HV000252: Using org.hibernate.validator.internal.engine.DefaultPropertyNodeNameProvider as property node name provider.
2026-09-20 01:21:51 [main] DEBUG o.s.b.f.s.DefaultListableBeanFactory - Creating shared instance of singleton bean 'org.springframework.boot.autoconfigure.AutoConfigurationPackages'
2026-09-20 01:21:51 [background-preinit] DEBUG o.h.v.i.e.ValidatorFactoryConfigurationHelper - HV000234: Using org.hibernate.validator.messageinterpolation.ResourceBundleMessageInterpolator as ValidatorFactory-scoped message interpolator.
2026-09-20 01:21:51 [background-preinit] DEBUG o.h.v.i.e.ValidatorFactoryConfigurationHelper - HV000234: Using org.hibernate.validator.internal.engine.resolver.JPATraversableResolver as ValidatorFactory-scoped traversable resolver.
2026-09-20 01:21:51 [background-preinit] DEBUG o.h.v.i.e.ValidatorFactoryConfigurationHelper - HV000234: Using org.hibernate.validator.internal.util.ExecutableParameterNameProvider as ValidatorFactory-scoped parameter name provider.
2026-09-20 01:21:51 [background-preinit] DEBUG o.h.v.i.e.ValidatorFactoryConfigurationHelper - HV000234: Using org.hibernate.validator.internal.engine.DefaultClockProvider as ValidatorFactory-scoped clock provider.
2026-09-20 01:21:51 [background-preinit] DEBUG o.h.v.i.e.ValidatorFactoryConfigurationHelper - HV000234: Using org.hibernate.validator.internal.engine.scripting.DefaultScriptEvaluatorFactory as ValidatorFactory-scoped script evaluator factory.
2026-09-20 01:21:51 [main] DEBUG o.s.b.a.AutoConfigurationPackages - @EnableAutoConfiguration was declared on a class in the package 'ru.aston.user.service'. Automatic @Repository and @Entity scanning is enabled.
2026-09-20 01:21:51 [main] DEBUG o.s.d.r.c.RepositoryConfigurationDelegate - Scanning for JPA repositories in packages ru.aston.user.service.
2026-09-20 01:21:51 [main] DEBUG o.s.d.r.c.RepositoryComponentProvider - Identified candidate component class: file [D:\aston\intensive\user-service\target\classes\ru\aston\user\service\repository\UserRepository.class]
2026-09-20 01:21:51 [main] DEBUG o.s.c.a.ClassPathScanningCandidateComponentProvider - Identified candidate component class: file [D:\aston\intensive\user-service\target\classes\ru\aston\user\service\service\UserServiceImpl.class]
2026-09-20 01:21:51 [main] INFO  o.s.d.r.c.RepositoryConfigurationDelegate - Finished Spring Data repository scanning in 40 ms. Found 1 JPA repository interface.
2026-09-20 01:21:51 [main] DEBUG o.s.b.f.s.DefaultListableBeanFactory - Creating shared instance of singleton bean 'org.springframework.boot.test.context.ImportsContextCustomizer$ImportsCleanupPostProcessor'
2026-09-20 01:21:51 [main] DEBUG o.s.b.f.s.DefaultListableBeanFactory - Creating shared instance of singleton bean 'org.springframework.boot.sql.init.dependency.DatabaseInitializationDependencyConfigurer$DependsOnDatabaseInitializationPostProcessor'
2026-09-20 01:21:51 [main] DEBUG o.s.b.f.s.DefaultListableBeanFactory - Creating shared instance of singleton bean 'org.springframework.context.event.internalEventListenerProcessor'
2026-09-20 01:21:51 [main] DEBUG o.s.b.f.s.DefaultListableBeanFactory - Creating shared instance of singleton bean 'org.springframework.context.event.internalEventListenerFactory'
2026-09-20 01:21:51 [main] DEBUG o.s.b.f.s.DefaultListableBeanFactory - Creating shared instance of singleton bean 'org.springframework.transaction.config.internalTransactionalEventListenerFactory'
2026-09-20 01:21:51 [main] DEBUG o.s.b.f.s.DefaultListableBeanFactory - Creating shared instance of singleton bean 'org.springframework.context.annotation.internalAutowiredAnnotationProcessor'
2026-09-20 01:21:51 [main] DEBUG o.s.b.f.s.DefaultListableBeanFactory - Creating shared instance of singleton bean 'org.springframework.context.annotation.internalCommonAnnotationProcessor'
2026-09-20 01:21:51 [main] DEBUG o.s.b.f.s.DefaultListableBeanFactory - Creating shared instance of singleton bean 'org.springframework.context.annotation.internalPersistenceAnnotationProcessor'
2026-09-20 01:21:51 [main] DEBUG o.s.b.f.s.DefaultListableBeanFactory - Creating shared instance of singleton bean 'jdbcConnectionDetailsHikariBeanPostProcessor'
2026-09-20 01:21:51 [main] DEBUG o.s.b.f.s.DefaultListableBeanFactory - Creating shared instance of singleton bean 'org.springframework.boot.context.properties.ConfigurationPropertiesBindingPostProcessor'
2026-09-20 01:21:51 [main] DEBUG o.s.b.f.s.DefaultListableBeanFactory - Creating shared instance of singleton bean 'org.springframework.boot.context.internalConfigurationPropertiesBinder'
2026-09-20 01:21:51 [main] DEBUG o.s.b.f.s.DefaultListableBeanFactory - Creating shared instance of singleton bean 'org.springframework.aop.config.internalAutoProxyCreator'
2026-09-20 01:21:51 [main] DEBUG o.s.b.f.s.DefaultListableBeanFactory - Creating shared instance of singleton bean 'org.springframework.aop.framework.autoproxy.defaultProxyConfig'
2026-09-20 01:21:51 [main] DEBUG o.s.b.f.s.DefaultListableBeanFactory - Creating shared instance of singleton bean 'org.springframework.test.context.support.internalDynamicPropertyRegistrarBeanInitializer'
2026-09-20 01:21:51 [main] DEBUG o.s.b.f.s.DefaultListableBeanFactory - Creating shared instance of singleton bean 'org.springframework.transaction.config.internalTransactionAdvisor'
2026-09-20 01:21:51 [main] DEBUG o.s.b.f.s.DefaultListableBeanFactory - Creating shared instance of singleton bean 'org.springframework.transaction.annotation.ProxyTransactionManagementConfiguration'
2026-09-20 01:21:51 [main] DEBUG o.s.b.f.s.DefaultListableBeanFactory - Creating shared instance of singleton bean 'transactionAttributeSource'
2026-09-20 01:21:51 [main] DEBUG o.s.b.f.s.DefaultListableBeanFactory - Creating shared instance of singleton bean 'transactionInterceptor'
2026-09-20 01:21:51 [main] DEBUG o.s.b.f.s.DefaultListableBeanFactory - Autowiring by type from bean name 'transactionInterceptor' via factory method to bean named 'transactionAttributeSource'
2026-09-20 01:21:51 [main] DEBUG o.s.b.f.s.DefaultListableBeanFactory - Autowiring by type from bean name 'org.springframework.transaction.config.internalTransactionAdvisor' via factory method to bean named 'transactionAttributeSource'
2026-09-20 01:21:51 [main] DEBUG o.s.b.f.s.DefaultListableBeanFactory - Autowiring by type from bean name 'org.springframework.transaction.config.internalTransactionAdvisor' via factory method to bean named 'transactionInterceptor'
2026-09-20 01:21:51 [main] DEBUG o.s.b.f.s.DefaultListableBeanFactory - Creating shared instance of singleton bean 'liquibase'
2026-09-20 01:21:51 [main] DEBUG o.s.b.f.s.DefaultListableBeanFactory - Creating shared instance of singleton bean 'org.springframework.boot.liquibase.autoconfigure.LiquibaseAutoConfiguration$LiquibaseConfiguration'
2026-09-20 01:21:51 [main] DEBUG o.s.b.f.s.DefaultListableBeanFactory - Creating shared instance of singleton bean 'spring.liquibase-org.springframework.boot.liquibase.autoconfigure.LiquibaseProperties'
2026-09-20 01:21:51 [main] DEBUG o.s.b.f.s.DefaultListableBeanFactory - Creating shared instance of singleton bean 'org.springframework.boot.context.properties.BoundConfigurationProperties'
2026-09-20 01:21:51 [main] DEBUG o.s.b.f.s.DefaultListableBeanFactory - Creating shared instance of singleton bean 'liquibaseConnectionDetails'
2026-09-20 01:21:51 [main] DEBUG o.s.b.f.s.DefaultListableBeanFactory - Autowiring by type from bean name 'liquibaseConnectionDetails' via factory method to bean named 'spring.liquibase-org.springframework.boot.liquibase.autoconfigure.LiquibaseProperties'
2026-09-20 01:21:51 [main] DEBUG o.s.b.f.s.DefaultListableBeanFactory - Autowiring by type from bean name 'liquibase' via factory method to bean named 'spring.liquibase-org.springframework.boot.liquibase.autoconfigure.LiquibaseProperties'
2026-09-20 01:21:51 [main] DEBUG o.s.b.f.s.DefaultListableBeanFactory - Autowiring by type from bean name 'liquibase' via factory method to bean named 'liquibaseConnectionDetails'
2026-09-20 01:21:51 [main] DEBUG o.s.b.f.s.DefaultListableBeanFactory - Creating shared instance of singleton bean 'dataSource'
2026-09-20 01:21:51 [main] DEBUG o.s.b.f.s.DefaultListableBeanFactory - Creating shared instance of singleton bean 'org.springframework.boot.jdbc.autoconfigure.DataSourceConfiguration$Hikari'
2026-09-20 01:21:51 [main] DEBUG o.s.b.f.s.DefaultListableBeanFactory - Creating shared instance of singleton bean 'spring.datasource-org.springframework.boot.jdbc.autoconfigure.DataSourceProperties'
2026-09-20 01:21:51 [main] DEBUG o.s.b.f.s.DefaultListableBeanFactory - Creating shared instance of singleton bean 'jdbcConnectionDetails'
2026-09-20 01:21:51 [main] DEBUG o.s.b.f.s.DefaultListableBeanFactory - Creating shared instance of singleton bean 'org.springframework.boot.jdbc.autoconfigure.DataSourceAutoConfiguration$PooledDataSourceConfiguration'
2026-09-20 01:21:51 [main] DEBUG o.s.b.f.s.DefaultListableBeanFactory - Autowiring by type from bean name 'jdbcConnectionDetails' via factory method to bean named 'spring.datasource-org.springframework.boot.jdbc.autoconfigure.DataSourceProperties'
2026-09-20 01:21:51 [main] DEBUG o.s.b.f.s.DefaultListableBeanFactory - Autowiring by type from bean name 'dataSource' via factory method to bean named 'spring.datasource-org.springframework.boot.jdbc.autoconfigure.DataSourceProperties'
2026-09-20 01:21:51 [main] DEBUG o.s.b.f.s.DefaultListableBeanFactory - Autowiring by type from bean name 'dataSource' via factory method to bean named 'jdbcConnectionDetails'
2026-09-20 01:21:51 [main] DEBUG o.s.b.f.s.DefaultListableBeanFactory - Autowiring by type from bean name 'dataSource' via factory method to bean named 'environment'
2026-09-20 01:21:51 [main] DEBUG com.zaxxer.hikari.util.UtilityElf - Class org.postgresql.Driver found in Thread context class loader jdk.internal.loader.ClassLoaders$AppClassLoader@c387f44
2026-09-20 01:21:51 [main] DEBUG liquibase.servicelocator - Loaded liquibase.logging.LogService instance liquibase.logging.core.BufferedLogService
2026-09-20 01:21:51 [main] DEBUG liquibase.servicelocator - Loaded liquibase.logging.LogService instance liquibase.logging.core.CompositeLogService
2026-09-20 01:21:51 [main] DEBUG liquibase.servicelocator - Loaded liquibase.logging.LogService instance liquibase.logging.core.JavaLogService
2026-09-20 01:21:51 [main] DEBUG liquibase.servicelocator - Loaded liquibase.configuration.AutoloadedConfigurations instance liquibase.GlobalConfiguration
2026-09-20 01:21:51 [main] DEBUG liquibase.servicelocator - Loaded liquibase.configuration.AutoloadedConfigurations instance liquibase.integration.commandline.LiquibaseCommandLineConfiguration
2026-09-20 01:21:51 [main] DEBUG liquibase.servicelocator - Loaded liquibase.configuration.AutoloadedConfigurations instance liquibase.logging.core.DefaultLoggerConfiguration
2026-09-20 01:21:51 [main] DEBUG liquibase.servicelocator - Loaded liquibase.configuration.AutoloadedConfigurations instance liquibase.sql.SqlConfiguration
2026-09-20 01:21:51 [main] DEBUG liquibase.servicelocator - Loaded liquibase.configuration.AutoloadedConfigurations instance liquibase.parser.ChangeLogParserConfiguration
2026-09-20 01:21:51 [main] DEBUG liquibase.servicelocator - Loaded liquibase.configuration.AutoloadedConfigurations instance liquibase.analytics.configuration.AnalyticsArgs
2026-09-20 01:21:51 [main] DEBUG liquibase.servicelocator - Loaded liquibase.configuration.AutoloadedConfigurations instance liquibase.license.LicenseTrackingArgs
2026-09-20 01:21:51 [main] DEBUG liquibase.servicelocator - Loaded liquibase.configuration.AutoloadedConfigurations instance liquibase.database.core.MSSQLDatabase$SpecificConfiguration
2026-09-20 01:21:51 [main] DEBUG liquibase.configuration - Found ConfigurationDefinitions in liquibase.GlobalConfiguration
2026-09-20 01:21:51 [main] DEBUG liquibase.configuration - Found ConfigurationDefinitions in liquibase.integration.commandline.LiquibaseCommandLineConfiguration
2026-09-20 01:21:51 [main] DEBUG liquibase.configuration - Found ConfigurationDefinitions in liquibase.logging.core.DefaultLoggerConfiguration
2026-09-20 01:21:51 [main] DEBUG liquibase.configuration - Found ConfigurationDefinitions in liquibase.sql.SqlConfiguration
2026-09-20 01:21:51 [main] DEBUG liquibase.configuration - Found ConfigurationDefinitions in liquibase.parser.ChangeLogParserConfiguration
2026-09-20 01:21:51 [main] DEBUG liquibase.configuration - Found ConfigurationDefinitions in liquibase.analytics.configuration.AnalyticsArgs
2026-09-20 01:21:51 [main] DEBUG liquibase.configuration - Found ConfigurationDefinitions in liquibase.license.LicenseTrackingArgs
2026-09-20 01:21:51 [main] DEBUG liquibase.configuration - Found ConfigurationDefinitions in liquibase.database.core.MSSQLDatabase$SpecificConfiguration
2026-09-20 01:21:51 [main] DEBUG liquibase.servicelocator - Loaded liquibase.configuration.ConfigurationValueProvider instance liquibase.configuration.core.DeprecatedConfigurationValueProvider
2026-09-20 01:21:51 [main] DEBUG liquibase.servicelocator - Loaded liquibase.configuration.ConfigurationValueProvider instance liquibase.configuration.core.SystemPropertyValueProvider
2026-09-20 01:21:51 [main] DEBUG liquibase.servicelocator - Loaded liquibase.configuration.ConfigurationValueProvider instance liquibase.configuration.core.ScopeValueProvider
2026-09-20 01:21:51 [main] DEBUG liquibase.servicelocator - Loaded liquibase.configuration.ConfigurationValueProvider instance liquibase.configuration.core.EnvironmentValueProvider
2026-09-20 01:21:51 [main] DEBUG liquibase.servicelocator - Loaded liquibase.servicelocator.ServiceLocator instance liquibase.servicelocator.StandardServiceLocator
2026-09-20 01:21:51 [main] DEBUG liquibase.configuration - No configuration value for liquibase.shouldRun aka should.run found
2026-09-20 01:21:51 [main] DEBUG liquibase.configuration - Configuration liquibase.shouldRun is using the default value of true
2026-09-20 01:21:51 [main] DEBUG com.zaxxer.hikari.HikariConfig - HikariPool-1 - configuration:
2026-09-20 01:21:51 [main] DEBUG com.zaxxer.hikari.HikariConfig - allowPoolSuspension.............false
2026-09-20 01:21:51 [main] DEBUG com.zaxxer.hikari.HikariConfig - autoCommit......................true
2026-09-20 01:21:51 [main] DEBUG com.zaxxer.hikari.HikariConfig - catalog.........................none
2026-09-20 01:21:51 [main] DEBUG com.zaxxer.hikari.HikariConfig - connectionInitSql...............none
2026-09-20 01:21:51 [main] DEBUG com.zaxxer.hikari.HikariConfig - connectionTestQuery.............none
2026-09-20 01:21:51 [main] DEBUG com.zaxxer.hikari.HikariConfig - connectionTimeout...............30000
2026-09-20 01:21:51 [main] DEBUG com.zaxxer.hikari.HikariConfig - credentials.....................com.zaxxer.hikari.util.Credentials@52abed9d
2026-09-20 01:21:51 [main] DEBUG com.zaxxer.hikari.HikariConfig - credentialsProvider.............none
2026-09-20 01:21:51 [main] DEBUG com.zaxxer.hikari.HikariConfig - credentialsProviderClassName....none
2026-09-20 01:21:51 [main] DEBUG com.zaxxer.hikari.HikariConfig - dataSource......................none
2026-09-20 01:21:51 [main] DEBUG com.zaxxer.hikari.HikariConfig - dataSourceClassName.............none
2026-09-20 01:21:51 [main] DEBUG com.zaxxer.hikari.HikariConfig - dataSourceJNDI..................none
2026-09-20 01:21:51 [main] DEBUG com.zaxxer.hikari.HikariConfig - dataSourceProperties............{password=<masked>}
2026-09-20 01:21:51 [main] DEBUG com.zaxxer.hikari.HikariConfig - driverClassName................."org.postgresql.Driver"
2026-09-20 01:21:51 [main] DEBUG com.zaxxer.hikari.HikariConfig - exceptionOverride...............none
2026-09-20 01:21:51 [main] DEBUG com.zaxxer.hikari.HikariConfig - exceptionOverrideClassName......none
2026-09-20 01:21:51 [main] DEBUG com.zaxxer.hikari.HikariConfig - healthCheckProperties...........{}
2026-09-20 01:21:51 [main] DEBUG com.zaxxer.hikari.HikariConfig - healthCheckRegistry.............none
2026-09-20 01:21:51 [main] DEBUG com.zaxxer.hikari.HikariConfig - idleTimeout.....................600000
2026-09-20 01:21:51 [main] DEBUG com.zaxxer.hikari.HikariConfig - initializationFailTimeout.......1
2026-09-20 01:21:51 [main] DEBUG com.zaxxer.hikari.HikariConfig - isolateInternalQueries..........false
2026-09-20 01:21:51 [main] DEBUG com.zaxxer.hikari.HikariConfig - jdbcUrl.........................jdbc:postgresql://localhost:5432/postgres
2026-09-20 01:21:51 [main] DEBUG com.zaxxer.hikari.HikariConfig - keepaliveTime...................120000
2026-09-20 01:21:51 [main] DEBUG com.zaxxer.hikari.HikariConfig - leakDetectionThreshold..........0
2026-09-20 01:21:51 [main] DEBUG com.zaxxer.hikari.HikariConfig - maxLifetime.....................1800000
2026-09-20 01:21:51 [main] DEBUG com.zaxxer.hikari.HikariConfig - maximumPoolSize.................10
2026-09-20 01:21:51 [main] DEBUG com.zaxxer.hikari.HikariConfig - metricRegistry..................none
2026-09-20 01:21:51 [main] DEBUG com.zaxxer.hikari.HikariConfig - metricsTrackerFactory...........none
2026-09-20 01:21:51 [main] DEBUG com.zaxxer.hikari.HikariConfig - minimumIdle.....................10
2026-09-20 01:21:51 [main] DEBUG com.zaxxer.hikari.HikariConfig - password........................<masked>
2026-09-20 01:21:51 [main] DEBUG com.zaxxer.hikari.HikariConfig - poolName........................"HikariPool-1"
2026-09-20 01:21:51 [main] DEBUG com.zaxxer.hikari.HikariConfig - readOnly........................false
2026-09-20 01:21:51 [main] DEBUG com.zaxxer.hikari.HikariConfig - registerMbeans..................false
2026-09-20 01:21:51 [main] DEBUG com.zaxxer.hikari.HikariConfig - scheduledExecutor...............none
2026-09-20 01:21:51 [main] DEBUG com.zaxxer.hikari.HikariConfig - schema..........................none
2026-09-20 01:21:51 [main] DEBUG com.zaxxer.hikari.HikariConfig - threadFactory...................internal
2026-09-20 01:21:51 [main] DEBUG com.zaxxer.hikari.HikariConfig - transactionIsolation............default
2026-09-20 01:21:51 [main] DEBUG com.zaxxer.hikari.HikariConfig - username........................"postgres"
2026-09-20 01:21:51 [main] DEBUG com.zaxxer.hikari.HikariConfig - validationTimeout...............5000
2026-09-20 01:21:51 [main] INFO  com.zaxxer.hikari.HikariDataSource - HikariPool-1 - Starting...
2026-09-20 01:21:51 [main] DEBUG com.zaxxer.hikari.pool.PoolBase - HikariPool-1 - Attempting to create/setup new connection (e923b49a-a5ab-4da4-b210-01612e1cd3bd)
2026-09-20 01:21:51 [main] DEBUG com.zaxxer.hikari.pool.PoolBase - HikariPool-1 - Established new connection (e923b49a-a5ab-4da4-b210-01612e1cd3bd)
2026-09-20 01:21:51 [main] INFO  com.zaxxer.hikari.pool.HikariPool - HikariPool-1 - Added connection org.postgresql.jdbc.PgConnection@96abc76
2026-09-20 01:21:51 [main] INFO  com.zaxxer.hikari.HikariDataSource - HikariPool-1 - Start completed.
2026-09-20 01:21:51 [main] DEBUG liquibase.servicelocator - Loaded liquibase.database.jvm.ConnectionPatterns instance liquibase.database.jvm.JdbcConnectionPatterns
2026-09-20 01:21:51 [main] DEBUG liquibase.servicelocator - Loaded liquibase.database.Database instance liquibase.database.core.CockroachDatabase
2026-09-20 01:21:52 [main] DEBUG liquibase.servicelocator - Loaded liquibase.database.Database instance liquibase.database.core.DB2Database
2026-09-20 01:21:52 [main] DEBUG liquibase.servicelocator - Loaded liquibase.database.Database instance liquibase.database.core.Db2zDatabase
2026-09-20 01:21:52 [main] DEBUG liquibase.servicelocator - Loaded liquibase.database.Database instance liquibase.database.core.DerbyDatabase
2026-09-20 01:21:52 [main] DEBUG liquibase.servicelocator - Loaded liquibase.database.Database instance liquibase.database.core.EnterpriseDBDatabase
2026-09-20 01:21:52 [main] DEBUG liquibase.servicelocator - Loaded liquibase.database.Database instance liquibase.database.core.FirebirdDatabase
2026-09-20 01:21:52 [main] DEBUG liquibase.servicelocator - Loaded liquibase.database.Database instance liquibase.database.core.H2Database
2026-09-20 01:21:52 [main] DEBUG liquibase.servicelocator - Loaded liquibase.database.Database instance liquibase.database.core.HsqlDatabase
2026-09-20 01:21:52 [main] DEBUG liquibase.servicelocator - Loaded liquibase.database.Database instance liquibase.database.core.InformixDatabase
2026-09-20 01:21:52 [main] DEBUG liquibase.servicelocator - Loaded liquibase.database.Database instance liquibase.database.core.Ingres9Database
2026-09-20 01:21:52 [main] DEBUG liquibase.servicelocator - Loaded liquibase.database.Database instance liquibase.database.core.MSSQLDatabase
2026-09-20 01:21:52 [main] DEBUG liquibase.servicelocator - Loaded liquibase.database.Database instance liquibase.database.core.MariaDBDatabase
2026-09-20 01:21:52 [main] DEBUG liquibase.servicelocator - Loaded liquibase.database.Database instance liquibase.database.core.MockDatabase
2026-09-20 01:21:52 [main] DEBUG liquibase.servicelocator - Loaded liquibase.database.Database instance liquibase.database.core.MySQLDatabase
2026-09-20 01:21:52 [main] DEBUG liquibase.servicelocator - Loaded liquibase.database.Database instance liquibase.database.core.OracleDatabase
2026-09-20 01:21:52 [main] DEBUG liquibase.servicelocator - Loaded liquibase.database.Database instance liquibase.database.core.PostgresDatabase
2026-09-20 01:21:52 [main] DEBUG liquibase.servicelocator - Loaded liquibase.database.Database instance liquibase.database.core.SQLiteDatabase
2026-09-20 01:21:52 [main] DEBUG liquibase.servicelocator - Loaded liquibase.database.Database instance liquibase.database.core.SybaseASADatabase
2026-09-20 01:21:52 [main] DEBUG liquibase.servicelocator - Loaded liquibase.database.Database instance liquibase.database.core.SybaseDatabase
2026-09-20 01:21:52 [main] DEBUG liquibase.servicelocator - Loaded liquibase.database.Database instance liquibase.database.core.UnsupportedDatabase
2026-09-20 01:21:52 [main] DEBUG liquibase.servicelocator - Loaded liquibase.database.Database instance liquibase.database.core.SnowflakeDatabase
2026-09-20 01:21:52 [main] DEBUG liquibase.database - Connected to postgres@jdbc:postgresql://localhost:5432/postgres
2026-09-20 01:21:52 [main] DEBUG liquibase.database - Setting auto commit to false from true
2026-09-20 01:21:52 [main] DEBUG liquibase.servicelocator - Loaded liquibase.executor.Executor instance liquibase.executor.jvm.JdbcExecutor
2026-09-20 01:21:52 [main] DEBUG liquibase.servicelocator - Loaded liquibase.executor.Executor instance liquibase.executor.jvm.SnowflakeJdbcExecutor
2026-09-20 01:21:52 [main] DEBUG liquibase.servicelocator - Loaded liquibase.sqlgenerator.SqlGenerator instance liquibase.sqlgenerator.core.AddAutoIncrementGenerator
2026-09-20 01:21:52 [main] DEBUG liquibase.servicelocator - Loaded liquibase.sqlgenerator.SqlGenerator instance liquibase.sqlgenerator.core.AddAutoIncrementGeneratorDB2
2026-09-20 01:21:52 [main] DEBUG liquibase.servicelocator - Loaded liquibase.sqlgenerator.SqlGenerator instance liquibase.sqlgenerator.core.AddAutoIncrementGeneratorHsqlH2
2026-09-20 01:21:52 [main] DEBUG liquibase.servicelocator - Loaded liquibase.sqlgenerator.SqlGenerator instance liquibase.sqlgenerator.core.AddAutoIncrementGeneratorInformix
2026-09-20 01:21:52 [main] DEBUG liquibase.servicelocator - Loaded liquibase.sqlgenerator.SqlGenerator instance liquibase.sqlgenerator.core.AddAutoIncrementGeneratorMySQL
2026-09-20 01:21:52 [main] DEBUG liquibase.servicelocator - Loaded liquibase.sqlgenerator.SqlGenerator instance liquibase.sqlgenerator.core.AddAutoIncrementGeneratorSQLite
2026-09-20 01:21:52 [main] DEBUG liquibase.servicelocator - Loaded liquibase.sqlgenerator.SqlGenerator instance liquibase.sqlgenerator.core.AddColumnGenerator
2026-09-20 01:21:52 [main] DEBUG liquibase.servicelocator - Loaded liquibase.sqlgenerator.SqlGenerator instance liquibase.sqlgenerator.core.AddColumnGeneratorDefaultClauseBeforeNotNull
2026-09-20 01:21:52 [main] DEBUG liquibase.servicelocator - Loaded liquibase.sqlgenerator.SqlGenerator instance liquibase.sqlgenerator.core.AddColumnGeneratorSQLite
2026-09-20 01:21:52 [main] DEBUG liquibase.servicelocator - Loaded liquibase.sqlgenerator.SqlGenerator instance liquibase.sqlgenerator.core.AddDefaultValueGenerator
2026-09-20 01:21:52 [main] DEBUG liquibase.servicelocator - Loaded liquibase.sqlgenerator.SqlGenerator instance liquibase.sqlgenerator.core.AddDefaultValueGeneratorDerby
2026-09-20 01:21:52 [main] DEBUG liquibase.servicelocator - Loaded liquibase.sqlgenerator.SqlGenerator instance liquibase.sqlgenerator.core.AddDefaultValueGeneratorHsqldb
2026-09-20 01:21:52 [main] DEBUG liquibase.servicelocator - Loaded liquibase.sqlgenerator.SqlGenerator instance liquibase.sqlgenerator.core.AddDefaultValueGeneratorInformix
2026-09-20 01:21:52 [main] DEBUG liquibase.servicelocator - Loaded liquibase.sqlgenerator.SqlGenerator instance liquibase.sqlgenerator.core.AddDefaultValueGeneratorMSSQL
2026-09-20 01:21:52 [main] DEBUG liquibase.servicelocator - Loaded liquibase.sqlgenerator.SqlGenerator instance liquibase.sqlgenerator.core.AddDefaultValueGeneratorMySQL
2026-09-20 01:21:52 [main] DEBUG liquibase.servicelocator - Loaded liquibase.sqlgenerator.SqlGenerator instance liquibase.sqlgenerator.core.AddDefaultValueGeneratorOracle
2026-09-20 01:21:52 [main] DEBUG liquibase.servicelocator - Loaded liquibase.sqlgenerator.SqlGenerator instance liquibase.sqlgenerator.core.AddDefaultValueGeneratorPostgres
2026-09-20 01:21:52 [main] DEBUG liquibase.servicelocator - Loaded liquibase.sqlgenerator.SqlGenerator instance liquibase.sqlgenerator.core.AddDefaultValueGeneratorSQLite
2026-09-20 01:21:52 [main] DEBUG liquibase.servicelocator - Loaded liquibase.sqlgenerator.SqlGenerator instance liquibase.sqlgenerator.core.AddDefaultValueGeneratorSybase
2026-09-20 01:21:52 [main] DEBUG liquibase.servicelocator - Loaded liquibase.sqlgenerator.SqlGenerator instance liquibase.sqlgenerator.core.AddDefaultValueGeneratorSybaseASA
2026-09-20 01:21:52 [main] DEBUG liquibase.servicelocator - Loaded liquibase.sqlgenerator.SqlGenerator instance liquibase.sqlgenerator.core.AddForeignKeyConstraintGenerator
2026-09-20 01:21:52 [main] DEBUG liquibase.servicelocator - Loaded liquibase.sqlgenerator.SqlGenerator instance liquibase.sqlgenerator.core.AddPrimaryKeyGenerator
2026-09-20 01:21:52 [main] DEBUG liquibase.servicelocator - Loaded liquibase.sqlgenerator.SqlGenerator instance liquibase.sqlgenerator.core.AddPrimaryKeyGeneratorInformix
2026-09-20 01:21:52 [main] DEBUG liquibase.servicelocator - Loaded liquibase.sqlgenerator.SqlGenerator instance liquibase.sqlgenerator.core.AddUniqueConstraintGenerator
2026-09-20 01:21:52 [main] DEBUG liquibase.servicelocator - Loaded liquibase.sqlgenerator.SqlGenerator instance liquibase.sqlgenerator.core.AddUniqueConstraintGeneratorInformix
2026-09-20 01:21:52 [main] DEBUG liquibase.servicelocator - Loaded liquibase.sqlgenerator.SqlGenerator instance liquibase.sqlgenerator.core.AddUniqueConstraintGeneratorTDS
2026-09-20 01:21:52 [main] DEBUG liquibase.servicelocator - Loaded liquibase.sqlgenerator.SqlGenerator instance liquibase.sqlgenerator.core.AlterSequenceGenerator
2026-09-20 01:21:52 [main] DEBUG liquibase.servicelocator - Loaded liquibase.sqlgenerator.SqlGenerator instance liquibase.sqlgenerator.core.BatchDmlExecutablePreparedStatementGenerator
2026-09-20 01:21:52 [main] DEBUG liquibase.servicelocator - Loaded liquibase.sqlgenerator.SqlGenerator instance liquibase.sqlgenerator.core.ClearDatabaseChangeLogTableGenerator
2026-09-20 01:21:52 [main] DEBUG liquibase.servicelocator - Loaded liquibase.sqlgenerator.SqlGenerator instance liquibase.sqlgenerator.core.CommentGenerator
2026-09-20 01:21:52 [main] DEBUG liquibase.servicelocator - Loaded liquibase.sqlgenerator.SqlGenerator instance liquibase.sqlgenerator.core.CopyRowsGenerator
2026-09-20 01:21:52 [main] DEBUG liquibase.servicelocator - Loaded liquibase.sqlgenerator.SqlGenerator instance liquibase.sqlgenerator.core.CreateDatabaseChangeLogLockTableGenerator
2026-09-20 01:21:52 [main] DEBUG liquibase.servicelocator - Loaded liquibase.sqlgenerator.SqlGenerator instance liquibase.sqlgenerator.core.CreateDatabaseChangeLogTableGenerator
2026-09-20 01:21:52 [main] DEBUG liquibase.servicelocator - Loaded liquibase.sqlgenerator.SqlGenerator instance liquibase.sqlgenerator.core.CreateDatabaseChangeLogTableGeneratorSybase
2026-09-20 01:21:52 [main] DEBUG liquibase.servicelocator - Loaded liquibase.sqlgenerator.SqlGenerator instance liquibase.sqlgenerator.core.CreateIndexGenerator
2026-09-20 01:21:52 [main] DEBUG liquibase.servicelocator - Loaded liquibase.sqlgenerator.SqlGenerator instance liquibase.sqlgenerator.core.CreateIndexGeneratorFirebird
2026-09-20 01:21:52 [main] DEBUG liquibase.servicelocator - Loaded liquibase.sqlgenerator.SqlGenerator instance liquibase.sqlgenerator.core.CreateIndexGeneratorPostgres
2026-09-20 01:21:52 [main] DEBUG liquibase.servicelocator - Loaded liquibase.sqlgenerator.SqlGenerator instance liquibase.sqlgenerator.core.CreateProcedureGenerator
2026-09-20 01:21:52 [main] DEBUG liquibase.servicelocator - Loaded liquibase.sqlgenerator.SqlGenerator instance liquibase.sqlgenerator.core.CreateSequenceGenerator
2026-09-20 01:21:52 [main] DEBUG liquibase.servicelocator - Loaded liquibase.sqlgenerator.SqlGenerator instance liquibase.sqlgenerator.core.CreateTableGenerator
2026-09-20 01:21:52 [main] DEBUG liquibase.servicelocator - Loaded liquibase.sqlgenerator.SqlGenerator instance liquibase.sqlgenerator.core.CreateTableGeneratorInformix
2026-09-20 01:21:52 [main] DEBUG liquibase.servicelocator - Loaded liquibase.sqlgenerator.SqlGenerator instance liquibase.sqlgenerator.core.CreateViewGenerator
2026-09-20 01:21:52 [main] DEBUG liquibase.servicelocator - Loaded liquibase.sqlgenerator.SqlGenerator instance liquibase.sqlgenerator.core.CreateViewGeneratorInformix
2026-09-20 01:21:52 [main] DEBUG liquibase.servicelocator - Loaded liquibase.sqlgenerator.SqlGenerator instance liquibase.sqlgenerator.core.DeleteGenerator
2026-09-20 01:21:52 [main] DEBUG liquibase.servicelocator - Loaded liquibase.sqlgenerator.SqlGenerator instance liquibase.sqlgenerator.core.DropColumnGenerator
2026-09-20 01:21:52 [main] DEBUG liquibase.servicelocator - Loaded liquibase.sqlgenerator.SqlGenerator instance liquibase.sqlgenerator.core.DropDefaultValueGenerator
2026-09-20 01:21:52 [main] DEBUG liquibase.servicelocator - Loaded liquibase.sqlgenerator.SqlGenerator instance liquibase.sqlgenerator.core.DropForeignKeyConstraintGenerator
2026-09-20 01:21:52 [main] DEBUG liquibase.servicelocator - Loaded liquibase.sqlgenerator.SqlGenerator instance liquibase.sqlgenerator.core.DropIndexGenerator
2026-09-20 01:21:52 [main] DEBUG liquibase.servicelocator - Loaded liquibase.sqlgenerator.SqlGenerator instance liquibase.sqlgenerator.core.DropPrimaryKeyGenerator
2026-09-20 01:21:52 [main] DEBUG liquibase.servicelocator - Loaded liquibase.sqlgenerator.SqlGenerator instance liquibase.sqlgenerator.core.DropProcedureGenerator
2026-09-20 01:21:52 [main] DEBUG liquibase.servicelocator - Loaded liquibase.sqlgenerator.SqlGenerator instance liquibase.sqlgenerator.core.DropSequenceGenerator
2026-09-20 01:21:52 [main] DEBUG liquibase.servicelocator - Loaded liquibase.sqlgenerator.SqlGenerator instance liquibase.sqlgenerator.core.DropTableGenerator
2026-09-20 01:21:52 [main] DEBUG liquibase.servicelocator - Loaded liquibase.sqlgenerator.SqlGenerator instance liquibase.sqlgenerator.core.DropUniqueConstraintGenerator
2026-09-20 01:21:52 [main] DEBUG liquibase.servicelocator - Loaded liquibase.sqlgenerator.SqlGenerator instance liquibase.sqlgenerator.core.DropViewGenerator
2026-09-20 01:21:52 [main] DEBUG liquibase.servicelocator - Loaded liquibase.sqlgenerator.SqlGenerator instance liquibase.sqlgenerator.core.GetNextChangeSetSequenceValueGenerator
2026-09-20 01:21:52 [main] DEBUG liquibase.servicelocator - Loaded liquibase.sqlgenerator.SqlGenerator instance liquibase.sqlgenerator.core.GetViewDefinitionGenerator
2026-09-20 01:21:52 [main] DEBUG liquibase.servicelocator - Loaded liquibase.sqlgenerator.SqlGenerator instance liquibase.sqlgenerator.core.GetViewDefinitionGeneratorDB2
2026-09-20 01:21:52 [main] DEBUG liquibase.servicelocator - Loaded liquibase.sqlgenerator.SqlGenerator instance liquibase.sqlgenerator.core.GetViewDefinitionGeneratorDerby
2026-09-20 01:21:52 [main] DEBUG liquibase.servicelocator - Loaded liquibase.sqlgenerator.SqlGenerator instance liquibase.sqlgenerator.core.GetViewDefinitionGeneratorFirebird
2026-09-20 01:21:52 [main] DEBUG liquibase.servicelocator - Loaded liquibase.sqlgenerator.SqlGenerator instance liquibase.sqlgenerator.core.GetViewDefinitionGeneratorHsql
2026-09-20 01:21:52 [main] DEBUG liquibase.servicelocator - Loaded liquibase.sqlgenerator.SqlGenerator instance liquibase.sqlgenerator.core.GetViewDefinitionGeneratorInformix
2026-09-20 01:21:52 [main] DEBUG liquibase.servicelocator - Loaded liquibase.sqlgenerator.SqlGenerator instance liquibase.sqlgenerator.core.GetViewDefinitionGeneratorMSSQL
2026-09-20 01:21:52 [main] DEBUG liquibase.servicelocator - Loaded liquibase.sqlgenerator.SqlGenerator instance liquibase.sqlgenerator.core.GetViewDefinitionGeneratorOracle
2026-09-20 01:21:52 [main] DEBUG liquibase.servicelocator - Loaded liquibase.sqlgenerator.SqlGenerator instance liquibase.sqlgenerator.core.GetViewDefinitionGeneratorPostgres
2026-09-20 01:21:52 [main] DEBUG liquibase.servicelocator - Loaded liquibase.sqlgenerator.SqlGenerator instance liquibase.sqlgenerator.core.GetViewDefinitionGeneratorSybase
2026-09-20 01:21:52 [main] DEBUG liquibase.servicelocator - Loaded liquibase.sqlgenerator.SqlGenerator instance liquibase.sqlgenerator.core.GetViewDefinitionGeneratorSybaseASA
2026-09-20 01:21:52 [main] DEBUG liquibase.servicelocator - Loaded liquibase.sqlgenerator.SqlGenerator instance liquibase.sqlgenerator.core.InitializeDatabaseChangeLogLockTableGenerator
2026-09-20 01:21:52 [main] DEBUG liquibase.servicelocator - Loaded liquibase.sqlgenerator.SqlGenerator instance liquibase.sqlgenerator.core.InsertDataChangeGenerator
2026-09-20 01:21:52 [main] DEBUG liquibase.servicelocator - Loaded liquibase.sqlgenerator.SqlGenerator instance liquibase.sqlgenerator.core.InsertGenerator
2026-09-20 01:21:52 [main] DEBUG liquibase.servicelocator - Loaded liquibase.sqlgenerator.SqlGenerator instance liquibase.sqlgenerator.core.InsertOrUpdateGeneratorDB2
2026-09-20 01:21:52 [main] DEBUG liquibase.servicelocator - Loaded liquibase.sqlgenerator.SqlGenerator instance liquibase.sqlgenerator.core.InsertOrUpdateGeneratorH2
2026-09-20 01:21:52 [main] DEBUG liquibase.servicelocator - Loaded liquibase.sqlgenerator.SqlGenerator instance liquibase.sqlgenerator.core.InsertOrUpdateGeneratorHsql
2026-09-20 01:21:52 [main] DEBUG liquibase.servicelocator - Loaded liquibase.sqlgenerator.SqlGenerator instance liquibase.sqlgenerator.core.InsertOrUpdateGeneratorInformix
2026-09-20 01:21:52 [main] DEBUG liquibase.servicelocator - Loaded liquibase.sqlgenerator.SqlGenerator instance liquibase.sqlgenerator.core.InsertOrUpdateGeneratorMSSQL
2026-09-20 01:21:52 [main] DEBUG liquibase.servicelocator - Loaded liquibase.sqlgenerator.SqlGenerator instance liquibase.sqlgenerator.core.InsertOrUpdateGeneratorMySQL
2026-09-20 01:21:52 [main] DEBUG liquibase.servicelocator - Loaded liquibase.sqlgenerator.SqlGenerator instance liquibase.sqlgenerator.core.InsertOrUpdateGeneratorOracle
2026-09-20 01:21:52 [main] DEBUG liquibase.servicelocator - Loaded liquibase.sqlgenerator.SqlGenerator instance liquibase.sqlgenerator.core.InsertOrUpdateGeneratorPostgres
2026-09-20 01:21:52 [main] DEBUG liquibase.servicelocator - Loaded liquibase.sqlgenerator.SqlGenerator instance liquibase.sqlgenerator.core.InsertOrUpdateGeneratorSQLite
2026-09-20 01:21:52 [main] DEBUG liquibase.servicelocator - Loaded liquibase.sqlgenerator.SqlGenerator instance liquibase.sqlgenerator.core.InsertOrUpdateGeneratorSybaseASA
2026-09-20 01:21:52 [main] DEBUG liquibase.servicelocator - Loaded liquibase.sqlgenerator.SqlGenerator instance liquibase.sqlgenerator.core.InsertSetGenerator
2026-09-20 01:21:52 [main] DEBUG liquibase.servicelocator - Loaded liquibase.sqlgenerator.SqlGenerator instance liquibase.sqlgenerator.core.LockDatabaseChangeLogGenerator
2026-09-20 01:21:52 [main] DEBUG liquibase.servicelocator - Loaded liquibase.sqlgenerator.SqlGenerator instance liquibase.sqlgenerator.core.MarkChangeSetRanGenerator
2026-09-20 01:21:52 [main] DEBUG liquibase.servicelocator - Loaded liquibase.sqlgenerator.SqlGenerator instance liquibase.sqlgenerator.core.ModifyDataTypeGenerator
2026-09-20 01:21:52 [main] DEBUG liquibase.servicelocator - Loaded liquibase.sqlgenerator.SqlGenerator instance liquibase.sqlgenerator.core.RawParameterizedSqlGenerator
2026-09-20 01:21:52 [main] DEBUG liquibase.servicelocator - Loaded liquibase.sqlgenerator.SqlGenerator instance liquibase.sqlgenerator.core.RawSqlGenerator
2026-09-20 01:21:52 [main] DEBUG liquibase.servicelocator - Loaded liquibase.sqlgenerator.SqlGenerator instance liquibase.sqlgenerator.core.ReindexGeneratorSQLite
2026-09-20 01:21:52 [main] DEBUG liquibase.servicelocator - Loaded liquibase.sqlgenerator.SqlGenerator instance liquibase.sqlgenerator.core.RemoveChangeSetRanStatusGenerator
2026-09-20 01:21:52 [main] DEBUG liquibase.servicelocator - Loaded liquibase.sqlgenerator.SqlGenerator instance liquibase.sqlgenerator.core.RenameColumnGenerator
2026-09-20 01:21:52 [main] DEBUG liquibase.servicelocator - Loaded liquibase.sqlgenerator.SqlGenerator instance liquibase.sqlgenerator.core.RenameSequenceGenerator
2026-09-20 01:21:52 [main] DEBUG liquibase.servicelocator - Loaded liquibase.sqlgenerator.SqlGenerator instance liquibase.sqlgenerator.core.RenameTableGenerator
2026-09-20 01:21:52 [main] DEBUG liquibase.servicelocator - Loaded liquibase.sqlgenerator.SqlGenerator instance liquibase.sqlgenerator.core.RenameViewGenerator
2026-09-20 01:21:52 [main] DEBUG liquibase.servicelocator - Loaded liquibase.sqlgenerator.SqlGenerator instance liquibase.sqlgenerator.core.ReorganizeTableGeneratorDB2
2026-09-20 01:21:52 [main] DEBUG liquibase.servicelocator - Loaded liquibase.sqlgenerator.SqlGenerator instance liquibase.sqlgenerator.core.RuntimeGenerator
2026-09-20 01:21:52 [main] DEBUG liquibase.servicelocator - Loaded liquibase.sqlgenerator.SqlGenerator instance liquibase.sqlgenerator.core.SelectFromDatabaseChangeLogGenerator
2026-09-20 01:21:52 [main] DEBUG liquibase.servicelocator - Loaded liquibase.sqlgenerator.SqlGenerator instance liquibase.sqlgenerator.core.SelectFromDatabaseChangeLogLockGenerator
2026-09-20 01:21:52 [main] DEBUG liquibase.servicelocator - Loaded liquibase.sqlgenerator.SqlGenerator instance liquibase.sqlgenerator.core.SetColumnRemarksGenerator
2026-09-20 01:21:52 [main] DEBUG liquibase.servicelocator - Loaded liquibase.sqlgenerator.SqlGenerator instance liquibase.sqlgenerator.core.SetNullableGenerator
2026-09-20 01:21:52 [main] DEBUG liquibase.servicelocator - Loaded liquibase.sqlgenerator.SqlGenerator instance liquibase.sqlgenerator.core.SetTableRemarksGenerator
2026-09-20 01:21:52 [main] DEBUG liquibase.servicelocator - Loaded liquibase.sqlgenerator.SqlGenerator instance liquibase.sqlgenerator.core.SetViewRemarksGenerator
2026-09-20 01:21:52 [main] DEBUG liquibase.servicelocator - Loaded liquibase.sqlgenerator.SqlGenerator instance liquibase.sqlgenerator.core.StoredProcedureGenerator
2026-09-20 01:21:52 [main] DEBUG liquibase.servicelocator - Loaded liquibase.sqlgenerator.SqlGenerator instance liquibase.sqlgenerator.core.TableIsEmptyGenerator
2026-09-20 01:21:52 [main] DEBUG liquibase.servicelocator - Loaded liquibase.sqlgenerator.SqlGenerator instance liquibase.sqlgenerator.core.TableRowCountGenerator
2026-09-20 01:21:52 [HikariPool-1:housekeeper] DEBUG com.zaxxer.hikari.pool.HikariPool - HikariPool-1 - Pool stats (total=1/10, idle=0/10, active=1, waiting=0)
2026-09-20 01:21:52 [main] DEBUG liquibase.servicelocator - Loaded liquibase.sqlgenerator.SqlGenerator instance liquibase.sqlgenerator.core.TagDatabaseGenerator
2026-09-20 01:21:52 [main] DEBUG liquibase.servicelocator - Loaded liquibase.sqlgenerator.SqlGenerator instance liquibase.sqlgenerator.core.UnlockDatabaseChangeLogGenerator
2026-09-20 01:21:52 [HikariPool-1:connection-adder] DEBUG com.zaxxer.hikari.pool.PoolBase - HikariPool-1 - Attempting to create/setup new connection (1a5accc8-fe3e-4325-b51a-94984a61fa22)
2026-09-20 01:21:52 [main] DEBUG liquibase.servicelocator - Loaded liquibase.sqlgenerator.SqlGenerator instance liquibase.sqlgenerator.core.UpdateChangeSetChecksumGenerator
2026-09-20 01:21:52 [main] DEBUG liquibase.servicelocator - Loaded liquibase.sqlgenerator.SqlGenerator instance liquibase.sqlgenerator.core.UpdateChangeSetFilenameGenerator
2026-09-20 01:21:52 [main] DEBUG liquibase.servicelocator - Loaded liquibase.sqlgenerator.SqlGenerator instance liquibase.sqlgenerator.core.UpdateDataChangeGenerator
2026-09-20 01:21:52 [main] DEBUG liquibase.servicelocator - Loaded liquibase.sqlgenerator.SqlGenerator instance liquibase.sqlgenerator.core.UpdateGenerator
2026-09-20 01:21:52 [main] DEBUG liquibase.servicelocator - Loaded liquibase.sqlgenerator.SqlGenerator instance liquibase.sqlgenerator.core.CreateSequenceGeneratorSnowflake
2026-09-20 01:21:52 [main] DEBUG liquibase.servicelocator - Loaded liquibase.sqlgenerator.SqlGenerator instance liquibase.sqlgenerator.core.DropDefaultValueGeneratorSnowflake
2026-09-20 01:21:52 [main] DEBUG liquibase.servicelocator - Loaded liquibase.sqlgenerator.SqlGenerator instance liquibase.sqlgenerator.core.DropProcedureGeneratorSnowflake
2026-09-20 01:21:52 [main] DEBUG liquibase.servicelocator - Loaded liquibase.sqlgenerator.SqlGenerator instance liquibase.sqlgenerator.core.InsertOrUpdateGeneratorSnowflake
2026-09-20 01:21:52 [main] DEBUG liquibase.servicelocator - Loaded liquibase.sqlgenerator.SqlGenerator instance liquibase.sqlgenerator.core.RenameTableGeneratorSnowflake
2026-09-20 01:21:52 [main] DEBUG liquibase.servicelocator - Loaded liquibase.sqlgenerator.SqlGenerator instance liquibase.sqlgenerator.core.RenameViewGeneratorSnowflake
2026-09-20 01:21:52 [main] DEBUG liquibase.servicelocator - Loaded liquibase.sqlgenerator.SqlGenerator instance liquibase.sqlgenerator.core.SetColumnRemarksGeneratorSnowflake
2026-09-20 01:21:52 [main] DEBUG liquibase.servicelocator - Loaded liquibase.sqlgenerator.SqlGenerator instance liquibase.sqlgenerator.core.SetTableRemarksGeneratorSnowflake
2026-09-20 01:21:52 [main] DEBUG liquibase.servicelocator - Loaded liquibase.sqlgenerator.SqlGenerator instance liquibase.sqlgenerator.core.GetViewDefinitionGeneratorSnowflake
2026-09-20 01:21:52 [main] INFO  liquibase.database - Set default schema name to public
2026-09-20 01:21:52 [main] DEBUG liquibase.configuration - No configuration value for liquibase.liquibaseSchemaName aka liquibase.schemaName found
2026-09-20 01:21:52 [main] DEBUG liquibase.configuration - No configuration value for liquibase.supportPropertyEscaping aka enableEscaping found
2026-09-20 01:21:52 [main] DEBUG liquibase.configuration - Configuration liquibase.supportPropertyEscaping is using the default value of false
2026-09-20 01:21:52 [main] DEBUG liquibase.servicelocator - Loaded liquibase.command.CommandStep instance liquibase.command.core.ChangelogSyncCommandStep
2026-09-20 01:21:52 [main] DEBUG liquibase.servicelocator - Loaded liquibase.command.CommandStep instance liquibase.command.core.UpdateCountCommandStep
2026-09-20 01:21:52 [main] DEBUG liquibase.servicelocator - Loaded liquibase.command.CommandStep instance liquibase.command.core.UpdateTestingRollbackCommandStep
2026-09-20 01:21:52 [main] DEBUG liquibase.servicelocator - Loaded liquibase.command.CommandStep instance liquibase.command.core.UpdateCommandStep
2026-09-20 01:21:52 [HikariPool-1:connection-adder] DEBUG com.zaxxer.hikari.pool.PoolBase - HikariPool-1 - Established new connection (1a5accc8-fe3e-4325-b51a-94984a61fa22)
2026-09-20 01:21:52 [HikariPool-1:connection-adder] DEBUG com.zaxxer.hikari.pool.HikariPool - HikariPool-1 - Added connection org.postgresql.jdbc.PgConnection@26314c30
2026-09-20 01:21:52 [main] DEBUG liquibase.servicelocator - Loaded liquibase.command.CommandStep instance liquibase.command.core.GenerateChangelogCommandStep
2026-09-20 01:21:52 [main] DEBUG liquibase.servicelocator - Loaded liquibase.command.CommandStep instance liquibase.command.core.ExecuteSqlCommandStep
2026-09-20 01:21:52 [main] DEBUG liquibase.servicelocator - Loaded liquibase.command.CommandStep instance liquibase.command.core.ClearChecksumsCommandStep
2026-09-20 01:21:52 [main] DEBUG liquibase.servicelocator - Loaded liquibase.command.CommandStep instance liquibase.command.core.HistoryCommandStep
2026-09-20 01:21:52 [main] DEBUG liquibase.servicelocator - Loaded liquibase.command.CommandStep instance liquibase.command.core.TagCommandStep
2026-09-20 01:21:52 [main] DEBUG liquibase.servicelocator - Loaded liquibase.command.CommandStep instance liquibase.command.core.RollbackCountCommandStep
2026-09-20 01:21:52 [main] DEBUG liquibase.servicelocator - Loaded liquibase.command.CommandStep instance liquibase.command.core.MarkNextChangesetRanSqlCommandStep
2026-09-20 01:21:52 [main] DEBUG liquibase.servicelocator - Loaded liquibase.command.CommandStep instance liquibase.command.core.RollbackToDateCommandStep
2026-09-20 01:21:52 [main] DEBUG liquibase.servicelocator - Loaded liquibase.command.CommandStep instance liquibase.command.core.StatusCommandStep
2026-09-20 01:21:52 [main] DEBUG liquibase.servicelocator - Loaded liquibase.command.CommandStep instance liquibase.command.core.FutureRollbackFromTagSqlCommandStep
2026-09-20 01:21:52 [main] DEBUG liquibase.servicelocator - Loaded liquibase.command.CommandStep instance liquibase.command.core.SnapshotCommandStep
2026-09-20 01:21:52 [main] DEBUG liquibase.servicelocator - Loaded liquibase.command.CommandStep instance liquibase.command.core.StopH2CommandStep
2026-09-20 01:21:52 [main] DEBUG liquibase.servicelocator - Loaded liquibase.command.CommandStep instance liquibase.command.core.StartH2CommandStep
2026-09-20 01:21:52 [main] DEBUG liquibase.servicelocator - Loaded liquibase.command.CommandStep instance liquibase.command.core.ReleaseLocksCommandStep
2026-09-20 01:21:52 [main] DEBUG liquibase.servicelocator - Loaded liquibase.command.CommandStep instance liquibase.command.core.helpers.DiffOutputControlCommandStep
2026-09-20 01:21:52 [main] DEBUG liquibase.servicelocator - Loaded liquibase.command.CommandStep instance liquibase.command.core.helpers.OutputWriterCommandStep
2026-09-20 01:21:52 [main] DEBUG liquibase.servicelocator - Loaded liquibase.command.CommandStep instance liquibase.command.core.helpers.DiffArgumentsCommandStep
2026-09-20 01:21:52 [main] DEBUG liquibase.servicelocator - Loaded liquibase.command.CommandStep instance liquibase.command.core.helpers.ReferenceDatabaseOutputWriterCommandStep
2026-09-20 01:21:52 [main] DEBUG liquibase.servicelocator - Loaded liquibase.command.CommandStep instance liquibase.command.core.helpers.ReferenceDbUrlConnectionCommandStep
2026-09-20 01:21:52 [main] DEBUG liquibase.servicelocator - Loaded liquibase.command.CommandStep instance liquibase.command.core.helpers.DbUrlConnectionCommandStep
2026-09-20 01:21:52 [main] DEBUG liquibase.servicelocator - Loaded liquibase.command.CommandStep instance liquibase.command.core.helpers.DatabaseChangelogCommandStep
2026-09-20 01:21:52 [main] DEBUG liquibase.servicelocator - Loaded liquibase.command.CommandStep instance liquibase.command.core.helpers.ShowSummaryArgument
2026-09-20 01:21:52 [main] DEBUG liquibase.servicelocator - Loaded liquibase.command.CommandStep instance liquibase.command.core.helpers.LockServiceCommandStep
2026-09-20 01:21:52 [main] DEBUG liquibase.servicelocator - Loaded liquibase.command.CommandStep instance liquibase.command.core.helpers.ChangeExecListenerCommandStep
2026-09-20 01:21:52 [main] DEBUG liquibase.servicelocator - Loaded liquibase.command.CommandStep instance liquibase.command.core.helpers.PreCompareCommandStep
2026-09-20 01:21:52 [main] DEBUG liquibase.servicelocator - Loaded liquibase.command.CommandStep instance liquibase.command.core.helpers.DbUrlConnectionArgumentsCommandStep
2026-09-20 01:21:52 [main] DEBUG liquibase.servicelocator - Loaded liquibase.command.CommandStep instance liquibase.command.core.RollbackToDateSqlCommandStep
2026-09-20 01:21:52 [main] DEBUG liquibase.servicelocator - Loaded liquibase.command.CommandStep instance liquibase.command.core.CalculateChecksumCommandStep
2026-09-20 01:21:52 [main] DEBUG liquibase.servicelocator - Loaded liquibase.command.CommandStep instance liquibase.command.core.TagExistsCommandStep
2026-09-20 01:21:52 [main] DEBUG liquibase.servicelocator - Loaded liquibase.command.CommandStep instance liquibase.command.core.UnexpectedChangesetsCommandStep
2026-09-20 01:21:52 [main] DEBUG liquibase.servicelocator - Loaded liquibase.command.CommandStep instance liquibase.command.core.UpdateToTagSqlCommandStep
2026-09-20 01:21:52 [main] DEBUG liquibase.servicelocator - Loaded liquibase.command.CommandStep instance liquibase.command.core.LpmCommandStep
2026-09-20 01:21:52 [main] DEBUG liquibase.servicelocator - Loaded liquibase.command.CommandStep instance liquibase.command.core.InternalSnapshotCommandStep
2026-09-20 01:21:52 [main] DEBUG liquibase.servicelocator - Loaded liquibase.command.CommandStep instance liquibase.command.core.MarkNextChangesetRanCommandStep
2026-09-20 01:21:52 [main] DEBUG liquibase.servicelocator - Loaded liquibase.command.CommandStep instance liquibase.command.core.DiffChangelogCommandStep
2026-09-20 01:21:52 [main] DEBUG liquibase.servicelocator - Loaded liquibase.command.CommandStep instance liquibase.command.core.RollbackCommandStep
2026-09-20 01:21:52 [main] DEBUG liquibase.servicelocator - Loaded liquibase.command.CommandStep instance liquibase.command.core.DropAllCommandStep
2026-09-20 01:21:52 [main] DEBUG liquibase.servicelocator - Loaded liquibase.command.CommandStep instance liquibase.command.core.ChangelogSyncSqlCommandStep
2026-09-20 01:21:52 [main] DEBUG liquibase.servicelocator - Loaded liquibase.command.CommandStep instance liquibase.command.core.ListLocksCommandStep
2026-09-20 01:21:52 [main] DEBUG liquibase.servicelocator - Loaded liquibase.command.CommandStep instance liquibase.command.core.SnapshotReferenceCommandStep
2026-09-20 01:21:52 [main] DEBUG liquibase.servicelocator - Loaded liquibase.command.CommandStep instance liquibase.command.core.FutureRollbackSqlCommandStep
2026-09-20 01:21:52 [main] DEBUG liquibase.servicelocator - Loaded liquibase.command.CommandStep instance liquibase.command.core.DbDocCommandStep
2026-09-20 01:21:52 [main] DEBUG liquibase.servicelocator - Loaded liquibase.command.CommandStep instance liquibase.command.core.ValidateCommandStep
2026-09-20 01:21:52 [main] DEBUG liquibase.servicelocator - Loaded liquibase.command.CommandStep instance liquibase.command.core.RollbackCountSqlCommandStep
2026-09-20 01:21:52 [HikariPool-1:connection-adder] DEBUG com.zaxxer.hikari.pool.HikariPool - HikariPool-1 - After adding stats (total=2/10, idle=1/10, active=1, waiting=0)
2026-09-20 01:21:52 [HikariPool-1:connection-adder] DEBUG com.zaxxer.hikari.pool.PoolBase - HikariPool-1 - Attempting to create/setup new connection (c3c9c690-1d75-4002-8850-e140b536dfa0)
2026-09-20 01:21:52 [main] DEBUG liquibase.servicelocator - Loaded liquibase.command.CommandStep instance liquibase.command.core.init.InitProjectCommandStep
2026-09-20 01:21:52 [main] DEBUG liquibase.servicelocator - Loaded liquibase.command.CommandStep instance liquibase.command.core.init.InitCopyCommandStep
2026-09-20 01:21:52 [main] DEBUG liquibase.servicelocator - Loaded liquibase.command.CommandStep instance liquibase.command.core.ChangelogSyncToTagSqlCommandStep
2026-09-20 01:21:52 [main] DEBUG liquibase.servicelocator - Loaded liquibase.command.CommandStep instance liquibase.command.core.UpdateToTagCommandStep
2026-09-20 01:21:52 [main] DEBUG liquibase.servicelocator - Loaded liquibase.command.CommandStep instance liquibase.command.core.ChangelogSyncToTagCommandStep
2026-09-20 01:21:52 [main] DEBUG liquibase.servicelocator - Loaded liquibase.command.CommandStep instance liquibase.command.core.DiffCommandStep
2026-09-20 01:21:52 [main] DEBUG liquibase.servicelocator - Loaded liquibase.command.CommandStep instance liquibase.command.core.UpdateCountSqlCommandStep
2026-09-20 01:21:52 [main] DEBUG liquibase.servicelocator - Loaded liquibase.command.CommandStep instance liquibase.command.core.RollbackSqlCommandStep
2026-09-20 01:21:52 [main] DEBUG liquibase.servicelocator - Loaded liquibase.command.CommandStep instance liquibase.command.core.UpdateSqlCommandStep
2026-09-20 01:21:52 [main] DEBUG liquibase.servicelocator - Loaded liquibase.command.CommandStep instance liquibase.command.core.FutureRollbackCountSqlCommandStep
2026-09-20 01:21:52 [main] DEBUG liquibase.servicelocator - Loaded liquibase.logging.mdc.MdcManager instance liquibase.logging.mdc.NoOpMdcManager
2026-09-20 01:21:52 [main] DEBUG liquibase.servicelocator - Loaded liquibase.analytics.AnalyticsListener instance liquibase.analytics.LiquibaseAnalyticsListener
2026-09-20 01:21:52 [main] DEBUG liquibase.servicelocator - Loaded liquibase.analytics.AnalyticsListener instance liquibase.analytics.NoOpAnalyticsListener
2026-09-20 01:21:52 [main] DEBUG liquibase.configuration - No configuration value for liquibase.analytics.devOverride found
2026-09-20 01:21:52 [main] DEBUG liquibase.configuration - Configuration liquibase.analytics.devOverride is using the default value of false
2026-09-20 01:21:52 [main] DEBUG liquibase.configuration - No configuration value for liquibase.analytics.configEndpointUrl found
2026-09-20 01:21:52 [main] DEBUG liquibase.configuration - Configuration liquibase.analytics.configEndpointUrl is using the default value of https://config.liquibase.com/analytics.yaml
2026-09-20 01:21:52 [main] DEBUG liquibase.configuration - No configuration value for liquibase.analytics.enabled found
2026-09-20 01:21:52 [main] DEBUG liquibase.servicelocator - Loaded liquibase.license.LicenseService instance liquibase.license.OSSLicenseService
2026-09-20 01:21:52 [main] DEBUG liquibase.configuration - No configuration value for liquibase.analytics.configCacheTimeoutMillis found
2026-09-20 01:21:52 [main] DEBUG liquibase.configuration - Configuration liquibase.analytics.configCacheTimeoutMillis is using the default value of 3600000
2026-09-20 01:21:52 [main] DEBUG liquibase.servicelocator - Loaded liquibase.analytics.configuration.AnalyticsConfiguration instance liquibase.analytics.configuration.LiquibaseRemoteAnalyticsConfiguration
2026-09-20 01:21:52 [main] DEBUG liquibase.configuration - No configuration value for liquibase.analytics.logLevel found
2026-09-20 01:21:52 [main] DEBUG liquibase.configuration - Configuration liquibase.analytics.logLevel is using the default value of OFF
2026-09-20 01:21:52 [HikariPool-1:connection-adder] DEBUG com.zaxxer.hikari.pool.PoolBase - HikariPool-1 - Established new connection (c3c9c690-1d75-4002-8850-e140b536dfa0)
2026-09-20 01:21:52 [HikariPool-1:connection-adder] DEBUG com.zaxxer.hikari.pool.HikariPool - HikariPool-1 - Added connection org.postgresql.jdbc.PgConnection@529a717a
2026-09-20 01:21:52 [HikariPool-1:connection-adder] DEBUG com.zaxxer.hikari.pool.HikariPool - HikariPool-1 - After adding stats (total=3/10, idle=2/10, active=1, waiting=0)
2026-09-20 01:21:52 [HikariPool-1:connection-adder] DEBUG com.zaxxer.hikari.pool.PoolBase - HikariPool-1 - Attempting to create/setup new connection (7ebf0a1e-bcb3-49a7-a00e-e76ae8e28e71)
2026-09-20 01:21:52 [main] DEBUG liquibase.configuration - No configuration value for liquibase.analytics.configEndpointTimeoutMillis found
2026-09-20 01:21:52 [main] DEBUG liquibase.configuration - Configuration liquibase.analytics.configEndpointTimeoutMillis is using the default value of 1500
2026-09-20 01:21:52 [HikariPool-1:connection-adder] DEBUG com.zaxxer.hikari.pool.PoolBase - HikariPool-1 - Established new connection (7ebf0a1e-bcb3-49a7-a00e-e76ae8e28e71)
2026-09-20 01:21:52 [HikariPool-1:connection-adder] DEBUG com.zaxxer.hikari.pool.HikariPool - HikariPool-1 - Added connection org.postgresql.jdbc.PgConnection@2de3feab
2026-09-20 01:21:52 [HikariPool-1:connection-adder] DEBUG com.zaxxer.hikari.pool.HikariPool - HikariPool-1 - After adding stats (total=4/10, idle=3/10, active=1, waiting=0)
2026-09-20 01:21:52 [HikariPool-1:connection-adder] DEBUG com.zaxxer.hikari.pool.PoolBase - HikariPool-1 - Attempting to create/setup new connection (def673fb-04f5-4a90-844e-4e4f73a992d3)
2026-09-20 01:21:52 [HikariPool-1:connection-adder] DEBUG com.zaxxer.hikari.pool.PoolBase - HikariPool-1 - Established new connection (def673fb-04f5-4a90-844e-4e4f73a992d3)
2026-09-20 01:21:52 [HikariPool-1:connection-adder] DEBUG com.zaxxer.hikari.pool.HikariPool - HikariPool-1 - Added connection org.postgresql.jdbc.PgConnection@7525678
2026-09-20 01:21:52 [HikariPool-1:connection-adder] DEBUG com.zaxxer.hikari.pool.HikariPool - HikariPool-1 - After adding stats (total=5/10, idle=4/10, active=1, waiting=0)
2026-09-20 01:21:52 [HikariPool-1:connection-adder] DEBUG com.zaxxer.hikari.pool.PoolBase - HikariPool-1 - Attempting to create/setup new connection (71866154-1958-4b1e-a6ea-4d6f49c2900d)
2026-09-20 01:21:52 [HikariPool-1:connection-adder] DEBUG com.zaxxer.hikari.pool.PoolBase - HikariPool-1 - Established new connection (71866154-1958-4b1e-a6ea-4d6f49c2900d)
2026-09-20 01:21:52 [HikariPool-1:connection-adder] DEBUG com.zaxxer.hikari.pool.HikariPool - HikariPool-1 - Added connection org.postgresql.jdbc.PgConnection@7032d37a
2026-09-20 01:21:52 [HikariPool-1:connection-adder] DEBUG com.zaxxer.hikari.pool.HikariPool - HikariPool-1 - After adding stats (total=6/10, idle=5/10, active=1, waiting=0)
2026-09-20 01:21:52 [HikariPool-1:connection-adder] DEBUG com.zaxxer.hikari.pool.PoolBase - HikariPool-1 - Attempting to create/setup new connection (aab4075c-f71c-48d6-ab69-50095d3b1793)
2026-09-20 01:21:52 [HikariPool-1:connection-adder] DEBUG com.zaxxer.hikari.pool.PoolBase - HikariPool-1 - Established new connection (aab4075c-f71c-48d6-ab69-50095d3b1793)
2026-09-20 01:21:52 [HikariPool-1:connection-adder] DEBUG com.zaxxer.hikari.pool.HikariPool - HikariPool-1 - Added connection org.postgresql.jdbc.PgConnection@f35eb5b
2026-09-20 01:21:52 [HikariPool-1:connection-adder] DEBUG com.zaxxer.hikari.pool.HikariPool - HikariPool-1 - After adding stats (total=7/10, idle=6/10, active=1, waiting=0)
2026-09-20 01:21:52 [HikariPool-1:connection-adder] DEBUG com.zaxxer.hikari.pool.PoolBase - HikariPool-1 - Attempting to create/setup new connection (b4bcbb80-2faf-4b59-a94f-dc8b503afedb)
2026-09-20 01:21:52 [HikariPool-1:connection-adder] DEBUG com.zaxxer.hikari.pool.PoolBase - HikariPool-1 - Established new connection (b4bcbb80-2faf-4b59-a94f-dc8b503afedb)
2026-09-20 01:21:52 [HikariPool-1:connection-adder] DEBUG com.zaxxer.hikari.pool.HikariPool - HikariPool-1 - Added connection org.postgresql.jdbc.PgConnection@693b13ed
2026-09-20 01:21:52 [HikariPool-1:connection-adder] DEBUG com.zaxxer.hikari.pool.HikariPool - HikariPool-1 - After adding stats (total=8/10, idle=7/10, active=1, waiting=0)
2026-09-20 01:21:52 [HikariPool-1:connection-adder] DEBUG com.zaxxer.hikari.pool.PoolBase - HikariPool-1 - Attempting to create/setup new connection (22210d4c-d9c8-488d-b445-644d15cd3eb9)
2026-09-20 01:21:52 [HikariPool-1:connection-adder] DEBUG com.zaxxer.hikari.pool.PoolBase - HikariPool-1 - Established new connection (22210d4c-d9c8-488d-b445-644d15cd3eb9)
2026-09-20 01:21:52 [HikariPool-1:connection-adder] DEBUG com.zaxxer.hikari.pool.HikariPool - HikariPool-1 - Added connection org.postgresql.jdbc.PgConnection@85bb650
2026-09-20 01:21:52 [HikariPool-1:connection-adder] DEBUG com.zaxxer.hikari.pool.HikariPool - HikariPool-1 - After adding stats (total=9/10, idle=8/10, active=1, waiting=0)
2026-09-20 01:21:52 [HikariPool-1:connection-adder] DEBUG com.zaxxer.hikari.pool.PoolBase - HikariPool-1 - Attempting to create/setup new connection (cfe5d79c-bc4d-47ab-b0f6-c06339e096aa)
2026-09-20 01:21:52 [main] DEBUG liquibase.configuration - No configuration value for liquibase.strict found
2026-09-20 01:21:52 [main] DEBUG liquibase.configuration - Configuration liquibase.strict is using the default value of false
2026-09-20 01:21:52 [main] DEBUG liquibase.configuration - No configuration value for liquibase.command.update.changeExecListener found
2026-09-20 01:21:52 [main] DEBUG liquibase.configuration - No configuration value for liquibase.command.changeExecListener found
2026-09-20 01:21:52 [main] DEBUG liquibase.configuration - No configuration value for liquibase.command.update.changeExecListenerClass found
2026-09-20 01:21:52 [main] DEBUG liquibase.configuration - No configuration value for liquibase.command.changeExecListenerClass found
2026-09-20 01:21:52 [main] DEBUG liquibase.configuration - No configuration value for liquibase.command.update.changeExecListenerPropertiesFile found
2026-09-20 01:21:52 [main] DEBUG liquibase.configuration - No configuration value for liquibase.command.changeExecListenerPropertiesFile found
2026-09-20 01:21:52 [main] DEBUG liquibase.configuration - Found 'liquibase.command.update.changelogFile' configuration of 'classpath:db/changelog/db.changelog-master.yaml'
    command argument 'changelogFile' of 'classpath:db/changelog/db.changelog-master.yaml'
2026-09-20 01:21:52 [main] DEBUG liquibase.configuration - Found 'liquibase.command.update.changelogParameters' configuration of 'liquibase.changelog.ChangeLogParameters@6113a26f'
    command argument 'changelogParameters' of 'liquibase.changelog.ChangeLogParameters@6113a26f'
2026-09-20 01:21:52 [main] DEBUG liquibase.configuration - No configuration value for liquibase.command.update.contextFilter aka liquibase.command.update.contexts found
2026-09-20 01:21:52 [main] DEBUG liquibase.configuration - No configuration value for liquibase.command.contextFilter aka liquibase.command.contexts found
2026-09-20 01:21:52 [main] DEBUG liquibase.configuration - Found 'liquibase.command.update.database' configuration of 'postgres @ jdbc:postgresql://localhost:5432/postgres (Default Schema: public)'
    command argument 'database' of 'postgres @ jdbc:postgresql://localhost:5432/postgres (Default Schema: public)'
2026-09-20 01:21:52 [main] DEBUG liquibase.configuration - No configuration value for liquibase.command.update.databaseChangelog found
2026-09-20 01:21:52 [main] DEBUG liquibase.configuration - No configuration value for liquibase.command.databaseChangelog found
2026-09-20 01:21:52 [main] DEBUG liquibase.configuration - No configuration value for liquibase.command.update.defaultCatalogName found
2026-09-20 01:21:52 [main] DEBUG liquibase.configuration - No configuration value for liquibase.command.defaultCatalogName found
2026-09-20 01:21:52 [main] DEBUG liquibase.configuration - No configuration value for liquibase.command.update.defaultSchemaName found
2026-09-20 01:21:52 [main] DEBUG liquibase.configuration - No configuration value for liquibase.command.defaultSchemaName found
2026-09-20 01:21:52 [main] DEBUG liquibase.configuration - No configuration value for liquibase.command.update.driver found
2026-09-20 01:21:52 [main] DEBUG liquibase.configuration - No configuration value for liquibase.command.driver found
2026-09-20 01:21:52 [main] DEBUG liquibase.configuration - No configuration value for liquibase.command.update.driverPropertiesFile found
2026-09-20 01:21:52 [main] DEBUG liquibase.configuration - No configuration value for liquibase.command.driverPropertiesFile found
2026-09-20 01:21:52 [main] DEBUG liquibase.configuration - No configuration value for liquibase.command.update.labelFilter aka liquibase.command.update.labels found
2026-09-20 01:21:52 [main] DEBUG liquibase.configuration - No configuration value for liquibase.command.labelFilter aka liquibase.command.labels found
2026-09-20 01:21:52 [main] DEBUG liquibase.configuration - No configuration value for liquibase.command.update.password found
2026-09-20 01:21:52 [main] DEBUG liquibase.configuration - No configuration value for liquibase.command.password found
2026-09-20 01:21:52 [main] DEBUG liquibase.configuration - No configuration value for liquibase.command.update.showSummary found
2026-09-20 01:21:52 [main] DEBUG liquibase.configuration - Configuration liquibase.command.update.showSummary is using the default value of SUMMARY
2026-09-20 01:21:52 [main] DEBUG liquibase.configuration - No configuration value for liquibase.command.showSummary found
2026-09-20 01:21:52 [main] DEBUG liquibase.configuration - Configuration liquibase.command.showSummary is using the default value of SUMMARY
2026-09-20 01:21:52 [main] DEBUG liquibase.configuration - Found 'liquibase.command.update.showSummaryOutput' configuration of 'LOG'
    command argument 'showSummaryOutput' of 'LOG'
2026-09-20 01:21:52 [main] DEBUG liquibase.configuration - No configuration value for liquibase.command.update.skipDatabaseStep found
2026-09-20 01:21:52 [main] DEBUG liquibase.configuration - Configuration liquibase.command.update.skipDatabaseStep is using the default value of false
2026-09-20 01:21:52 [main] DEBUG liquibase.configuration - No configuration value for liquibase.command.skipDatabaseStep found
2026-09-20 01:21:52 [main] DEBUG liquibase.configuration - Configuration liquibase.command.skipDatabaseStep is using the default value of false
2026-09-20 01:21:52 [main] DEBUG liquibase.configuration - No configuration value for liquibase.command.update.updateNullChecksums found
2026-09-20 01:21:52 [main] DEBUG liquibase.configuration - Configuration liquibase.command.update.updateNullChecksums is using the default value of false
2026-09-20 01:21:52 [main] DEBUG liquibase.configuration - No configuration value for liquibase.command.updateNullChecksums found
2026-09-20 01:21:52 [main] DEBUG liquibase.configuration - Configuration liquibase.command.updateNullChecksums is using the default value of false
2026-09-20 01:21:52 [main] DEBUG liquibase.configuration - No configuration value for liquibase.command.update.url found
2026-09-20 01:21:52 [main] DEBUG liquibase.configuration - No configuration value for liquibase.command.url found
2026-09-20 01:21:52 [main] DEBUG liquibase.configuration - No configuration value for liquibase.command.update.username found
2026-09-20 01:21:52 [main] DEBUG liquibase.configuration - No configuration value for liquibase.command.username found
2026-09-20 01:21:52 [main] DEBUG liquibase.command - Pipeline for command 'update: liquibase.command.core.helpers.DbUrlConnectionArgumentsCommandStep then liquibase.command.core.helpers.ShowSummaryArgument then liquibase.command.core.helpers.DbUrlConnectionCommandStep then liquibase.command.core.helpers.DatabaseChangelogCommandStep then liquibase.command.core.helpers.ChangeExecListenerCommandStep then liquibase.command.core.UpdateCommandStep
2026-09-20 01:21:52 [main] DEBUG liquibase.configuration - No configuration value for liquibase.outputFile found
2026-09-20 01:21:52 [main] DEBUG liquibase.configuration - No configuration value for liquibase.outputFileEncoding found
2026-09-20 01:21:52 [main] DEBUG liquibase.configuration - Configuration liquibase.outputFileEncoding is using the default value of UTF-8
2026-09-20 01:21:52 [main] DEBUG liquibase.command - Writing output with encoding 'UTF-8'
2026-09-20 01:21:52 [main] DEBUG liquibase.command - Executing internal command dbUrlConnectionArguments
2026-09-20 01:21:52 [main] DEBUG liquibase.command - Executing internal command showSummary
2026-09-20 01:21:52 [main] DEBUG liquibase.configuration - Configuration liquibase.command.update.showSummary is using the default value of SUMMARY
2026-09-20 01:21:52 [main] DEBUG liquibase.configuration - Configuration liquibase.command.showSummary is using the default value of SUMMARY
2026-09-20 01:21:52 [main] DEBUG liquibase.command - Executing internal command dbUrlConnectionCommandStep
2026-09-20 01:21:52 [main] DEBUG liquibase.configuration - Configuration liquibase.command.update.skipDatabaseStep is using the default value of false
2026-09-20 01:21:52 [main] DEBUG liquibase.configuration - Configuration liquibase.command.skipDatabaseStep is using the default value of false
2026-09-20 01:21:52 [main] DEBUG liquibase.configuration - No configuration value for liquibase.liquibaseCatalogName aka liquibase.catalogName found
2026-09-20 01:21:52 [main] DEBUG liquibase.configuration - No configuration value for liquibase.license.tracking.enabled aka liquibase.license.utility.enabled found
2026-09-20 01:21:52 [main] DEBUG liquibase.configuration - Configuration liquibase.license.tracking.enabled is using the default value of false
2026-09-20 01:21:52 [main] DEBUG liquibase.command - Executing internal command changelogCommandStep
2026-09-20 01:21:52 [main] DEBUG liquibase.servicelocator - Loaded liquibase.parser.ChangeLogParser instance liquibase.parser.core.formattedsql.FormattedSqlChangeLogParser
2026-09-20 01:21:52 [main] DEBUG liquibase.servicelocator - Loaded liquibase.parser.ChangeLogParser instance liquibase.parser.core.json.JsonChangeLogParser
2026-09-20 01:21:52 [main] DEBUG liquibase.servicelocator - Loaded liquibase.parser.ChangeLogParser instance liquibase.parser.core.sql.SqlChangeLogParser
2026-09-20 01:21:52 [main] DEBUG liquibase.configuration - No configuration value for liquibase.validateXmlChangelogFiles found
2026-09-20 01:21:52 [main] DEBUG liquibase.configuration - Configuration liquibase.validateXmlChangelogFiles is using the default value of true
2026-09-20 01:21:52 [main] DEBUG liquibase.configuration - No configuration value for liquibase.secureParsing found
2026-09-20 01:21:52 [main] DEBUG liquibase.configuration - Configuration liquibase.secureParsing is using the default value of true
2026-09-20 01:21:52 [main] DEBUG liquibase.servicelocator - Loaded liquibase.parser.ChangeLogParser instance liquibase.parser.core.xml.XMLChangeLogSAXParser
2026-09-20 01:21:52 [main] DEBUG liquibase.servicelocator - Loaded liquibase.parser.ChangeLogParser instance liquibase.parser.core.yaml.YamlChangeLogParser
2026-09-20 01:21:52 [main] DEBUG liquibase.parser - Matched file 'classpath:db/changelog/db.changelog-master.yaml' to parser 'YamlChangeLogParser'
2026-09-20 01:21:52 [HikariPool-1:connection-adder] DEBUG com.zaxxer.hikari.pool.PoolBase - HikariPool-1 - Established new connection (cfe5d79c-bc4d-47ab-b0f6-c06339e096aa)
2026-09-20 01:21:52 [HikariPool-1:connection-adder] DEBUG com.zaxxer.hikari.pool.HikariPool - HikariPool-1 - Added connection org.postgresql.jdbc.PgConnection@3a26dbf3
2026-09-20 01:21:52 [main] DEBUG liquibase.configuration - No configuration value for liquibase.preserveClasspathPrefixInNormalizedPaths found
2026-09-20 01:21:52 [main] DEBUG liquibase.configuration - Configuration liquibase.preserveClasspathPrefixInNormalizedPaths is using the default value of false
2026-09-20 01:21:52 [main] DEBUG liquibase.parser - Matched file 'db/changelog/changes/001-create-users.yaml' to parser 'YamlChangeLogParser'
2026-09-20 01:21:52 [main] DEBUG liquibase.servicelocator - Loaded liquibase.changeset.ChangeSetService instance liquibase.changeset.StandardChangeSetService
2026-09-20 01:21:52 [main] DEBUG liquibase.servicelocator - Loaded liquibase.change.Change instance liquibase.change.core.AddAutoIncrementChange
2026-09-20 01:21:52 [main] DEBUG liquibase.servicelocator - Loaded liquibase.change.Change instance liquibase.change.core.AddColumnChange
2026-09-20 01:21:52 [main] DEBUG liquibase.servicelocator - Loaded liquibase.change.Change instance liquibase.change.core.AddDefaultValueChange
2026-09-20 01:21:52 [main] DEBUG liquibase.servicelocator - Loaded liquibase.change.Change instance liquibase.change.core.AddForeignKeyConstraintChange
2026-09-20 01:21:52 [main] DEBUG liquibase.servicelocator - Loaded liquibase.change.Change instance liquibase.change.core.AddLookupTableChange
2026-09-20 01:21:52 [main] DEBUG liquibase.servicelocator - Loaded liquibase.change.Change instance liquibase.change.core.AddNotNullConstraintChange
2026-09-20 01:21:52 [main] DEBUG liquibase.servicelocator - Loaded liquibase.change.Change instance liquibase.change.core.AddPrimaryKeyChange
2026-09-20 01:21:52 [main] DEBUG liquibase.servicelocator - Loaded liquibase.change.Change instance liquibase.change.core.AddUniqueConstraintChange
2026-09-20 01:21:52 [main] DEBUG liquibase.servicelocator - Loaded liquibase.change.Change instance liquibase.change.core.AlterSequenceChange
2026-09-20 01:21:52 [main] DEBUG liquibase.servicelocator - Loaded liquibase.change.Change instance liquibase.change.core.CreateIndexChange
2026-09-20 01:21:52 [main] DEBUG liquibase.servicelocator - Loaded liquibase.change.Change instance liquibase.change.core.CreateProcedureChange
2026-09-20 01:21:52 [main] DEBUG liquibase.servicelocator - Loaded liquibase.change.Change instance liquibase.change.core.CreateSequenceChange
2026-09-20 01:21:52 [main] DEBUG liquibase.servicelocator - Loaded liquibase.change.Change instance liquibase.change.core.CreateTableChange
2026-09-20 01:21:52 [main] DEBUG liquibase.servicelocator - Loaded liquibase.change.Change instance liquibase.change.core.CreateViewChange
2026-09-20 01:21:52 [main] DEBUG liquibase.servicelocator - Loaded liquibase.change.Change instance liquibase.change.core.DeleteDataChange
2026-09-20 01:21:52 [main] DEBUG liquibase.servicelocator - Loaded liquibase.change.Change instance liquibase.change.core.DropAllForeignKeyConstraintsChange
2026-09-20 01:21:52 [main] DEBUG liquibase.servicelocator - Loaded liquibase.change.Change instance liquibase.change.core.DropColumnChange
2026-09-20 01:21:52 [main] DEBUG liquibase.servicelocator - Loaded liquibase.change.Change instance liquibase.change.core.DropDefaultValueChange
2026-09-20 01:21:52 [main] DEBUG liquibase.servicelocator - Loaded liquibase.change.Change instance liquibase.change.core.DropForeignKeyConstraintChange
2026-09-20 01:21:52 [main] DEBUG liquibase.servicelocator - Loaded liquibase.change.Change instance liquibase.change.core.DropIndexChange
2026-09-20 01:21:52 [main] DEBUG liquibase.servicelocator - Loaded liquibase.change.Change instance liquibase.change.core.DropNotNullConstraintChange
2026-09-20 01:21:52 [main] DEBUG liquibase.servicelocator - Loaded liquibase.change.Change instance liquibase.change.core.DropPrimaryKeyChange
2026-09-20 01:21:52 [main] DEBUG liquibase.servicelocator - Loaded liquibase.change.Change instance liquibase.change.core.DropProcedureChange
2026-09-20 01:21:52 [main] DEBUG liquibase.servicelocator - Loaded liquibase.change.Change instance liquibase.change.core.DropSequenceChange
2026-09-20 01:21:52 [HikariPool-1:connection-adder] DEBUG com.zaxxer.hikari.pool.HikariPool - HikariPool-1 - After adding stats (total=10/10, idle=9/10, active=1, waiting=0)
2026-09-20 01:21:52 [HikariPool-1:connection-adder] DEBUG com.zaxxer.hikari.pool.HikariPool - HikariPool-1 - Connection not added, stats (total=10/10, idle=9/10, active=1, waiting=0)
2026-09-20 01:21:52 [main] DEBUG liquibase.servicelocator - Loaded liquibase.change.Change instance liquibase.change.core.DropTableChange
2026-09-20 01:21:52 [main] DEBUG liquibase.servicelocator - Loaded liquibase.change.Change instance liquibase.change.core.DropUniqueConstraintChange
2026-09-20 01:21:52 [main] DEBUG liquibase.servicelocator - Loaded liquibase.change.Change instance liquibase.change.core.DropViewChange
2026-09-20 01:21:52 [main] DEBUG liquibase.servicelocator - Loaded liquibase.change.Change instance liquibase.change.core.EmptyChange
2026-09-20 01:21:52 [main] DEBUG liquibase.servicelocator - Loaded liquibase.change.Change instance liquibase.change.core.ExecuteShellCommandChange
2026-09-20 01:21:52 [main] DEBUG liquibase.servicelocator - Loaded liquibase.change.Change instance liquibase.change.core.InsertDataChange
2026-09-20 01:21:52 [main] DEBUG liquibase.servicelocator - Loaded liquibase.change.Change instance liquibase.change.core.LoadDataChange
2026-09-20 01:21:52 [main] DEBUG liquibase.servicelocator - Loaded liquibase.change.Change instance liquibase.change.core.LoadUpdateDataChange
2026-09-20 01:21:52 [main] DEBUG liquibase.servicelocator - Loaded liquibase.change.Change instance liquibase.change.core.MergeColumnChange
2026-09-20 01:21:52 [main] DEBUG liquibase.servicelocator - Loaded liquibase.change.Change instance liquibase.change.core.ModifyDataTypeChange
2026-09-20 01:21:52 [main] DEBUG liquibase.servicelocator - Loaded liquibase.change.Change instance liquibase.change.core.OutputChange
2026-09-20 01:21:52 [main] DEBUG liquibase.servicelocator - Loaded liquibase.change.Change instance liquibase.change.core.RawSQLChange
2026-09-20 01:21:52 [main] DEBUG liquibase.servicelocator - Loaded liquibase.change.Change instance liquibase.change.core.RenameColumnChange
2026-09-20 01:21:52 [main] DEBUG liquibase.servicelocator - Loaded liquibase.change.Change instance liquibase.change.core.RenameSequenceChange
2026-09-20 01:21:52 [main] DEBUG liquibase.servicelocator - Loaded liquibase.change.Change instance liquibase.change.core.RenameTableChange
2026-09-20 01:21:52 [main] DEBUG liquibase.servicelocator - Loaded liquibase.change.Change instance liquibase.change.core.RenameViewChange
2026-09-20 01:21:52 [main] DEBUG liquibase.servicelocator - Loaded liquibase.change.Change instance liquibase.change.core.SQLFileChange
2026-09-20 01:21:52 [main] DEBUG liquibase.servicelocator - Loaded liquibase.change.Change instance liquibase.change.core.SetColumnRemarksChange
2026-09-20 01:21:52 [main] DEBUG liquibase.servicelocator - Loaded liquibase.change.Change instance liquibase.change.core.SetTableRemarksChange
2026-09-20 01:21:52 [main] DEBUG liquibase.servicelocator - Loaded liquibase.change.Change instance liquibase.change.core.StopChange
2026-09-20 01:21:52 [main] DEBUG liquibase.servicelocator - Loaded liquibase.change.Change instance liquibase.change.core.TagDatabaseChange
2026-09-20 01:21:52 [main] DEBUG liquibase.servicelocator - Loaded liquibase.change.Change instance liquibase.change.core.UpdateDataChange
2026-09-20 01:21:52 [main] DEBUG liquibase.servicelocator - Loaded liquibase.change.Change instance liquibase.change.custom.CustomChangeWrapper
2026-09-20 01:21:53 [main] DEBUG liquibase.servicelocator - Loaded liquibase.changelog.ChangeLogHistoryService instance liquibase.changelog.MockChangeLogHistoryService
2026-09-20 01:21:53 [main] DEBUG liquibase.servicelocator - Loaded liquibase.changelog.ChangeLogHistoryService instance liquibase.changelog.StandardChangeLogHistoryService
2026-09-20 01:21:53 [main] DEBUG liquibase.servicelocator - Loaded liquibase.snapshot.SnapshotGenerator instance liquibase.snapshot.jvm.CatalogSnapshotGenerator
2026-09-20 01:21:53 [main] DEBUG liquibase.servicelocator - Loaded liquibase.snapshot.SnapshotGenerator instance liquibase.snapshot.jvm.ColumnSnapshotGenerator
2026-09-20 01:21:53 [main] DEBUG liquibase.servicelocator - Loaded liquibase.snapshot.SnapshotGenerator instance liquibase.snapshot.jvm.ColumnSnapshotGeneratorH2
2026-09-20 01:21:53 [main] DEBUG liquibase.servicelocator - Loaded liquibase.snapshot.SnapshotGenerator instance liquibase.snapshot.jvm.ColumnSnapshotGeneratorInformix
2026-09-20 01:21:53 [main] DEBUG liquibase.servicelocator - Loaded liquibase.snapshot.SnapshotGenerator instance liquibase.snapshot.jvm.ColumnSnapshotGeneratorOracle
2026-09-20 01:21:53 [main] DEBUG liquibase.servicelocator - Loaded liquibase.snapshot.SnapshotGenerator instance liquibase.snapshot.jvm.DataSnapshotGenerator
2026-09-20 01:21:53 [main] DEBUG liquibase.servicelocator - Loaded liquibase.snapshot.SnapshotGenerator instance liquibase.snapshot.jvm.ForeignKeySnapshotGenerator
2026-09-20 01:21:53 [main] DEBUG liquibase.servicelocator - Loaded liquibase.snapshot.SnapshotGenerator instance liquibase.snapshot.jvm.IndexSnapshotGenerator
2026-09-20 01:21:53 [main] DEBUG liquibase.servicelocator - Loaded liquibase.snapshot.SnapshotGenerator instance liquibase.snapshot.jvm.PrimaryKeySnapshotGenerator
2026-09-20 01:21:53 [main] DEBUG liquibase.servicelocator - Loaded liquibase.snapshot.SnapshotGenerator instance liquibase.snapshot.jvm.SchemaSnapshotGenerator
2026-09-20 01:21:53 [main] DEBUG liquibase.servicelocator - Loaded liquibase.snapshot.SnapshotGenerator instance liquibase.snapshot.jvm.SequenceSnapshotGenerator
2026-09-20 01:21:53 [main] DEBUG liquibase.servicelocator - Loaded liquibase.snapshot.SnapshotGenerator instance liquibase.snapshot.jvm.TableSnapshotGenerator
2026-09-20 01:21:53 [main] DEBUG liquibase.servicelocator - Loaded liquibase.snapshot.SnapshotGenerator instance liquibase.snapshot.jvm.UniqueConstraintSnapshotGenerator
2026-09-20 01:21:53 [main] DEBUG liquibase.servicelocator - Loaded liquibase.snapshot.SnapshotGenerator instance liquibase.snapshot.jvm.ViewSnapshotGenerator
2026-09-20 01:21:53 [main] DEBUG liquibase.servicelocator - Loaded liquibase.snapshot.SnapshotGenerator instance liquibase.snapshot.jvm.SchemaSnapshotGeneratorSnowflake
2026-09-20 01:21:53 [main] DEBUG liquibase.servicelocator - Loaded liquibase.snapshot.SnapshotGenerator instance liquibase.snapshot.jvm.SequenceSnapshotGeneratorSnowflake
2026-09-20 01:21:53 [main] DEBUG liquibase.servicelocator - Loaded liquibase.snapshot.SnapshotGenerator instance liquibase.snapshot.jvm.UniqueConstraintSnapshotGeneratorSnowflake
2026-09-20 01:21:53 [main] DEBUG liquibase.configuration - No configuration value for liquibase.supportsMethodValidationLevel found
2026-09-20 01:21:53 [main] DEBUG liquibase.configuration - Configuration liquibase.supportsMethodValidationLevel is using the default value of WARN
2026-09-20 01:21:53 [main] DEBUG liquibase.util - Computed checksum for 1789856513031 as f3f95757c71af517c9d3da6654e09a2a
2026-09-20 01:21:53 [main] DEBUG liquibase.configuration - No configuration value for liquibase.preserveSchemaCase found
2026-09-20 01:21:53 [main] DEBUG liquibase.configuration - Configuration liquibase.preserveSchemaCase is using the default value of false
2026-09-20 01:21:53 [main] DEBUG liquibase.servicelocator - Loaded liquibase.database.LiquibaseTableNames instance liquibase.database.StandardLiquibaseTableNames
2026-09-20 01:21:53 [main] DEBUG liquibase.servicelocator - Loaded liquibase.diff.compare.DatabaseObjectComparator instance liquibase.diff.compare.core.CatalogComparator
2026-09-20 01:21:53 [main] DEBUG liquibase.servicelocator - Loaded liquibase.diff.compare.DatabaseObjectComparator instance liquibase.diff.compare.core.ColumnComparator
2026-09-20 01:21:53 [main] DEBUG liquibase.servicelocator - Loaded liquibase.diff.compare.DatabaseObjectComparator instance liquibase.diff.compare.core.DefaultDatabaseObjectComparator
2026-09-20 01:21:53 [main] DEBUG liquibase.servicelocator - Loaded liquibase.diff.compare.DatabaseObjectComparator instance liquibase.diff.compare.core.ForeignKeyComparator
2026-09-20 01:21:53 [main] DEBUG liquibase.servicelocator - Loaded liquibase.diff.compare.DatabaseObjectComparator instance liquibase.diff.compare.core.IndexComparator
2026-09-20 01:21:53 [main] DEBUG liquibase.servicelocator - Loaded liquibase.diff.compare.DatabaseObjectComparator instance liquibase.diff.compare.core.MSSQLViewComparator
2026-09-20 01:21:53 [main] DEBUG liquibase.servicelocator - Loaded liquibase.diff.compare.DatabaseObjectComparator instance liquibase.diff.compare.core.PrimaryKeyComparator
2026-09-20 01:21:53 [main] DEBUG liquibase.servicelocator - Loaded liquibase.diff.compare.DatabaseObjectComparator instance liquibase.diff.compare.core.SchemaComparator
2026-09-20 01:21:53 [main] DEBUG liquibase.servicelocator - Loaded liquibase.diff.compare.DatabaseObjectComparator instance liquibase.diff.compare.core.TableComparator
2026-09-20 01:21:53 [main] DEBUG liquibase.servicelocator - Loaded liquibase.diff.compare.DatabaseObjectComparator instance liquibase.diff.compare.core.UniqueConstraintComparator
2026-09-20 01:21:53 [main] DEBUG liquibase.configuration - No configuration value for liquibase.includeCatalogInSpecification found
2026-09-20 01:21:53 [main] DEBUG liquibase.configuration - Configuration liquibase.includeCatalogInSpecification is using the default value of false
2026-09-20 01:21:53 [main] DEBUG liquibase.executor - Changelog query completed.
2026-09-20 01:21:53 [main] INFO  liquibase.changelog - Reading from public.databasechangelog
2026-09-20 01:21:53 [main] DEBUG liquibase.executor - Changelog query completed.
2026-09-20 01:21:53 [main] DEBUG liquibase.configuration - No configuration value for liquibase.allowInheritLogicalFilePath found
2026-09-20 01:21:53 [main] DEBUG liquibase.configuration - Configuration liquibase.allowInheritLogicalFilePath is using the default value of true
2026-09-20 01:21:53 [main] DEBUG liquibase.configuration - Found 'liquibase.command.update.updateNullChecksums' configuration of 'true'
    command argument 'updateNullChecksums' of 'true'
2026-09-20 01:21:53 [main] DEBUG liquibase.servicelocator - Loaded liquibase.lockservice.LockService instance liquibase.lockservice.LockServiceImpl
2026-09-20 01:21:53 [main] DEBUG liquibase.servicelocator - Loaded liquibase.lockservice.LockService instance liquibase.lockservice.MockLockService
2026-09-20 01:21:53 [main] DEBUG liquibase.servicelocator - Loaded liquibase.lockservice.LockService instance liquibase.lockservice.OfflineLockService
2026-09-20 01:21:53 [main] DEBUG liquibase.servicelocator - Loaded liquibase.lockservice.LockService instance liquibase.lockservice.StandardLockService
2026-09-20 01:21:53 [main] DEBUG liquibase.executor - Changelog query completed.
2026-09-20 01:21:53 [main] DEBUG liquibase.configuration - No configuration value for liquibase.allowDuplicatedChangesetIdentifiers found
2026-09-20 01:21:53 [main] DEBUG liquibase.configuration - Configuration liquibase.allowDuplicatedChangesetIdentifiers is using the default value of false
2026-09-20 01:21:53 [main] DEBUG liquibase.servicelocator - Loaded liquibase.changelog.visitor.ValidatingVisitorGenerator instance liquibase.changelog.visitor.StandardValidatingVisitorGenerator
2026-09-20 01:21:53 [main] DEBUG liquibase.servicelocator - Loaded liquibase.datatype.LiquibaseDataType instance liquibase.datatype.core.BigIntType
2026-09-20 01:21:53 [main] DEBUG liquibase.servicelocator - Loaded liquibase.datatype.LiquibaseDataType instance liquibase.datatype.core.BlobType
2026-09-20 01:21:53 [main] DEBUG liquibase.servicelocator - Loaded liquibase.datatype.LiquibaseDataType instance liquibase.datatype.core.BooleanType
2026-09-20 01:21:53 [main] DEBUG liquibase.servicelocator - Loaded liquibase.datatype.LiquibaseDataType instance liquibase.datatype.core.CharType
2026-09-20 01:21:53 [main] DEBUG liquibase.servicelocator - Loaded liquibase.datatype.LiquibaseDataType instance liquibase.datatype.core.ClobType
2026-09-20 01:21:53 [main] DEBUG liquibase.servicelocator - Loaded liquibase.datatype.LiquibaseDataType instance liquibase.datatype.core.CurrencyType
2026-09-20 01:21:53 [main] DEBUG liquibase.servicelocator - Loaded liquibase.datatype.LiquibaseDataType instance liquibase.datatype.core.DatabaseFunctionType
2026-09-20 01:21:53 [main] DEBUG liquibase.servicelocator - Loaded liquibase.datatype.LiquibaseDataType instance liquibase.datatype.core.DateTimeType
2026-09-20 01:21:53 [main] DEBUG liquibase.servicelocator - Loaded liquibase.datatype.LiquibaseDataType instance liquibase.datatype.core.DateType
2026-09-20 01:21:53 [main] DEBUG liquibase.servicelocator - Loaded liquibase.datatype.LiquibaseDataType instance liquibase.datatype.core.DecimalType
2026-09-20 01:21:53 [main] DEBUG liquibase.servicelocator - Loaded liquibase.datatype.LiquibaseDataType instance liquibase.datatype.core.DoubleType
2026-09-20 01:21:53 [main] DEBUG liquibase.servicelocator - Loaded liquibase.datatype.LiquibaseDataType instance liquibase.datatype.core.FloatType
2026-09-20 01:21:53 [main] DEBUG liquibase.servicelocator - Loaded liquibase.datatype.LiquibaseDataType instance liquibase.datatype.core.IntType
2026-09-20 01:21:53 [main] DEBUG liquibase.servicelocator - Loaded liquibase.datatype.LiquibaseDataType instance liquibase.datatype.core.MediumIntType
2026-09-20 01:21:53 [main] DEBUG liquibase.servicelocator - Loaded liquibase.datatype.LiquibaseDataType instance liquibase.datatype.core.NCharType
2026-09-20 01:21:53 [main] DEBUG liquibase.servicelocator - Loaded liquibase.datatype.LiquibaseDataType instance liquibase.datatype.core.NVarcharType
2026-09-20 01:21:53 [main] DEBUG liquibase.servicelocator - Loaded liquibase.datatype.LiquibaseDataType instance liquibase.datatype.core.NumberType
2026-09-20 01:21:53 [main] DEBUG liquibase.servicelocator - Loaded liquibase.datatype.LiquibaseDataType instance liquibase.datatype.core.SmallIntType
2026-09-20 01:21:53 [main] DEBUG liquibase.servicelocator - Loaded liquibase.datatype.LiquibaseDataType instance liquibase.datatype.core.TimeType
2026-09-20 01:21:53 [main] DEBUG liquibase.servicelocator - Loaded liquibase.datatype.LiquibaseDataType instance liquibase.datatype.core.TimestampType
2026-09-20 01:21:53 [main] DEBUG liquibase.servicelocator - Loaded liquibase.datatype.LiquibaseDataType instance liquibase.datatype.core.TinyIntType
2026-09-20 01:21:53 [main] DEBUG liquibase.servicelocator - Loaded liquibase.datatype.LiquibaseDataType instance liquibase.datatype.core.UUIDType
2026-09-20 01:21:53 [main] DEBUG liquibase.servicelocator - Loaded liquibase.datatype.LiquibaseDataType instance liquibase.datatype.core.UnknownType
2026-09-20 01:21:53 [main] DEBUG liquibase.servicelocator - Loaded liquibase.datatype.LiquibaseDataType instance liquibase.datatype.core.VarcharType
2026-09-20 01:21:53 [main] DEBUG liquibase.servicelocator - Loaded liquibase.datatype.LiquibaseDataType instance liquibase.datatype.core.XMLType
2026-09-20 01:21:53 [main] DEBUG liquibase.servicelocator - Loaded liquibase.datatype.LiquibaseDataType instance liquibase.datatype.core.TextDataTypeSnowflake
2026-09-20 01:21:53 [main] DEBUG liquibase.servicelocator - Loaded liquibase.datatype.LiquibaseDataType instance liquibase.datatype.core.TimestampNTZTypeSnowflake
2026-09-20 01:21:53 [main] DEBUG liquibase.servicelocator - Loaded liquibase.datatype.LiquibaseDataType instance liquibase.datatype.core.DoubleDataTypeSnowflake
2026-09-20 01:21:53 [main] DEBUG liquibase.servicelocator - Loaded liquibase.datatype.LiquibaseDataType instance liquibase.datatype.core.BinaryTypeSnowflake
2026-09-20 01:21:53 [main] DEBUG liquibase.servicelocator - Loaded liquibase.datatype.LiquibaseDataType instance liquibase.datatype.core.ClobTypeSnowflake
2026-09-20 01:21:53 [main] DEBUG liquibase.servicelocator - Loaded liquibase.datatype.LiquibaseDataType instance liquibase.datatype.core.DateTypeSnowflake
2026-09-20 01:21:53 [main] DEBUG liquibase.servicelocator - Loaded liquibase.datatype.LiquibaseDataType instance liquibase.datatype.core.TimeTypeSnowflake
2026-09-20 01:21:53 [main] DEBUG liquibase.servicelocator - Loaded liquibase.datatype.LiquibaseDataType instance liquibase.datatype.core.TimestampTypeSnowflake
2026-09-20 01:21:53 [main] DEBUG liquibase.command - Executing internal command changeExecListener
2026-09-20 01:21:53 [main] DEBUG liquibase.command - Executing internal command update migrate
2026-09-20 01:21:53 [main] DEBUG liquibase.configuration - No configuration value for liquibase.changelogLockWaitTimeInMinutes aka liquibase.changeLogLockWaitTimeInMinutes found
2026-09-20 01:21:53 [main] DEBUG liquibase.configuration - Configuration liquibase.changelogLockWaitTimeInMinutes is using the default value of 5
2026-09-20 01:21:53 [main] DEBUG liquibase.executor - Changelog query completed.
2026-09-20 01:21:53 [main] DEBUG liquibase.executor - Changelog query completed.
2026-09-20 01:21:53 [main] DEBUG liquibase.executor - Lock Database
2026-09-20 01:21:53 [main] DEBUG liquibase.executor - Changelog query completed.
2026-09-20 01:21:53 [main] INFO  liquibase.lockservice - Successfully acquired change log lock
2026-09-20 01:21:53 [main] INFO  liquibase.command - Using deploymentId: 9856511784
2026-09-20 01:21:53 [main] INFO  liquibase.changelog - Reading from public.databasechangelog
2026-09-20 01:21:53 [main] DEBUG liquibase.executor - Changelog query completed.
2026-09-20 01:21:53 [main] DEBUG liquibase.util - Computed checksum for createTable:[
    columns=[
        [
            [
                nullable="false"
                primaryKey="true"
            ]
            autoIncrement="true"
            name="id"
            type="BIGINT"
        ],
        [
            [
                nullable="false"
            ]
            name="age"
            type="INT"
        ],
        [
            [
                nullable="false"
            ]
            name="name"
            type="VARCHAR(255)"
        ],
        [... [truncated in log] as 49d5af09a9f137b5cbfc516576aaaf48
2026-09-20 01:21:53 [main] DEBUG liquibase.util - Computed checksum for 9:49d5af09a9f137b5cbfc516576aaaf48: as 371c4bb80ba44732ecc683c32845069d
2026-09-20 01:21:53 [main] DEBUG liquibase.util - Computed checksum for createTable:[
    columns=[
        [
            [
                nullable="false"
                primaryKey="true"
            ]
            autoIncrement="true"
            name="id"
            type="BIGINT"
        ],
        [
            [
                nullable="false"
            ]
            name="age"
            type="INT"
        ],
        [
            [
                nullable="false"
            ]
            name="name"
            type="VARCHAR(255)"
        ],
        [... [truncated in log] as 49d5af09a9f137b5cbfc516576aaaf48
2026-09-20 01:21:53 [main] DEBUG liquibase.util - Computed checksum for 9:49d5af09a9f137b5cbfc516576aaaf48: as 371c4bb80ba44732ecc683c32845069d
2026-09-20 01:21:53 [main] INFO  liquibase.ui - Running Changeset: db/changelog/changes/001-create-users.yaml::001-create-users::ruzleer
2026-09-20 01:21:53 [main] DEBUG liquibase.changelog - Running Changeset: db/changelog/changes/001-create-users.yaml::001-create-users::ruzleer
2026-09-20 01:21:53 [main] DEBUG liquibase.executor - Changeset db/changelog/changes/001-create-users.yaml::001-create-users::ruzleer
2026-09-20 01:21:53 [main] DEBUG liquibase.changelog - Reading ChangeSet: db/changelog/changes/001-create-users.yaml::001-create-users::ruzleer
2026-09-20 01:21:53 [main] DEBUG liquibase.configuration - No configuration value for liquibase.convertDataTypes found
2026-09-20 01:21:53 [main] DEBUG liquibase.configuration - Configuration liquibase.convertDataTypes is using the default value of true
2026-09-20 01:21:53 [main] DEBUG liquibase.configuration - No configuration value for liquibase.fileEncoding found
2026-09-20 01:21:53 [main] DEBUG liquibase.configuration - Configuration liquibase.fileEncoding is using the default value of UTF-8
2026-09-20 01:21:53 [main] DEBUG liquibase.executor - Executing Statement: 
liquibase.statement.core.CreateTableStatement@49cceb19
2026-09-20 01:21:53 [main] DEBUG liquibase.configuration - No configuration value for liquibase.sql.logLevel found
2026-09-20 01:21:53 [main] DEBUG liquibase.configuration - Configuration liquibase.sql.logLevel is using the default value of FINE
2026-09-20 01:21:53 [main] DEBUG liquibase.executor - 
CREATE TABLE IF NOT EXISTS public.users (id BIGINT GENERATED BY DEFAULT AS IDENTITY NOT NULL, age INTEGER NOT NULL, name VARCHAR(255) NOT NULL, email VARCHAR(255) NOT NULL, created_at TIMESTAMP WITHOUT TIME ZONE NOT NULL, CONSTRAINT users_pkey PRIMARY KEY (id), UNIQUE (email))
2026-09-20 01:21:53 [main] DEBUG liquibase.configuration - No configuration value for liquibase.sql.showSqlWarnings found
2026-09-20 01:21:53 [main] DEBUG liquibase.configuration - Configuration liquibase.sql.showSqlWarnings is using the default value of true
2026-09-20 01:21:53 [main] INFO  liquibase.ui - отношение "users" уже существует, пропускается
2026-09-20 01:21:53 [main] INFO  liquibase.changelog - Table users created
2026-09-20 01:21:53 [main] INFO  liquibase.changelog - ChangeSet db/changelog/changes/001-create-users.yaml::001-create-users::ruzleer ran successfully in 10ms
2026-09-20 01:21:53 [main] DEBUG liquibase.executor - Changelog query completed.
2026-09-20 01:21:53 [main] DEBUG liquibase.executor - 
INSERT INTO public.databasechangelog (ID, AUTHOR, FILENAME, DATEEXECUTED, ORDEREXECUTED, MD5SUM, DESCRIPTION, COMMENTS, EXECTYPE, CONTEXTS, LABELS, LIQUIBASE, DEPLOYMENT_ID) VALUES ('001-create-users', 'ruzleer', 'db/changelog/changes/001-create-users.yaml', NOW(), 2, '9:371c4bb80ba44732ecc683c32845069d', 'createTable tableName=users', '', 'EXECUTED', NULL, NULL, '5.0.3', '9856511784')
2026-09-20 01:21:53 [main] DEBUG liquibase.executor - Changelog query completed.
2026-09-20 01:21:53 [main] DEBUG liquibase.servicelocator - Loaded liquibase.report.ShowSummaryGenerator instance liquibase.report.StandardShowSummaryGenerator
2026-09-20 01:21:53 [main] DEBUG liquibase.util - Computed checksum for  as d41d8cd98f00b204e9800998ecf8427e
2026-09-20 01:21:53 [main] INFO  liquibase.util - UPDATE SUMMARY
2026-09-20 01:21:53 [main] INFO  liquibase.util - Run:                          1
2026-09-20 01:21:53 [main] INFO  liquibase.util - Previously run:               0
2026-09-20 01:21:53 [main] INFO  liquibase.util - Filtered out:                 0
2026-09-20 01:21:53 [main] INFO  liquibase.util - -------------------------------
2026-09-20 01:21:53 [main] INFO  liquibase.util - Total change sets:            1
2026-09-20 01:21:53 [main] INFO  liquibase.util - Update summary generated
2026-09-20 01:21:53 [main] INFO  liquibase.command - Update command completed successfully.
2026-09-20 01:21:53 [main] INFO  liquibase.ui - Liquibase: Update has been successful. Rows affected: 0
2026-09-20 01:21:53 [main] DEBUG liquibase.executor - Release Database Lock
2026-09-20 01:21:53 [main] DEBUG liquibase.executor - Changelog query completed.
2026-09-20 01:21:53 [main] INFO  liquibase.lockservice - Successfully released change log lock
2026-09-20 01:21:53 [main] INFO  liquibase.command - Command execution complete
2026-09-20 01:21:53 [main] DEBUG o.s.b.f.s.DefaultListableBeanFactory - Creating shared instance of singleton bean 'dataSourceScriptDatabaseInitializer'
2026-09-20 01:21:53 [main] DEBUG o.s.b.f.s.DefaultListableBeanFactory - Creating shared instance of singleton bean 'org.springframework.boot.jdbc.autoconfigure.DataSourceInitializationAutoConfiguration'
2026-09-20 01:21:53 [main] DEBUG o.s.b.f.s.DefaultListableBeanFactory - Creating shared instance of singleton bean 'spring.sql.init-org.springframework.boot.sql.autoconfigure.init.SqlInitializationProperties'
2026-09-20 01:21:53 [main] DEBUG o.s.b.f.s.DefaultListableBeanFactory - Autowiring by type from bean name 'dataSourceScriptDatabaseInitializer' via factory method to bean named 'dataSource'
2026-09-20 01:21:53 [main] DEBUG o.s.b.f.s.DefaultListableBeanFactory - Autowiring by type from bean name 'dataSourceScriptDatabaseInitializer' via factory method to bean named 'spring.sql.init-org.springframework.boot.sql.autoconfigure.init.SqlInitializationProperties'
2026-09-20 01:21:53 [main] DEBUG o.s.b.f.s.DefaultListableBeanFactory - Creating shared instance of singleton bean 'entityManagerFactory'
2026-09-20 01:21:53 [main] DEBUG o.s.b.f.s.DefaultListableBeanFactory - Creating shared instance of singleton bean 'org.springframework.boot.hibernate.autoconfigure.HibernateJpaConfiguration'
2026-09-20 01:21:53 [main] DEBUG o.s.b.f.s.DefaultListableBeanFactory - Creating shared instance of singleton bean 'spring.jpa-org.springframework.boot.jpa.autoconfigure.JpaProperties'
2026-09-20 01:21:53 [main] DEBUG o.s.b.f.s.DefaultListableBeanFactory - Creating shared instance of singleton bean 'spring.jpa.hibernate-org.springframework.boot.hibernate.autoconfigure.HibernateProperties'
2026-09-20 01:21:53 [main] DEBUG o.s.b.f.s.DefaultListableBeanFactory - Autowiring by type from bean name 'org.springframework.boot.hibernate.autoconfigure.HibernateJpaConfiguration' via constructor to bean named 'dataSource'
2026-09-20 01:21:53 [main] DEBUG o.s.b.f.s.DefaultListableBeanFactory - Autowiring by type from bean name 'org.springframework.boot.hibernate.autoconfigure.HibernateJpaConfiguration' via constructor to bean named 'spring.jpa-org.springframework.boot.jpa.autoconfigure.JpaProperties'
2026-09-20 01:21:53 [main] DEBUG o.s.b.f.s.DefaultListableBeanFactory - Autowiring by type from bean name 'org.springframework.boot.hibernate.autoconfigure.HibernateJpaConfiguration' via constructor to bean named 'spring.jpa.hibernate-org.springframework.boot.hibernate.autoconfigure.HibernateProperties'
2026-09-20 01:21:53 [main] DEBUG o.s.b.f.s.DefaultListableBeanFactory - Creating shared instance of singleton bean 'hikariPoolDataSourceMetadataProvider'
2026-09-20 01:21:53 [main] DEBUG o.s.b.f.s.DefaultListableBeanFactory - Creating shared instance of singleton bean 'org.springframework.boot.jdbc.autoconfigure.DataSourcePoolMetadataProvidersConfiguration$HikariPoolDataSourceMetadataProviderConfiguration'
2026-09-20 01:21:53 [main] DEBUG o.s.b.f.s.DefaultListableBeanFactory - Creating shared instance of singleton bean 'entityManagerFactoryBuilder'
2026-09-20 01:21:53 [main] DEBUG o.s.b.f.s.DefaultListableBeanFactory - Creating shared instance of singleton bean 'jpaVendorAdapter'
2026-09-20 01:21:53 [main] DEBUG o.s.b.f.s.DefaultListableBeanFactory - Autowiring by type from bean name 'entityManagerFactoryBuilder' via factory method to bean named 'jpaVendorAdapter'
2026-09-20 01:21:53 [main] DEBUG o.s.b.f.s.DefaultListableBeanFactory - Autowiring by type from bean name 'entityManagerFactoryBuilder' via factory method to bean named 'org.springframework.beans.factory.support.DefaultListableBeanFactory@1d6d1d42'
2026-09-20 01:21:53 [main] DEBUG o.s.b.f.s.DefaultListableBeanFactory - Creating shared instance of singleton bean 'persistenceManagedTypes'
2026-09-20 01:21:53 [main] DEBUG o.s.b.f.s.DefaultListableBeanFactory - Autowiring by type from bean name 'persistenceManagedTypes' via factory method to bean named 'org.springframework.beans.factory.support.DefaultListableBeanFactory@1d6d1d42'
2026-09-20 01:21:53 [main] DEBUG o.s.b.f.s.DefaultListableBeanFactory - Autowiring by type from bean name 'persistenceManagedTypes' via factory method to bean named 'org.springframework.context.annotation.AnnotationConfigApplicationContext@49d831c2'
2026-09-20 01:21:53 [main] DEBUG o.s.b.f.s.DefaultListableBeanFactory - Autowiring by type from bean name 'entityManagerFactory' via factory method to bean named 'entityManagerFactoryBuilder'
2026-09-20 01:21:53 [main] DEBUG o.s.b.f.s.DefaultListableBeanFactory - Autowiring by type from bean name 'entityManagerFactory' via factory method to bean named 'persistenceManagedTypes'
2026-09-20 01:21:53 [main] DEBUG o.s.o.j.LocalContainerEntityManagerFactoryBean - Building JPA container EntityManagerFactory for persistence unit 'default'
2026-09-20 01:21:53 [main] DEBUG org.hibernate.orm.jpa - HHH008541: PersistenceUnitInfo [
	name: default
	persistence provider classname: null
	classloader: jdk.internal.loader.ClassLoaders$AppClassLoader@c387f44
	excludeUnlistedClasses: true
	JTA datasource: null
	Non JTA datasource: HikariDataSource (HikariPool-1)
	Transaction type: RESOURCE_LOCAL
	PU root URL: file:/D:/aston/intensive/user-service/target/test-classes/
	Shared Cache Mode: UNSPECIFIED
	Validation Mode: AUTO
	Jar files URLs []
	Managed classes names [
		ru.aston.user.service.entity.User]
	Mapping files names []
	Properties []
2026-09-20 01:21:53 [main] DEBUG org.hibernate.orm.service - HHH010455: Adding integrator: org.hibernate.boot.beanvalidation.BeanValidationIntegrator
2026-09-20 01:21:53 [main] DEBUG org.hibernate.orm.service - HHH010455: Adding integrator: org.hibernate.cache.internal.CollectionCacheInvalidator
2026-09-20 01:21:53 [main] INFO  org.hibernate.orm.core - HHH000001: Hibernate ORM core version 7.4.5.Final
2026-09-20 01:21:53 [main] DEBUG org.hibernate.orm.core - HHH000206: 'hibernate.properties' not found
2026-09-20 01:21:53 [main] DEBUG o.s.o.j.h.SpringBeanContainer - Falling back to Hibernate's default producer after bean creation failure for interface org.hibernate.engine.jdbc.connections.spi.MultiTenantConnectionProvider: org.springframework.beans.factory.BeanCreationException: Error creating bean with name 'org.hibernate.engine.jdbc.connections.spi.MultiTenantConnectionProvider': Failed to instantiate [org.hibernate.engine.jdbc.connections.spi.MultiTenantConnectionProvider]: Specified class is an interface
2026-09-20 01:21:53 [main] DEBUG org.hibernate.orm.cache - HHH90001031: Cannot default RegionFactory since no RegionFactory strategies were registered
2026-09-20 01:21:53 [main] DEBUG org.hibernate.orm.cache - HHH90001029: Second-level cache disabled
2026-09-20 01:21:53 [main] INFO  o.s.o.j.p.SpringPersistenceUnitInfo - No LoadTimeWeaver setup: ignoring JPA class transformer
2026-09-20 01:21:53 [main] DEBUG org.hibernate.orm.jdbc - HHH100017: Database:
	name: PostgreSQL
	version: 17.4
	major: 17
	minor: 4
2026-09-20 01:21:53 [main] DEBUG org.hibernate.orm.jdbc - HHH100018: Driver:
	name: PostgreSQL JDBC Driver
	version: 42.7.13
	major: 42
	minor: 7
	JDBC version: 4.2
2026-09-20 01:21:53 [main] DEBUG org.hibernate.orm.dialect - HHH035001: Using dialect: org.hibernate.dialect.PostgreSQLDialect, version: 17.4
2026-09-20 01:21:53 [main] DEBUG org.hibernate.orm.jdbc.lob - HHH10010004: Disabling contextual LOB creation as Dialect reported it is not supported
2026-09-20 01:21:53 [main] DEBUG org.hibernate.orm.jdbc - HHH100122: Using default JDBC fetch size: 0
2026-09-20 01:21:53 [main] INFO  o.hibernate.orm.connections.pooling - HHH10001005: Database info:
	Database JDBC URL [jdbc:postgresql://localhost:5432/postgres]
	Database driver: PostgreSQL JDBC Driver
	Database dialect: PostgreSQLDialect
	Database version: 17.4
	Default catalog/schema: postgres/public
	Autocommit mode: undefined/unknown
	Isolation level: READ_COMMITTED [default READ_COMMITTED]
	JDBC fetch size: none
	Pool: DataSourceConnectionProvider
	Minimum pool size: undefined/unknown
	Maximum pool size: undefined/unknown
2026-09-20 01:21:53 [main] DEBUG o.s.o.j.h.SpringBeanContainer - Falling back to Hibernate's default producer after bean creation failure for interface org.hibernate.context.spi.CurrentTenantIdentifierResolver: org.springframework.beans.factory.NoSuchBeanDefinitionException: No qualifying bean of type 'org.hibernate.context.spi.CurrentTenantIdentifierResolver<?>' available
2026-09-20 01:21:53 [main] DEBUG o.s.o.j.h.SpringBeanContainer - Falling back to Hibernate's default producer after bean creation failure for interface org.hibernate.context.spi.TenantSchemaMapper: org.springframework.beans.factory.NoSuchBeanDefinitionException: No qualifying bean of type 'org.hibernate.context.spi.TenantSchemaMapper<?>' available
2026-09-20 01:21:53 [main] DEBUG o.s.o.j.h.SpringBeanContainer - Falling back to Hibernate's default producer after bean creation failure for interface org.hibernate.context.spi.TenantCredentialsMapper: org.springframework.beans.factory.NoSuchBeanDefinitionException: No qualifying bean of type 'org.hibernate.context.spi.TenantCredentialsMapper<?>' available
2026-09-20 01:21:54 [main] DEBUG org.hibernate.orm.factory - HHH90020001: Instantiating factory [7e7bffea-9b72-4328-98de-7647f9f807b9] with settings: {java.specification.version=24, sun.cpu.isalist=amd64, hibernate.resource.beans.container=org.springframework.orm.jpa.hibernate.SpringBeanContainer@33a58fcb, hibernate.connection.handling_mode=DELAYED_ACQUISITION_AND_HOLD, sun.jnu.encoding=Cp1251, hibernate.implicit_naming_strategy=org.springframework.boot.hibernate.SpringImplicitNamingStrategy, java.class.path=C:\Users\Vadim\.m2\repository\org\junit\platform\junit-platform-launcher\6.0.3\junit-platform-launcher-6.0.3.jar;C:\Users\Vadim\.m2\repository\org\jspecify\jspecify\1.0.0\jspecify-1.0.0.jar;C:\Users\Vadim\.m2\repository\org\junit\vintage\junit-vintage-engine\6.0.3\junit-vintage-engine-6.0.3.jar;C:\Program Files\JetBrains\IntelliJ IDEA 2025.2.2\lib\idea_rt.jar;C:\Program Files\JetBrains\IntelliJ IDEA 2025.2.2\plugins\junit\lib\junit5-rt.jar;C:\Program Files\JetBrains\IntelliJ IDEA 2025.2.2\plugins\junit\lib\junit-rt.jar;D:\aston\intensive\user-service\target\test-classes;D:\aston\intensive\user-service\target\classes;C:\Users\Vadim\.m2\repository\org\springframework\boot\spring-boot-starter-data-jpa\4.1.1\spring-boot-starter-data-jpa-4.1.1.jar;C:\Users\Vadim\.m2\repository\org\springframework\boot\spring-boot-starter\4.1.1\spring-boot-starter-4.1.1.jar;C:\Users\Vadim\.m2\repository\org\springframework\boot\spring-boot-starter-logging\4.1.1\spring-boot-starter-logging-4.1.1.jar;C:\Users\Vadim\.m2\repository\ch\qos\logback\logback-classic\1.5.38\logback-classic-1.5.38.jar;C:\Users\Vadim\.m2\repository\ch\qos\logback\logback-core\1.5.38\logback-core-1.5.38.jar;C:\Users\Vadim\.m2\repository\org\apache\logging\log4j\log4j-to-slf4j\2.25.5\log4j-to-slf4j-2.25.5.jar;C:\Users\Vadim\.m2\repository\org\apache\logging\log4j\log4j-api\2.25.5\log4j-api-2.25.5.jar;C:\Users\Vadim\.m2\repository\org\slf4j\jul-to-slf4j\2.0.18\jul-to-slf4j-2.0.18.jar;C:\Users\Vadim\.m2\repository\org\springframework\boot\spring-boot-autoconfigure\4.1.1\spring-boot-autoconfigure-4.1.1.jar;C:\Users\Vadim\.m2\repository\jakarta\annotation\jakarta.annotation-api\3.0.0\jakarta.annotation-api-3.0.0.jar;C:\Users\Vadim\.m2\repository\org\yaml\snakeyaml\2.6\snakeyaml-2.6.jar;C:\Users\Vadim\.m2\repository\org\springframework\boot\spring-boot-starter-jdbc\4.1.1\spring-boot-starter-jdbc-4.1.1.jar;C:\Users\Vadim\.m2\repository\com\zaxxer\HikariCP\7.0.2\HikariCP-7.0.2.jar;C:\Users\Vadim\.m2\repository\org\springframework\boot\spring-boot-data-jpa\4.1.1\spring-boot-data-jpa-4.1.1.jar;C:\Users\Vadim\.m2\repository\org\springframework\boot\spring-boot-data-commons\4.1.1\spring-boot-data-commons-4.1.1.jar;C:\Users\Vadim\.m2\repository\org\springframework\boot\spring-boot-persistence\4.1.1\spring-boot-persistence-4.1.1.jar;C:\Users\Vadim\.m2\repository\org\springframework\data\spring-data-commons\4.1.1\spring-data-commons-4.1.1.jar;C:\Users\Vadim\.m2\repository\org\springframework\boot\spring-boot-hibernate\4.1.1\spring-boot-hibernate-4.1.1.jar;C:\Users\Vadim\.m2\repository\org\springframework\boot\spring-boot-jpa\4.1.1\spring-boot-jpa-4.1.1.jar;C:\Users\Vadim\.m2\repository\jakarta\persistence\jakarta.persistence-api\3.2.0\jakarta.persistence-api-3.2.0.jar;C:\Users\Vadim\.m2\repository\org\hibernate\orm\hibernate-core\7.4.5.Final\hibernate-core-7.4.5.Final.jar;C:\Users\Vadim\.m2\repository\jakarta\transaction\jakarta.transaction-api\2.0.1\jakarta.transaction-api-2.0.1.jar;C:\Users\Vadim\.m2\repository\org\hibernate\models\hibernate-models\1.1.1\hibernate-models-1.1.1.jar;C:\Users\Vadim\.m2\repository\org\glassfish\jaxb\jaxb-runtime\4.0.9\jaxb-runtime-4.0.9.jar;C:\Users\Vadim\.m2\repository\org\glassfish\jaxb\jaxb-core\4.0.9\jaxb-core-4.0.9.jar;C:\Users\Vadim\.m2\repository\org\eclipse\angus\angus-activation\2.0.3\angus-activation-2.0.3.jar;C:\Users\Vadim\.m2\repository\org\glassfish\jaxb\txw2\4.0.9\txw2-4.0.9.jar;C:\Users\Vadim\.m2\repository\com\sun\istack\istack-commons-runtime\4.1.2\istack-commons-runtime-4.1.2.jar;C:\Users\Vadim\.m2\repository\jakarta\inject\jakarta.inject-api\2.0.1\jakarta.inject-api-2.0.1.jar;C:\Users\Vadim\.m2\repository\org\springframework\spring-orm\7.0.9\spring-orm-7.0.9.jar;C:\Users\Vadim\.m2\repository\org\springframework\data\spring-data-jpa\4.1.1\spring-data-jpa-4.1.1.jar;C:\Users\Vadim\.m2\repository\org\springframework\spring-context\7.0.9\spring-context-7.0.9.jar;C:\Users\Vadim\.m2\repository\org\springframework\spring-aop\7.0.9\spring-aop-7.0.9.jar;C:\Users\Vadim\.m2\repository\org\springframework\spring-tx\7.0.9\spring-tx-7.0.9.jar;C:\Users\Vadim\.m2\repository\org\springframework\spring-beans\7.0.9\spring-beans-7.0.9.jar;C:\Users\Vadim\.m2\repository\org\antlr\antlr4-runtime\4.13.2\antlr4-runtime-4.13.2.jar;C:\Users\Vadim\.m2\repository\org\springframework\spring-aspects\7.0.9\spring-aspects-7.0.9.jar;C:\Users\Vadim\.m2\repository\org\aspectj\aspectjweaver\1.9.25.1\aspectjweaver-1.9.25.1.jar;C:\Users\Vadim\.m2\repository\org\springframework\boot\spring-boot-jdbc\4.1.1\spring-boot-jdbc-4.1.1.jar;C:\Users\Vadim\.m2\repository\org\springframework\boot\spring-boot\4.1.1\spring-boot-4.1.1.jar;C:\Users\Vadim\.m2\repository\org\springframework\boot\spring-boot-sql\4.1.1\spring-boot-sql-4.1.1.jar;C:\Users\Vadim\.m2\repository\org\springframework\boot\spring-boot-transaction\4.1.1\spring-boot-transaction-4.1.1.jar;C:\Users\Vadim\.m2\repository\org\springframework\spring-jdbc\7.0.9\spring-jdbc-7.0.9.jar;C:\Users\Vadim\.m2\repository\org\springframework\boot\spring-boot-starter-web\4.1.1\spring-boot-starter-web-4.1.1.jar;C:\Users\Vadim\.m2\repository\org\springframework\boot\spring-boot-starter-jackson\4.1.1\spring-boot-starter-jackson-4.1.1.jar;C:\Users\Vadim\.m2\repository\org\springframework\boot\spring-boot-jackson\4.1.1\spring-boot-jackson-4.1.1.jar;C:\Users\Vadim\.m2\repository\tools\jackson\core\jackson-databind\3.1.5\jackson-databind-3.1.5.jar;C:\Users\Vadim\.m2\repository\tools\jackson\core\jackson-core\3.1.5\jackson-core-3.1.5.jar;C:\Users\Vadim\.m2\repository\org\springframework\boot\spring-boot-starter-tomcat\4.1.1\spring-boot-starter-tomcat-4.1.1.jar;C:\Users\Vadim\.m2\repository\org\springframework\boot\spring-boot-starter-tomcat-runtime\4.1.1\spring-boot-starter-tomcat-runtime-4.1.1.jar;C:\Users\Vadim\.m2\repository\org\springframework\boot\spring-boot-web-server\4.1.1\spring-boot-web-server-4.1.1.jar;C:\Users\Vadim\.m2\repository\org\apache\tomcat\embed\tomcat-embed-core\11.0.24\tomcat-embed-core-11.0.24.jar;C:\Users\Vadim\.m2\repository\org\apache\tomcat\embed\tomcat-embed-websocket\11.0.24\tomcat-embed-websocket-11.0.24.jar;C:\Users\Vadim\.m2\repository\org\springframework\boot\spring-boot-tomcat\4.1.1\spring-boot-tomcat-4.1.1.jar;C:\Users\Vadim\.m2\repository\org\springframework\boot\spring-boot-http-converter\4.1.1\spring-boot-http-converter-4.1.1.jar;C:\Users\Vadim\.m2\repository\org\springframework\spring-web\7.0.9\spring-web-7.0.9.jar;C:\Users\Vadim\.m2\repository\io\micrometer\micrometer-observation\1.17.1\micrometer-observation-1.17.1.jar;C:\Users\Vadim\.m2\repository\io\micrometer\micrometer-commons\1.17.1\micrometer-commons-1.17.1.jar;C:\Users\Vadim\.m2\repository\org\springframework\boot\spring-boot-webmvc\4.1.1\spring-boot-webmvc-4.1.1.jar;C:\Users\Vadim\.m2\repository\org\springframework\boot\spring-boot-servlet\4.1.1\spring-boot-servlet-4.1.1.jar;C:\Users\Vadim\.m2\repository\org\springframework\spring-webmvc\7.0.9\spring-webmvc-7.0.9.jar;C:\Users\Vadim\.m2\repository\org\springframework\spring-expression\7.0.9\spring-expression-7.0.9.jar;C:\Users\Vadim\.m2\repository\org\springframework\boot\spring-boot-starter-test\4.1.1\spring-boot-starter-test-4.1.1.jar;C:\Users\Vadim\.m2\repository\org\springframework\boot\spring-boot-test\4.1.1\spring-boot-test-4.1.1.jar;C:\Users\Vadim\.m2\repository\org\springframework\boot\spring-boot-test-autoconfigure\4.1.1\spring-boot-test-autoconfigure-4.1.1.jar;C:\Users\Vadim\.m2\repository\com\jayway\jsonpath\json-path\2.10.0\json-path-2.10.0.jar;C:\Users\Vadim\.m2\repository\org\slf4j\slf4j-api\2.0.18\slf4j-api-2.0.18.jar;C:\Users\Vadim\.m2\repository\jakarta\xml\bind\jakarta.xml.bind-api\4.0.5\jakarta.xml.bind-api-4.0.5.jar;C:\Users\Vadim\.m2\repository\jakarta\activation\jakarta.activation-api\2.1.4\jakarta.activation-api-2.1.4.jar;C:\Users\Vadim\.m2\repository\net\minidev\json-smart\2.6.0\json-smart-2.6.0.jar;C:\Users\Vadim\.m2\repository\net\minidev\accessors-smart\2.6.0\accessors-smart-2.6.0.jar;C:\Users\Vadim\.m2\repository\org\ow2\asm\asm\9.7.1\asm-9.7.1.jar;C:\Users\Vadim\.m2\repository\org\assertj\assertj-core\3.27.7\assertj-core-3.27.7.jar;C:\Users\Vadim\.m2\repository\net\bytebuddy\byte-buddy\1.18.11\byte-buddy-1.18.11.jar;C:\Users\Vadim\.m2\repository\org\awaitility\awaitility\4.3.0\awaitility-4.3.0.jar;C:\Users\Vadim\.m2\repository\org\hamcrest\hamcrest\3.0\hamcrest-3.0.jar;C:\Users\Vadim\.m2\repository\org\junit\jupiter\junit-jupiter\6.0.3\junit-jupiter-6.0.3.jar;C:\Users\Vadim\.m2\repository\org\junit\jupiter\junit-jupiter-api\6.0.3\junit-jupiter-api-6.0.3.jar;C:\Users\Vadim\.m2\repository\org\opentest4j\opentest4j\1.3.0\opentest4j-1.3.0.jar;C:\Users\Vadim\.m2\repository\org\junit\platform\junit-platform-commons\6.0.3\junit-platform-commons-6.0.3.jar;C:\Users\Vadim\.m2\repository\org\apiguardian\apiguardian-api\1.1.2\apiguardian-api-1.1.2.jar;C:\Users\Vadim\.m2\repository\org\junit\jupiter\junit-jupiter-params\6.0.3\junit-jupiter-params-6.0.3.jar;C:\Users\Vadim\.m2\repository\org\junit\jupiter\junit-jupiter-engine\6.0.3\junit-jupiter-engine-6.0.3.jar;C:\Users\Vadim\.m2\repository\org\junit\platform\junit-platform-engine\6.0.3\junit-platform-engine-6.0.3.jar;C:\Users\Vadim\.m2\repository\org\mockito\mockito-core\5.23.0\mockito-core-5.23.0.jar;C:\Users\Vadim\.m2\repository\net\bytebuddy\byte-buddy-agent\1.18.11\byte-buddy-agent-1.18.11.jar;C:\Users\Vadim\.m2\repository\org\objenesis\objenesis\3.3\objenesis-3.3.jar;C:\Users\Vadim\.m2\repository\org\mockito\mockito-junit-jupiter\5.23.0\mockito-junit-jupiter-5.23.0.jar;C:\Users\Vadim\.m2\repository\org\skyscreamer\jsonassert\1.5.3\jsonassert-1.5.3.jar;C:\Users\Vadim\.m2\repository\com\vaadin\external\google\android-json\0.0.20131108.vaadin1\android-json-0.0.20131108.vaadin1.jar;C:\Users\Vadim\.m2\repository\org\springframework\spring-core\7.0.9\spring-core-7.0.9.jar;C:\Users\Vadim\.m2\repository\commons-logging\commons-logging\1.3.6\commons-logging-1.3.6.jar;C:\Users\Vadim\.m2\repository\org\jspecify\jspecify\1.0.1\jspecify-1.0.1.jar;C:\Users\Vadim\.m2\repository\org\springframework\spring-test\7.0.9\spring-test-7.0.9.jar;C:\Users\Vadim\.m2\repository\org\xmlunit\xmlunit-core\2.11.0\xmlunit-core-2.11.0.jar;C:\Users\Vadim\.m2\repository\org\springframework\boot\spring-boot-starter-data-jpa-test\4.1.1\spring-boot-starter-data-jpa-test-4.1.1.jar;C:\Users\Vadim\.m2\repository\org\springframework\boot\spring-boot-starter-jdbc-test\4.1.1\spring-boot-starter-jdbc-test-4.1.1.jar;C:\Users\Vadim\.m2\repository\org\springframework\boot\spring-boot-jdbc-test\4.1.1\spring-boot-jdbc-test-4.1.1.jar;C:\Users\Vadim\.m2\repository\org\springframework\boot\spring-boot-data-jpa-test\4.1.1\spring-boot-data-jpa-test-4.1.1.jar;C:\Users\Vadim\.m2\repository\org\springframework\boot\spring-boot-jpa-test\4.1.1\spring-boot-jpa-test-4.1.1.jar;C:\Users\Vadim\.m2\repository\org\postgresql\postgresql\42.7.13\postgresql-42.7.13.jar;C:\Users\Vadim\.m2\repository\org\checkerframework\checker-qual\3.55.1\checker-qual-3.55.1.jar;C:\Users\Vadim\.m2\repository\org\springframework\boot\spring-boot-starter-liquibase\4.1.1\spring-boot-starter-liquibase-4.1.1.jar;C:\Users\Vadim\.m2\repository\org\springframework\boot\spring-boot-liquibase\4.1.1\spring-boot-liquibase-4.1.1.jar;C:\Users\Vadim\.m2\repository\org\liquibase\liquibase-core\5.0.3\liquibase-core-5.0.3.jar;C:\Users\Vadim\.m2\repository\org\apache\commons\commons-collections4\4.5.0\commons-collections4-4.5.0.jar;C:\Users\Vadim\.m2\repository\org\apache\commons\commons-text\1.15.0\commons-text-1.15.0.jar;C:\Users\Vadim\.m2\repository\com\opencsv\opencsv\5.12.0\opencsv-5.12.0.jar;C:\Users\Vadim\.m2\repository\org\apache\commons\commons-lang3\3.20.0\commons-lang3-3.20.0.jar;C:\Users\Vadim\.m2\repository\commons-io\commons-io\2.22.0\commons-io-2.22.0.jar;C:\Users\Vadim\.m2\repository\org\projectlombok\lombok\1.18.46\lombok-1.18.46.jar;C:\Users\Vadim\.m2\repository\org\testcontainers\postgresql\1.21.4\postgresql-1.21.4.jar;C:\Users\Vadim\.m2\repository\org\testcontainers\jdbc\1.21.4\jdbc-1.21.4.jar;C:\Users\Vadim\.m2\repository\org\testcontainers\database-commons\1.21.4\database-commons-1.21.4.jar;C:\Users\Vadim\.m2\repository\org\testcontainers\junit-jupiter\1.21.4\junit-jupiter-1.21.4.jar;C:\Users\Vadim\.m2\repository\org\testcontainers\testcontainers\1.21.4\testcontainers-1.21.4.jar;C:\Users\Vadim\.m2\repository\junit\junit\4.13.2\junit-4.13.2.jar;C:\Users\Vadim\.m2\repository\org\hamcrest\hamcrest-core\3.0\hamcrest-core-3.0.jar;C:\Users\Vadim\.m2\repository\org\apache\commons\commons-compress\1.24.0\commons-compress-1.24.0.jar;C:\Users\Vadim\.m2\repository\org\rnorth\duct-tape\duct-tape\1.0.8\duct-tape-1.0.8.jar;C:\Users\Vadim\.m2\repository\org\jetbrains\annotations\17.0.0\annotations-17.0.0.jar;C:\Users\Vadim\.m2\repository\com\github\docker-java\docker-java-api\3.4.2\docker-java-api-3.4.2.jar;C:\Users\Vadim\.m2\repository\com\fasterxml\jackson\core\jackson-annotations\2.21\jackson-annotations-2.21.jar;C:\Users\Vadim\.m2\repository\com\github\docker-java\docker-java-transport-zerodep\3.4.2\docker-java-transport-zerodep-3.4.2.jar;C:\Users\Vadim\.m2\repository\com\github\docker-java\docker-java-transport\3.4.2\docker-java-transport-3.4.2.jar;C:\Users\Vadim\.m2\repository\net\java\dev\jna\jna\5.13.0\jna-5.13.0.jar;C:\Users\Vadim\.m2\repository\org\springframework\boot\spring-boot-starter-validation\4.1.1\spring-boot-starter-validation-4.1.1.jar;C:\Users\Vadim\.m2\repository\org\springframework\boot\spring-boot-validation\4.1.1\spring-boot-validation-4.1.1.jar;C:\Users\Vadim\.m2\repository\org\apache\tomcat\embed\tomcat-embed-el\11.0.24\tomcat-embed-el-11.0.24.jar;C:\Users\Vadim\.m2\repository\org\hibernate\validator\hibernate-validator\9.1.3.Final\hibernate-validator-9.1.3.Final.jar;C:\Users\Vadim\.m2\repository\jakarta\validation\jakarta.validation-api\3.1.1\jakarta.validation-api-3.1.1.jar;C:\Users\Vadim\.m2\repository\org\jboss\logging\jboss-logging\3.6.3.Final\jboss-logging-3.6.3.Final.jar;C:\Users\Vadim\.m2\repository\com\fasterxml\classmate\1.7.3\classmate-1.7.3.jar, kotlinx.coroutines.debug.enable.mutable.state.flows.stack.trace=true, java.vm.vendor=Oracle Corporation, sun.arch.data.model=64, idea.test.cyclic.buffer.size=1048576, user.variant=, java.vendor.url=https://java.oracle.com/, user.timezone=Europe/Minsk, jakarta.persistence.sharedCache.mode=UNSPECIFIED, org.jboss.logging.provider=slf4j, os.name=Windows 11, java.vm.specification.version=24, jakarta.persistence.nonJtaDataSource=HikariDataSource (HikariPool-1), sun.java.launcher=SUN_STANDARD, user.country=RU, sun.boot.library.path=C:\Users\Vadim\.jdks\openjdk-24.0.1\bin, sun.java.command=com.intellij.rt.junit.JUnitStarter -ideVersion5 -junit5 ru.aston.user.service.repository.UserRepositoryTest, javax.persistence.nonJtaDataSource=HikariDataSource (HikariPool-1), jdk.debug=release, sun.cpu.endian=little, hibernate.cdi.extensions=true, user.home=C:\Users\Vadim, user.language=ru, sun.stderr.encoding=UTF-8, java.specification.vendor=Oracle Corporation, java.version.date=2025-04-15, java.home=C:\Users\Vadim\.jdks\openjdk-24.0.1, file.separator=\, java.vm.compressedOopsMode=Zero based, sun.stdout.encoding=UTF-8, line.separator=
, hibernate.persistenceUnitName=default, java.vm.specification.vendor=Oracle Corporation, java.specification.name=Java Platform API Specification, intellij.debug.agent=true, FILE_LOG_CHARSET=UTF-8, hibernate.transaction.coordinator_class=class org.hibernate.resource.transaction.backend.jdbc.internal.JdbcResourceLocalTransactionCoordinatorBuilderImpl, java.awt.headless=true, jakarta.persistence.validation.mode=AUTO, hibernate.hbm2ddl.auto=validate, user.script=, sun.management.compiler=HotSpot 64-Bit Tiered Compilers, java.runtime.version=24.0.1+9-30, user.name=Vadim, stdout.encoding=UTF-8, path.separator=;, kotlinx.coroutines.debug.enable.creation.stack.trace=false, os.version=10.0, java.runtime.name=OpenJDK Runtime Environment, file.encoding=UTF-8, java.vm.name=OpenJDK 64-Bit Server VM, hibernate.show_sql=true, java.vendor.url.bug=https://bugreport.java.com/bugreport/, java.io.tmpdir=C:\Users\Vadim\AppData\Local\Temp\, com.zaxxer.hikari.pool_number=1, java.version=24.0.1, jboss.modules.system.pkgs=com.intellij.rt, hibernate.physical_naming_strategy=org.hibernate.boot.model.naming.PhysicalNamingStrategySnakeCaseImpl, user.dir=D:\aston\intensive\user-service, os.arch=amd64, java.vm.specification.name=Java Virtual Machine Specification, PID=25644, sun.os.patch.level=, CONSOLE_LOG_CHARSET=UTF-8, hibernate.boot.CfgXmlAccessService.key=org.hibernate.boot.registry.StandardServiceRegistryBuilder$1@36a8ebca, native.encoding=Cp1251, kotlinx.coroutines.debug.enable.flows.stack.trace=true, java.library.path=C:\Users\Vadim\.jdks\openjdk-24.0.1\bin;C:\WINDOWS\Sun\Java\bin;C:\WINDOWS\system32;C:\WINDOWS;C:\Program Files\Common Files\Oracle\Java\javapath;C:\ProgramData\Oracle\Java\javapath;C:\Program Files (x86)\Common Files\Oracle\Java\java8path;C:\Program Files (x86)\VMware\VMware Workstation\bin\;C:\Program Files\Microsoft\jdk-11.0.12.7-hotspot\bin;C:\Program Files (x86)\Embarcadero\Studio\21.0\bin;C:\Users\Public\Documents\Embarcadero\Studio\21.0\Bpl;C:\Program Files (x86)\Embarcadero\Studio\21.0\bin64;C:\Users\Public\Documents\Embarcadero\Studio\21.0\Bpl\Win64;C:\Program Files (x86)\Embarcadero\Studio\22.0\bin;C:\Users\Public\Documents\Embarcadero\Studio\22.0\Bpl;C:\Program Files (x86)\Embarcadero\Studio\22.0\bin64;C:\Users\Public\Documents\Embarcadero\Studio\22.0\Bpl\Win64;C:\Program Files\Eclipse Foundation\jdk-8.0.302.8-hotspot\bin;C:\Windows\system32;C:\Windows;C:\Windows\System32\Wbem;C:\Windows\System32\WindowsPowerShell\v1.0\;C:\Windows\System32\OpenSSH\;C:\Program Files (x86)\NVIDIA Corporation\PhysX\Common;C:\Program Files\Microsoft SQL Server\130\Tools\Binn\;C:\Program Files\Microsoft SQL Server\Client SDK\ODBC\170\Tools\Binn\;C:\Program Files (x86)\Windows Kits\10\Windows Performance Toolkit\;C:\Program Files\dotnet\;C:\Program Files (x86)\dotnet\;C:\WINDOWS\system32;C:\WINDOWS;C:\WINDOWS\System32\Wbem;C:\WINDOWS\System32\WindowsPowerShell\v1.0\;C:\WINDOWS\System32\OpenSSH\;C:\Program Files\Java\jdk-21\bin;C:\Program Files\Wolfram Research\WolframScript\;C:\Program Files (x86)\CodeBlocks\MinGW\bin;C:\Program Files\Git\cmd;C:\GnuWin32\bin;C:\WebSoft\php_8_3_4_x64_ts;C:\Program Files (x86)\Microsoft SQL Server\160\DTS\Binn\;C:\Program Files (x86)\Microsoft SQL Server\160\Tools\Binn\;C:\Program Files\Microsoft SQL Server\160\Tools\Binn\;C:\Program Files\Microsoft SQL Server\160\DTS\Binn\;C:\Program Files\Microsoft SQL Server\150\Tools\Binn\;C:\apache-maven-3.9.7\bin;C:\Program Files\Docker\Docker\resources\bin;C:\Program Files\NVIDIA Corporation\NVIDIA app\NvDLISR;C:\Program Files\nodejs\;C:\Program Files\PuTTY\;C:\Program Files\Cloudflare\Cloudflare WARP\;C:\Program Files\MySQL\MySQL Shell 8.0\bin\;C:\Program Files\PostgreSQL\17\bin\;C:\Users\Vadim\AppData\Local\Microsoft\WindowsApps;C:\Program Files\JetBrains\PyCharm Community Edition 2022.2.1\bin;;C:\Program Files\JetBrains\IntelliJ IDEA Community Edition 2022.2.1\bin;;C:\Users\Vadim\.dotnet\tools;C:\Program Files\JetBrains\PhpStorm 2023.2.2\bin;;C:\Users\Vadim\AppData\Local\Programs\Microsoft VS Code\bin;C:\Users\Vadim\AppData\Local\GitHubDesktop\bin;C:\Program Files\JetBrains\PyCharm 2025.2.1.1\bin;C:\Program Files\JetBrains\WebStorm 2025.2.1\bin;C:\Program Files\JetBrains\IntelliJ IDEA 2025.2.2\bin;C:\Users\Vadim\AppData\Roaming\npm;C:\Users\Vadim\AppData\Local\Programs\cursor\resources\app\bin;;., stderr.encoding=UTF-8, java.vendor=Oracle Corporation, java.vm.info=mixed mode, sharing, java.vm.version=24.0.1+9-30, sun.io.unicode.encoding=UnicodeLittle, hibernate.archive.scanner=org.hibernate.boot.archive.scan.internal.DisabledScanner, hibernate.connection.datasource=HikariDataSource (HikariPool-1), debugger.agent.enable.coroutines=true, java.class.version=68.0}
2026-09-20 01:21:54 [main] DEBUG o.h.v.i.x.config.ValidationXmlParser - Trying to load META-INF/validation.xml for XML based Validator configuration.
2026-09-20 01:21:54 [main] DEBUG o.h.v.i.x.c.ResourceLoaderHelper - Trying to load META-INF/validation.xml via TCCL
2026-09-20 01:21:54 [main] DEBUG o.h.v.i.x.c.ResourceLoaderHelper - Trying to load META-INF/validation.xml via Hibernate Validator's class loader
2026-09-20 01:21:54 [main] DEBUG o.h.v.i.x.config.ValidationXmlParser - No META-INF/validation.xml found. Using annotation based configuration only.
2026-09-20 01:21:54 [main] DEBUG o.h.v.i.e.r.TraversableResolvers - Found jakarta.persistence.Persistence on classpath containing 'getPersistenceUtil'. Assuming Jakarta Persistence environment. Trying to instantiate Jakarta Persistence aware TraversableResolver
2026-09-20 01:21:54 [main] DEBUG o.h.v.i.e.r.TraversableResolvers - Instantiated Jakarta Persistence aware TraversableResolver of type org.hibernate.validator.internal.engine.resolver.JPATraversableResolver.
2026-09-20 01:21:54 [main] DEBUG o.h.v.m.ResourceBundleMessageInterpolator - Loaded expression factory via original TCCL
2026-09-20 01:21:54 [main] DEBUG o.h.v.i.e.ValidatorFactoryConfigurationHelper - HV000252: Using org.hibernate.validator.internal.engine.DefaultPropertyNodeNameProvider as property node name provider.
2026-09-20 01:21:54 [main] DEBUG o.h.v.i.e.ValidatorFactoryConfigurationHelper - HV000234: Using org.hibernate.validator.messageinterpolation.ResourceBundleMessageInterpolator as ValidatorFactory-scoped message interpolator.
2026-09-20 01:21:54 [main] DEBUG o.h.v.i.e.ValidatorFactoryConfigurationHelper - HV000234: Using org.hibernate.validator.internal.engine.resolver.JPATraversableResolver as ValidatorFactory-scoped traversable resolver.
2026-09-20 01:21:54 [main] DEBUG o.h.v.i.e.ValidatorFactoryConfigurationHelper - HV000234: Using org.hibernate.validator.internal.util.ExecutableParameterNameProvider as ValidatorFactory-scoped parameter name provider.
2026-09-20 01:21:54 [main] DEBUG o.h.v.i.e.ValidatorFactoryConfigurationHelper - HV000234: Using org.hibernate.validator.internal.engine.DefaultClockProvider as ValidatorFactory-scoped clock provider.
2026-09-20 01:21:54 [main] DEBUG o.h.v.i.e.ValidatorFactoryConfigurationHelper - HV000234: Using org.hibernate.validator.internal.engine.scripting.DefaultScriptEvaluatorFactory as ValidatorFactory-scoped script evaluator factory.
2026-09-20 01:21:54 [main] DEBUG org.hibernate.HQL_FUNCTIONS - Available HQL Functions:
	abs(NUMERIC arg)
	Double acos(NUMERIC arg)
	Double acosh(NUMERIC arg)
	Boolean any(BOOLEAN predicate)
	array( ... )
	array_agg(arg)
	array_append( ... )
	array_concat( ... )
	Boolean array_contains(ARRAY haystackArray, OBJECT needleElementOrArray)
	Boolean array_contains_nullable(ARRAY haystackArray, OBJECT needleElementOrArray)
	array_fill(OBJECT element, INTEGER elementCount)
	array_fill_list(OBJECT element, INTEGER elementCount)
	array_get( ... )
	Boolean array_includes(ARRAY haystackArray, OBJECT needleArray)
	Boolean array_includes_nullable(ARRAY haystackArray, OBJECT needleArray)
	Boolean array_intersects(ARRAY array0, OBJECT array1)
	Boolean array_intersects_nullable(ARRAY array0, OBJECT array1)
	Integer array_length(ARRAY array)
	array_list( ... )
	Boolean array_overlaps(ARRAY array0, OBJECT array1)
	Boolean array_overlaps_nullable(ARRAY array0, OBJECT array1)
	Integer array_position(ARRAY array, OBJECT element[, INTEGER startPosition])
	int[] array_positions(ARRAY array, OBJECT element)
	List array_positions_list(ARRAY array, OBJECT element)
	array_prepend( ... )
	array_remove( ... )
	array_remove_index( ... )
	array_replace(ARRAY array, OBJECT old, OBJECT new)
	array_reverse( ... )
	array_set( ... )
	array_slice(ARRAY array, INTEGER start, INTEGER end)
	array_sort( ... )
	String array_to_string( ... )
	array_trim(ARRAY array, INTEGER elementsToRemove)
	Integer ascii(STRING arg)
	Double asin(NUMERIC arg)
	Double asinh(NUMERIC arg)
	Double atan(NUMERIC arg)
	Double atan2(NUMERIC arg0, NUMERIC arg1)
	Double atanh(NUMERIC arg)
	avg(arg)
	bit_and(arg)
	Integer bit_length(STRING_OR_CLOB arg)
	bit_or(arg)
	bitand(arg0, arg1)
	bitnot(arg)
	bitor(arg0, arg1)
	bitxor(arg0, arg1)
	Boolean bool_and(BOOLEAN predicate)
	Boolean bool_or(BOOLEAN predicate)
	cast(arg as Type)
	Double cbrt(NUMERIC arg)
	ceiling(NUMERIC arg)
	Object changesetid(arg)
	Character char(INTEGER arg)
	Integer character_length(STRING_OR_CLOB arg)
	Character chr(INTEGER arg)
	coalesce(arg0[, arg1[, ...]])
	String collate(STRING string as COLLATION collation)
	(STRING string0[, STRING string1[, ...]])
	Double corr(NUMERIC arg0, NUMERIC arg1)
	Double cos(NUMERIC arg)
	Double cosh(NUMERIC arg)
	Double cot(NUMERIC arg)
	Long count([distinct ]{arg|*})
	Double covar_pop(NUMERIC arg0, NUMERIC arg1)
	Double covar_samp(NUMERIC arg0, NUMERIC arg1)
	Double cume_dist([arg0[, ...]])
	Date current date
	Date current time
	Date current timestamp
	Date current_date
	Instant current_instant
	Date current_time
	Date current_timestamp
	date_trunc(STRING field, TEMPORAL datetime)
	dateadd(TEMPORAL_UNIT field, INTEGER magnitude, TEMPORAL datetime)
	Long|Double datediff(TEMPORAL_UNIT field, TEMPORAL start, TEMPORAL end)
	Double degrees(NUMERIC arg)
	Long dense_rank([arg0[, ...]])
	Boolean every(BOOLEAN predicate)
	Double exp(NUMERIC arg)
	extract(TEMPORAL_UNIT field from TEMPORAL arg)
	first_valueANY value
	floor(NUMERIC arg)
	String format(TEMPORAL datetime as STRING pattern)
	greatest(COMPARABLE arg0, COMPARABLE arg1[, arg2[, ...]])
	String hex(arg)
	ifnull(arg0, arg1)
	String initcap(arg)
	String insert(STRING string, INTEGER start, INTEGER length, STRING replacement)
	Instant instant
	String json_array([arg0[, ...]])
	String json_array_append(IMPLICIT_JSON arg0, STRING arg1, ANY arg2)
	String json_array_insert(IMPLICIT_JSON arg0, STRING arg1, ANY arg2)
	String json_arrayagg(arg0[, arg1])
	Boolean json_exists(IMPLICIT_JSON arg0, STRING arg1)
	String json_insert(IMPLICIT_JSON arg0, STRING arg1, ANY arg2)
	String json_mergepatch(IMPLICIT_JSON arg0, IMPLICIT_JSON arg1[, arg2[, ...]])
	String json_object( ... )
	String json_objectagg(arg0, arg1[, arg2, arg3])
	String json_query( ... )
	String json_remove(IMPLICIT_JSON arg0, STRING arg1)
	String json_replace(IMPLICIT_JSON arg0, STRING arg1, ANY arg2)
	String json_set(IMPLICIT_JSON arg0, STRING arg1, ANY arg2)
	json_value( ... )
	lagANY value[, INTEGER offset[, ANY default]]
	last_valueANY value
	leadANY value[, INTEGER offset[, ANY default]]
	least(COMPARABLE arg0, COMPARABLE arg1[, arg2[, ...]])
	String left(STRING string, INTEGER length)
	length
	String listagg(STRING arg0, STRING arg1)
	Double ln(NUMERIC arg)
	LocalDate local date
	LocalDateTime local datetime
	LocalTime local time
	LocalDate local_date
	LocalDateTime local_datetime
	LocalTime local_time
	Date localtime
	Date localtimestamp
	Integer locate(STRING pattern, STRING string[, INTEGER start])
	Double log(NUMERIC arg0[, NUMERIC arg1])
	Double log10(NUMERIC arg)
	String lower(STRING string)
	String lpad(STRING string, INTEGER length[, STRING padding])
	String ltrim(STRING string[, STRING characters])
	Date make_date(INTEGER arg0, INTEGER arg1, INTEGER arg2)
	Date make_time(INTEGER arg0, INTEGER arg1, INTEGER arg2)
	Date make_timestamp(INTEGER arg0, INTEGER arg1, INTEGER arg2, INTEGER arg3, INTEGER arg4, INTEGER arg5)
	Date make_timestamptz(INTEGER arg0, INTEGER arg1, INTEGER arg2, INTEGER arg3, INTEGER arg4, INTEGER arg5[, INTEGER arg6])
	max(COMPARABLE arg)
	byte[] md5(arg)
	Double median(NUMERIC arg)
	min(COMPARABLE arg)
	Integer mod(INTEGER arg0, INTEGER arg1)
	mode()
	ModificationType modificationtype(arg)
	nth_valueANY value, INTEGER nth
	nullif(arg0, arg1)
	Integer octet_length(STRING_OR_CLOB arg)
	OffsetDateTime offset datetime
	OffsetDateTime offset_datetime
	Integer ordinal(ENUM arg)
	String overlay(string placing replacement from start[ for length])
	String pad(STRING string with INTEGER length {leading|trailing}[ STRING character])
	Double percent_rank([arg0[, ...]])
	percentile_cont(NUMERIC arg)
	percentile_disc(NUMERIC arg)
	Double pi
	Integer position(STRING pattern in STRING string)
	Double power(NUMERIC arg0, NUMERIC arg1)
	Double radians(NUMERIC arg)
	Long rank([arg0[, ...]])
	(STRING string, STRING pattern[, STRING flags])
	Double regr_avgx(NUMERIC arg0, NUMERIC arg1)
	Double regr_avgy(NUMERIC arg0, NUMERIC arg1)
	Double regr_count(NUMERIC arg0, NUMERIC arg1)
	Double regr_intercept(NUMERIC arg0, NUMERIC arg1)
	Double regr_r2(NUMERIC arg0, NUMERIC arg1)
	Double regr_slope(NUMERIC arg0, NUMERIC arg1)
	Double regr_sxx(NUMERIC arg0, NUMERIC arg1)
	Double regr_sxy(NUMERIC arg0, NUMERIC arg1)
	Double regr_syy(NUMERIC arg0, NUMERIC arg1)
	String repeat(STRING string, INTEGER times)
	String replace(STRING string, STRING pattern, STRING replacement)
	String reverse(STRING arg)
	String right(STRING string, INTEGER length)
	round(NUMERIC number[, INTEGER places])
	Long row_number()
	String rpad(STRING string, INTEGER length[, STRING padding])
	String rtrim(STRING string[, STRING characters])
	byte[] sha(arg)
	Integer sign(NUMERIC arg)
	Double sin(NUMERIC arg)
	Double sinh(NUMERIC arg)
	String soundex(arg)
	sql
	Double sqrt(NUMERIC arg)
	Double stddev(NUMERIC arg)
	Double stddev_pop(NUMERIC arg)
	Double stddev_samp(NUMERIC arg)
	String str(arg)
	String string(ENUM arg)
	String substr(STRING string, INTEGER start[, INTEGER length])
	String substring(STRING string{ from|,} INTEGER start[{ for|,} INTEGER length])
	sum(arg)
	Double tan(NUMERIC arg)
	Double tanh(NUMERIC arg)
	timestampadd(TEMPORAL_UNIT field, INTEGER magnitude, TEMPORAL datetime)
	Long|Double timestampdiff(TEMPORAL_UNIT field, TEMPORAL start, TEMPORAL end)
	String to_char(ANY arg0[, STRING arg1, STRING arg2])
	Date to_date(STRING arg0[, STRING arg1, STRING arg2])
	Double to_number(STRING arg0[, STRING arg1, STRING arg2])
	Date to_timestamp(STRING arg0[, STRING arg1, STRING arg2])
	String translate(STRING arg0, STRING arg1, STRING arg2)
	String trim([[{leading|trailing|both} ][STRING arg0 ]from] STRING arg1)
	trunc( ... )
	truncate( ... )
	String upper(STRING string)
	Double var_pop(NUMERIC arg)
	Double var_samp(NUMERIC arg)
	Double variance(NUMERIC arg)
	String xmlagg( ... )
	String xmlcomment(STRING arg)
	String xmlconcat( ... )
	String xmlelement( ... )
	Boolean xmlexists( ... )
	String xmlforest( ... )
	String xmlpi( ... )
	String xmlquery( ... )

2026-09-20 01:21:54 [main] DEBUG org.hibernate.orm.core - HHH000513: Unable to create the ReflectionOptimizer for [ru.aston.user.service.entity.User]: private accessor [age]
2026-09-20 01:21:54 [main] INFO  org.hibernate.orm.core - HHH000489: No JTA platform available (set 'hibernate.transaction.jta.platform' to enable JTA platform integration)
2026-09-20 01:21:54 [main] DEBUG org.hibernate.orm.service - HHH010454: EventListenerRegistry access via ServiceRegistry is deprecated - use 'sessionFactory.getEventEngine().getListenerRegistry()' instead
2026-09-20 01:21:54 [main] DEBUG org.hibernate.orm.factoryRegistry - HHH020384: Registering SessionFactory [7e7bffea-9b72-4328-98de-7647f9f807b9] (default)
2026-09-20 01:21:54 [main] INFO  o.s.o.j.LocalContainerEntityManagerFactoryBean - Initialized JPA EntityManagerFactory for persistence unit 'default'
2026-09-20 01:21:54 [main] DEBUG o.s.b.f.s.DefaultListableBeanFactory - Creating shared instance of singleton bean 'userServiceApplication'
2026-09-20 01:21:54 [main] DEBUG o.s.b.f.s.DefaultListableBeanFactory - Creating shared instance of singleton bean 'org.springframework.boot.jdbc.test.autoconfigure.TestDatabaseAutoConfiguration'
2026-09-20 01:21:54 [main] DEBUG o.s.b.f.s.DefaultListableBeanFactory - Creating shared instance of singleton bean 'org.springframework.boot.jdbc.autoconfigure.DataSourcePoolMetadataProvidersConfiguration'
2026-09-20 01:21:54 [main] DEBUG o.s.b.f.s.DefaultListableBeanFactory - Creating shared instance of singleton bean 'org.springframework.boot.jdbc.autoconfigure.DataSourceAutoConfiguration'
2026-09-20 01:21:54 [main] DEBUG o.s.b.f.s.DefaultListableBeanFactory - Creating shared instance of singleton bean 'org.springframework.boot.context.properties.EnableConfigurationPropertiesRegistrar.methodValidationExcludeFilter'
2026-09-20 01:21:54 [main] DEBUG o.s.b.f.s.DefaultListableBeanFactory - Creating shared instance of singleton bean 'org.springframework.boot.transaction.autoconfigure.TransactionManagerCustomizationAutoConfiguration'
2026-09-20 01:21:54 [main] DEBUG o.s.b.f.s.DefaultListableBeanFactory - Creating shared instance of singleton bean 'platformTransactionManagerCustomizers'
2026-09-20 01:21:54 [main] DEBUG o.s.b.f.s.DefaultListableBeanFactory - Creating shared instance of singleton bean 'transactionExecutionListeners'
2026-09-20 01:21:54 [main] DEBUG o.s.b.f.s.DefaultListableBeanFactory - Creating shared instance of singleton bean 'spring.transaction-org.springframework.boot.transaction.autoconfigure.TransactionProperties'
2026-09-20 01:21:54 [main] DEBUG o.s.b.f.s.DefaultListableBeanFactory - Creating shared instance of singleton bean 'org.springframework.boot.jpa.autoconfigure.JpaBaseConfiguration$PersistenceManagedTypesConfiguration'
2026-09-20 01:21:54 [main] DEBUG o.s.b.f.s.DefaultListableBeanFactory - Creating shared instance of singleton bean 'transactionManager'
2026-09-20 01:21:54 [main] DEBUG o.s.b.f.s.DefaultListableBeanFactory - Creating shared instance of singleton bean 'org.springframework.boot.hibernate.autoconfigure.HibernateJpaAutoConfiguration'
2026-09-20 01:21:54 [main] DEBUG o.s.b.f.s.DefaultListableBeanFactory - Creating shared instance of singleton bean 'org.springframework.boot.data.jpa.autoconfigure.DataJpaRepositoriesAutoConfiguration'
2026-09-20 01:21:54 [main] DEBUG o.s.b.f.s.DefaultListableBeanFactory - Creating shared instance of singleton bean 'eagerJpaMetamodelCacheCleanup'
2026-09-20 01:21:54 [main] DEBUG o.s.b.f.s.DefaultListableBeanFactory - Creating shared instance of singleton bean 'jpaSharedEM_entityManagerFactory'
2026-09-20 01:21:54 [main] DEBUG o.s.b.f.s.DefaultListableBeanFactory - Creating shared instance of singleton bean 'org.springframework.data.jpa.util.JpaMetamodelCacheCleanup'
2026-09-20 01:21:54 [main] DEBUG o.s.b.f.s.DefaultListableBeanFactory - Creating shared instance of singleton bean 'org.springframework.data.jpa.repository.support.JpaEvaluationContextExtension'
2026-09-20 01:21:54 [main] DEBUG o.s.b.f.s.DefaultListableBeanFactory - Creating shared instance of singleton bean 'jpa.named-queries#0'
2026-09-20 01:21:54 [main] DEBUG o.s.b.f.s.DefaultListableBeanFactory - Creating shared instance of singleton bean 'jpa.UserRepository.fragments#0'
2026-09-20 01:21:54 [main] DEBUG o.s.b.f.s.DefaultListableBeanFactory - Creating shared instance of singleton bean 'userRepository'
2026-09-20 01:21:54 [main] DEBUG o.s.b.f.s.DefaultListableBeanFactory - Creating shared instance of singleton bean 'jpaMappingContext'
2026-09-20 01:21:54 [main] DEBUG o.s.d.j.r.c.JpaMetamodelMappingContextFactoryBean - Initializing JpaMetamodelMappingContext…
2026-09-20 01:21:54 [main] DEBUG o.s.d.j.r.c.JpaMetamodelMappingContextFactoryBean - Finished initializing JpaMetamodelMappingContext
2026-09-20 01:21:54 [main] INFO  o.s.d.j.r.q.QueryEnhancerFactories - Hibernate is in classpath; If applicable, HQL parser will be used.
2026-09-20 01:21:54 [main] DEBUG o.s.d.r.c.s.RepositoryFactorySupport - Initializing repository instance for ru.aston.user.service.repository.UserRepository…
2026-09-20 01:21:54 [main] DEBUG o.s.d.j.repository.query.NamedQuery - Looking up named query 'User.existsByEmail'
2026-09-20 01:21:54 [main] DEBUG org.hibernate.orm.core - HHH006588: Opening session [tenant=null]
2026-09-20 01:21:54 [main] DEBUG org.hibernate.session.metrics - HHH000401: Logging session metrics:
	0 ns acquiring 0 JDBC connections
	0 ns releasing 0 JDBC connections
	0 ns preparing 0 JDBC statements
	0 ns executing 0 JDBC statements
	0 ns executing 0 JDBC batches
	0 ns performing 0 second-level cache puts
	0 ns performing 0 second-level cache hits
	0 ns performing 0 second-level cache misses
	0 ns executing 0 flushes (flushing a total of 0 entities and 0 collections)
	0 ns executing 0 pre-partial-flushes
	0 ns executing 0 partial-flushes (flushing a total of 0 entities and 0 collections)

2026-09-20 01:21:54 [main] DEBUG o.s.d.j.repository.query.NamedQuery - Did not find named query User.existsByEmail
2026-09-20 01:21:54 [main] DEBUG o.s.d.j.repository.query.NamedQuery - Looking up named query 'User.findByEmail'
2026-09-20 01:21:54 [main] DEBUG org.hibernate.orm.core - HHH006588: Opening session [tenant=null]
2026-09-20 01:21:54 [main] DEBUG org.hibernate.session.metrics - HHH000401: Logging session metrics:
	0 ns acquiring 0 JDBC connections
	0 ns releasing 0 JDBC connections
	0 ns preparing 0 JDBC statements
	0 ns executing 0 JDBC statements
	0 ns executing 0 JDBC batches
	0 ns performing 0 second-level cache puts
	0 ns performing 0 second-level cache hits
	0 ns performing 0 second-level cache misses
	0 ns executing 0 flushes (flushing a total of 0 entities and 0 collections)
	0 ns executing 0 pre-partial-flushes
	0 ns executing 0 partial-flushes (flushing a total of 0 entities and 0 collections)

2026-09-20 01:21:54 [main] DEBUG o.s.d.j.repository.query.NamedQuery - Did not find named query User.findByEmail
2026-09-20 01:21:54 [main] DEBUG o.s.d.j.repository.query.NamedQuery - Looking up named query 'User.findByNameContainingIgnoreCase'
2026-09-20 01:21:54 [main] DEBUG org.hibernate.orm.core - HHH006588: Opening session [tenant=null]
2026-09-20 01:21:54 [main] DEBUG org.hibernate.session.metrics - HHH000401: Logging session metrics:
	0 ns acquiring 0 JDBC connections
	0 ns releasing 0 JDBC connections
	0 ns preparing 0 JDBC statements
	0 ns executing 0 JDBC statements
	0 ns executing 0 JDBC batches
	0 ns performing 0 second-level cache puts
	0 ns performing 0 second-level cache hits
	0 ns performing 0 second-level cache misses
	0 ns executing 0 flushes (flushing a total of 0 entities and 0 collections)
	0 ns executing 0 pre-partial-flushes
	0 ns executing 0 partial-flushes (flushing a total of 0 entities and 0 collections)

2026-09-20 01:21:54 [main] DEBUG o.s.d.j.repository.query.NamedQuery - Did not find named query User.findByNameContainingIgnoreCase
2026-09-20 01:21:54 [main] DEBUG o.s.d.r.c.s.RepositoryFactorySupport - Finished creation of repository instance for ru.aston.user.service.repository.UserRepository.
2026-09-20 01:21:54 [main] DEBUG o.s.b.f.s.DefaultListableBeanFactory - Creating shared instance of singleton bean 'data-jpa.repository-aot-processor#0'
2026-09-20 01:21:54 [main] DEBUG o.s.b.f.s.DefaultListableBeanFactory - Creating shared instance of singleton bean 'org.springframework.boot.jdbc.autoconfigure.JdbcTemplateConfiguration'
2026-09-20 01:21:54 [main] DEBUG o.s.b.f.s.DefaultListableBeanFactory - Creating shared instance of singleton bean 'jdbcTemplate'
2026-09-20 01:21:54 [main] DEBUG o.s.b.f.s.DefaultListableBeanFactory - Creating shared instance of singleton bean 'spring.jdbc-org.springframework.boot.jdbc.autoconfigure.JdbcProperties'
2026-09-20 01:21:54 [main] DEBUG o.s.b.f.s.DefaultListableBeanFactory - Autowiring by type from bean name 'jdbcTemplate' via factory method to bean named 'dataSource'
2026-09-20 01:21:54 [main] DEBUG o.s.b.f.s.DefaultListableBeanFactory - Autowiring by type from bean name 'jdbcTemplate' via factory method to bean named 'spring.jdbc-org.springframework.boot.jdbc.autoconfigure.JdbcProperties'
2026-09-20 01:21:54 [main] DEBUG o.s.b.f.s.DefaultListableBeanFactory - Creating shared instance of singleton bean 'org.springframework.boot.jdbc.autoconfigure.NamedParameterJdbcTemplateConfiguration'
2026-09-20 01:21:54 [main] DEBUG o.s.b.f.s.DefaultListableBeanFactory - Creating shared instance of singleton bean 'namedParameterJdbcTemplate'
2026-09-20 01:21:54 [main] DEBUG o.s.b.f.s.DefaultListableBeanFactory - Autowiring by type from bean name 'namedParameterJdbcTemplate' via factory method to bean named 'jdbcTemplate'
2026-09-20 01:21:54 [main] DEBUG o.s.b.f.s.DefaultListableBeanFactory - Creating shared instance of singleton bean 'org.springframework.boot.jdbc.autoconfigure.JdbcTemplateAutoConfiguration'
2026-09-20 01:21:54 [main] DEBUG o.s.b.f.s.DefaultListableBeanFactory - Creating shared instance of singleton bean 'org.springframework.boot.jdbc.autoconfigure.JdbcClientAutoConfiguration'
2026-09-20 01:21:54 [main] DEBUG o.s.b.f.s.DefaultListableBeanFactory - Creating shared instance of singleton bean 'jdbcClient'
2026-09-20 01:21:54 [main] DEBUG o.s.b.f.s.DefaultListableBeanFactory - Autowiring by type from bean name 'jdbcClient' via factory method to bean named 'namedParameterJdbcTemplate'
2026-09-20 01:21:54 [main] DEBUG o.s.b.f.s.DefaultListableBeanFactory - Creating shared instance of singleton bean 'org.springframework.boot.jpa.test.autoconfigure.TestEntityManagerAutoConfiguration'
2026-09-20 01:21:54 [main] DEBUG o.s.b.f.s.DefaultListableBeanFactory - Creating shared instance of singleton bean 'testEntityManager'
2026-09-20 01:21:54 [main] DEBUG o.s.b.f.s.DefaultListableBeanFactory - Autowiring by type from bean name 'testEntityManager' via factory method to bean named 'entityManagerFactory'
2026-09-20 01:21:54 [main] DEBUG o.s.b.f.s.DefaultListableBeanFactory - Creating shared instance of singleton bean 'org.springframework.boot.liquibase.autoconfigure.LiquibaseAutoConfiguration$CustomizerConfiguration'
2026-09-20 01:21:54 [main] DEBUG o.s.b.f.s.DefaultListableBeanFactory - Creating shared instance of singleton bean 'org.springframework.boot.liquibase.autoconfigure.LiquibaseAutoConfiguration'
2026-09-20 01:21:54 [main] DEBUG o.s.b.f.s.DefaultListableBeanFactory - Creating shared instance of singleton bean 'liquibaseDefaultDdlModeProvider'
2026-09-20 01:21:54 [main] DEBUG o.s.b.f.s.DefaultListableBeanFactory - Creating shared instance of singleton bean 'org.springframework.boot.jdbc.autoconfigure.DataSourceTransactionManagerAutoConfiguration$JdbcTransactionManagerConfiguration'
2026-09-20 01:21:54 [main] DEBUG o.s.b.f.s.DefaultListableBeanFactory - Creating shared instance of singleton bean 'org.springframework.boot.jdbc.autoconfigure.DataSourceTransactionManagerAutoConfiguration'
2026-09-20 01:21:54 [main] DEBUG o.s.b.f.s.DefaultListableBeanFactory - Creating shared instance of singleton bean 'org.springframework.boot.transaction.autoconfigure.TransactionAutoConfiguration$EnableTransactionManagementConfiguration$CglibAutoProxyConfiguration'
2026-09-20 01:21:54 [main] DEBUG o.s.b.f.s.DefaultListableBeanFactory - Creating shared instance of singleton bean 'org.springframework.boot.transaction.autoconfigure.TransactionAutoConfiguration$EnableTransactionManagementConfiguration'
2026-09-20 01:21:54 [main] DEBUG o.s.b.f.s.DefaultListableBeanFactory - Creating shared instance of singleton bean 'org.springframework.boot.transaction.autoconfigure.TransactionAutoConfiguration$TransactionTemplateConfiguration'
2026-09-20 01:21:54 [main] DEBUG o.s.b.f.s.DefaultListableBeanFactory - Creating shared instance of singleton bean 'transactionTemplate'
2026-09-20 01:21:54 [main] DEBUG o.s.b.f.s.DefaultListableBeanFactory - Autowiring by type from bean name 'transactionTemplate' via factory method to bean named 'transactionManager'
2026-09-20 01:21:54 [main] DEBUG o.s.b.f.s.DefaultListableBeanFactory - Creating shared instance of singleton bean 'org.springframework.boot.transaction.autoconfigure.TransactionAutoConfiguration'
2026-09-20 01:21:54 [main] DEBUG o.s.c.s.DefaultLifecycleProcessor - Starting beans in phase -2147483647
2026-09-20 01:21:54 [main] DEBUG o.s.c.s.DefaultLifecycleProcessor - Successfully started bean 'springBootLoggingLifecycle'
2026-09-20 01:21:54 [main] DEBUG o.s.b.a.l.ConditionEvaluationReportLogger - 


============================
CONDITIONS EVALUATION REPORT
============================


Positive matches:
-----------------

   DataJpaRepositoriesAutoConfiguration matched:
      - @ConditionalOnClass found required class 'org.springframework.data.jpa.repository.JpaRepository' (OnClassCondition)
      - @ConditionalOnBooleanProperty (spring.data.jpa.repositories.enabled=true) matched (OnPropertyCondition)
      - @ConditionalOnBean (types: javax.sql.DataSource; SearchStrategy: all) found bean 'dataSource'; @ConditionalOnMissingBean (types: org.springframework.data.jpa.repository.support.JpaRepositoryFactoryBean,org.springframework.data.jpa.repository.config.JpaRepositoryConfigExtension; SearchStrategy: all) did not find any beans (OnBeanCondition)

   DataSourceAutoConfiguration matched:
      - @ConditionalOnClass found required classes 'javax.sql.DataSource', 'org.springframework.jdbc.datasource.embedded.EmbeddedDatabaseType' (OnClassCondition)
      - @ConditionalOnMissingBean (types: io.r2dbc.spi.ConnectionFactory; SearchStrategy: all) did not find any beans (OnBeanCondition)

   DataSourceAutoConfiguration.PooledDataSourceConfiguration matched:
      - AnyNestedCondition 1 matched 1 did not; NestedCondition on DataSourceAutoConfiguration.PooledDataSourceCondition.PooledDataSourceAvailable PooledDataSource found supported DataSource; NestedCondition on DataSourceAutoConfiguration.PooledDataSourceCondition.ExplicitType @ConditionalOnProperty (spring.datasource.type) did not find property 'spring.datasource.type' (DataSourceAutoConfiguration.PooledDataSourceCondition)
      - @ConditionalOnMissingBean (types: javax.sql.DataSource,javax.sql.XADataSource; SearchStrategy: all) did not find any beans (OnBeanCondition)

   DataSourceAutoConfiguration.PooledDataSourceConfiguration#jdbcConnectionDetails matched:
      - @ConditionalOnMissingBean (types: org.springframework.boot.jdbc.autoconfigure.JdbcConnectionDetails; SearchStrategy: all) did not find any beans (OnBeanCondition)

   DataSourceConfiguration.Hikari matched:
      - @ConditionalOnClass found required class 'com.zaxxer.hikari.HikariDataSource' (OnClassCondition)
      - @ConditionalOnProperty (spring.datasource.type=com.zaxxer.hikari.HikariDataSource) matched (OnPropertyCondition)
      - @ConditionalOnMissingBean (types: javax.sql.DataSource; SearchStrategy: all) did not find any beans (OnBeanCondition)

   DataSourceInitializationAutoConfiguration matched:
      - @ConditionalOnClass found required class 'org.springframework.jdbc.datasource.init.DatabasePopulator' (OnClassCondition)
      - SQL InitializationDatabase Initialization default value is EMBEDDED (OnSqlInitializationCondition)
      - @ConditionalOnSingleCandidate (types: javax.sql.DataSource; SearchStrategy: all) found a single bean 'dataSource'; @ConditionalOnMissingBean (types: org.springframework.boot.sql.autoconfigure.init.ApplicationScriptDatabaseInitializer; SearchStrategy: all) did not find any beans (OnBeanCondition)

   DataSourcePoolMetadataProvidersConfiguration.HikariPoolDataSourceMetadataProviderConfiguration matched:
      - @ConditionalOnClass found required class 'com.zaxxer.hikari.HikariDataSource' (OnClassCondition)

   DataSourceTransactionManagerAutoConfiguration matched:
      - @ConditionalOnClass found required classes 'javax.sql.DataSource', 'org.springframework.jdbc.core.JdbcTemplate', 'org.springframework.transaction.TransactionManager' (OnClassCondition)

   DataSourceTransactionManagerAutoConfiguration.JdbcTransactionManagerConfiguration matched:
      - @ConditionalOnSingleCandidate (types: javax.sql.DataSource; SearchStrategy: all) found a single bean 'dataSource' (OnBeanCondition)

   HibernateJpaAutoConfiguration matched:
      - @ConditionalOnClass found required classes 'org.springframework.orm.jpa.LocalContainerEntityManagerFactoryBean', 'jakarta.persistence.EntityManager', 'org.hibernate.engine.spi.SessionImplementor' (OnClassCondition)

   HibernateJpaConfiguration matched:
      - @ConditionalOnSingleCandidate (types: javax.sql.DataSource; SearchStrategy: all) found a single bean 'dataSource' (OnBeanCondition)

   JdbcClientAutoConfiguration matched:
      - @ConditionalOnSingleCandidate (types: org.springframework.jdbc.core.namedparam.NamedParameterJdbcTemplate; SearchStrategy: all) found a single bean 'namedParameterJdbcTemplate'; @ConditionalOnMissingBean (types: org.springframework.jdbc.core.simple.JdbcClient; SearchStrategy: all) did not find any beans (OnBeanCondition)

   JdbcTemplateAutoConfiguration matched:
      - @ConditionalOnClass found required classes 'javax.sql.DataSource', 'org.springframework.jdbc.core.JdbcTemplate' (OnClassCondition)
      - @ConditionalOnSingleCandidate (types: javax.sql.DataSource; SearchStrategy: all) found a single bean 'dataSource' (OnBeanCondition)

   JdbcTemplateConfiguration matched:
      - @ConditionalOnMissingBean (types: org.springframework.jdbc.core.JdbcOperations; SearchStrategy: all) did not find any beans (OnBeanCondition)

   JpaBaseConfiguration#entityManagerFactory matched:
      - @ConditionalOnMissingBean (types: org.springframework.orm.jpa.LocalContainerEntityManagerFactoryBean,jakarta.persistence.EntityManagerFactory; SearchStrategy: all) did not find any beans (OnBeanCondition)

   JpaBaseConfiguration#entityManagerFactoryBuilder matched:
      - @ConditionalOnMissingBean (types: org.springframework.boot.jpa.EntityManagerFactoryBuilder; SearchStrategy: all) did not find any beans (OnBeanCondition)

   JpaBaseConfiguration#jpaVendorAdapter matched:
      - @ConditionalOnMissingBean (types: org.springframework.orm.jpa.JpaVendorAdapter; SearchStrategy: all) did not find any beans (OnBeanCondition)

   JpaBaseConfiguration#transactionManager matched:
      - @ConditionalOnMissingBean (types: org.springframework.transaction.TransactionManager; SearchStrategy: all) did not find any beans (OnBeanCondition)

   JpaBaseConfiguration.PersistenceManagedTypesConfiguration matched:
      - @ConditionalOnMissingBean (types: org.springframework.orm.jpa.LocalContainerEntityManagerFactoryBean,jakarta.persistence.EntityManagerFactory; SearchStrategy: all) did not find any beans (OnBeanCondition)

   JpaBaseConfiguration.PersistenceManagedTypesConfiguration#persistenceManagedTypes matched:
      - @ConditionalOnMissingBean (types: org.springframework.orm.jpa.persistenceunit.PersistenceManagedTypes; SearchStrategy: all) did not find any beans (OnBeanCondition)

   LiquibaseAutoConfiguration matched:
      - @ConditionalOnClass found required classes 'liquibase.integration.spring.SpringLiquibase', 'liquibase.change.DatabaseChange' (OnClassCondition)
      - @ConditionalOnBooleanProperty (spring.liquibase.enabled=true) matched (OnPropertyCondition)
      - AnyNestedCondition 2 matched 1 did not; NestedCondition on LiquibaseAutoConfiguration.LiquibaseDataSourceCondition.LiquibaseUrlCondition @ConditionalOnProperty (spring.liquibase.url) did not find property 'spring.liquibase.url'; NestedCondition on LiquibaseAutoConfiguration.LiquibaseDataSourceCondition.JdbcConnectionDetailsCondition @ConditionalOnBean (types: org.springframework.boot.jdbc.autoconfigure.JdbcConnectionDetails; SearchStrategy: all) found bean 'jdbcConnectionDetails'; NestedCondition on LiquibaseAutoConfiguration.LiquibaseDataSourceCondition.DataSourceBeanCondition @ConditionalOnBean (types: javax.sql.DataSource; SearchStrategy: all) found bean 'dataSource' (LiquibaseAutoConfiguration.LiquibaseDataSourceCondition)

   LiquibaseAutoConfiguration.CustomizerConfiguration matched:
      - @ConditionalOnClass found required class 'liquibase.integration.spring.Customizer' (OnClassCondition)

   LiquibaseAutoConfiguration.LiquibaseConfiguration matched:
      - @ConditionalOnClass found required class 'org.springframework.jdbc.core.ConnectionCallback' (OnClassCondition)
      - @ConditionalOnMissingBean (types: liquibase.integration.spring.SpringLiquibase; SearchStrategy: all) did not find any beans (OnBeanCondition)

   LiquibaseAutoConfiguration.LiquibaseConfiguration#liquibaseConnectionDetails matched:
      - @ConditionalOnMissingBean (types: org.springframework.boot.liquibase.autoconfigure.LiquibaseConnectionDetails; SearchStrategy: all) did not find any beans (OnBeanCondition)

   NamedParameterJdbcTemplateConfiguration matched:
      - @ConditionalOnSingleCandidate (types: org.springframework.jdbc.core.JdbcTemplate; SearchStrategy: all) found a single bean 'jdbcTemplate'; @ConditionalOnMissingBean (types: org.springframework.jdbc.core.namedparam.NamedParameterJdbcOperations; SearchStrategy: all) did not find any beans (OnBeanCondition)

   TestEntityManagerAutoConfiguration matched:
      - @ConditionalOnClass found required class 'jakarta.persistence.EntityManagerFactory' (OnClassCondition)

   TestEntityManagerAutoConfiguration#testEntityManager matched:
      - @ConditionalOnMissingBean (types: org.springframework.boot.jpa.test.autoconfigure.TestEntityManager; SearchStrategy: all) did not find any beans (OnBeanCondition)

   TransactionAutoConfiguration matched:
      - @ConditionalOnClass found required class 'org.springframework.transaction.PlatformTransactionManager' (OnClassCondition)

   TransactionAutoConfiguration.EnableTransactionManagementConfiguration matched:
      - @ConditionalOnBean (types: org.springframework.transaction.TransactionManager; SearchStrategy: all) found bean 'transactionManager'; @ConditionalOnMissingBean (types: org.springframework.transaction.annotation.AbstractTransactionManagementConfiguration; SearchStrategy: all) did not find any beans (OnBeanCondition)

   TransactionAutoConfiguration.EnableTransactionManagementConfiguration.CglibAutoProxyConfiguration matched:
      - @ConditionalOnBooleanProperty (spring.aop.proxy-target-class=true) matched (OnPropertyCondition)

   TransactionAutoConfiguration.TransactionTemplateConfiguration matched:
      - @ConditionalOnSingleCandidate (types: org.springframework.transaction.PlatformTransactionManager; SearchStrategy: all) found a single bean 'transactionManager' (OnBeanCondition)

   TransactionAutoConfiguration.TransactionTemplateConfiguration#transactionTemplate matched:
      - @ConditionalOnMissingBean (types: org.springframework.transaction.support.TransactionOperations; SearchStrategy: all) did not find any beans (OnBeanCondition)

   TransactionManagerCustomizationAutoConfiguration matched:
      - @ConditionalOnClass found required class 'org.springframework.transaction.PlatformTransactionManager' (OnClassCondition)

   TransactionManagerCustomizationAutoConfiguration#platformTransactionManagerCustomizers matched:
      - @ConditionalOnMissingBean (types: org.springframework.boot.transaction.autoconfigure.TransactionManagerCustomizers; SearchStrategy: all) did not find any beans (OnBeanCondition)


Negative matches:
-----------------

   DataJpaRepositoriesAutoConfiguration#entityManagerFactoryBootstrapExecutorCustomizer:
      Did not match:
         - @ConditionalOnProperty (spring.data.jpa.repositories.bootstrap-mode=deferred) found different value in property 'spring.data.jpa.repositories.bootstrap-mode' (OnPropertyCondition)

   DataSourceAutoConfiguration.EmbeddedDatabaseConfiguration:
      Did not match:
         - EmbeddedDataSource spring.datasource.url is set (DataSourceAutoConfiguration.EmbeddedDatabaseCondition)

   DataSourceCheckpointRestoreConfiguration:
      Did not match:
         - @ConditionalOnClass did not find required class 'org.crac.Resource' (OnClassCondition)

   DataSourceConfiguration.Dbcp2:
      Did not match:
         - @ConditionalOnClass did not find required class 'org.apache.commons.dbcp2.BasicDataSource' (OnClassCondition)

   DataSourceConfiguration.Generic:
      Did not match:
         - @ConditionalOnProperty (spring.datasource.type) did not find property 'spring.datasource.type' (OnPropertyCondition)

   DataSourceConfiguration.OracleUcp:
      Did not match:
         - @ConditionalOnClass did not find required classes 'oracle.ucp.jdbc.PoolDataSourceImpl', 'oracle.jdbc.OracleConnection' (OnClassCondition)

   DataSourceConfiguration.Tomcat:
      Did not match:
         - @ConditionalOnClass did not find required class 'org.apache.tomcat.jdbc.pool.DataSource' (OnClassCondition)

   DataSourceJmxConfiguration:
      Did not match:
         - @ConditionalOnBooleanProperty (spring.jmx.enabled=true) found different value in property 'spring.jmx.enabled' (OnPropertyCondition)

   DataSourcePoolMetadataProvidersConfiguration.CommonsDbcp2PoolDataSourceMetadataProviderConfiguration:
      Did not match:
         - @ConditionalOnClass did not find required class 'org.apache.commons.dbcp2.BasicDataSource' (OnClassCondition)

   DataSourcePoolMetadataProvidersConfiguration.OracleUcpPoolDataSourceMetadataProviderConfiguration:
      Did not match:
         - @ConditionalOnClass did not find required classes 'oracle.ucp.jdbc.PoolDataSource', 'oracle.jdbc.OracleConnection' (OnClassCondition)

   DataSourcePoolMetadataProvidersConfiguration.TomcatDataSourcePoolMetadataProviderConfiguration:
      Did not match:
         - @ConditionalOnClass did not find required class 'org.apache.tomcat.jdbc.pool.DataSource' (OnClassCondition)

   DataSourceTransactionManagerAutoConfiguration.JdbcTransactionManagerConfiguration#transactionManager:
      Did not match:
         - @ConditionalOnMissingBean (types: org.springframework.transaction.TransactionManager; SearchStrategy: all) found beans of type 'org.springframework.transaction.TransactionManager' transactionManager (OnBeanCondition)

   JpaBaseConfiguration.JpaWebConfiguration:
      Did not match:
         - not a servlet web application (OnWebApplicationCondition)
      Matched:
         - @ConditionalOnClass found required class 'org.springframework.web.servlet.config.annotation.WebMvcConfigurer' (OnClassCondition)

   LazyConnectionDataSourceConfiguration:
      Did not match:
         - @ConditionalOnProperty (spring.datasource.connection-fetch=lazy) did not find property 'spring.datasource.connection-fetch' (OnPropertyCondition)

   LiquibaseAutoConfiguration.CustomizerConfiguration#springLiquibaseCustomizer:
      Did not match:
         - @ConditionalOnBean (types: liquibase.integration.spring.Customizer; SearchStrategy: all) did not find any beans of type liquibase.integration.spring.Customizer (OnBeanCondition)

   TestDatabaseAutoConfiguration#dataSource:
      Did not match:
         - @ConditionalOnProperty (spring.test.database.replace=AUTO_CONFIGURED) found different value in property 'spring.test.database.replace' (OnPropertyCondition)

   TestDatabaseAutoConfiguration#embeddedDataSourceBeanFactoryPostProcessor:
      Did not match:
         - @ConditionalOnProperty (spring.test.database.replace=ANY) found different value in property 'spring.test.database.replace' (OnPropertyCondition)

   TestDatabaseAutoConfiguration#nonTestEmbeddedDataSourceBeanFactoryPostProcessor:
      Did not match:
         - @ConditionalOnProperty (spring.test.database.replace=NON_TEST) found different value in property 'spring.test.database.replace' (OnPropertyCondition)

   TransactionAutoConfiguration#transactionalOperator:
      Did not match:
         - @ConditionalOnSingleCandidate (types: org.springframework.transaction.ReactiveTransactionManager; SearchStrategy: all) did not find any beans (OnBeanCondition)

   TransactionAutoConfiguration.AspectJTransactionManagementConfiguration:
      Did not match:
         - @ConditionalOnBean (types: org.springframework.transaction.aspectj.AbstractTransactionAspect; SearchStrategy: all) did not find any beans of type org.springframework.transaction.aspectj.AbstractTransactionAspect (OnBeanCondition)

   TransactionAutoConfiguration.EnableTransactionManagementConfiguration.JdkDynamicAutoProxyConfiguration:
      Did not match:
         - @ConditionalOnBooleanProperty (spring.aop.proxy-target-class=false) did not find property 'spring.aop.proxy-target-class' (OnPropertyCondition)


Exclusions:
-----------

    None


Unconditional classes:
----------------------

    org.springframework.boot.jdbc.test.autoconfigure.TestDatabaseAutoConfiguration



2026-09-20 01:21:54 [main] INFO  r.a.u.s.r.UserRepositoryTest - Started UserRepositoryTest in 4.04 seconds (process running for 5.308)
2026-09-20 01:21:54 [main] DEBUG o.springframework.test.context.cache - Spring test ApplicationContext cache statistics: [DefaultContextCache@5d6d6533 size = 1, maxSize = 32, contextUsageCount = 0, parentContextCount = 0, hitCount = 0, missCount = 1, failureCount = 0]
2026-09-20 01:21:54 [main] DEBUG o.springframework.test.context.cache - Spring test ApplicationContext cache statistics: [DefaultContextCache@5d6d6533 size = 1, maxSize = 32, contextUsageCount = 1, parentContextCount = 0, hitCount = 1, missCount = 1, failureCount = 0]
2026-09-20 01:21:54 [main] DEBUG o.s.t.c.s.DirtiesContextBeforeModesTestExecutionListener - Before test method: class [UserRepositoryTest], method [shouldCheckUserExistsByEmail], class annotated with @DirtiesContext [false] with mode [null], method annotated with @DirtiesContext [false] with mode [null]
2026-09-20 01:21:54 [main] DEBUG o.s.t.c.t.TransactionalTestExecutionListener - Explicit transaction definition [PROPAGATION_REQUIRED,ISOLATION_DEFAULT] found for test class [ru.aston.user.service.repository.UserRepositoryTest] and test method [shouldCheckUserExistsByEmail]
2026-09-20 01:21:54 [main] DEBUG o.springframework.test.context.cache - Spring test ApplicationContext cache statistics: [DefaultContextCache@5d6d6533 size = 1, maxSize = 32, contextUsageCount = 1, parentContextCount = 0, hitCount = 2, missCount = 1, failureCount = 0]
2026-09-20 01:21:54 [main] DEBUG o.s.t.c.t.TransactionalTestExecutionListener - No method-level @Rollback override: using default rollback [true] for test method [void ru.aston.user.service.repository.UserRepositoryTest.shouldCheckUserExistsByEmail()]
2026-09-20 01:21:54 [main] DEBUG o.s.orm.jpa.JpaTransactionManager - Creating new transaction with name [ru.aston.user.service.repository.UserRepositoryTest.shouldCheckUserExistsByEmail]: PROPAGATION_REQUIRED,ISOLATION_DEFAULT
2026-09-20 01:21:54 [main] DEBUG org.hibernate.orm.core - HHH006588: Opening session [tenant=null]
2026-09-20 01:21:54 [main] DEBUG o.s.orm.jpa.JpaTransactionManager - Opened new EntityManager [SessionImpl(84725098<open>)] for JPA transaction
2026-09-20 01:21:54 [main] DEBUG org.hibernate.orm.core - HHH006583: Beginning transaction
2026-09-20 01:21:54 [main] DEBUG o.s.orm.jpa.JpaTransactionManager - Exposing JPA transaction as JDBC [org.springframework.orm.jpa.vendor.HibernateJpaDialect$HibernateConnectionHandle@68226b59]
2026-09-20 01:21:54 [main] DEBUG o.s.t.c.t.TransactionContext - Began transaction (1) for test class [ru.aston.user.service.repository.UserRepositoryTest]; test method [shouldCheckUserExistsByEmail]; transaction manager [org.springframework.orm.jpa.JpaTransactionManager@834529e]; rollback [true]
2026-09-20 01:21:54 [main] DEBUG o.springframework.test.context.cache - Spring test ApplicationContext cache statistics: [DefaultContextCache@5d6d6533 size = 1, maxSize = 32, contextUsageCount = 1, parentContextCount = 0, hitCount = 3, missCount = 1, failureCount = 0]
2026-09-20 01:21:55 [main] DEBUG o.springframework.test.context.cache - Spring test ApplicationContext cache statistics: [DefaultContextCache@5d6d6533 size = 1, maxSize = 32, contextUsageCount = 1, parentContextCount = 0, hitCount = 4, missCount = 1, failureCount = 0]
2026-09-20 01:21:55 [main] DEBUG o.springframework.test.context.cache - Spring test ApplicationContext cache statistics: [DefaultContextCache@5d6d6533 size = 1, maxSize = 32, contextUsageCount = 1, parentContextCount = 0, hitCount = 5, missCount = 1, failureCount = 0]
2026-09-20 01:21:55 [main] DEBUG o.s.orm.jpa.JpaTransactionManager - Found thread-bound EntityManager [SessionImpl(84725098<open>)] for JPA transaction
2026-09-20 01:21:55 [main] DEBUG o.s.orm.jpa.JpaTransactionManager - Participating in existing transaction
2026-09-20 01:21:55 [main] DEBUG org.hibernate.SQL - insert into users (age,created_at,email,name) values (?,?,?,?)
2026-09-20 01:21:55 [main] DEBUG o.s.d.j.r.query.PartTreeJpaQuery - QueryPreparer: Derived query for query method [public abstract boolean ru.aston.user.service.repository.UserRepository.existsByEmail(java.lang.String)]: 'SELECT u.id FROM User u WHERE u.email = :email'
2026-09-20 01:21:55 [main] DEBUG org.hibernate.orm.event - HHH90060071: Flushed: 0 insertions, 0 updates, 0 deletions to 1 objects
2026-09-20 01:21:55 [main] DEBUG org.hibernate.orm.event - HHH90060072: Flushed: 0 (re)creations, 0 updates, 0 removals to 0 collections
2026-09-20 01:21:55 [main] DEBUG org.hibernate.orm.core - Listing entities:
2026-09-20 01:21:55 [main] DEBUG org.hibernate.orm.core - ru.aston.user.service.entity.User{createdAt=2026-09-20T01:21:55.220892100, name=crazyfrog, id=18, age=25, email=crazyfrog@mail.com}
2026-09-20 01:21:55 [main] DEBUG org.hibernate.SQL - select u1_0.id from users u1_0 where u1_0.email=? fetch first ? rows only
2026-09-20 01:21:55 [main] DEBUG o.s.d.j.r.query.PartTreeJpaQuery - QueryPreparer: Derived query for query method [public abstract boolean ru.aston.user.service.repository.UserRepository.existsByEmail(java.lang.String)]: 'SELECT u.id FROM User u WHERE u.email = :email'
2026-09-20 01:21:55 [main] DEBUG org.hibernate.orm.event - HHH90060071: Flushed: 0 insertions, 0 updates, 0 deletions to 1 objects
2026-09-20 01:21:55 [main] DEBUG org.hibernate.orm.event - HHH90060072: Flushed: 0 (re)creations, 0 updates, 0 removals to 0 collections
2026-09-20 01:21:55 [main] DEBUG org.hibernate.orm.core - Listing entities:
2026-09-20 01:21:55 [main] DEBUG org.hibernate.orm.core - ru.aston.user.service.entity.User{createdAt=2026-09-20T01:21:55.220892100, name=crazyfrog, id=18, age=25, email=crazyfrog@mail.com}
2026-09-20 01:21:55 [main] DEBUG org.hibernate.SQL - select u1_0.id from users u1_0 where u1_0.email=? fetch first ? rows only
2026-09-20 01:21:55 [main] DEBUG o.springframework.test.context.cache - Spring test ApplicationContext cache statistics: [DefaultContextCache@5d6d6533 size = 1, maxSize = 32, contextUsageCount = 1, parentContextCount = 0, hitCount = 6, missCount = 1, failureCount = 0]
2026-09-20 01:21:55 [main] DEBUG o.springframework.test.context.cache - Spring test ApplicationContext cache statistics: [DefaultContextCache@5d6d6533 size = 1, maxSize = 32, contextUsageCount = 1, parentContextCount = 0, hitCount = 7, missCount = 1, failureCount = 0]
2026-09-20 01:21:55 [main] DEBUG o.springframework.test.context.cache - Spring test ApplicationContext cache statistics: [DefaultContextCache@5d6d6533 size = 1, maxSize = 32, contextUsageCount = 1, parentContextCount = 0, hitCount = 8, missCount = 1, failureCount = 0]
2026-09-20 01:21:55 [main] DEBUG o.s.orm.jpa.JpaTransactionManager - Initiating transaction rollback
2026-09-20 01:21:55 [main] DEBUG o.s.orm.jpa.JpaTransactionManager - Rolling back JPA transaction on EntityManager [SessionImpl(84725098<open>)]
2026-09-20 01:21:55 [main] DEBUG org.hibernate.orm.core - HHH006585: Rolling back transaction
2026-09-20 01:21:55 [main] DEBUG o.s.orm.jpa.JpaTransactionManager - Closing JPA EntityManager after transaction
2026-09-20 01:21:55 [main] DEBUG org.hibernate.session.metrics - HHH000401: Logging session metrics:
	34100 ns acquiring 1 JDBC connections
	0 ns releasing 0 JDBC connections
	264800 ns preparing 3 JDBC statements
	5228700 ns executing 3 JDBC statements
	0 ns executing 0 JDBC batches
	0 ns performing 0 second-level cache puts
	0 ns performing 0 second-level cache hits
	0 ns performing 0 second-level cache misses
	0 ns executing 0 flushes (flushing a total of 0 entities and 0 collections)
	283100 ns executing 2 pre-partial-flushes
	4114300 ns executing 2 partial-flushes (flushing a total of 2 entities and 2 collections)

2026-09-20 01:21:55 [main] DEBUG o.s.t.c.t.TransactionContext - Rolled back transaction (1) for test class [ru.aston.user.service.repository.UserRepositoryTest]; test method [shouldCheckUserExistsByEmail]
2026-09-20 01:21:55 [main] DEBUG o.s.t.c.s.DirtiesContextTestExecutionListener - After test method: class [UserRepositoryTest], method [shouldCheckUserExistsByEmail], class annotated with @DirtiesContext [false] with mode [null], method annotated with @DirtiesContext [false] with mode [null]
2026-09-20 01:21:55 [main] DEBUG o.s.t.c.s.DependencyInjectionTestExecutionListener - Performing dependency injection for test class ru.aston.user.service.repository.UserRepositoryTest
2026-09-20 01:21:55 [main] DEBUG o.springframework.test.context.cache - Spring test ApplicationContext cache statistics: [DefaultContextCache@5d6d6533 size = 1, maxSize = 32, contextUsageCount = 1, parentContextCount = 0, hitCount = 9, missCount = 1, failureCount = 0]
2026-09-20 01:21:55 [main] DEBUG o.springframework.test.context.cache - Spring test ApplicationContext cache statistics: [DefaultContextCache@5d6d6533 size = 1, maxSize = 32, contextUsageCount = 1, parentContextCount = 0, hitCount = 10, missCount = 1, failureCount = 0]
2026-09-20 01:21:55 [main] DEBUG o.s.t.c.s.DirtiesContextBeforeModesTestExecutionListener - Before test method: class [UserRepositoryTest], method [shouldFindUserByEmail], class annotated with @DirtiesContext [false] with mode [null], method annotated with @DirtiesContext [false] with mode [null]
2026-09-20 01:21:55 [main] DEBUG o.s.t.c.t.TransactionalTestExecutionListener - Explicit transaction definition [PROPAGATION_REQUIRED,ISOLATION_DEFAULT] found for test class [ru.aston.user.service.repository.UserRepositoryTest] and test method [shouldFindUserByEmail]
2026-09-20 01:21:55 [main] DEBUG o.springframework.test.context.cache - Spring test ApplicationContext cache statistics: [DefaultContextCache@5d6d6533 size = 1, maxSize = 32, contextUsageCount = 1, parentContextCount = 0, hitCount = 11, missCount = 1, failureCount = 0]
2026-09-20 01:21:55 [main] DEBUG o.s.t.c.t.TransactionalTestExecutionListener - No method-level @Rollback override: using default rollback [true] for test method [void ru.aston.user.service.repository.UserRepositoryTest.shouldFindUserByEmail()]
2026-09-20 01:21:55 [main] DEBUG o.s.orm.jpa.JpaTransactionManager - Creating new transaction with name [ru.aston.user.service.repository.UserRepositoryTest.shouldFindUserByEmail]: PROPAGATION_REQUIRED,ISOLATION_DEFAULT
2026-09-20 01:21:55 [main] DEBUG org.hibernate.orm.core - HHH006588: Opening session [tenant=null]
2026-09-20 01:21:55 [main] DEBUG o.s.orm.jpa.JpaTransactionManager - Opened new EntityManager [SessionImpl(1089365580<open>)] for JPA transaction
2026-09-20 01:21:55 [main] DEBUG org.hibernate.orm.core - HHH006583: Beginning transaction
2026-09-20 01:21:55 [main] DEBUG o.s.orm.jpa.JpaTransactionManager - Exposing JPA transaction as JDBC [org.springframework.orm.jpa.vendor.HibernateJpaDialect$HibernateConnectionHandle@52072c45]
2026-09-20 01:21:55 [main] DEBUG o.s.t.c.t.TransactionContext - Began transaction (1) for test class [ru.aston.user.service.repository.UserRepositoryTest]; test method [shouldFindUserByEmail]; transaction manager [org.springframework.orm.jpa.JpaTransactionManager@834529e]; rollback [true]
2026-09-20 01:21:55 [main] DEBUG o.springframework.test.context.cache - Spring test ApplicationContext cache statistics: [DefaultContextCache@5d6d6533 size = 1, maxSize = 32, contextUsageCount = 1, parentContextCount = 0, hitCount = 12, missCount = 1, failureCount = 0]
2026-09-20 01:21:55 [main] DEBUG o.springframework.test.context.cache - Spring test ApplicationContext cache statistics: [DefaultContextCache@5d6d6533 size = 1, maxSize = 32, contextUsageCount = 1, parentContextCount = 0, hitCount = 13, missCount = 1, failureCount = 0]
2026-09-20 01:21:55 [main] DEBUG o.springframework.test.context.cache - Spring test ApplicationContext cache statistics: [DefaultContextCache@5d6d6533 size = 1, maxSize = 32, contextUsageCount = 1, parentContextCount = 0, hitCount = 14, missCount = 1, failureCount = 0]
2026-09-20 01:21:55 [main] DEBUG o.s.orm.jpa.JpaTransactionManager - Found thread-bound EntityManager [SessionImpl(1089365580<open>)] for JPA transaction
2026-09-20 01:21:55 [main] DEBUG o.s.orm.jpa.JpaTransactionManager - Participating in existing transaction
2026-09-20 01:21:55 [main] DEBUG org.hibernate.SQL - insert into users (age,created_at,email,name) values (?,?,?,?)
2026-09-20 01:21:55 [main] DEBUG o.s.d.j.r.query.PartTreeJpaQuery - QueryPreparer: Derived query for query method [public abstract java.util.Optional ru.aston.user.service.repository.UserRepository.findByEmail(java.lang.String)]: 'SELECT u FROM User u WHERE u.email = :email'
2026-09-20 01:21:55 [main] DEBUG org.hibernate.orm.event - HHH90060071: Flushed: 0 insertions, 0 updates, 0 deletions to 1 objects
2026-09-20 01:21:55 [main] DEBUG org.hibernate.orm.event - HHH90060072: Flushed: 0 (re)creations, 0 updates, 0 removals to 0 collections
2026-09-20 01:21:55 [main] DEBUG org.hibernate.orm.core - Listing entities:
2026-09-20 01:21:55 [main] DEBUG org.hibernate.orm.core - ru.aston.user.service.entity.User{createdAt=2026-09-20T01:21:55.648360100, name=crazyfrog, id=19, age=25, email=crazyfrog@mail.com}
2026-09-20 01:21:55 [main] DEBUG org.hibernate.SQL - select u1_0.id,u1_0.age,u1_0.created_at,u1_0.email,u1_0.name from users u1_0 where u1_0.email=?
2026-09-20 01:21:55 [main] DEBUG o.springframework.test.context.cache - Spring test ApplicationContext cache statistics: [DefaultContextCache@5d6d6533 size = 1, maxSize = 32, contextUsageCount = 1, parentContextCount = 0, hitCount = 15, missCount = 1, failureCount = 0]
2026-09-20 01:21:55 [main] DEBUG o.springframework.test.context.cache - Spring test ApplicationContext cache statistics: [DefaultContextCache@5d6d6533 size = 1, maxSize = 32, contextUsageCount = 1, parentContextCount = 0, hitCount = 16, missCount = 1, failureCount = 0]
2026-09-20 01:21:55 [main] DEBUG o.springframework.test.context.cache - Spring test ApplicationContext cache statistics: [DefaultContextCache@5d6d6533 size = 1, maxSize = 32, contextUsageCount = 1, parentContextCount = 0, hitCount = 17, missCount = 1, failureCount = 0]
2026-09-20 01:21:55 [main] DEBUG o.s.orm.jpa.JpaTransactionManager - Initiating transaction rollback
2026-09-20 01:21:55 [main] DEBUG o.s.orm.jpa.JpaTransactionManager - Rolling back JPA transaction on EntityManager [SessionImpl(1089365580<open>)]
2026-09-20 01:21:55 [main] DEBUG org.hibernate.orm.core - HHH006585: Rolling back transaction
2026-09-20 01:21:55 [main] DEBUG o.s.orm.jpa.JpaTransactionManager - Closing JPA EntityManager after transaction
2026-09-20 01:21:55 [main] DEBUG org.hibernate.session.metrics - HHH000401: Logging session metrics:
	19800 ns acquiring 1 JDBC connections
	0 ns releasing 0 JDBC connections
	121800 ns preparing 2 JDBC statements
	957600 ns executing 2 JDBC statements
	0 ns executing 0 JDBC batches
	0 ns performing 0 second-level cache puts
	0 ns performing 0 second-level cache hits
	0 ns performing 0 second-level cache misses
	0 ns executing 0 flushes (flushing a total of 0 entities and 0 collections)
	7000 ns executing 1 pre-partial-flushes
	302000 ns executing 1 partial-flushes (flushing a total of 1 entities and 1 collections)

2026-09-20 01:21:55 [main] DEBUG o.s.t.c.t.TransactionContext - Rolled back transaction (1) for test class [ru.aston.user.service.repository.UserRepositoryTest]; test method [shouldFindUserByEmail]
2026-09-20 01:21:55 [main] DEBUG o.s.t.c.s.DirtiesContextTestExecutionListener - After test method: class [UserRepositoryTest], method [shouldFindUserByEmail], class annotated with @DirtiesContext [false] with mode [null], method annotated with @DirtiesContext [false] with mode [null]
2026-09-20 01:21:55 [main] DEBUG o.s.t.c.s.DependencyInjectionTestExecutionListener - Performing dependency injection for test class ru.aston.user.service.repository.UserRepositoryTest
2026-09-20 01:21:55 [main] DEBUG o.springframework.test.context.cache - Spring test ApplicationContext cache statistics: [DefaultContextCache@5d6d6533 size = 1, maxSize = 32, contextUsageCount = 1, parentContextCount = 0, hitCount = 18, missCount = 1, failureCount = 0]
2026-09-20 01:21:55 [main] DEBUG o.springframework.test.context.cache - Spring test ApplicationContext cache statistics: [DefaultContextCache@5d6d6533 size = 1, maxSize = 32, contextUsageCount = 1, parentContextCount = 0, hitCount = 19, missCount = 1, failureCount = 0]
2026-09-20 01:21:55 [main] DEBUG o.s.t.c.s.DirtiesContextBeforeModesTestExecutionListener - Before test method: class [UserRepositoryTest], method [shouldFindUsersByNameIgnoreCase], class annotated with @DirtiesContext [false] with mode [null], method annotated with @DirtiesContext [false] with mode [null]
2026-09-20 01:21:55 [main] DEBUG o.s.t.c.t.TransactionalTestExecutionListener - Explicit transaction definition [PROPAGATION_REQUIRED,ISOLATION_DEFAULT] found for test class [ru.aston.user.service.repository.UserRepositoryTest] and test method [shouldFindUsersByNameIgnoreCase]
2026-09-20 01:21:55 [main] DEBUG o.springframework.test.context.cache - Spring test ApplicationContext cache statistics: [DefaultContextCache@5d6d6533 size = 1, maxSize = 32, contextUsageCount = 1, parentContextCount = 0, hitCount = 20, missCount = 1, failureCount = 0]
2026-09-20 01:21:55 [main] DEBUG o.s.t.c.t.TransactionalTestExecutionListener - No method-level @Rollback override: using default rollback [true] for test method [void ru.aston.user.service.repository.UserRepositoryTest.shouldFindUsersByNameIgnoreCase()]
2026-09-20 01:21:55 [main] DEBUG o.s.orm.jpa.JpaTransactionManager - Creating new transaction with name [ru.aston.user.service.repository.UserRepositoryTest.shouldFindUsersByNameIgnoreCase]: PROPAGATION_REQUIRED,ISOLATION_DEFAULT
2026-09-20 01:21:55 [main] DEBUG org.hibernate.orm.core - HHH006588: Opening session [tenant=null]
2026-09-20 01:21:55 [main] DEBUG o.s.orm.jpa.JpaTransactionManager - Opened new EntityManager [SessionImpl(242941392<open>)] for JPA transaction
2026-09-20 01:21:55 [main] DEBUG org.hibernate.orm.core - HHH006583: Beginning transaction
2026-09-20 01:21:55 [main] DEBUG o.s.orm.jpa.JpaTransactionManager - Exposing JPA transaction as JDBC [org.springframework.orm.jpa.vendor.HibernateJpaDialect$HibernateConnectionHandle@3125a827]
2026-09-20 01:21:55 [main] DEBUG o.s.t.c.t.TransactionContext - Began transaction (1) for test class [ru.aston.user.service.repository.UserRepositoryTest]; test method [shouldFindUsersByNameIgnoreCase]; transaction manager [org.springframework.orm.jpa.JpaTransactionManager@834529e]; rollback [true]
2026-09-20 01:21:55 [main] DEBUG o.springframework.test.context.cache - Spring test ApplicationContext cache statistics: [DefaultContextCache@5d6d6533 size = 1, maxSize = 32, contextUsageCount = 1, parentContextCount = 0, hitCount = 21, missCount = 1, failureCount = 0]
2026-09-20 01:21:55 [main] DEBUG o.springframework.test.context.cache - Spring test ApplicationContext cache statistics: [DefaultContextCache@5d6d6533 size = 1, maxSize = 32, contextUsageCount = 1, parentContextCount = 0, hitCount = 22, missCount = 1, failureCount = 0]
2026-09-20 01:21:55 [main] DEBUG o.springframework.test.context.cache - Spring test ApplicationContext cache statistics: [DefaultContextCache@5d6d6533 size = 1, maxSize = 32, contextUsageCount = 1, parentContextCount = 0, hitCount = 23, missCount = 1, failureCount = 0]
2026-09-20 01:21:55 [main] DEBUG o.s.orm.jpa.JpaTransactionManager - Found thread-bound EntityManager [SessionImpl(242941392<open>)] for JPA transaction
2026-09-20 01:21:55 [main] DEBUG o.s.orm.jpa.JpaTransactionManager - Participating in existing transaction
2026-09-20 01:21:55 [main] DEBUG org.hibernate.SQL - insert into users (age,created_at,email,name) values (?,?,?,?)
2026-09-20 01:21:55 [main] DEBUG o.s.orm.jpa.JpaTransactionManager - Found thread-bound EntityManager [SessionImpl(242941392<open>)] for JPA transaction
2026-09-20 01:21:55 [main] DEBUG o.s.orm.jpa.JpaTransactionManager - Participating in existing transaction
2026-09-20 01:21:55 [main] DEBUG org.hibernate.SQL - insert into users (age,created_at,email,name) values (?,?,?,?)
2026-09-20 01:21:55 [main] DEBUG o.s.d.j.r.query.PartTreeJpaQuery - QueryPreparer: Derived query for query method [public abstract java.util.List ru.aston.user.service.repository.UserRepository.findByNameContainingIgnoreCase(java.lang.String)]: 'SELECT u FROM User u WHERE UPPER(u.name) LIKE UPPER(:name) ESCAPE '\''
2026-09-20 01:21:55 [main] DEBUG org.hibernate.orm.event - HHH90060071: Flushed: 0 insertions, 0 updates, 0 deletions to 2 objects
2026-09-20 01:21:55 [main] DEBUG org.hibernate.orm.event - HHH90060072: Flushed: 0 (re)creations, 0 updates, 0 removals to 0 collections
2026-09-20 01:21:55 [main] DEBUG org.hibernate.orm.core - Listing entities:
2026-09-20 01:21:55 [main] DEBUG org.hibernate.orm.core - ru.aston.user.service.entity.User{createdAt=2026-09-20T01:21:55.673359900, name=crazyfrog, id=20, age=25, email=crazyfrog@mail.com}
2026-09-20 01:21:55 [main] DEBUG org.hibernate.orm.core - ru.aston.user.service.entity.User{createdAt=2026-09-20T01:21:55.674358300, name=CrazyFrog, id=21, age=30, email=other@mail.com}
2026-09-20 01:21:55 [main] DEBUG org.hibernate.SQL - select u1_0.id,u1_0.age,u1_0.created_at,u1_0.email,u1_0.name from users u1_0 where upper(u1_0.name) like upper(?) escape '\'
2026-09-20 01:21:55 [main] DEBUG o.springframework.test.context.cache - Spring test ApplicationContext cache statistics: [DefaultContextCache@5d6d6533 size = 1, maxSize = 32, contextUsageCount = 1, parentContextCount = 0, hitCount = 24, missCount = 1, failureCount = 0]
2026-09-20 01:21:55 [main] DEBUG o.springframework.test.context.cache - Spring test ApplicationContext cache statistics: [DefaultContextCache@5d6d6533 size = 1, maxSize = 32, contextUsageCount = 1, parentContextCount = 0, hitCount = 25, missCount = 1, failureCount = 0]
2026-09-20 01:21:55 [main] DEBUG o.springframework.test.context.cache - Spring test ApplicationContext cache statistics: [DefaultContextCache@5d6d6533 size = 1, maxSize = 32, contextUsageCount = 1, parentContextCount = 0, hitCount = 26, missCount = 1, failureCount = 0]
2026-09-20 01:21:55 [main] DEBUG o.s.orm.jpa.JpaTransactionManager - Initiating transaction rollback
2026-09-20 01:21:55 [main] DEBUG o.s.orm.jpa.JpaTransactionManager - Rolling back JPA transaction on EntityManager [SessionImpl(242941392<open>)]
2026-09-20 01:21:55 [main] DEBUG org.hibernate.orm.core - HHH006585: Rolling back transaction
2026-09-20 01:21:55 [main] DEBUG o.s.orm.jpa.JpaTransactionManager - Closing JPA EntityManager after transaction
2026-09-20 01:21:55 [main] DEBUG org.hibernate.session.metrics - HHH000401: Logging session metrics:
	21000 ns acquiring 1 JDBC connections
	0 ns releasing 0 JDBC connections
	176100 ns preparing 3 JDBC statements
	1935800 ns executing 3 JDBC statements
	0 ns executing 0 JDBC batches
	0 ns performing 0 second-level cache puts
	0 ns performing 0 second-level cache hits
	0 ns performing 0 second-level cache misses
	0 ns executing 0 flushes (flushing a total of 0 entities and 0 collections)
	12700 ns executing 1 pre-partial-flushes
	614000 ns executing 1 partial-flushes (flushing a total of 2 entities and 2 collections)

2026-09-20 01:21:55 [main] DEBUG o.s.t.c.t.TransactionContext - Rolled back transaction (1) for test class [ru.aston.user.service.repository.UserRepositoryTest]; test method [shouldFindUsersByNameIgnoreCase]
2026-09-20 01:21:55 [main] DEBUG o.s.t.c.s.DirtiesContextTestExecutionListener - After test method: class [UserRepositoryTest], method [shouldFindUsersByNameIgnoreCase], class annotated with @DirtiesContext [false] with mode [null], method annotated with @DirtiesContext [false] with mode [null]
2026-09-20 01:21:55 [main] DEBUG o.s.t.c.s.DependencyInjectionTestExecutionListener - Performing dependency injection for test class ru.aston.user.service.repository.UserRepositoryTest
2026-09-20 01:21:55 [main] DEBUG o.springframework.test.context.cache - Spring test ApplicationContext cache statistics: [DefaultContextCache@5d6d6533 size = 1, maxSize = 32, contextUsageCount = 1, parentContextCount = 0, hitCount = 27, missCount = 1, failureCount = 0]
2026-09-20 01:21:55 [main] DEBUG o.springframework.test.context.cache - Spring test ApplicationContext cache statistics: [DefaultContextCache@5d6d6533 size = 1, maxSize = 32, contextUsageCount = 1, parentContextCount = 0, hitCount = 28, missCount = 1, failureCount = 0]
2026-09-20 01:21:55 [main] DEBUG o.s.t.c.s.DirtiesContextBeforeModesTestExecutionListener - Before test method: class [UserRepositoryTest], method [shouldSaveUser], class annotated with @DirtiesContext [false] with mode [null], method annotated with @DirtiesContext [false] with mode [null]
2026-09-20 01:21:55 [main] DEBUG o.s.t.c.t.TransactionalTestExecutionListener - Explicit transaction definition [PROPAGATION_REQUIRED,ISOLATION_DEFAULT] found for test class [ru.aston.user.service.repository.UserRepositoryTest] and test method [shouldSaveUser]
2026-09-20 01:21:55 [main] DEBUG o.springframework.test.context.cache - Spring test ApplicationContext cache statistics: [DefaultContextCache@5d6d6533 size = 1, maxSize = 32, contextUsageCount = 1, parentContextCount = 0, hitCount = 29, missCount = 1, failureCount = 0]
2026-09-20 01:21:55 [main] DEBUG o.s.t.c.t.TransactionalTestExecutionListener - No method-level @Rollback override: using default rollback [true] for test method [void ru.aston.user.service.repository.UserRepositoryTest.shouldSaveUser()]
2026-09-20 01:21:55 [main] DEBUG o.s.orm.jpa.JpaTransactionManager - Creating new transaction with name [ru.aston.user.service.repository.UserRepositoryTest.shouldSaveUser]: PROPAGATION_REQUIRED,ISOLATION_DEFAULT
2026-09-20 01:21:55 [main] DEBUG org.hibernate.orm.core - HHH006588: Opening session [tenant=null]
2026-09-20 01:21:55 [main] DEBUG o.s.orm.jpa.JpaTransactionManager - Opened new EntityManager [SessionImpl(1644952972<open>)] for JPA transaction
2026-09-20 01:21:55 [main] DEBUG org.hibernate.orm.core - HHH006583: Beginning transaction
2026-09-20 01:21:55 [main] DEBUG o.s.orm.jpa.JpaTransactionManager - Exposing JPA transaction as JDBC [org.springframework.orm.jpa.vendor.HibernateJpaDialect$HibernateConnectionHandle@73f937d9]
2026-09-20 01:21:55 [main] DEBUG o.s.t.c.t.TransactionContext - Began transaction (1) for test class [ru.aston.user.service.repository.UserRepositoryTest]; test method [shouldSaveUser]; transaction manager [org.springframework.orm.jpa.JpaTransactionManager@834529e]; rollback [true]
2026-09-20 01:21:55 [main] DEBUG o.springframework.test.context.cache - Spring test ApplicationContext cache statistics: [DefaultContextCache@5d6d6533 size = 1, maxSize = 32, contextUsageCount = 1, parentContextCount = 0, hitCount = 30, missCount = 1, failureCount = 0]
2026-09-20 01:21:55 [main] DEBUG o.springframework.test.context.cache - Spring test ApplicationContext cache statistics: [DefaultContextCache@5d6d6533 size = 1, maxSize = 32, contextUsageCount = 1, parentContextCount = 0, hitCount = 31, missCount = 1, failureCount = 0]
2026-09-20 01:21:55 [main] DEBUG o.springframework.test.context.cache - Spring test ApplicationContext cache statistics: [DefaultContextCache@5d6d6533 size = 1, maxSize = 32, contextUsageCount = 1, parentContextCount = 0, hitCount = 32, missCount = 1, failureCount = 0]
2026-09-20 01:21:55 [main] DEBUG o.s.orm.jpa.JpaTransactionManager - Found thread-bound EntityManager [SessionImpl(1644952972<open>)] for JPA transaction
2026-09-20 01:21:55 [main] DEBUG o.s.orm.jpa.JpaTransactionManager - Participating in existing transaction
2026-09-20 01:21:55 [main] DEBUG org.hibernate.SQL - insert into users (age,created_at,email,name) values (?,?,?,?)
2026-09-20 01:21:55 [main] DEBUG o.springframework.test.context.cache - Spring test ApplicationContext cache statistics: [DefaultContextCache@5d6d6533 size = 1, maxSize = 32, contextUsageCount = 1, parentContextCount = 0, hitCount = 33, missCount = 1, failureCount = 0]
2026-09-20 01:21:55 [main] DEBUG o.springframework.test.context.cache - Spring test ApplicationContext cache statistics: [DefaultContextCache@5d6d6533 size = 1, maxSize = 32, contextUsageCount = 1, parentContextCount = 0, hitCount = 34, missCount = 1, failureCount = 0]
2026-09-20 01:21:55 [main] DEBUG o.springframework.test.context.cache - Spring test ApplicationContext cache statistics: [DefaultContextCache@5d6d6533 size = 1, maxSize = 32, contextUsageCount = 1, parentContextCount = 0, hitCount = 35, missCount = 1, failureCount = 0]
2026-09-20 01:21:55 [main] DEBUG o.s.orm.jpa.JpaTransactionManager - Initiating transaction rollback
2026-09-20 01:21:55 [main] DEBUG o.s.orm.jpa.JpaTransactionManager - Rolling back JPA transaction on EntityManager [SessionImpl(1644952972<open>)]
2026-09-20 01:21:55 [main] DEBUG org.hibernate.orm.core - HHH006585: Rolling back transaction
2026-09-20 01:21:55 [main] DEBUG o.s.orm.jpa.JpaTransactionManager - Closing JPA EntityManager after transaction
2026-09-20 01:21:55 [main] DEBUG org.hibernate.session.metrics - HHH000401: Logging session metrics:
	24500 ns acquiring 1 JDBC connections
	0 ns releasing 0 JDBC connections
	43600 ns preparing 1 JDBC statements
	997200 ns executing 1 JDBC statements
	0 ns executing 0 JDBC batches
	0 ns performing 0 second-level cache puts
	0 ns performing 0 second-level cache hits
	0 ns performing 0 second-level cache misses
	0 ns executing 0 flushes (flushing a total of 0 entities and 0 collections)
	0 ns executing 0 pre-partial-flushes
	0 ns executing 0 partial-flushes (flushing a total of 0 entities and 0 collections)

2026-09-20 01:21:55 [main] DEBUG o.s.t.c.t.TransactionContext - Rolled back transaction (1) for test class [ru.aston.user.service.repository.UserRepositoryTest]; test method [shouldSaveUser]
2026-09-20 01:21:55 [main] DEBUG o.s.t.c.s.DirtiesContextTestExecutionListener - After test method: class [UserRepositoryTest], method [shouldSaveUser], class annotated with @DirtiesContext [false] with mode [null], method annotated with @DirtiesContext [false] with mode [null]
2026-09-20 01:21:55 [main] DEBUG o.springframework.test.context.cache - Spring test ApplicationContext cache statistics: [DefaultContextCache@5d6d6533 size = 1, maxSize = 32, contextUsageCount = 1, parentContextCount = 0, hitCount = 36, missCount = 1, failureCount = 0]
2026-09-20 01:21:55 [main] DEBUG o.springframework.test.context.cache - Spring test ApplicationContext cache statistics: [DefaultContextCache@5d6d6533 size = 1, maxSize = 32, contextUsageCount = 1, parentContextCount = 0, hitCount = 37, missCount = 1, failureCount = 0]
2026-09-20 01:21:55 [main] DEBUG o.s.t.c.s.DirtiesContextTestExecutionListener - After test class: class [UserRepositoryTest], class annotated with @DirtiesContext [false] with mode [null]
2026-09-20 01:21:55 [SpringApplicationShutdownHook] DEBUG o.s.c.a.AnnotationConfigApplicationContext - Closing org.springframework.context.annotation.AnnotationConfigApplicationContext@49d831c2, started on Sun Sep 20 01:21:51 MSK 2026
2026-09-20 01:21:55 [SpringApplicationShutdownHook] DEBUG o.s.c.s.DefaultLifecycleProcessor - Stopping beans in phase -2147483647
2026-09-20 01:21:55 [SpringApplicationShutdownHook] DEBUG o.s.c.s.DefaultLifecycleProcessor - Bean 'springBootLoggingLifecycle' completed its stop procedure
2026-09-20 01:21:55 [SpringApplicationShutdownHook] INFO  o.s.o.j.LocalContainerEntityManagerFactoryBean - Closing JPA EntityManagerFactory for persistence unit 'default'
2026-09-20 01:21:55 [SpringApplicationShutdownHook] DEBUG org.hibernate.orm.factory - HHH90020005: Closing factory [7e7bffea-9b72-4328-98de-7647f9f807b9]
2026-09-20 01:21:55 [SpringApplicationShutdownHook] INFO  com.zaxxer.hikari.HikariDataSource - HikariPool-1 - Shutdown initiated...
2026-09-20 01:21:55 [SpringApplicationShutdownHook] DEBUG com.zaxxer.hikari.pool.HikariPool - HikariPool-1 - Before shutdown stats (total=10/10, idle=10/10, active=0, waiting=0)
2026-09-20 01:21:55 [HikariPool-1:connection-closer] DEBUG com.zaxxer.hikari.pool.PoolBase - HikariPool-1 - Closing connection org.postgresql.jdbc.PgConnection@96abc76: (connection evicted)
2026-09-20 01:21:55 [HikariPool-1:connection-closer] DEBUG com.zaxxer.hikari.pool.PoolBase - HikariPool-1 - Closing connection org.postgresql.jdbc.PgConnection@26314c30: (connection evicted)
2026-09-20 01:21:55 [HikariPool-1:connection-closer] DEBUG com.zaxxer.hikari.pool.PoolBase - HikariPool-1 - Closing connection org.postgresql.jdbc.PgConnection@529a717a: (connection evicted)
2026-09-20 01:21:55 [HikariPool-1:connection-closer] DEBUG com.zaxxer.hikari.pool.PoolBase - HikariPool-1 - Closing connection org.postgresql.jdbc.PgConnection@2de3feab: (connection evicted)
2026-09-20 01:21:55 [HikariPool-1:connection-closer] DEBUG com.zaxxer.hikari.pool.PoolBase - HikariPool-1 - Closing connection org.postgresql.jdbc.PgConnection@7525678: (connection evicted)
2026-09-20 01:21:55 [HikariPool-1:connection-closer] DEBUG com.zaxxer.hikari.pool.PoolBase - HikariPool-1 - Closing connection org.postgresql.jdbc.PgConnection@7032d37a: (connection evicted)
2026-09-20 01:21:55 [HikariPool-1:connection-closer] DEBUG com.zaxxer.hikari.pool.PoolBase - HikariPool-1 - Closing connection org.postgresql.jdbc.PgConnection@f35eb5b: (connection evicted)
2026-09-20 01:21:55 [HikariPool-1:connection-closer] DEBUG com.zaxxer.hikari.pool.PoolBase - HikariPool-1 - Closing connection org.postgresql.jdbc.PgConnection@693b13ed: (connection evicted)
2026-09-20 01:21:55 [HikariPool-1:connection-closer] DEBUG com.zaxxer.hikari.pool.PoolBase - HikariPool-1 - Closing connection org.postgresql.jdbc.PgConnection@85bb650: (connection evicted)
2026-09-20 01:21:55 [HikariPool-1:connection-closer] DEBUG com.zaxxer.hikari.pool.PoolBase - HikariPool-1 - Closing connection org.postgresql.jdbc.PgConnection@3a26dbf3: (connection evicted)
2026-09-20 01:21:55 [SpringApplicationShutdownHook] DEBUG com.zaxxer.hikari.pool.HikariPool - HikariPool-1 - After  shutdown stats (total=0/10, idle=0/10, active=0, waiting=0)
2026-09-20 01:21:55 [SpringApplicationShutdownHook] INFO  com.zaxxer.hikari.HikariDataSource - HikariPool-1 - Shutdown completed.
2026-09-20 01:22:04 [main] INFO  r.a.u.service.UserServiceApplication - Starting UserServiceApplication using Java 24.0.1 with PID 19328 (D:\aston\intensive\user-service\target\classes started by Vadim in D:\aston\intensive\user-service)
2026-09-20 01:22:04 [main] DEBUG r.a.u.service.UserServiceApplication - Running with Spring Boot v4.1.1, Spring v7.0.9
2026-09-20 01:22:04 [main] INFO  r.a.u.service.UserServiceApplication - No active profile set, falling back to 1 default profile: "default"
2026-09-20 01:22:04 [main] DEBUG o.s.boot.SpringApplication - Loading source class ru.aston.user.service.UserServiceApplication
2026-09-20 01:22:04 [main] DEBUG o.s.b.w.s.s.c.AnnotationConfigServletWebServerApplicationContext - Refreshing org.springframework.boot.web.server.servlet.context.AnnotationConfigServletWebServerApplicationContext@2ca47471
2026-09-20 01:22:04 [main] DEBUG o.s.b.f.s.DefaultListableBeanFactory - Creating shared instance of singleton bean 'org.springframework.context.annotation.internalConfigurationAnnotationProcessor'
2026-09-20 01:22:04 [main] DEBUG o.s.b.f.s.DefaultListableBeanFactory - Creating shared instance of singleton bean 'org.springframework.boot.autoconfigure.internalCachingMetadataReaderFactory'
2026-09-20 01:22:04 [main] DEBUG o.s.c.a.ClassPathBeanDefinitionScanner - Identified candidate component class: file [D:\aston\intensive\user-service\target\classes\ru\aston\user\service\mapper\UserMapper.class]
2026-09-20 01:22:04 [main] DEBUG o.s.c.a.ClassPathBeanDefinitionScanner - Identified candidate component class: file [D:\aston\intensive\user-service\target\classes\ru\aston\user\service\service\UserServiceImpl.class]
2026-09-20 01:22:05 [background-preinit] DEBUG org.jboss.logging - Logging Provider: org.jboss.logging.Slf4jLoggerProvider found via system property
2026-09-20 01:22:05 [background-preinit] INFO  o.h.validator.internal.util.Version - HV000001: Hibernate Validator 9.1.3.Final
2026-09-20 01:22:05 [background-preinit] DEBUG o.h.v.i.x.config.ValidationXmlParser - Trying to load META-INF/validation.xml for XML based Validator configuration.
2026-09-20 01:22:05 [background-preinit] DEBUG o.h.v.i.x.c.ResourceLoaderHelper - Trying to load META-INF/validation.xml via TCCL
2026-09-20 01:22:05 [background-preinit] DEBUG o.h.v.i.x.c.ResourceLoaderHelper - Trying to load META-INF/validation.xml via Hibernate Validator's class loader
2026-09-20 01:22:05 [background-preinit] DEBUG o.h.v.i.x.config.ValidationXmlParser - No META-INF/validation.xml found. Using annotation based configuration only.
2026-09-20 01:22:05 [background-preinit] DEBUG o.h.v.i.e.r.TraversableResolvers - Found jakarta.persistence.Persistence on classpath containing 'getPersistenceUtil'. Assuming Jakarta Persistence environment. Trying to instantiate Jakarta Persistence aware TraversableResolver
2026-09-20 01:22:05 [background-preinit] DEBUG o.h.v.i.e.r.TraversableResolvers - Instantiated Jakarta Persistence aware TraversableResolver of type org.hibernate.validator.internal.engine.resolver.JPATraversableResolver.
2026-09-20 01:22:05 [background-preinit] DEBUG o.h.v.m.ResourceBundleMessageInterpolator - Loaded expression factory via original TCCL
2026-09-20 01:22:05 [background-preinit] DEBUG o.h.v.i.e.ValidatorFactoryConfigurationHelper - HV000252: Using org.hibernate.validator.internal.engine.DefaultPropertyNodeNameProvider as property node name provider.
2026-09-20 01:22:05 [background-preinit] DEBUG o.h.v.i.e.ValidatorFactoryConfigurationHelper - HV000234: Using org.hibernate.validator.messageinterpolation.ResourceBundleMessageInterpolator as ValidatorFactory-scoped message interpolator.
2026-09-20 01:22:05 [background-preinit] DEBUG o.h.v.i.e.ValidatorFactoryConfigurationHelper - HV000234: Using org.hibernate.validator.internal.engine.resolver.JPATraversableResolver as ValidatorFactory-scoped traversable resolver.
2026-09-20 01:22:05 [background-preinit] DEBUG o.h.v.i.e.ValidatorFactoryConfigurationHelper - HV000234: Using org.hibernate.validator.internal.util.ExecutableParameterNameProvider as ValidatorFactory-scoped parameter name provider.
2026-09-20 01:22:05 [background-preinit] DEBUG o.h.v.i.e.ValidatorFactoryConfigurationHelper - HV000234: Using org.hibernate.validator.internal.engine.DefaultClockProvider as ValidatorFactory-scoped clock provider.
2026-09-20 01:22:05 [background-preinit] DEBUG o.h.v.i.e.ValidatorFactoryConfigurationHelper - HV000234: Using org.hibernate.validator.internal.engine.scripting.DefaultScriptEvaluatorFactory as ValidatorFactory-scoped script evaluator factory.
2026-09-20 01:22:05 [main] INFO  o.s.d.r.c.RepositoryConfigurationDelegate - Bootstrapping Spring Data JPA repositories in DEFAULT mode.
2026-09-20 01:22:05 [main] DEBUG o.s.b.f.s.DefaultListableBeanFactory - Creating shared instance of singleton bean 'org.springframework.boot.autoconfigure.AutoConfigurationPackages'
2026-09-20 01:22:05 [main] DEBUG o.s.b.a.AutoConfigurationPackages - @EnableAutoConfiguration was declared on a class in the package 'ru.aston.user.service'. Automatic @Repository and @Entity scanning is enabled.
2026-09-20 01:22:05 [main] DEBUG o.s.d.r.c.RepositoryConfigurationDelegate - Scanning for JPA repositories in packages ru.aston.user.service.
2026-09-20 01:22:05 [main] DEBUG o.s.d.r.c.RepositoryComponentProvider - Identified candidate component class: file [D:\aston\intensive\user-service\target\classes\ru\aston\user\service\repository\UserRepository.class]
2026-09-20 01:22:05 [main] DEBUG o.s.c.a.ClassPathScanningCandidateComponentProvider - Identified candidate component class: file [D:\aston\intensive\user-service\target\classes\ru\aston\user\service\service\UserServiceImpl.class]
2026-09-20 01:22:05 [main] INFO  o.s.d.r.c.RepositoryConfigurationDelegate - Finished Spring Data repository scanning in 23 ms. Found 1 JPA repository interface.
2026-09-20 01:22:05 [main] DEBUG o.s.b.f.s.DefaultListableBeanFactory - Creating shared instance of singleton bean 'propertySourcesPlaceholderConfigurer'
2026-09-20 01:22:05 [main] DEBUG o.s.b.f.s.DefaultListableBeanFactory - Creating shared instance of singleton bean 'org.springframework.boot.sql.init.dependency.DatabaseInitializationDependencyConfigurer$DependsOnDatabaseInitializationPostProcessor'
2026-09-20 01:22:05 [main] DEBUG o.s.b.f.s.DefaultListableBeanFactory - Creating shared instance of singleton bean 'org.springframework.context.event.internalEventListenerProcessor'
2026-09-20 01:22:05 [main] DEBUG o.s.b.f.s.DefaultListableBeanFactory - Creating shared instance of singleton bean 'bootstrapExecutorAliasPostProcessor'
2026-09-20 01:22:05 [main] DEBUG o.s.b.f.s.DefaultListableBeanFactory - Creating shared instance of singleton bean 'preserveErrorControllerTargetClassPostProcessor'
2026-09-20 01:22:05 [main] DEBUG o.s.b.f.s.DefaultListableBeanFactory - Creating shared instance of singleton bean 'org.springframework.context.event.internalEventListenerFactory'
2026-09-20 01:22:05 [main] DEBUG o.s.b.f.s.DefaultListableBeanFactory - Creating shared instance of singleton bean 'org.springframework.transaction.config.internalTransactionalEventListenerFactory'
2026-09-20 01:22:05 [main] DEBUG o.s.b.f.s.DefaultListableBeanFactory - Creating shared instance of singleton bean 'org.springframework.context.annotation.internalAutowiredAnnotationProcessor'
2026-09-20 01:22:05 [main] DEBUG o.s.b.f.s.DefaultListableBeanFactory - Creating shared instance of singleton bean 'org.springframework.context.annotation.internalCommonAnnotationProcessor'
2026-09-20 01:22:05 [main] DEBUG o.s.b.f.s.DefaultListableBeanFactory - Creating shared instance of singleton bean 'org.springframework.context.annotation.internalPersistenceAnnotationProcessor'
2026-09-20 01:22:05 [main] DEBUG o.s.b.f.s.DefaultListableBeanFactory - Creating shared instance of singleton bean 'org.springframework.boot.context.properties.ConfigurationPropertiesBindingPostProcessor'
2026-09-20 01:22:05 [main] DEBUG o.s.b.f.s.DefaultListableBeanFactory - Creating shared instance of singleton bean 'org.springframework.boot.context.internalConfigurationPropertiesBinder'
2026-09-20 01:22:05 [main] DEBUG o.s.b.f.s.DefaultListableBeanFactory - Creating shared instance of singleton bean 'jdbcConnectionDetailsHikariBeanPostProcessor'
2026-09-20 01:22:05 [main] DEBUG o.s.b.f.s.DefaultListableBeanFactory - Creating shared instance of singleton bean 'methodValidationPostProcessor'
2026-09-20 01:22:05 [main] DEBUG o.s.b.f.s.DefaultListableBeanFactory - Autowiring by type from bean name 'methodValidationPostProcessor' via factory method to bean named 'environment'
2026-09-20 01:22:05 [main] DEBUG o.s.b.f.s.DefaultListableBeanFactory - Creating shared instance of singleton bean 'org.springframework.boot.context.properties.EnableConfigurationPropertiesRegistrar.methodValidationExcludeFilter'
2026-09-20 01:22:05 [main] DEBUG o.s.b.f.s.DefaultListableBeanFactory - Creating shared instance of singleton bean 'org.springframework.aop.framework.autoproxy.defaultProxyConfig'
2026-09-20 01:22:05 [main] DEBUG o.s.b.f.s.DefaultListableBeanFactory - Creating shared instance of singleton bean 'org.springframework.aop.config.internalAutoProxyCreator'
2026-09-20 01:22:05 [main] DEBUG o.s.b.f.s.DefaultListableBeanFactory - Creating shared instance of singleton bean 'persistenceExceptionTranslationPostProcessor'
2026-09-20 01:22:05 [main] DEBUG o.s.b.f.s.DefaultListableBeanFactory - Autowiring by type from bean name 'persistenceExceptionTranslationPostProcessor' via factory method to bean named 'environment'
2026-09-20 01:22:05 [main] DEBUG o.s.b.f.s.DefaultListableBeanFactory - Creating shared instance of singleton bean 'projectingArgumentResolverBeanPostProcessor'
2026-09-20 01:22:05 [main] DEBUG o.s.b.f.s.DefaultListableBeanFactory - Creating shared instance of singleton bean 'org.springframework.transaction.config.internalTransactionAdvisor'
2026-09-20 01:22:05 [main] DEBUG o.s.b.f.s.DefaultListableBeanFactory - Creating shared instance of singleton bean 'org.springframework.transaction.annotation.ProxyTransactionManagementConfiguration'
2026-09-20 01:22:05 [main] DEBUG o.s.b.f.s.DefaultListableBeanFactory - Creating shared instance of singleton bean 'transactionAttributeSource'
2026-09-20 01:22:05 [main] DEBUG o.s.b.f.s.DefaultListableBeanFactory - Creating shared instance of singleton bean 'transactionInterceptor'
2026-09-20 01:22:05 [main] DEBUG o.s.b.f.s.DefaultListableBeanFactory - Autowiring by type from bean name 'transactionInterceptor' via factory method to bean named 'transactionAttributeSource'
2026-09-20 01:22:05 [main] DEBUG o.s.b.f.s.DefaultListableBeanFactory - Autowiring by type from bean name 'org.springframework.transaction.config.internalTransactionAdvisor' via factory method to bean named 'transactionAttributeSource'
2026-09-20 01:22:05 [main] DEBUG o.s.b.f.s.DefaultListableBeanFactory - Autowiring by type from bean name 'org.springframework.transaction.config.internalTransactionAdvisor' via factory method to bean named 'transactionInterceptor'
2026-09-20 01:22:05 [main] DEBUG o.s.b.f.s.DefaultListableBeanFactory - Creating shared instance of singleton bean 'webServerFactoryCustomizerBeanPostProcessor'
2026-09-20 01:22:05 [main] DEBUG o.s.b.f.s.DefaultListableBeanFactory - Creating shared instance of singleton bean 'errorPageRegistrarBeanPostProcessor'
2026-09-20 01:22:05 [main] DEBUG o.s.b.f.s.DefaultListableBeanFactory - Creating shared instance of singleton bean 'tomcatServletWebServerFactory'
2026-09-20 01:22:05 [main] DEBUG o.s.b.f.s.DefaultListableBeanFactory - Creating shared instance of singleton bean 'org.springframework.boot.tomcat.autoconfigure.servlet.TomcatServletWebServerAutoConfiguration'
2026-09-20 01:22:05 [main] DEBUG o.s.b.f.s.DefaultListableBeanFactory - Creating shared instance of singleton bean 'server.tomcat-org.springframework.boot.tomcat.autoconfigure.TomcatServerProperties'
2026-09-20 01:22:05 [main] DEBUG o.s.b.f.s.DefaultListableBeanFactory - Creating shared instance of singleton bean 'org.springframework.boot.context.properties.BoundConfigurationProperties'
2026-09-20 01:22:05 [main] DEBUG o.s.b.f.s.DefaultListableBeanFactory - Autowiring by type from bean name 'org.springframework.boot.tomcat.autoconfigure.servlet.TomcatServletWebServerAutoConfiguration' via constructor to bean named 'server.tomcat-org.springframework.boot.tomcat.autoconfigure.TomcatServerProperties'
2026-09-20 01:22:05 [main] DEBUG o.s.b.f.s.DefaultListableBeanFactory - Creating shared instance of singleton bean 'servletWebServerFactoryCustomizer'
2026-09-20 01:22:05 [main] DEBUG o.s.b.f.s.DefaultListableBeanFactory - Creating shared instance of singleton bean 'org.springframework.boot.web.server.autoconfigure.servlet.ServletWebServerConfiguration'
2026-09-20 01:22:05 [main] DEBUG o.s.b.f.s.DefaultListableBeanFactory - Creating shared instance of singleton bean 'server-org.springframework.boot.web.server.autoconfigure.ServerProperties'
2026-09-20 01:22:05 [main] DEBUG o.s.b.f.s.DefaultListableBeanFactory - Autowiring by type from bean name 'servletWebServerFactoryCustomizer' via factory method to bean named 'server-org.springframework.boot.web.server.autoconfigure.ServerProperties'
2026-09-20 01:22:05 [main] DEBUG o.s.b.f.s.DefaultListableBeanFactory - Creating shared instance of singleton bean 'sslBundleRegistry'
2026-09-20 01:22:05 [main] DEBUG o.s.b.f.s.DefaultListableBeanFactory - Creating shared instance of singleton bean 'org.springframework.boot.autoconfigure.ssl.SslAutoConfiguration'
2026-09-20 01:22:05 [main] DEBUG o.s.b.f.s.DefaultListableBeanFactory - Creating shared instance of singleton bean 'spring.ssl-org.springframework.boot.autoconfigure.ssl.SslProperties'
2026-09-20 01:22:05 [main] DEBUG o.s.b.f.s.DefaultListableBeanFactory - Autowiring by type from bean name 'org.springframework.boot.autoconfigure.ssl.SslAutoConfiguration' via constructor to bean named 'org.springframework.boot.web.server.servlet.context.AnnotationConfigServletWebServerApplicationContext@2ca47471'
2026-09-20 01:22:05 [main] DEBUG o.s.b.f.s.DefaultListableBeanFactory - Autowiring by type from bean name 'org.springframework.boot.autoconfigure.ssl.SslAutoConfiguration' via constructor to bean named 'spring.ssl-org.springframework.boot.autoconfigure.ssl.SslProperties'
2026-09-20 01:22:05 [main] DEBUG o.s.b.f.s.DefaultListableBeanFactory - Creating shared instance of singleton bean 'sslPropertiesSslBundleRegistrar'
2026-09-20 01:22:05 [main] DEBUG o.s.b.f.s.DefaultListableBeanFactory - Creating shared instance of singleton bean 'fileWatcher'
2026-09-20 01:22:05 [main] DEBUG o.s.b.f.s.DefaultListableBeanFactory - Autowiring by type from bean name 'sslPropertiesSslBundleRegistrar' via factory method to bean named 'fileWatcher'
2026-09-20 01:22:05 [main] DEBUG o.s.b.f.s.DefaultListableBeanFactory - Creating shared instance of singleton bean 'webSocketWebServerCustomizer'
2026-09-20 01:22:05 [main] DEBUG o.s.b.f.s.DefaultListableBeanFactory - Creating shared instance of singleton bean 'org.springframework.boot.tomcat.autoconfigure.TomcatWebServerConfiguration$TomcatWebSocketConfiguration'
2026-09-20 01:22:05 [main] DEBUG o.s.b.f.s.DefaultListableBeanFactory - Creating shared instance of singleton bean 'tomcatWebServerFactoryCustomizer'
2026-09-20 01:22:05 [main] DEBUG o.s.b.f.s.DefaultListableBeanFactory - Creating shared instance of singleton bean 'org.springframework.boot.tomcat.autoconfigure.TomcatWebServerConfiguration'
2026-09-20 01:22:05 [main] DEBUG o.s.b.f.s.DefaultListableBeanFactory - Creating shared instance of singleton bean 'spring.web-org.springframework.boot.autoconfigure.web.WebProperties'
2026-09-20 01:22:05 [main] DEBUG o.s.b.f.s.DefaultListableBeanFactory - Autowiring by type from bean name 'tomcatWebServerFactoryCustomizer' via factory method to bean named 'environment'
2026-09-20 01:22:05 [main] DEBUG o.s.b.f.s.DefaultListableBeanFactory - Autowiring by type from bean name 'tomcatWebServerFactoryCustomizer' via factory method to bean named 'server-org.springframework.boot.web.server.autoconfigure.ServerProperties'
2026-09-20 01:22:05 [main] DEBUG o.s.b.f.s.DefaultListableBeanFactory - Autowiring by type from bean name 'tomcatWebServerFactoryCustomizer' via factory method to bean named 'server.tomcat-org.springframework.boot.tomcat.autoconfigure.TomcatServerProperties'
2026-09-20 01:22:05 [main] DEBUG o.s.b.f.s.DefaultListableBeanFactory - Autowiring by type from bean name 'tomcatWebServerFactoryCustomizer' via factory method to bean named 'spring.web-org.springframework.boot.autoconfigure.web.WebProperties'
2026-09-20 01:22:05 [main] DEBUG o.s.b.f.s.DefaultListableBeanFactory - Creating shared instance of singleton bean 'tomcatServletWebServerFactoryCustomizer'
2026-09-20 01:22:05 [main] DEBUG o.s.b.f.s.DefaultListableBeanFactory - Autowiring by type from bean name 'tomcatServletWebServerFactoryCustomizer' via factory method to bean named 'server.tomcat-org.springframework.boot.tomcat.autoconfigure.TomcatServerProperties'
2026-09-20 01:22:05 [main] DEBUG o.s.b.f.s.DefaultListableBeanFactory - Creating shared instance of singleton bean 'errorPageCustomizer'
2026-09-20 01:22:05 [main] DEBUG o.s.b.f.s.DefaultListableBeanFactory - Creating shared instance of singleton bean 'org.springframework.boot.webmvc.autoconfigure.error.ErrorMvcAutoConfiguration'
2026-09-20 01:22:05 [main] DEBUG o.s.b.f.s.DefaultListableBeanFactory - Autowiring by type from bean name 'org.springframework.boot.webmvc.autoconfigure.error.ErrorMvcAutoConfiguration' via constructor to bean named 'spring.web-org.springframework.boot.autoconfigure.web.WebProperties'
2026-09-20 01:22:05 [main] DEBUG o.s.b.f.s.DefaultListableBeanFactory - Creating shared instance of singleton bean 'dispatcherServletRegistration'
2026-09-20 01:22:05 [main] DEBUG o.s.b.f.s.DefaultListableBeanFactory - Creating shared instance of singleton bean 'org.springframework.boot.webmvc.autoconfigure.DispatcherServletAutoConfiguration$DispatcherServletRegistrationConfiguration'
2026-09-20 01:22:05 [main] DEBUG o.s.b.f.s.DefaultListableBeanFactory - Creating shared instance of singleton bean 'dispatcherServlet'
2026-09-20 01:22:05 [main] DEBUG o.s.b.f.s.DefaultListableBeanFactory - Creating shared instance of singleton bean 'org.springframework.boot.webmvc.autoconfigure.DispatcherServletAutoConfiguration$DispatcherServletConfiguration'
2026-09-20 01:22:05 [main] DEBUG o.s.b.f.s.DefaultListableBeanFactory - Creating shared instance of singleton bean 'spring.mvc-org.springframework.boot.webmvc.autoconfigure.WebMvcProperties'
2026-09-20 01:22:05 [main] DEBUG o.s.b.f.s.DefaultListableBeanFactory - Autowiring by type from bean name 'dispatcherServlet' via factory method to bean named 'spring.mvc-org.springframework.boot.webmvc.autoconfigure.WebMvcProperties'
2026-09-20 01:22:05 [main] DEBUG o.s.b.f.s.DefaultListableBeanFactory - Autowiring by type from bean name 'dispatcherServletRegistration' via factory method to bean named 'dispatcherServlet'
2026-09-20 01:22:05 [main] DEBUG o.s.b.f.s.DefaultListableBeanFactory - Autowiring by type from bean name 'dispatcherServletRegistration' via factory method to bean named 'spring.mvc-org.springframework.boot.webmvc.autoconfigure.WebMvcProperties'
2026-09-20 01:22:05 [main] DEBUG o.s.b.f.s.DefaultListableBeanFactory - Creating shared instance of singleton bean 'multipartConfigElement'
2026-09-20 01:22:05 [main] DEBUG o.s.b.f.s.DefaultListableBeanFactory - Creating shared instance of singleton bean 'org.springframework.boot.servlet.autoconfigure.MultipartAutoConfiguration'
2026-09-20 01:22:05 [main] DEBUG o.s.b.f.s.DefaultListableBeanFactory - Creating shared instance of singleton bean 'spring.servlet.multipart-org.springframework.boot.servlet.autoconfigure.MultipartProperties'
2026-09-20 01:22:05 [main] DEBUG o.s.b.f.s.DefaultListableBeanFactory - Autowiring by type from bean name 'org.springframework.boot.servlet.autoconfigure.MultipartAutoConfiguration' via constructor to bean named 'spring.servlet.multipart-org.springframework.boot.servlet.autoconfigure.MultipartProperties'
2026-09-20 01:22:05 [main] DEBUG o.s.b.f.s.DefaultListableBeanFactory - Autowiring by type from bean name 'errorPageCustomizer' via factory method to bean named 'dispatcherServletRegistration'
2026-09-20 01:22:05 [main] DEBUG o.s.b.t.s.TomcatServletWebServerFactory - Code archive: C:\Users\Vadim\.m2\repository\org\springframework\boot\spring-boot-web-server\4.1.1\spring-boot-web-server-4.1.1.jar
2026-09-20 01:22:05 [main] DEBUG o.s.b.t.s.TomcatServletWebServerFactory - Code archive: C:\Users\Vadim\.m2\repository\org\springframework\boot\spring-boot-web-server\4.1.1\spring-boot-web-server-4.1.1.jar
2026-09-20 01:22:05 [main] DEBUG o.s.b.t.s.TomcatServletWebServerFactory - None of the document roots [src/main/webapp, public, static] point to a directory and will be ignored.
2026-09-20 01:22:05 [main] INFO  o.s.boot.tomcat.TomcatWebServer - Tomcat initialized with port 8080 (http)
2026-09-20 01:22:05 [main] INFO  o.a.coyote.http11.Http11NioProtocol - Initializing ProtocolHandler ["http-nio-8080"]
2026-09-20 01:22:05 [main] INFO  o.a.catalina.core.StandardService - Starting service [Tomcat]
2026-09-20 01:22:05 [main] INFO  o.a.catalina.core.StandardEngine - Starting Servlet engine: [Apache Tomcat/11.0.24]
2026-09-20 01:22:05 [main] DEBUG o.s.b.w.c.s.WebApplicationContextInitializer - Published root WebApplicationContext as ServletContext attribute with name [org.springframework.web.context.WebApplicationContext.ROOT]
2026-09-20 01:22:05 [main] INFO  o.s.b.w.c.s.WebApplicationContextInitializer - Root WebApplicationContext: initialization completed in 755 ms
2026-09-20 01:22:05 [main] DEBUG o.s.b.f.s.DefaultListableBeanFactory - Creating shared instance of singleton bean 'requestContextFilter'
2026-09-20 01:22:05 [main] DEBUG o.s.b.f.s.DefaultListableBeanFactory - Creating shared instance of singleton bean 'formContentFilter'
2026-09-20 01:22:05 [main] DEBUG o.s.b.f.s.DefaultListableBeanFactory - Creating shared instance of singleton bean 'org.springframework.boot.webmvc.autoconfigure.WebMvcAutoConfiguration'
2026-09-20 01:22:05 [main] DEBUG o.s.b.f.s.DefaultListableBeanFactory - Creating shared instance of singleton bean 'characterEncodingFilter'
2026-09-20 01:22:05 [main] DEBUG o.s.b.f.s.DefaultListableBeanFactory - Creating shared instance of singleton bean 'org.springframework.boot.servlet.autoconfigure.HttpEncodingAutoConfiguration'
2026-09-20 01:22:05 [main] DEBUG o.s.b.f.s.DefaultListableBeanFactory - Creating shared instance of singleton bean 'spring.servlet.encoding-org.springframework.boot.servlet.autoconfigure.ServletEncodingProperties'
2026-09-20 01:22:05 [main] DEBUG o.s.b.f.s.DefaultListableBeanFactory - Autowiring by type from bean name 'characterEncodingFilter' via factory method to bean named 'spring.servlet.encoding-org.springframework.boot.servlet.autoconfigure.ServletEncodingProperties'
2026-09-20 01:22:05 [main] DEBUG o.s.b.w.s.ServletContextInitializerBeans - Mapping filters: characterEncodingFilter urls=[/*] order=-2147483648, formContentFilter urls=[/*] order=-9900, requestContextFilter urls=[/*] order=-105
2026-09-20 01:22:05 [main] DEBUG o.s.b.w.s.ServletContextInitializerBeans - Mapping servlets: dispatcherServlet urls=[/]
2026-09-20 01:22:05 [main] DEBUG o.s.b.s.f.OrderedRequestContextFilter - Filter 'requestContextFilter' configured for use
2026-09-20 01:22:05 [main] DEBUG o.s.b.s.f.OrderedCharacterEncodingFilter - Filter 'characterEncodingFilter' configured for use
2026-09-20 01:22:05 [main] DEBUG o.s.b.s.f.OrderedFormContentFilter - Filter 'formContentFilter' configured for use
2026-09-20 01:22:05 [main] DEBUG o.s.b.f.s.DefaultListableBeanFactory - Creating shared instance of singleton bean 'applicationTaskExecutor'
2026-09-20 01:22:05 [main] DEBUG o.s.b.f.s.DefaultListableBeanFactory - Creating shared instance of singleton bean 'org.springframework.boot.autoconfigure.task.TaskExecutorConfigurations$TaskExecutorConfiguration'
2026-09-20 01:22:05 [main] DEBUG o.s.b.f.s.DefaultListableBeanFactory - Creating shared instance of singleton bean 'threadPoolTaskExecutorBuilder'
2026-09-20 01:22:05 [main] DEBUG o.s.b.f.s.DefaultListableBeanFactory - Creating shared instance of singleton bean 'org.springframework.boot.autoconfigure.task.TaskExecutorConfigurations$ThreadPoolTaskExecutorBuilderConfiguration'
2026-09-20 01:22:05 [main] DEBUG o.s.b.f.s.DefaultListableBeanFactory - Creating shared instance of singleton bean 'spring.task.execution-org.springframework.boot.autoconfigure.task.TaskExecutionProperties'
2026-09-20 01:22:05 [main] DEBUG o.s.b.f.s.DefaultListableBeanFactory - Autowiring by type from bean name 'threadPoolTaskExecutorBuilder' via factory method to bean named 'spring.task.execution-org.springframework.boot.autoconfigure.task.TaskExecutionProperties'
2026-09-20 01:22:05 [main] DEBUG o.s.b.f.s.DefaultListableBeanFactory - Autowiring by type from bean name 'applicationTaskExecutor' via factory method to bean named 'threadPoolTaskExecutorBuilder'
2026-09-20 01:22:05 [main] DEBUG o.s.s.c.ThreadPoolTaskExecutor - Initializing ExecutorService 'applicationTaskExecutor'
2026-09-20 01:22:05 [main] DEBUG o.s.b.f.s.DefaultListableBeanFactory - Creating shared instance of singleton bean 'liquibase'
2026-09-20 01:22:05 [main] DEBUG o.s.b.f.s.DefaultListableBeanFactory - Creating shared instance of singleton bean 'org.springframework.boot.liquibase.autoconfigure.LiquibaseAutoConfiguration$LiquibaseConfiguration'
2026-09-20 01:22:05 [main] DEBUG o.s.b.f.s.DefaultListableBeanFactory - Creating shared instance of singleton bean 'spring.liquibase-org.springframework.boot.liquibase.autoconfigure.LiquibaseProperties'
2026-09-20 01:22:05 [main] DEBUG o.s.b.f.s.DefaultListableBeanFactory - Creating shared instance of singleton bean 'liquibaseConnectionDetails'
2026-09-20 01:22:05 [main] DEBUG o.s.b.f.s.DefaultListableBeanFactory - Autowiring by type from bean name 'liquibaseConnectionDetails' via factory method to bean named 'spring.liquibase-org.springframework.boot.liquibase.autoconfigure.LiquibaseProperties'
2026-09-20 01:22:05 [main] DEBUG o.s.b.f.s.DefaultListableBeanFactory - Autowiring by type from bean name 'liquibase' via factory method to bean named 'spring.liquibase-org.springframework.boot.liquibase.autoconfigure.LiquibaseProperties'
2026-09-20 01:22:05 [main] DEBUG o.s.b.f.s.DefaultListableBeanFactory - Autowiring by type from bean name 'liquibase' via factory method to bean named 'liquibaseConnectionDetails'
2026-09-20 01:22:05 [main] DEBUG o.s.b.f.s.DefaultListableBeanFactory - Creating shared instance of singleton bean 'dataSource'
2026-09-20 01:22:05 [main] DEBUG o.s.b.f.s.DefaultListableBeanFactory - Creating shared instance of singleton bean 'org.springframework.boot.jdbc.autoconfigure.DataSourceConfiguration$Hikari'
2026-09-20 01:22:05 [main] DEBUG o.s.b.f.s.DefaultListableBeanFactory - Creating shared instance of singleton bean 'spring.datasource-org.springframework.boot.jdbc.autoconfigure.DataSourceProperties'
2026-09-20 01:22:05 [main] DEBUG o.s.b.f.s.DefaultListableBeanFactory - Creating shared instance of singleton bean 'jdbcConnectionDetails'
2026-09-20 01:22:05 [main] DEBUG o.s.b.f.s.DefaultListableBeanFactory - Creating shared instance of singleton bean 'org.springframework.boot.jdbc.autoconfigure.DataSourceAutoConfiguration$PooledDataSourceConfiguration'
2026-09-20 01:22:05 [main] DEBUG o.s.b.f.s.DefaultListableBeanFactory - Autowiring by type from bean name 'jdbcConnectionDetails' via factory method to bean named 'spring.datasource-org.springframework.boot.jdbc.autoconfigure.DataSourceProperties'
2026-09-20 01:22:05 [main] DEBUG o.s.b.f.s.DefaultListableBeanFactory - Autowiring by type from bean name 'dataSource' via factory method to bean named 'spring.datasource-org.springframework.boot.jdbc.autoconfigure.DataSourceProperties'
2026-09-20 01:22:05 [main] DEBUG o.s.b.f.s.DefaultListableBeanFactory - Autowiring by type from bean name 'dataSource' via factory method to bean named 'jdbcConnectionDetails'
2026-09-20 01:22:05 [main] DEBUG o.s.b.f.s.DefaultListableBeanFactory - Autowiring by type from bean name 'dataSource' via factory method to bean named 'environment'
2026-09-20 01:22:05 [main] DEBUG com.zaxxer.hikari.util.UtilityElf - Class org.postgresql.Driver found in Thread context class loader jdk.internal.loader.ClassLoaders$AppClassLoader@c387f44
2026-09-20 01:22:05 [main] DEBUG liquibase.servicelocator - Loaded liquibase.logging.LogService instance liquibase.logging.core.BufferedLogService
2026-09-20 01:22:05 [main] DEBUG liquibase.servicelocator - Loaded liquibase.logging.LogService instance liquibase.logging.core.CompositeLogService
2026-09-20 01:22:05 [main] DEBUG liquibase.servicelocator - Loaded liquibase.logging.LogService instance liquibase.logging.core.JavaLogService
2026-09-20 01:22:05 [main] DEBUG liquibase.servicelocator - Loaded liquibase.configuration.AutoloadedConfigurations instance liquibase.GlobalConfiguration
2026-09-20 01:22:05 [main] DEBUG liquibase.servicelocator - Loaded liquibase.configuration.AutoloadedConfigurations instance liquibase.integration.commandline.LiquibaseCommandLineConfiguration
2026-09-20 01:22:05 [main] DEBUG liquibase.servicelocator - Loaded liquibase.configuration.AutoloadedConfigurations instance liquibase.logging.core.DefaultLoggerConfiguration
2026-09-20 01:22:05 [main] DEBUG liquibase.servicelocator - Loaded liquibase.configuration.AutoloadedConfigurations instance liquibase.sql.SqlConfiguration
2026-09-20 01:22:05 [main] DEBUG liquibase.servicelocator - Loaded liquibase.configuration.AutoloadedConfigurations instance liquibase.parser.ChangeLogParserConfiguration
2026-09-20 01:22:05 [main] DEBUG liquibase.servicelocator - Loaded liquibase.configuration.AutoloadedConfigurations instance liquibase.analytics.configuration.AnalyticsArgs
2026-09-20 01:22:05 [main] DEBUG liquibase.servicelocator - Loaded liquibase.configuration.AutoloadedConfigurations instance liquibase.license.LicenseTrackingArgs
2026-09-20 01:22:05 [main] DEBUG liquibase.servicelocator - Loaded liquibase.configuration.AutoloadedConfigurations instance liquibase.database.core.MSSQLDatabase$SpecificConfiguration
2026-09-20 01:22:05 [main] DEBUG liquibase.configuration - Found ConfigurationDefinitions in liquibase.GlobalConfiguration
2026-09-20 01:22:05 [main] DEBUG liquibase.configuration - Found ConfigurationDefinitions in liquibase.integration.commandline.LiquibaseCommandLineConfiguration
2026-09-20 01:22:05 [main] DEBUG liquibase.configuration - Found ConfigurationDefinitions in liquibase.logging.core.DefaultLoggerConfiguration
2026-09-20 01:22:05 [main] DEBUG liquibase.configuration - Found ConfigurationDefinitions in liquibase.sql.SqlConfiguration
2026-09-20 01:22:05 [main] DEBUG liquibase.configuration - Found ConfigurationDefinitions in liquibase.parser.ChangeLogParserConfiguration
2026-09-20 01:22:05 [main] DEBUG liquibase.configuration - Found ConfigurationDefinitions in liquibase.analytics.configuration.AnalyticsArgs
2026-09-20 01:22:05 [main] DEBUG liquibase.configuration - Found ConfigurationDefinitions in liquibase.license.LicenseTrackingArgs
2026-09-20 01:22:05 [main] DEBUG liquibase.configuration - Found ConfigurationDefinitions in liquibase.database.core.MSSQLDatabase$SpecificConfiguration
2026-09-20 01:22:05 [main] DEBUG liquibase.servicelocator - Loaded liquibase.configuration.ConfigurationValueProvider instance liquibase.configuration.core.DeprecatedConfigurationValueProvider
2026-09-20 01:22:05 [main] DEBUG liquibase.servicelocator - Loaded liquibase.configuration.ConfigurationValueProvider instance liquibase.configuration.core.SystemPropertyValueProvider
2026-09-20 01:22:05 [main] DEBUG liquibase.servicelocator - Loaded liquibase.configuration.ConfigurationValueProvider instance liquibase.configuration.core.ScopeValueProvider
2026-09-20 01:22:05 [main] DEBUG liquibase.servicelocator - Loaded liquibase.configuration.ConfigurationValueProvider instance liquibase.configuration.core.EnvironmentValueProvider
2026-09-20 01:22:05 [main] DEBUG liquibase.servicelocator - Loaded liquibase.servicelocator.ServiceLocator instance liquibase.servicelocator.StandardServiceLocator
2026-09-20 01:22:05 [main] DEBUG liquibase.configuration - No configuration value for liquibase.shouldRun aka should.run found
2026-09-20 01:22:05 [main] DEBUG liquibase.configuration - Configuration liquibase.shouldRun is using the default value of true
2026-09-20 01:22:05 [main] DEBUG com.zaxxer.hikari.HikariConfig - HikariPool-1 - configuration:
2026-09-20 01:22:05 [main] DEBUG com.zaxxer.hikari.HikariConfig - allowPoolSuspension.............false
2026-09-20 01:22:05 [main] DEBUG com.zaxxer.hikari.HikariConfig - autoCommit......................true
2026-09-20 01:22:05 [main] DEBUG com.zaxxer.hikari.HikariConfig - catalog.........................none
2026-09-20 01:22:05 [main] DEBUG com.zaxxer.hikari.HikariConfig - connectionInitSql...............none
2026-09-20 01:22:05 [main] DEBUG com.zaxxer.hikari.HikariConfig - connectionTestQuery.............none
2026-09-20 01:22:05 [main] DEBUG com.zaxxer.hikari.HikariConfig - connectionTimeout...............30000
2026-09-20 01:22:05 [main] DEBUG com.zaxxer.hikari.HikariConfig - credentials.....................com.zaxxer.hikari.util.Credentials@5b8572df
2026-09-20 01:22:05 [main] DEBUG com.zaxxer.hikari.HikariConfig - credentialsProvider.............none
2026-09-20 01:22:05 [main] DEBUG com.zaxxer.hikari.HikariConfig - credentialsProviderClassName....none
2026-09-20 01:22:05 [main] DEBUG com.zaxxer.hikari.HikariConfig - dataSource......................none
2026-09-20 01:22:05 [main] DEBUG com.zaxxer.hikari.HikariConfig - dataSourceClassName.............none
2026-09-20 01:22:05 [main] DEBUG com.zaxxer.hikari.HikariConfig - dataSourceJNDI..................none
2026-09-20 01:22:05 [main] DEBUG com.zaxxer.hikari.HikariConfig - dataSourceProperties............{password=<masked>}
2026-09-20 01:22:05 [main] DEBUG com.zaxxer.hikari.HikariConfig - driverClassName................."org.postgresql.Driver"
2026-09-20 01:22:05 [main] DEBUG com.zaxxer.hikari.HikariConfig - exceptionOverride...............none
2026-09-20 01:22:05 [main] DEBUG com.zaxxer.hikari.HikariConfig - exceptionOverrideClassName......none
2026-09-20 01:22:05 [main] DEBUG com.zaxxer.hikari.HikariConfig - healthCheckProperties...........{}
2026-09-20 01:22:05 [main] DEBUG com.zaxxer.hikari.HikariConfig - healthCheckRegistry.............none
2026-09-20 01:22:05 [main] DEBUG com.zaxxer.hikari.HikariConfig - idleTimeout.....................600000
2026-09-20 01:22:05 [main] DEBUG com.zaxxer.hikari.HikariConfig - initializationFailTimeout.......1
2026-09-20 01:22:05 [main] DEBUG com.zaxxer.hikari.HikariConfig - isolateInternalQueries..........false
2026-09-20 01:22:05 [main] DEBUG com.zaxxer.hikari.HikariConfig - jdbcUrl.........................jdbc:postgresql://localhost:5432/postgres
2026-09-20 01:22:05 [main] DEBUG com.zaxxer.hikari.HikariConfig - keepaliveTime...................120000
2026-09-20 01:22:05 [main] DEBUG com.zaxxer.hikari.HikariConfig - leakDetectionThreshold..........0
2026-09-20 01:22:05 [main] DEBUG com.zaxxer.hikari.HikariConfig - maxLifetime.....................1800000
2026-09-20 01:22:05 [main] DEBUG com.zaxxer.hikari.HikariConfig - maximumPoolSize.................10
2026-09-20 01:22:05 [main] DEBUG com.zaxxer.hikari.HikariConfig - metricRegistry..................none
2026-09-20 01:22:05 [main] DEBUG com.zaxxer.hikari.HikariConfig - metricsTrackerFactory...........none
2026-09-20 01:22:05 [main] DEBUG com.zaxxer.hikari.HikariConfig - minimumIdle.....................10
2026-09-20 01:22:05 [main] DEBUG com.zaxxer.hikari.HikariConfig - password........................<masked>
2026-09-20 01:22:05 [main] DEBUG com.zaxxer.hikari.HikariConfig - poolName........................"HikariPool-1"
2026-09-20 01:22:05 [main] DEBUG com.zaxxer.hikari.HikariConfig - readOnly........................false
2026-09-20 01:22:05 [main] DEBUG com.zaxxer.hikari.HikariConfig - registerMbeans..................false
2026-09-20 01:22:05 [main] DEBUG com.zaxxer.hikari.HikariConfig - scheduledExecutor...............none
2026-09-20 01:22:05 [main] DEBUG com.zaxxer.hikari.HikariConfig - schema..........................none
2026-09-20 01:22:05 [main] DEBUG com.zaxxer.hikari.HikariConfig - threadFactory...................internal
2026-09-20 01:22:05 [main] DEBUG com.zaxxer.hikari.HikariConfig - transactionIsolation............default
2026-09-20 01:22:05 [main] DEBUG com.zaxxer.hikari.HikariConfig - username........................"postgres"
2026-09-20 01:22:05 [main] DEBUG com.zaxxer.hikari.HikariConfig - validationTimeout...............5000
2026-09-20 01:22:05 [main] INFO  com.zaxxer.hikari.HikariDataSource - HikariPool-1 - Starting...
2026-09-20 01:22:05 [main] DEBUG com.zaxxer.hikari.pool.PoolBase - HikariPool-1 - Attempting to create/setup new connection (6545f284-155c-48c1-abcf-e218d606da94)
2026-09-20 01:22:05 [main] DEBUG com.zaxxer.hikari.pool.PoolBase - HikariPool-1 - Established new connection (6545f284-155c-48c1-abcf-e218d606da94)
2026-09-20 01:22:05 [main] INFO  com.zaxxer.hikari.pool.HikariPool - HikariPool-1 - Added connection org.postgresql.jdbc.PgConnection@191a0351
2026-09-20 01:22:05 [main] INFO  com.zaxxer.hikari.HikariDataSource - HikariPool-1 - Start completed.
2026-09-20 01:22:05 [main] DEBUG liquibase.servicelocator - Loaded liquibase.database.jvm.ConnectionPatterns instance liquibase.database.jvm.JdbcConnectionPatterns
2026-09-20 01:22:05 [main] DEBUG liquibase.servicelocator - Loaded liquibase.database.Database instance liquibase.database.core.CockroachDatabase
2026-09-20 01:22:05 [main] DEBUG liquibase.servicelocator - Loaded liquibase.database.Database instance liquibase.database.core.DB2Database
2026-09-20 01:22:05 [main] DEBUG liquibase.servicelocator - Loaded liquibase.database.Database instance liquibase.database.core.Db2zDatabase
2026-09-20 01:22:05 [main] DEBUG liquibase.servicelocator - Loaded liquibase.database.Database instance liquibase.database.core.DerbyDatabase
2026-09-20 01:22:05 [main] DEBUG liquibase.servicelocator - Loaded liquibase.database.Database instance liquibase.database.core.EnterpriseDBDatabase
2026-09-20 01:22:05 [main] DEBUG liquibase.servicelocator - Loaded liquibase.database.Database instance liquibase.database.core.FirebirdDatabase
2026-09-20 01:22:05 [main] DEBUG liquibase.servicelocator - Loaded liquibase.database.Database instance liquibase.database.core.H2Database
2026-09-20 01:22:05 [main] DEBUG liquibase.servicelocator - Loaded liquibase.database.Database instance liquibase.database.core.HsqlDatabase
2026-09-20 01:22:05 [main] DEBUG liquibase.servicelocator - Loaded liquibase.database.Database instance liquibase.database.core.InformixDatabase
2026-09-20 01:22:05 [main] DEBUG liquibase.servicelocator - Loaded liquibase.database.Database instance liquibase.database.core.Ingres9Database
2026-09-20 01:22:05 [main] DEBUG liquibase.servicelocator - Loaded liquibase.database.Database instance liquibase.database.core.MSSQLDatabase
2026-09-20 01:22:05 [main] DEBUG liquibase.servicelocator - Loaded liquibase.database.Database instance liquibase.database.core.MariaDBDatabase
2026-09-20 01:22:05 [main] DEBUG liquibase.servicelocator - Loaded liquibase.database.Database instance liquibase.database.core.MockDatabase
2026-09-20 01:22:05 [main] DEBUG liquibase.servicelocator - Loaded liquibase.database.Database instance liquibase.database.core.MySQLDatabase
2026-09-20 01:22:05 [main] DEBUG liquibase.servicelocator - Loaded liquibase.database.Database instance liquibase.database.core.OracleDatabase
2026-09-20 01:22:05 [main] DEBUG liquibase.servicelocator - Loaded liquibase.database.Database instance liquibase.database.core.PostgresDatabase
2026-09-20 01:22:05 [main] DEBUG liquibase.servicelocator - Loaded liquibase.database.Database instance liquibase.database.core.SQLiteDatabase
2026-09-20 01:22:05 [main] DEBUG liquibase.servicelocator - Loaded liquibase.database.Database instance liquibase.database.core.SybaseASADatabase
2026-09-20 01:22:05 [main] DEBUG liquibase.servicelocator - Loaded liquibase.database.Database instance liquibase.database.core.SybaseDatabase
2026-09-20 01:22:05 [main] DEBUG liquibase.servicelocator - Loaded liquibase.database.Database instance liquibase.database.core.UnsupportedDatabase
2026-09-20 01:22:05 [main] DEBUG liquibase.servicelocator - Loaded liquibase.database.Database instance liquibase.database.core.SnowflakeDatabase
2026-09-20 01:22:05 [main] DEBUG liquibase.database - Connected to postgres@jdbc:postgresql://localhost:5432/postgres
2026-09-20 01:22:05 [main] DEBUG liquibase.database - Setting auto commit to false from true
2026-09-20 01:22:05 [main] DEBUG liquibase.servicelocator - Loaded liquibase.executor.Executor instance liquibase.executor.jvm.JdbcExecutor
2026-09-20 01:22:05 [main] DEBUG liquibase.servicelocator - Loaded liquibase.executor.Executor instance liquibase.executor.jvm.SnowflakeJdbcExecutor
2026-09-20 01:22:05 [main] DEBUG liquibase.servicelocator - Loaded liquibase.sqlgenerator.SqlGenerator instance liquibase.sqlgenerator.core.AddAutoIncrementGenerator
2026-09-20 01:22:05 [main] DEBUG liquibase.servicelocator - Loaded liquibase.sqlgenerator.SqlGenerator instance liquibase.sqlgenerator.core.AddAutoIncrementGeneratorDB2
2026-09-20 01:22:05 [main] DEBUG liquibase.servicelocator - Loaded liquibase.sqlgenerator.SqlGenerator instance liquibase.sqlgenerator.core.AddAutoIncrementGeneratorHsqlH2
2026-09-20 01:22:05 [main] DEBUG liquibase.servicelocator - Loaded liquibase.sqlgenerator.SqlGenerator instance liquibase.sqlgenerator.core.AddAutoIncrementGeneratorInformix
2026-09-20 01:22:05 [main] DEBUG liquibase.servicelocator - Loaded liquibase.sqlgenerator.SqlGenerator instance liquibase.sqlgenerator.core.AddAutoIncrementGeneratorMySQL
2026-09-20 01:22:05 [main] DEBUG liquibase.servicelocator - Loaded liquibase.sqlgenerator.SqlGenerator instance liquibase.sqlgenerator.core.AddAutoIncrementGeneratorSQLite
2026-09-20 01:22:05 [main] DEBUG liquibase.servicelocator - Loaded liquibase.sqlgenerator.SqlGenerator instance liquibase.sqlgenerator.core.AddColumnGenerator
2026-09-20 01:22:05 [main] DEBUG liquibase.servicelocator - Loaded liquibase.sqlgenerator.SqlGenerator instance liquibase.sqlgenerator.core.AddColumnGeneratorDefaultClauseBeforeNotNull
2026-09-20 01:22:05 [main] DEBUG liquibase.servicelocator - Loaded liquibase.sqlgenerator.SqlGenerator instance liquibase.sqlgenerator.core.AddColumnGeneratorSQLite
2026-09-20 01:22:05 [main] DEBUG liquibase.servicelocator - Loaded liquibase.sqlgenerator.SqlGenerator instance liquibase.sqlgenerator.core.AddDefaultValueGenerator
2026-09-20 01:22:05 [main] DEBUG liquibase.servicelocator - Loaded liquibase.sqlgenerator.SqlGenerator instance liquibase.sqlgenerator.core.AddDefaultValueGeneratorDerby
2026-09-20 01:22:05 [main] DEBUG liquibase.servicelocator - Loaded liquibase.sqlgenerator.SqlGenerator instance liquibase.sqlgenerator.core.AddDefaultValueGeneratorHsqldb
2026-09-20 01:22:05 [main] DEBUG liquibase.servicelocator - Loaded liquibase.sqlgenerator.SqlGenerator instance liquibase.sqlgenerator.core.AddDefaultValueGeneratorInformix
2026-09-20 01:22:05 [main] DEBUG liquibase.servicelocator - Loaded liquibase.sqlgenerator.SqlGenerator instance liquibase.sqlgenerator.core.AddDefaultValueGeneratorMSSQL
2026-09-20 01:22:05 [main] DEBUG liquibase.servicelocator - Loaded liquibase.sqlgenerator.SqlGenerator instance liquibase.sqlgenerator.core.AddDefaultValueGeneratorMySQL
2026-09-20 01:22:05 [main] DEBUG liquibase.servicelocator - Loaded liquibase.sqlgenerator.SqlGenerator instance liquibase.sqlgenerator.core.AddDefaultValueGeneratorOracle
2026-09-20 01:22:05 [main] DEBUG liquibase.servicelocator - Loaded liquibase.sqlgenerator.SqlGenerator instance liquibase.sqlgenerator.core.AddDefaultValueGeneratorPostgres
2026-09-20 01:22:05 [main] DEBUG liquibase.servicelocator - Loaded liquibase.sqlgenerator.SqlGenerator instance liquibase.sqlgenerator.core.AddDefaultValueGeneratorSQLite
2026-09-20 01:22:05 [main] DEBUG liquibase.servicelocator - Loaded liquibase.sqlgenerator.SqlGenerator instance liquibase.sqlgenerator.core.AddDefaultValueGeneratorSybase
2026-09-20 01:22:05 [main] DEBUG liquibase.servicelocator - Loaded liquibase.sqlgenerator.SqlGenerator instance liquibase.sqlgenerator.core.AddDefaultValueGeneratorSybaseASA
2026-09-20 01:22:05 [main] DEBUG liquibase.servicelocator - Loaded liquibase.sqlgenerator.SqlGenerator instance liquibase.sqlgenerator.core.AddForeignKeyConstraintGenerator
2026-09-20 01:22:05 [main] DEBUG liquibase.servicelocator - Loaded liquibase.sqlgenerator.SqlGenerator instance liquibase.sqlgenerator.core.AddPrimaryKeyGenerator
2026-09-20 01:22:05 [main] DEBUG liquibase.servicelocator - Loaded liquibase.sqlgenerator.SqlGenerator instance liquibase.sqlgenerator.core.AddPrimaryKeyGeneratorInformix
2026-09-20 01:22:05 [main] DEBUG liquibase.servicelocator - Loaded liquibase.sqlgenerator.SqlGenerator instance liquibase.sqlgenerator.core.AddUniqueConstraintGenerator
2026-09-20 01:22:05 [main] DEBUG liquibase.servicelocator - Loaded liquibase.sqlgenerator.SqlGenerator instance liquibase.sqlgenerator.core.AddUniqueConstraintGeneratorInformix
2026-09-20 01:22:05 [main] DEBUG liquibase.servicelocator - Loaded liquibase.sqlgenerator.SqlGenerator instance liquibase.sqlgenerator.core.AddUniqueConstraintGeneratorTDS
2026-09-20 01:22:05 [main] DEBUG liquibase.servicelocator - Loaded liquibase.sqlgenerator.SqlGenerator instance liquibase.sqlgenerator.core.AlterSequenceGenerator
2026-09-20 01:22:05 [main] DEBUG liquibase.servicelocator - Loaded liquibase.sqlgenerator.SqlGenerator instance liquibase.sqlgenerator.core.BatchDmlExecutablePreparedStatementGenerator
2026-09-20 01:22:05 [main] DEBUG liquibase.servicelocator - Loaded liquibase.sqlgenerator.SqlGenerator instance liquibase.sqlgenerator.core.ClearDatabaseChangeLogTableGenerator
2026-09-20 01:22:05 [main] DEBUG liquibase.servicelocator - Loaded liquibase.sqlgenerator.SqlGenerator instance liquibase.sqlgenerator.core.CommentGenerator
2026-09-20 01:22:05 [main] DEBUG liquibase.servicelocator - Loaded liquibase.sqlgenerator.SqlGenerator instance liquibase.sqlgenerator.core.CopyRowsGenerator
2026-09-20 01:22:05 [main] DEBUG liquibase.servicelocator - Loaded liquibase.sqlgenerator.SqlGenerator instance liquibase.sqlgenerator.core.CreateDatabaseChangeLogLockTableGenerator
2026-09-20 01:22:05 [main] DEBUG liquibase.servicelocator - Loaded liquibase.sqlgenerator.SqlGenerator instance liquibase.sqlgenerator.core.CreateDatabaseChangeLogTableGenerator
2026-09-20 01:22:05 [main] DEBUG liquibase.servicelocator - Loaded liquibase.sqlgenerator.SqlGenerator instance liquibase.sqlgenerator.core.CreateDatabaseChangeLogTableGeneratorSybase
2026-09-20 01:22:05 [main] DEBUG liquibase.servicelocator - Loaded liquibase.sqlgenerator.SqlGenerator instance liquibase.sqlgenerator.core.CreateIndexGenerator
2026-09-20 01:22:05 [main] DEBUG liquibase.servicelocator - Loaded liquibase.sqlgenerator.SqlGenerator instance liquibase.sqlgenerator.core.CreateIndexGeneratorFirebird
2026-09-20 01:22:05 [main] DEBUG liquibase.servicelocator - Loaded liquibase.sqlgenerator.SqlGenerator instance liquibase.sqlgenerator.core.CreateIndexGeneratorPostgres
2026-09-20 01:22:05 [main] DEBUG liquibase.servicelocator - Loaded liquibase.sqlgenerator.SqlGenerator instance liquibase.sqlgenerator.core.CreateProcedureGenerator
2026-09-20 01:22:05 [main] DEBUG liquibase.servicelocator - Loaded liquibase.sqlgenerator.SqlGenerator instance liquibase.sqlgenerator.core.CreateSequenceGenerator
2026-09-20 01:22:05 [main] DEBUG liquibase.servicelocator - Loaded liquibase.sqlgenerator.SqlGenerator instance liquibase.sqlgenerator.core.CreateTableGenerator
2026-09-20 01:22:05 [main] DEBUG liquibase.servicelocator - Loaded liquibase.sqlgenerator.SqlGenerator instance liquibase.sqlgenerator.core.CreateTableGeneratorInformix
2026-09-20 01:22:05 [main] DEBUG liquibase.servicelocator - Loaded liquibase.sqlgenerator.SqlGenerator instance liquibase.sqlgenerator.core.CreateViewGenerator
2026-09-20 01:22:05 [main] DEBUG liquibase.servicelocator - Loaded liquibase.sqlgenerator.SqlGenerator instance liquibase.sqlgenerator.core.CreateViewGeneratorInformix
2026-09-20 01:22:05 [main] DEBUG liquibase.servicelocator - Loaded liquibase.sqlgenerator.SqlGenerator instance liquibase.sqlgenerator.core.DeleteGenerator
2026-09-20 01:22:05 [main] DEBUG liquibase.servicelocator - Loaded liquibase.sqlgenerator.SqlGenerator instance liquibase.sqlgenerator.core.DropColumnGenerator
2026-09-20 01:22:05 [main] DEBUG liquibase.servicelocator - Loaded liquibase.sqlgenerator.SqlGenerator instance liquibase.sqlgenerator.core.DropDefaultValueGenerator
2026-09-20 01:22:05 [main] DEBUG liquibase.servicelocator - Loaded liquibase.sqlgenerator.SqlGenerator instance liquibase.sqlgenerator.core.DropForeignKeyConstraintGenerator
2026-09-20 01:22:05 [main] DEBUG liquibase.servicelocator - Loaded liquibase.sqlgenerator.SqlGenerator instance liquibase.sqlgenerator.core.DropIndexGenerator
2026-09-20 01:22:05 [main] DEBUG liquibase.servicelocator - Loaded liquibase.sqlgenerator.SqlGenerator instance liquibase.sqlgenerator.core.DropPrimaryKeyGenerator
2026-09-20 01:22:05 [main] DEBUG liquibase.servicelocator - Loaded liquibase.sqlgenerator.SqlGenerator instance liquibase.sqlgenerator.core.DropProcedureGenerator
2026-09-20 01:22:05 [main] DEBUG liquibase.servicelocator - Loaded liquibase.sqlgenerator.SqlGenerator instance liquibase.sqlgenerator.core.DropSequenceGenerator
2026-09-20 01:22:05 [main] DEBUG liquibase.servicelocator - Loaded liquibase.sqlgenerator.SqlGenerator instance liquibase.sqlgenerator.core.DropTableGenerator
2026-09-20 01:22:05 [main] DEBUG liquibase.servicelocator - Loaded liquibase.sqlgenerator.SqlGenerator instance liquibase.sqlgenerator.core.DropUniqueConstraintGenerator
2026-09-20 01:22:05 [main] DEBUG liquibase.servicelocator - Loaded liquibase.sqlgenerator.SqlGenerator instance liquibase.sqlgenerator.core.DropViewGenerator
2026-09-20 01:22:05 [main] DEBUG liquibase.servicelocator - Loaded liquibase.sqlgenerator.SqlGenerator instance liquibase.sqlgenerator.core.GetNextChangeSetSequenceValueGenerator
2026-09-20 01:22:05 [main] DEBUG liquibase.servicelocator - Loaded liquibase.sqlgenerator.SqlGenerator instance liquibase.sqlgenerator.core.GetViewDefinitionGenerator
2026-09-20 01:22:05 [main] DEBUG liquibase.servicelocator - Loaded liquibase.sqlgenerator.SqlGenerator instance liquibase.sqlgenerator.core.GetViewDefinitionGeneratorDB2
2026-09-20 01:22:05 [main] DEBUG liquibase.servicelocator - Loaded liquibase.sqlgenerator.SqlGenerator instance liquibase.sqlgenerator.core.GetViewDefinitionGeneratorDerby
2026-09-20 01:22:05 [main] DEBUG liquibase.servicelocator - Loaded liquibase.sqlgenerator.SqlGenerator instance liquibase.sqlgenerator.core.GetViewDefinitionGeneratorFirebird
2026-09-20 01:22:05 [main] DEBUG liquibase.servicelocator - Loaded liquibase.sqlgenerator.SqlGenerator instance liquibase.sqlgenerator.core.GetViewDefinitionGeneratorHsql
2026-09-20 01:22:05 [main] DEBUG liquibase.servicelocator - Loaded liquibase.sqlgenerator.SqlGenerator instance liquibase.sqlgenerator.core.GetViewDefinitionGeneratorInformix
2026-09-20 01:22:05 [main] DEBUG liquibase.servicelocator - Loaded liquibase.sqlgenerator.SqlGenerator instance liquibase.sqlgenerator.core.GetViewDefinitionGeneratorMSSQL
2026-09-20 01:22:05 [main] DEBUG liquibase.servicelocator - Loaded liquibase.sqlgenerator.SqlGenerator instance liquibase.sqlgenerator.core.GetViewDefinitionGeneratorOracle
2026-09-20 01:22:05 [main] DEBUG liquibase.servicelocator - Loaded liquibase.sqlgenerator.SqlGenerator instance liquibase.sqlgenerator.core.GetViewDefinitionGeneratorPostgres
2026-09-20 01:22:05 [main] DEBUG liquibase.servicelocator - Loaded liquibase.sqlgenerator.SqlGenerator instance liquibase.sqlgenerator.core.GetViewDefinitionGeneratorSybase
2026-09-20 01:22:05 [main] DEBUG liquibase.servicelocator - Loaded liquibase.sqlgenerator.SqlGenerator instance liquibase.sqlgenerator.core.GetViewDefinitionGeneratorSybaseASA
2026-09-20 01:22:05 [main] DEBUG liquibase.servicelocator - Loaded liquibase.sqlgenerator.SqlGenerator instance liquibase.sqlgenerator.core.InitializeDatabaseChangeLogLockTableGenerator
2026-09-20 01:22:05 [main] DEBUG liquibase.servicelocator - Loaded liquibase.sqlgenerator.SqlGenerator instance liquibase.sqlgenerator.core.InsertDataChangeGenerator
2026-09-20 01:22:05 [main] DEBUG liquibase.servicelocator - Loaded liquibase.sqlgenerator.SqlGenerator instance liquibase.sqlgenerator.core.InsertGenerator
2026-09-20 01:22:05 [main] DEBUG liquibase.servicelocator - Loaded liquibase.sqlgenerator.SqlGenerator instance liquibase.sqlgenerator.core.InsertOrUpdateGeneratorDB2
2026-09-20 01:22:05 [main] DEBUG liquibase.servicelocator - Loaded liquibase.sqlgenerator.SqlGenerator instance liquibase.sqlgenerator.core.InsertOrUpdateGeneratorH2
2026-09-20 01:22:05 [main] DEBUG liquibase.servicelocator - Loaded liquibase.sqlgenerator.SqlGenerator instance liquibase.sqlgenerator.core.InsertOrUpdateGeneratorHsql
2026-09-20 01:22:05 [main] DEBUG liquibase.servicelocator - Loaded liquibase.sqlgenerator.SqlGenerator instance liquibase.sqlgenerator.core.InsertOrUpdateGeneratorInformix
2026-09-20 01:22:05 [main] DEBUG liquibase.servicelocator - Loaded liquibase.sqlgenerator.SqlGenerator instance liquibase.sqlgenerator.core.InsertOrUpdateGeneratorMSSQL
2026-09-20 01:22:05 [main] DEBUG liquibase.servicelocator - Loaded liquibase.sqlgenerator.SqlGenerator instance liquibase.sqlgenerator.core.InsertOrUpdateGeneratorMySQL
2026-09-20 01:22:05 [main] DEBUG liquibase.servicelocator - Loaded liquibase.sqlgenerator.SqlGenerator instance liquibase.sqlgenerator.core.InsertOrUpdateGeneratorOracle
2026-09-20 01:22:05 [main] DEBUG liquibase.servicelocator - Loaded liquibase.sqlgenerator.SqlGenerator instance liquibase.sqlgenerator.core.InsertOrUpdateGeneratorPostgres
2026-09-20 01:22:05 [main] DEBUG liquibase.servicelocator - Loaded liquibase.sqlgenerator.SqlGenerator instance liquibase.sqlgenerator.core.InsertOrUpdateGeneratorSQLite
2026-09-20 01:22:05 [main] DEBUG liquibase.servicelocator - Loaded liquibase.sqlgenerator.SqlGenerator instance liquibase.sqlgenerator.core.InsertOrUpdateGeneratorSybaseASA
2026-09-20 01:22:05 [main] DEBUG liquibase.servicelocator - Loaded liquibase.sqlgenerator.SqlGenerator instance liquibase.sqlgenerator.core.InsertSetGenerator
2026-09-20 01:22:05 [main] DEBUG liquibase.servicelocator - Loaded liquibase.sqlgenerator.SqlGenerator instance liquibase.sqlgenerator.core.LockDatabaseChangeLogGenerator
2026-09-20 01:22:05 [main] DEBUG liquibase.servicelocator - Loaded liquibase.sqlgenerator.SqlGenerator instance liquibase.sqlgenerator.core.MarkChangeSetRanGenerator
2026-09-20 01:22:05 [main] DEBUG liquibase.servicelocator - Loaded liquibase.sqlgenerator.SqlGenerator instance liquibase.sqlgenerator.core.ModifyDataTypeGenerator
2026-09-20 01:22:05 [main] DEBUG liquibase.servicelocator - Loaded liquibase.sqlgenerator.SqlGenerator instance liquibase.sqlgenerator.core.RawParameterizedSqlGenerator
2026-09-20 01:22:05 [main] DEBUG liquibase.servicelocator - Loaded liquibase.sqlgenerator.SqlGenerator instance liquibase.sqlgenerator.core.RawSqlGenerator
2026-09-20 01:22:05 [main] DEBUG liquibase.servicelocator - Loaded liquibase.sqlgenerator.SqlGenerator instance liquibase.sqlgenerator.core.ReindexGeneratorSQLite
2026-09-20 01:22:05 [main] DEBUG liquibase.servicelocator - Loaded liquibase.sqlgenerator.SqlGenerator instance liquibase.sqlgenerator.core.RemoveChangeSetRanStatusGenerator
2026-09-20 01:22:05 [main] DEBUG liquibase.servicelocator - Loaded liquibase.sqlgenerator.SqlGenerator instance liquibase.sqlgenerator.core.RenameColumnGenerator
2026-09-20 01:22:05 [main] DEBUG liquibase.servicelocator - Loaded liquibase.sqlgenerator.SqlGenerator instance liquibase.sqlgenerator.core.RenameSequenceGenerator
2026-09-20 01:22:05 [main] DEBUG liquibase.servicelocator - Loaded liquibase.sqlgenerator.SqlGenerator instance liquibase.sqlgenerator.core.RenameTableGenerator
2026-09-20 01:22:05 [main] DEBUG liquibase.servicelocator - Loaded liquibase.sqlgenerator.SqlGenerator instance liquibase.sqlgenerator.core.RenameViewGenerator
2026-09-20 01:22:05 [main] DEBUG liquibase.servicelocator - Loaded liquibase.sqlgenerator.SqlGenerator instance liquibase.sqlgenerator.core.ReorganizeTableGeneratorDB2
2026-09-20 01:22:05 [main] DEBUG liquibase.servicelocator - Loaded liquibase.sqlgenerator.SqlGenerator instance liquibase.sqlgenerator.core.RuntimeGenerator
2026-09-20 01:22:05 [main] DEBUG liquibase.servicelocator - Loaded liquibase.sqlgenerator.SqlGenerator instance liquibase.sqlgenerator.core.SelectFromDatabaseChangeLogGenerator
2026-09-20 01:22:05 [main] DEBUG liquibase.servicelocator - Loaded liquibase.sqlgenerator.SqlGenerator instance liquibase.sqlgenerator.core.SelectFromDatabaseChangeLogLockGenerator
2026-09-20 01:22:05 [main] DEBUG liquibase.servicelocator - Loaded liquibase.sqlgenerator.SqlGenerator instance liquibase.sqlgenerator.core.SetColumnRemarksGenerator
2026-09-20 01:22:05 [main] DEBUG liquibase.servicelocator - Loaded liquibase.sqlgenerator.SqlGenerator instance liquibase.sqlgenerator.core.SetNullableGenerator
2026-09-20 01:22:05 [main] DEBUG liquibase.servicelocator - Loaded liquibase.sqlgenerator.SqlGenerator instance liquibase.sqlgenerator.core.SetTableRemarksGenerator
2026-09-20 01:22:05 [main] DEBUG liquibase.servicelocator - Loaded liquibase.sqlgenerator.SqlGenerator instance liquibase.sqlgenerator.core.SetViewRemarksGenerator
2026-09-20 01:22:05 [main] DEBUG liquibase.servicelocator - Loaded liquibase.sqlgenerator.SqlGenerator instance liquibase.sqlgenerator.core.StoredProcedureGenerator
2026-09-20 01:22:05 [main] DEBUG liquibase.servicelocator - Loaded liquibase.sqlgenerator.SqlGenerator instance liquibase.sqlgenerator.core.TableIsEmptyGenerator
2026-09-20 01:22:05 [main] DEBUG liquibase.servicelocator - Loaded liquibase.sqlgenerator.SqlGenerator instance liquibase.sqlgenerator.core.TableRowCountGenerator
2026-09-20 01:22:05 [main] DEBUG liquibase.servicelocator - Loaded liquibase.sqlgenerator.SqlGenerator instance liquibase.sqlgenerator.core.TagDatabaseGenerator
2026-09-20 01:22:05 [main] DEBUG liquibase.servicelocator - Loaded liquibase.sqlgenerator.SqlGenerator instance liquibase.sqlgenerator.core.UnlockDatabaseChangeLogGenerator
2026-09-20 01:22:05 [main] DEBUG liquibase.servicelocator - Loaded liquibase.sqlgenerator.SqlGenerator instance liquibase.sqlgenerator.core.UpdateChangeSetChecksumGenerator
2026-09-20 01:22:05 [main] DEBUG liquibase.servicelocator - Loaded liquibase.sqlgenerator.SqlGenerator instance liquibase.sqlgenerator.core.UpdateChangeSetFilenameGenerator
2026-09-20 01:22:05 [main] DEBUG liquibase.servicelocator - Loaded liquibase.sqlgenerator.SqlGenerator instance liquibase.sqlgenerator.core.UpdateDataChangeGenerator
2026-09-20 01:22:05 [main] DEBUG liquibase.servicelocator - Loaded liquibase.sqlgenerator.SqlGenerator instance liquibase.sqlgenerator.core.UpdateGenerator
2026-09-20 01:22:05 [main] DEBUG liquibase.servicelocator - Loaded liquibase.sqlgenerator.SqlGenerator instance liquibase.sqlgenerator.core.CreateSequenceGeneratorSnowflake
2026-09-20 01:22:05 [main] DEBUG liquibase.servicelocator - Loaded liquibase.sqlgenerator.SqlGenerator instance liquibase.sqlgenerator.core.DropDefaultValueGeneratorSnowflake
2026-09-20 01:22:05 [main] DEBUG liquibase.servicelocator - Loaded liquibase.sqlgenerator.SqlGenerator instance liquibase.sqlgenerator.core.DropProcedureGeneratorSnowflake
2026-09-20 01:22:05 [main] DEBUG liquibase.servicelocator - Loaded liquibase.sqlgenerator.SqlGenerator instance liquibase.sqlgenerator.core.InsertOrUpdateGeneratorSnowflake
2026-09-20 01:22:05 [main] DEBUG liquibase.servicelocator - Loaded liquibase.sqlgenerator.SqlGenerator instance liquibase.sqlgenerator.core.RenameTableGeneratorSnowflake
2026-09-20 01:22:05 [main] DEBUG liquibase.servicelocator - Loaded liquibase.sqlgenerator.SqlGenerator instance liquibase.sqlgenerator.core.RenameViewGeneratorSnowflake
2026-09-20 01:22:05 [main] DEBUG liquibase.servicelocator - Loaded liquibase.sqlgenerator.SqlGenerator instance liquibase.sqlgenerator.core.SetColumnRemarksGeneratorSnowflake
2026-09-20 01:22:05 [main] DEBUG liquibase.servicelocator - Loaded liquibase.sqlgenerator.SqlGenerator instance liquibase.sqlgenerator.core.SetTableRemarksGeneratorSnowflake
2026-09-20 01:22:05 [main] DEBUG liquibase.servicelocator - Loaded liquibase.sqlgenerator.SqlGenerator instance liquibase.sqlgenerator.core.GetViewDefinitionGeneratorSnowflake
2026-09-20 01:22:06 [main] INFO  liquibase.database - Set default schema name to public
2026-09-20 01:22:06 [main] DEBUG liquibase.configuration - No configuration value for liquibase.liquibaseSchemaName aka liquibase.schemaName found
2026-09-20 01:22:06 [HikariPool-1:housekeeper] DEBUG com.zaxxer.hikari.pool.HikariPool - HikariPool-1 - Pool stats (total=1/10, idle=0/10, active=1, waiting=0)
2026-09-20 01:22:06 [HikariPool-1:connection-adder] DEBUG com.zaxxer.hikari.pool.PoolBase - HikariPool-1 - Attempting to create/setup new connection (fa0deac5-e533-4b51-982d-7aa719c0fd0c)
2026-09-20 01:22:06 [main] DEBUG liquibase.configuration - No configuration value for liquibase.supportPropertyEscaping aka enableEscaping found
2026-09-20 01:22:06 [main] DEBUG liquibase.configuration - Configuration liquibase.supportPropertyEscaping is using the default value of false
2026-09-20 01:22:06 [main] DEBUG liquibase.servicelocator - Loaded liquibase.command.CommandStep instance liquibase.command.core.ChangelogSyncCommandStep
2026-09-20 01:22:06 [main] DEBUG liquibase.servicelocator - Loaded liquibase.command.CommandStep instance liquibase.command.core.UpdateCountCommandStep
2026-09-20 01:22:06 [main] DEBUG liquibase.servicelocator - Loaded liquibase.command.CommandStep instance liquibase.command.core.UpdateTestingRollbackCommandStep
2026-09-20 01:22:06 [main] DEBUG liquibase.servicelocator - Loaded liquibase.command.CommandStep instance liquibase.command.core.UpdateCommandStep
2026-09-20 01:22:06 [main] DEBUG liquibase.servicelocator - Loaded liquibase.command.CommandStep instance liquibase.command.core.GenerateChangelogCommandStep
2026-09-20 01:22:06 [main] DEBUG liquibase.servicelocator - Loaded liquibase.command.CommandStep instance liquibase.command.core.ExecuteSqlCommandStep
2026-09-20 01:22:06 [main] DEBUG liquibase.servicelocator - Loaded liquibase.command.CommandStep instance liquibase.command.core.ClearChecksumsCommandStep
2026-09-20 01:22:06 [main] DEBUG liquibase.servicelocator - Loaded liquibase.command.CommandStep instance liquibase.command.core.HistoryCommandStep
2026-09-20 01:22:06 [main] DEBUG liquibase.servicelocator - Loaded liquibase.command.CommandStep instance liquibase.command.core.TagCommandStep
2026-09-20 01:22:06 [main] DEBUG liquibase.servicelocator - Loaded liquibase.command.CommandStep instance liquibase.command.core.RollbackCountCommandStep
2026-09-20 01:22:06 [main] DEBUG liquibase.servicelocator - Loaded liquibase.command.CommandStep instance liquibase.command.core.MarkNextChangesetRanSqlCommandStep
2026-09-20 01:22:06 [main] DEBUG liquibase.servicelocator - Loaded liquibase.command.CommandStep instance liquibase.command.core.RollbackToDateCommandStep
2026-09-20 01:22:06 [main] DEBUG liquibase.servicelocator - Loaded liquibase.command.CommandStep instance liquibase.command.core.StatusCommandStep
2026-09-20 01:22:06 [main] DEBUG liquibase.servicelocator - Loaded liquibase.command.CommandStep instance liquibase.command.core.FutureRollbackFromTagSqlCommandStep
2026-09-20 01:22:06 [main] DEBUG liquibase.servicelocator - Loaded liquibase.command.CommandStep instance liquibase.command.core.SnapshotCommandStep
2026-09-20 01:22:06 [main] DEBUG liquibase.servicelocator - Loaded liquibase.command.CommandStep instance liquibase.command.core.StopH2CommandStep
2026-09-20 01:22:06 [main] DEBUG liquibase.servicelocator - Loaded liquibase.command.CommandStep instance liquibase.command.core.StartH2CommandStep
2026-09-20 01:22:06 [main] DEBUG liquibase.servicelocator - Loaded liquibase.command.CommandStep instance liquibase.command.core.ReleaseLocksCommandStep
2026-09-20 01:22:06 [main] DEBUG liquibase.servicelocator - Loaded liquibase.command.CommandStep instance liquibase.command.core.helpers.DiffOutputControlCommandStep
2026-09-20 01:22:06 [main] DEBUG liquibase.servicelocator - Loaded liquibase.command.CommandStep instance liquibase.command.core.helpers.OutputWriterCommandStep
2026-09-20 01:22:06 [main] DEBUG liquibase.servicelocator - Loaded liquibase.command.CommandStep instance liquibase.command.core.helpers.DiffArgumentsCommandStep
2026-09-20 01:22:06 [main] DEBUG liquibase.servicelocator - Loaded liquibase.command.CommandStep instance liquibase.command.core.helpers.ReferenceDatabaseOutputWriterCommandStep
2026-09-20 01:22:06 [main] DEBUG liquibase.servicelocator - Loaded liquibase.command.CommandStep instance liquibase.command.core.helpers.ReferenceDbUrlConnectionCommandStep
2026-09-20 01:22:06 [main] DEBUG liquibase.servicelocator - Loaded liquibase.command.CommandStep instance liquibase.command.core.helpers.DbUrlConnectionCommandStep
2026-09-20 01:22:06 [main] DEBUG liquibase.servicelocator - Loaded liquibase.command.CommandStep instance liquibase.command.core.helpers.DatabaseChangelogCommandStep
2026-09-20 01:22:06 [main] DEBUG liquibase.servicelocator - Loaded liquibase.command.CommandStep instance liquibase.command.core.helpers.ShowSummaryArgument
2026-09-20 01:22:06 [main] DEBUG liquibase.servicelocator - Loaded liquibase.command.CommandStep instance liquibase.command.core.helpers.LockServiceCommandStep
2026-09-20 01:22:06 [main] DEBUG liquibase.servicelocator - Loaded liquibase.command.CommandStep instance liquibase.command.core.helpers.ChangeExecListenerCommandStep
2026-09-20 01:22:06 [main] DEBUG liquibase.servicelocator - Loaded liquibase.command.CommandStep instance liquibase.command.core.helpers.PreCompareCommandStep
2026-09-20 01:22:06 [main] DEBUG liquibase.servicelocator - Loaded liquibase.command.CommandStep instance liquibase.command.core.helpers.DbUrlConnectionArgumentsCommandStep
2026-09-20 01:22:06 [main] DEBUG liquibase.servicelocator - Loaded liquibase.command.CommandStep instance liquibase.command.core.RollbackToDateSqlCommandStep
2026-09-20 01:22:06 [main] DEBUG liquibase.servicelocator - Loaded liquibase.command.CommandStep instance liquibase.command.core.CalculateChecksumCommandStep
2026-09-20 01:22:06 [main] DEBUG liquibase.servicelocator - Loaded liquibase.command.CommandStep instance liquibase.command.core.TagExistsCommandStep
2026-09-20 01:22:06 [main] DEBUG liquibase.servicelocator - Loaded liquibase.command.CommandStep instance liquibase.command.core.UnexpectedChangesetsCommandStep
2026-09-20 01:22:06 [main] DEBUG liquibase.servicelocator - Loaded liquibase.command.CommandStep instance liquibase.command.core.UpdateToTagSqlCommandStep
2026-09-20 01:22:06 [main] DEBUG liquibase.servicelocator - Loaded liquibase.command.CommandStep instance liquibase.command.core.LpmCommandStep
2026-09-20 01:22:06 [main] DEBUG liquibase.servicelocator - Loaded liquibase.command.CommandStep instance liquibase.command.core.InternalSnapshotCommandStep
2026-09-20 01:22:06 [main] DEBUG liquibase.servicelocator - Loaded liquibase.command.CommandStep instance liquibase.command.core.MarkNextChangesetRanCommandStep
2026-09-20 01:22:06 [main] DEBUG liquibase.servicelocator - Loaded liquibase.command.CommandStep instance liquibase.command.core.DiffChangelogCommandStep
2026-09-20 01:22:06 [main] DEBUG liquibase.servicelocator - Loaded liquibase.command.CommandStep instance liquibase.command.core.RollbackCommandStep
2026-09-20 01:22:06 [main] DEBUG liquibase.servicelocator - Loaded liquibase.command.CommandStep instance liquibase.command.core.DropAllCommandStep
2026-09-20 01:22:06 [main] DEBUG liquibase.servicelocator - Loaded liquibase.command.CommandStep instance liquibase.command.core.ChangelogSyncSqlCommandStep
2026-09-20 01:22:06 [main] DEBUG liquibase.servicelocator - Loaded liquibase.command.CommandStep instance liquibase.command.core.ListLocksCommandStep
2026-09-20 01:22:06 [main] DEBUG liquibase.servicelocator - Loaded liquibase.command.CommandStep instance liquibase.command.core.SnapshotReferenceCommandStep
2026-09-20 01:22:06 [main] DEBUG liquibase.servicelocator - Loaded liquibase.command.CommandStep instance liquibase.command.core.FutureRollbackSqlCommandStep
2026-09-20 01:22:06 [main] DEBUG liquibase.servicelocator - Loaded liquibase.command.CommandStep instance liquibase.command.core.DbDocCommandStep
2026-09-20 01:22:06 [main] DEBUG liquibase.servicelocator - Loaded liquibase.command.CommandStep instance liquibase.command.core.ValidateCommandStep
2026-09-20 01:22:06 [main] DEBUG liquibase.servicelocator - Loaded liquibase.command.CommandStep instance liquibase.command.core.RollbackCountSqlCommandStep
2026-09-20 01:22:06 [main] DEBUG liquibase.servicelocator - Loaded liquibase.command.CommandStep instance liquibase.command.core.init.InitProjectCommandStep
2026-09-20 01:22:06 [main] DEBUG liquibase.servicelocator - Loaded liquibase.command.CommandStep instance liquibase.command.core.init.InitCopyCommandStep
2026-09-20 01:22:06 [main] DEBUG liquibase.servicelocator - Loaded liquibase.command.CommandStep instance liquibase.command.core.ChangelogSyncToTagSqlCommandStep
2026-09-20 01:22:06 [main] DEBUG liquibase.servicelocator - Loaded liquibase.command.CommandStep instance liquibase.command.core.UpdateToTagCommandStep
2026-09-20 01:22:06 [main] DEBUG liquibase.servicelocator - Loaded liquibase.command.CommandStep instance liquibase.command.core.ChangelogSyncToTagCommandStep
2026-09-20 01:22:06 [main] DEBUG liquibase.servicelocator - Loaded liquibase.command.CommandStep instance liquibase.command.core.DiffCommandStep
2026-09-20 01:22:06 [main] DEBUG liquibase.servicelocator - Loaded liquibase.command.CommandStep instance liquibase.command.core.UpdateCountSqlCommandStep
2026-09-20 01:22:06 [main] DEBUG liquibase.servicelocator - Loaded liquibase.command.CommandStep instance liquibase.command.core.RollbackSqlCommandStep
2026-09-20 01:22:06 [main] DEBUG liquibase.servicelocator - Loaded liquibase.command.CommandStep instance liquibase.command.core.UpdateSqlCommandStep
2026-09-20 01:22:06 [main] DEBUG liquibase.servicelocator - Loaded liquibase.command.CommandStep instance liquibase.command.core.FutureRollbackCountSqlCommandStep
2026-09-20 01:22:06 [main] DEBUG liquibase.servicelocator - Loaded liquibase.logging.mdc.MdcManager instance liquibase.logging.mdc.NoOpMdcManager
2026-09-20 01:22:06 [main] DEBUG liquibase.servicelocator - Loaded liquibase.analytics.AnalyticsListener instance liquibase.analytics.LiquibaseAnalyticsListener
2026-09-20 01:22:06 [main] DEBUG liquibase.servicelocator - Loaded liquibase.analytics.AnalyticsListener instance liquibase.analytics.NoOpAnalyticsListener
2026-09-20 01:22:06 [main] DEBUG liquibase.configuration - No configuration value for liquibase.analytics.devOverride found
2026-09-20 01:22:06 [main] DEBUG liquibase.configuration - Configuration liquibase.analytics.devOverride is using the default value of false
2026-09-20 01:22:06 [main] DEBUG liquibase.configuration - No configuration value for liquibase.analytics.configEndpointUrl found
2026-09-20 01:22:06 [main] DEBUG liquibase.configuration - Configuration liquibase.analytics.configEndpointUrl is using the default value of https://config.liquibase.com/analytics.yaml
2026-09-20 01:22:06 [main] DEBUG liquibase.configuration - No configuration value for liquibase.analytics.enabled found
2026-09-20 01:22:06 [main] DEBUG liquibase.servicelocator - Loaded liquibase.license.LicenseService instance liquibase.license.OSSLicenseService
2026-09-20 01:22:06 [HikariPool-1:connection-adder] DEBUG com.zaxxer.hikari.pool.PoolBase - HikariPool-1 - Established new connection (fa0deac5-e533-4b51-982d-7aa719c0fd0c)
2026-09-20 01:22:06 [HikariPool-1:connection-adder] DEBUG com.zaxxer.hikari.pool.HikariPool - HikariPool-1 - Added connection org.postgresql.jdbc.PgConnection@7f6fc406
2026-09-20 01:22:06 [main] DEBUG liquibase.configuration - No configuration value for liquibase.analytics.configCacheTimeoutMillis found
2026-09-20 01:22:06 [main] DEBUG liquibase.configuration - Configuration liquibase.analytics.configCacheTimeoutMillis is using the default value of 3600000
2026-09-20 01:22:06 [main] DEBUG liquibase.servicelocator - Loaded liquibase.analytics.configuration.AnalyticsConfiguration instance liquibase.analytics.configuration.LiquibaseRemoteAnalyticsConfiguration
2026-09-20 01:22:06 [main] DEBUG liquibase.configuration - No configuration value for liquibase.analytics.logLevel found
2026-09-20 01:22:06 [main] DEBUG liquibase.configuration - Configuration liquibase.analytics.logLevel is using the default value of OFF
2026-09-20 01:22:06 [HikariPool-1:connection-adder] DEBUG com.zaxxer.hikari.pool.HikariPool - HikariPool-1 - After adding stats (total=2/10, idle=1/10, active=1, waiting=0)
2026-09-20 01:22:06 [HikariPool-1:connection-adder] DEBUG com.zaxxer.hikari.pool.PoolBase - HikariPool-1 - Attempting to create/setup new connection (bad2342c-bfa1-4c20-990b-53aab77f5007)
2026-09-20 01:22:06 [main] DEBUG liquibase.configuration - No configuration value for liquibase.analytics.configEndpointTimeoutMillis found
2026-09-20 01:22:06 [main] DEBUG liquibase.configuration - Configuration liquibase.analytics.configEndpointTimeoutMillis is using the default value of 1500
2026-09-20 01:22:06 [HikariPool-1:connection-adder] DEBUG com.zaxxer.hikari.pool.PoolBase - HikariPool-1 - Established new connection (bad2342c-bfa1-4c20-990b-53aab77f5007)
2026-09-20 01:22:06 [HikariPool-1:connection-adder] DEBUG com.zaxxer.hikari.pool.HikariPool - HikariPool-1 - Added connection org.postgresql.jdbc.PgConnection@71a8359b
2026-09-20 01:22:06 [HikariPool-1:connection-adder] DEBUG com.zaxxer.hikari.pool.HikariPool - HikariPool-1 - After adding stats (total=3/10, idle=2/10, active=1, waiting=0)
2026-09-20 01:22:06 [HikariPool-1:connection-adder] DEBUG com.zaxxer.hikari.pool.PoolBase - HikariPool-1 - Attempting to create/setup new connection (ee24e66d-e634-4563-8f98-db961ce467ce)
2026-09-20 01:22:06 [HikariPool-1:connection-adder] DEBUG com.zaxxer.hikari.pool.PoolBase - HikariPool-1 - Established new connection (ee24e66d-e634-4563-8f98-db961ce467ce)
2026-09-20 01:22:06 [HikariPool-1:connection-adder] DEBUG com.zaxxer.hikari.pool.HikariPool - HikariPool-1 - Added connection org.postgresql.jdbc.PgConnection@7597af76
2026-09-20 01:22:06 [HikariPool-1:connection-adder] DEBUG com.zaxxer.hikari.pool.HikariPool - HikariPool-1 - After adding stats (total=4/10, idle=3/10, active=1, waiting=0)
2026-09-20 01:22:06 [HikariPool-1:connection-adder] DEBUG com.zaxxer.hikari.pool.PoolBase - HikariPool-1 - Attempting to create/setup new connection (26e1ce5d-11f5-4a7f-b561-a5eb30c88346)
2026-09-20 01:22:06 [HikariPool-1:connection-adder] DEBUG com.zaxxer.hikari.pool.PoolBase - HikariPool-1 - Established new connection (26e1ce5d-11f5-4a7f-b561-a5eb30c88346)
2026-09-20 01:22:06 [HikariPool-1:connection-adder] DEBUG com.zaxxer.hikari.pool.HikariPool - HikariPool-1 - Added connection org.postgresql.jdbc.PgConnection@30953fa0
2026-09-20 01:22:06 [HikariPool-1:connection-adder] DEBUG com.zaxxer.hikari.pool.HikariPool - HikariPool-1 - After adding stats (total=5/10, idle=4/10, active=1, waiting=0)
2026-09-20 01:22:06 [HikariPool-1:connection-adder] DEBUG com.zaxxer.hikari.pool.PoolBase - HikariPool-1 - Attempting to create/setup new connection (eabce679-2dcd-49a5-bab5-6c696e9f518e)
2026-09-20 01:22:06 [HikariPool-1:connection-adder] DEBUG com.zaxxer.hikari.pool.PoolBase - HikariPool-1 - Established new connection (eabce679-2dcd-49a5-bab5-6c696e9f518e)
2026-09-20 01:22:06 [HikariPool-1:connection-adder] DEBUG com.zaxxer.hikari.pool.HikariPool - HikariPool-1 - Added connection org.postgresql.jdbc.PgConnection@31db9240
2026-09-20 01:22:06 [HikariPool-1:connection-adder] DEBUG com.zaxxer.hikari.pool.HikariPool - HikariPool-1 - After adding stats (total=6/10, idle=5/10, active=1, waiting=0)
2026-09-20 01:22:06 [HikariPool-1:connection-adder] DEBUG com.zaxxer.hikari.pool.PoolBase - HikariPool-1 - Attempting to create/setup new connection (fcd77dce-649e-4908-9dfe-30acdd7479de)
2026-09-20 01:22:06 [HikariPool-1:connection-adder] DEBUG com.zaxxer.hikari.pool.PoolBase - HikariPool-1 - Established new connection (fcd77dce-649e-4908-9dfe-30acdd7479de)
2026-09-20 01:22:06 [HikariPool-1:connection-adder] DEBUG com.zaxxer.hikari.pool.HikariPool - HikariPool-1 - Added connection org.postgresql.jdbc.PgConnection@16f6d0d
2026-09-20 01:22:06 [HikariPool-1:connection-adder] DEBUG com.zaxxer.hikari.pool.HikariPool - HikariPool-1 - After adding stats (total=7/10, idle=6/10, active=1, waiting=0)
2026-09-20 01:22:06 [HikariPool-1:connection-adder] DEBUG com.zaxxer.hikari.pool.PoolBase - HikariPool-1 - Attempting to create/setup new connection (34773b45-712f-4a8c-9a9a-a5916c92d1e4)
2026-09-20 01:22:06 [HikariPool-1:connection-adder] DEBUG com.zaxxer.hikari.pool.PoolBase - HikariPool-1 - Established new connection (34773b45-712f-4a8c-9a9a-a5916c92d1e4)
2026-09-20 01:22:06 [HikariPool-1:connection-adder] DEBUG com.zaxxer.hikari.pool.HikariPool - HikariPool-1 - Added connection org.postgresql.jdbc.PgConnection@49cb9e49
2026-09-20 01:22:06 [main] DEBUG liquibase.configuration - No configuration value for liquibase.strict found
2026-09-20 01:22:06 [main] DEBUG liquibase.configuration - Configuration liquibase.strict is using the default value of false
2026-09-20 01:22:06 [main] DEBUG liquibase.configuration - No configuration value for liquibase.command.update.changeExecListener found
2026-09-20 01:22:06 [main] DEBUG liquibase.configuration - No configuration value for liquibase.command.changeExecListener found
2026-09-20 01:22:06 [main] DEBUG liquibase.configuration - No configuration value for liquibase.command.update.changeExecListenerClass found
2026-09-20 01:22:06 [main] DEBUG liquibase.configuration - No configuration value for liquibase.command.changeExecListenerClass found
2026-09-20 01:22:06 [main] DEBUG liquibase.configuration - No configuration value for liquibase.command.update.changeExecListenerPropertiesFile found
2026-09-20 01:22:06 [main] DEBUG liquibase.configuration - No configuration value for liquibase.command.changeExecListenerPropertiesFile found
2026-09-20 01:22:06 [main] DEBUG liquibase.configuration - Found 'liquibase.command.update.changelogFile' configuration of 'classpath:db/changelog/db.changelog-master.yaml'
    command argument 'changelogFile' of 'classpath:db/changelog/db.changelog-master.yaml'
2026-09-20 01:22:06 [main] DEBUG liquibase.configuration - Found 'liquibase.command.update.changelogParameters' configuration of 'liquibase.changelog.ChangeLogParameters@5a899811'
    command argument 'changelogParameters' of 'liquibase.changelog.ChangeLogParameters@5a899811'
2026-09-20 01:22:06 [main] DEBUG liquibase.configuration - No configuration value for liquibase.command.update.contextFilter aka liquibase.command.update.contexts found
2026-09-20 01:22:06 [main] DEBUG liquibase.configuration - No configuration value for liquibase.command.contextFilter aka liquibase.command.contexts found
2026-09-20 01:22:06 [main] DEBUG liquibase.configuration - Found 'liquibase.command.update.database' configuration of 'postgres @ jdbc:postgresql://localhost:5432/postgres (Default Schema: public)'
    command argument 'database' of 'postgres @ jdbc:postgresql://localhost:5432/postgres (Default Schema: public)'
2026-09-20 01:22:06 [main] DEBUG liquibase.configuration - No configuration value for liquibase.command.update.databaseChangelog found
2026-09-20 01:22:06 [main] DEBUG liquibase.configuration - No configuration value for liquibase.command.databaseChangelog found
2026-09-20 01:22:06 [main] DEBUG liquibase.configuration - No configuration value for liquibase.command.update.defaultCatalogName found
2026-09-20 01:22:06 [main] DEBUG liquibase.configuration - No configuration value for liquibase.command.defaultCatalogName found
2026-09-20 01:22:06 [main] DEBUG liquibase.configuration - No configuration value for liquibase.command.update.defaultSchemaName found
2026-09-20 01:22:06 [main] DEBUG liquibase.configuration - No configuration value for liquibase.command.defaultSchemaName found
2026-09-20 01:22:06 [main] DEBUG liquibase.configuration - No configuration value for liquibase.command.update.driver found
2026-09-20 01:22:06 [main] DEBUG liquibase.configuration - No configuration value for liquibase.command.driver found
2026-09-20 01:22:06 [main] DEBUG liquibase.configuration - No configuration value for liquibase.command.update.driverPropertiesFile found
2026-09-20 01:22:06 [main] DEBUG liquibase.configuration - No configuration value for liquibase.command.driverPropertiesFile found
2026-09-20 01:22:06 [main] DEBUG liquibase.configuration - No configuration value for liquibase.command.update.labelFilter aka liquibase.command.update.labels found
2026-09-20 01:22:06 [main] DEBUG liquibase.configuration - No configuration value for liquibase.command.labelFilter aka liquibase.command.labels found
2026-09-20 01:22:06 [main] DEBUG liquibase.configuration - No configuration value for liquibase.command.update.password found
2026-09-20 01:22:06 [main] DEBUG liquibase.configuration - No configuration value for liquibase.command.password found
2026-09-20 01:22:06 [main] DEBUG liquibase.configuration - No configuration value for liquibase.command.update.showSummary found
2026-09-20 01:22:06 [main] DEBUG liquibase.configuration - Configuration liquibase.command.update.showSummary is using the default value of SUMMARY
2026-09-20 01:22:06 [main] DEBUG liquibase.configuration - No configuration value for liquibase.command.showSummary found
2026-09-20 01:22:06 [main] DEBUG liquibase.configuration - Configuration liquibase.command.showSummary is using the default value of SUMMARY
2026-09-20 01:22:06 [main] DEBUG liquibase.configuration - Found 'liquibase.command.update.showSummaryOutput' configuration of 'LOG'
    command argument 'showSummaryOutput' of 'LOG'
2026-09-20 01:22:06 [main] DEBUG liquibase.configuration - No configuration value for liquibase.command.update.skipDatabaseStep found
2026-09-20 01:22:06 [main] DEBUG liquibase.configuration - Configuration liquibase.command.update.skipDatabaseStep is using the default value of false
2026-09-20 01:22:06 [main] DEBUG liquibase.configuration - No configuration value for liquibase.command.skipDatabaseStep found
2026-09-20 01:22:06 [main] DEBUG liquibase.configuration - Configuration liquibase.command.skipDatabaseStep is using the default value of false
2026-09-20 01:22:06 [main] DEBUG liquibase.configuration - No configuration value for liquibase.command.update.updateNullChecksums found
2026-09-20 01:22:06 [main] DEBUG liquibase.configuration - Configuration liquibase.command.update.updateNullChecksums is using the default value of false
2026-09-20 01:22:06 [HikariPool-1:connection-adder] DEBUG com.zaxxer.hikari.pool.HikariPool - HikariPool-1 - After adding stats (total=8/10, idle=7/10, active=1, waiting=0)
2026-09-20 01:22:06 [HikariPool-1:connection-adder] DEBUG com.zaxxer.hikari.pool.PoolBase - HikariPool-1 - Attempting to create/setup new connection (4ee6d18d-f58b-43a5-9265-00de4f892d1a)
2026-09-20 01:22:06 [main] DEBUG liquibase.configuration - No configuration value for liquibase.command.updateNullChecksums found
2026-09-20 01:22:06 [main] DEBUG liquibase.configuration - Configuration liquibase.command.updateNullChecksums is using the default value of false
2026-09-20 01:22:06 [main] DEBUG liquibase.configuration - No configuration value for liquibase.command.update.url found
2026-09-20 01:22:06 [main] DEBUG liquibase.configuration - No configuration value for liquibase.command.url found
2026-09-20 01:22:06 [main] DEBUG liquibase.configuration - No configuration value for liquibase.command.update.username found
2026-09-20 01:22:06 [main] DEBUG liquibase.configuration - No configuration value for liquibase.command.username found
2026-09-20 01:22:06 [main] DEBUG liquibase.command - Pipeline for command 'update: liquibase.command.core.helpers.DbUrlConnectionArgumentsCommandStep then liquibase.command.core.helpers.ShowSummaryArgument then liquibase.command.core.helpers.DbUrlConnectionCommandStep then liquibase.command.core.helpers.DatabaseChangelogCommandStep then liquibase.command.core.helpers.ChangeExecListenerCommandStep then liquibase.command.core.UpdateCommandStep
2026-09-20 01:22:06 [main] DEBUG liquibase.configuration - No configuration value for liquibase.outputFile found
2026-09-20 01:22:06 [main] DEBUG liquibase.configuration - No configuration value for liquibase.outputFileEncoding found
2026-09-20 01:22:06 [main] DEBUG liquibase.configuration - Configuration liquibase.outputFileEncoding is using the default value of UTF-8
2026-09-20 01:22:06 [main] DEBUG liquibase.command - Writing output with encoding 'UTF-8'
2026-09-20 01:22:06 [main] DEBUG liquibase.command - Executing internal command dbUrlConnectionArguments
2026-09-20 01:22:06 [main] DEBUG liquibase.command - Executing internal command showSummary
2026-09-20 01:22:06 [main] DEBUG liquibase.configuration - Configuration liquibase.command.update.showSummary is using the default value of SUMMARY
2026-09-20 01:22:06 [main] DEBUG liquibase.configuration - Configuration liquibase.command.showSummary is using the default value of SUMMARY
2026-09-20 01:22:06 [main] DEBUG liquibase.command - Executing internal command dbUrlConnectionCommandStep
2026-09-20 01:22:06 [main] DEBUG liquibase.configuration - Configuration liquibase.command.update.skipDatabaseStep is using the default value of false
2026-09-20 01:22:06 [main] DEBUG liquibase.configuration - Configuration liquibase.command.skipDatabaseStep is using the default value of false
2026-09-20 01:22:06 [main] DEBUG liquibase.configuration - No configuration value for liquibase.liquibaseCatalogName aka liquibase.catalogName found
2026-09-20 01:22:06 [main] DEBUG liquibase.configuration - No configuration value for liquibase.license.tracking.enabled aka liquibase.license.utility.enabled found
2026-09-20 01:22:06 [main] DEBUG liquibase.configuration - Configuration liquibase.license.tracking.enabled is using the default value of false
2026-09-20 01:22:06 [main] DEBUG liquibase.command - Executing internal command changelogCommandStep
2026-09-20 01:22:06 [main] DEBUG liquibase.servicelocator - Loaded liquibase.parser.ChangeLogParser instance liquibase.parser.core.formattedsql.FormattedSqlChangeLogParser
2026-09-20 01:22:06 [main] DEBUG liquibase.servicelocator - Loaded liquibase.parser.ChangeLogParser instance liquibase.parser.core.json.JsonChangeLogParser
2026-09-20 01:22:06 [main] DEBUG liquibase.servicelocator - Loaded liquibase.parser.ChangeLogParser instance liquibase.parser.core.sql.SqlChangeLogParser
2026-09-20 01:22:06 [main] DEBUG liquibase.configuration - No configuration value for liquibase.validateXmlChangelogFiles found
2026-09-20 01:22:06 [main] DEBUG liquibase.configuration - Configuration liquibase.validateXmlChangelogFiles is using the default value of true
2026-09-20 01:22:06 [main] DEBUG liquibase.configuration - No configuration value for liquibase.secureParsing found
2026-09-20 01:22:06 [main] DEBUG liquibase.configuration - Configuration liquibase.secureParsing is using the default value of true
2026-09-20 01:22:06 [main] DEBUG liquibase.servicelocator - Loaded liquibase.parser.ChangeLogParser instance liquibase.parser.core.xml.XMLChangeLogSAXParser
2026-09-20 01:22:06 [main] DEBUG liquibase.servicelocator - Loaded liquibase.parser.ChangeLogParser instance liquibase.parser.core.yaml.YamlChangeLogParser
2026-09-20 01:22:06 [main] DEBUG liquibase.parser - Matched file 'classpath:db/changelog/db.changelog-master.yaml' to parser 'YamlChangeLogParser'
2026-09-20 01:22:06 [main] DEBUG liquibase.configuration - No configuration value for liquibase.preserveClasspathPrefixInNormalizedPaths found
2026-09-20 01:22:06 [main] DEBUG liquibase.configuration - Configuration liquibase.preserveClasspathPrefixInNormalizedPaths is using the default value of false
2026-09-20 01:22:06 [main] DEBUG liquibase.parser - Matched file 'db/changelog/changes/001-create-users.yaml' to parser 'YamlChangeLogParser'
2026-09-20 01:22:06 [main] DEBUG liquibase.servicelocator - Loaded liquibase.changeset.ChangeSetService instance liquibase.changeset.StandardChangeSetService
2026-09-20 01:22:06 [main] DEBUG liquibase.servicelocator - Loaded liquibase.change.Change instance liquibase.change.core.AddAutoIncrementChange
2026-09-20 01:22:06 [main] DEBUG liquibase.servicelocator - Loaded liquibase.change.Change instance liquibase.change.core.AddColumnChange
2026-09-20 01:22:06 [main] DEBUG liquibase.servicelocator - Loaded liquibase.change.Change instance liquibase.change.core.AddDefaultValueChange
2026-09-20 01:22:06 [main] DEBUG liquibase.servicelocator - Loaded liquibase.change.Change instance liquibase.change.core.AddForeignKeyConstraintChange
2026-09-20 01:22:06 [main] DEBUG liquibase.servicelocator - Loaded liquibase.change.Change instance liquibase.change.core.AddLookupTableChange
2026-09-20 01:22:06 [main] DEBUG liquibase.servicelocator - Loaded liquibase.change.Change instance liquibase.change.core.AddNotNullConstraintChange
2026-09-20 01:22:06 [main] DEBUG liquibase.servicelocator - Loaded liquibase.change.Change instance liquibase.change.core.AddPrimaryKeyChange
2026-09-20 01:22:06 [main] DEBUG liquibase.servicelocator - Loaded liquibase.change.Change instance liquibase.change.core.AddUniqueConstraintChange
2026-09-20 01:22:06 [main] DEBUG liquibase.servicelocator - Loaded liquibase.change.Change instance liquibase.change.core.AlterSequenceChange
2026-09-20 01:22:06 [main] DEBUG liquibase.servicelocator - Loaded liquibase.change.Change instance liquibase.change.core.CreateIndexChange
2026-09-20 01:22:06 [main] DEBUG liquibase.servicelocator - Loaded liquibase.change.Change instance liquibase.change.core.CreateProcedureChange
2026-09-20 01:22:06 [main] DEBUG liquibase.servicelocator - Loaded liquibase.change.Change instance liquibase.change.core.CreateSequenceChange
2026-09-20 01:22:06 [main] DEBUG liquibase.servicelocator - Loaded liquibase.change.Change instance liquibase.change.core.CreateTableChange
2026-09-20 01:22:06 [main] DEBUG liquibase.servicelocator - Loaded liquibase.change.Change instance liquibase.change.core.CreateViewChange
2026-09-20 01:22:06 [main] DEBUG liquibase.servicelocator - Loaded liquibase.change.Change instance liquibase.change.core.DeleteDataChange
2026-09-20 01:22:06 [main] DEBUG liquibase.servicelocator - Loaded liquibase.change.Change instance liquibase.change.core.DropAllForeignKeyConstraintsChange
2026-09-20 01:22:06 [main] DEBUG liquibase.servicelocator - Loaded liquibase.change.Change instance liquibase.change.core.DropColumnChange
2026-09-20 01:22:06 [main] DEBUG liquibase.servicelocator - Loaded liquibase.change.Change instance liquibase.change.core.DropDefaultValueChange
2026-09-20 01:22:06 [main] DEBUG liquibase.servicelocator - Loaded liquibase.change.Change instance liquibase.change.core.DropForeignKeyConstraintChange
2026-09-20 01:22:06 [main] DEBUG liquibase.servicelocator - Loaded liquibase.change.Change instance liquibase.change.core.DropIndexChange
2026-09-20 01:22:06 [main] DEBUG liquibase.servicelocator - Loaded liquibase.change.Change instance liquibase.change.core.DropNotNullConstraintChange
2026-09-20 01:22:06 [main] DEBUG liquibase.servicelocator - Loaded liquibase.change.Change instance liquibase.change.core.DropPrimaryKeyChange
2026-09-20 01:22:06 [main] DEBUG liquibase.servicelocator - Loaded liquibase.change.Change instance liquibase.change.core.DropProcedureChange
2026-09-20 01:22:06 [main] DEBUG liquibase.servicelocator - Loaded liquibase.change.Change instance liquibase.change.core.DropSequenceChange
2026-09-20 01:22:06 [main] DEBUG liquibase.servicelocator - Loaded liquibase.change.Change instance liquibase.change.core.DropTableChange
2026-09-20 01:22:06 [main] DEBUG liquibase.servicelocator - Loaded liquibase.change.Change instance liquibase.change.core.DropUniqueConstraintChange
2026-09-20 01:22:06 [main] DEBUG liquibase.servicelocator - Loaded liquibase.change.Change instance liquibase.change.core.DropViewChange
2026-09-20 01:22:06 [main] DEBUG liquibase.servicelocator - Loaded liquibase.change.Change instance liquibase.change.core.EmptyChange
2026-09-20 01:22:06 [main] DEBUG liquibase.servicelocator - Loaded liquibase.change.Change instance liquibase.change.core.ExecuteShellCommandChange
2026-09-20 01:22:06 [HikariPool-1:connection-adder] DEBUG com.zaxxer.hikari.pool.PoolBase - HikariPool-1 - Established new connection (4ee6d18d-f58b-43a5-9265-00de4f892d1a)
2026-09-20 01:22:06 [HikariPool-1:connection-adder] DEBUG com.zaxxer.hikari.pool.HikariPool - HikariPool-1 - Added connection org.postgresql.jdbc.PgConnection@50bac0ef
2026-09-20 01:22:06 [main] DEBUG liquibase.servicelocator - Loaded liquibase.change.Change instance liquibase.change.core.InsertDataChange
2026-09-20 01:22:06 [main] DEBUG liquibase.servicelocator - Loaded liquibase.change.Change instance liquibase.change.core.LoadDataChange
2026-09-20 01:22:06 [main] DEBUG liquibase.servicelocator - Loaded liquibase.change.Change instance liquibase.change.core.LoadUpdateDataChange
2026-09-20 01:22:06 [main] DEBUG liquibase.servicelocator - Loaded liquibase.change.Change instance liquibase.change.core.MergeColumnChange
2026-09-20 01:22:06 [main] DEBUG liquibase.servicelocator - Loaded liquibase.change.Change instance liquibase.change.core.ModifyDataTypeChange
2026-09-20 01:22:06 [main] DEBUG liquibase.servicelocator - Loaded liquibase.change.Change instance liquibase.change.core.OutputChange
2026-09-20 01:22:06 [main] DEBUG liquibase.servicelocator - Loaded liquibase.change.Change instance liquibase.change.core.RawSQLChange
2026-09-20 01:22:06 [main] DEBUG liquibase.servicelocator - Loaded liquibase.change.Change instance liquibase.change.core.RenameColumnChange
2026-09-20 01:22:06 [main] DEBUG liquibase.servicelocator - Loaded liquibase.change.Change instance liquibase.change.core.RenameSequenceChange
2026-09-20 01:22:06 [main] DEBUG liquibase.servicelocator - Loaded liquibase.change.Change instance liquibase.change.core.RenameTableChange
2026-09-20 01:22:06 [main] DEBUG liquibase.servicelocator - Loaded liquibase.change.Change instance liquibase.change.core.RenameViewChange
2026-09-20 01:22:06 [main] DEBUG liquibase.servicelocator - Loaded liquibase.change.Change instance liquibase.change.core.SQLFileChange
2026-09-20 01:22:06 [main] DEBUG liquibase.servicelocator - Loaded liquibase.change.Change instance liquibase.change.core.SetColumnRemarksChange
2026-09-20 01:22:06 [main] DEBUG liquibase.servicelocator - Loaded liquibase.change.Change instance liquibase.change.core.SetTableRemarksChange
2026-09-20 01:22:06 [main] DEBUG liquibase.servicelocator - Loaded liquibase.change.Change instance liquibase.change.core.StopChange
2026-09-20 01:22:06 [main] DEBUG liquibase.servicelocator - Loaded liquibase.change.Change instance liquibase.change.core.TagDatabaseChange
2026-09-20 01:22:06 [main] DEBUG liquibase.servicelocator - Loaded liquibase.change.Change instance liquibase.change.core.UpdateDataChange
2026-09-20 01:22:06 [main] DEBUG liquibase.servicelocator - Loaded liquibase.change.Change instance liquibase.change.custom.CustomChangeWrapper
2026-09-20 01:22:06 [HikariPool-1:connection-adder] DEBUG com.zaxxer.hikari.pool.HikariPool - HikariPool-1 - After adding stats (total=9/10, idle=8/10, active=1, waiting=0)
2026-09-20 01:22:06 [HikariPool-1:connection-adder] DEBUG com.zaxxer.hikari.pool.PoolBase - HikariPool-1 - Attempting to create/setup new connection (64331795-b5f0-4a06-8cbf-4f239c5bb083)
2026-09-20 01:22:06 [main] DEBUG liquibase.servicelocator - Loaded liquibase.changelog.ChangeLogHistoryService instance liquibase.changelog.MockChangeLogHistoryService
2026-09-20 01:22:06 [main] DEBUG liquibase.servicelocator - Loaded liquibase.changelog.ChangeLogHistoryService instance liquibase.changelog.StandardChangeLogHistoryService
2026-09-20 01:22:06 [main] DEBUG liquibase.servicelocator - Loaded liquibase.snapshot.SnapshotGenerator instance liquibase.snapshot.jvm.CatalogSnapshotGenerator
2026-09-20 01:22:06 [main] DEBUG liquibase.servicelocator - Loaded liquibase.snapshot.SnapshotGenerator instance liquibase.snapshot.jvm.ColumnSnapshotGenerator
2026-09-20 01:22:06 [main] DEBUG liquibase.servicelocator - Loaded liquibase.snapshot.SnapshotGenerator instance liquibase.snapshot.jvm.ColumnSnapshotGeneratorH2
2026-09-20 01:22:06 [main] DEBUG liquibase.servicelocator - Loaded liquibase.snapshot.SnapshotGenerator instance liquibase.snapshot.jvm.ColumnSnapshotGeneratorInformix
2026-09-20 01:22:06 [main] DEBUG liquibase.servicelocator - Loaded liquibase.snapshot.SnapshotGenerator instance liquibase.snapshot.jvm.ColumnSnapshotGeneratorOracle
2026-09-20 01:22:06 [main] DEBUG liquibase.servicelocator - Loaded liquibase.snapshot.SnapshotGenerator instance liquibase.snapshot.jvm.DataSnapshotGenerator
2026-09-20 01:22:06 [main] DEBUG liquibase.servicelocator - Loaded liquibase.snapshot.SnapshotGenerator instance liquibase.snapshot.jvm.ForeignKeySnapshotGenerator
2026-09-20 01:22:06 [main] DEBUG liquibase.servicelocator - Loaded liquibase.snapshot.SnapshotGenerator instance liquibase.snapshot.jvm.IndexSnapshotGenerator
2026-09-20 01:22:06 [main] DEBUG liquibase.servicelocator - Loaded liquibase.snapshot.SnapshotGenerator instance liquibase.snapshot.jvm.PrimaryKeySnapshotGenerator
2026-09-20 01:22:06 [main] DEBUG liquibase.servicelocator - Loaded liquibase.snapshot.SnapshotGenerator instance liquibase.snapshot.jvm.SchemaSnapshotGenerator
2026-09-20 01:22:06 [main] DEBUG liquibase.servicelocator - Loaded liquibase.snapshot.SnapshotGenerator instance liquibase.snapshot.jvm.SequenceSnapshotGenerator
2026-09-20 01:22:06 [main] DEBUG liquibase.servicelocator - Loaded liquibase.snapshot.SnapshotGenerator instance liquibase.snapshot.jvm.TableSnapshotGenerator
2026-09-20 01:22:06 [main] DEBUG liquibase.servicelocator - Loaded liquibase.snapshot.SnapshotGenerator instance liquibase.snapshot.jvm.UniqueConstraintSnapshotGenerator
2026-09-20 01:22:06 [main] DEBUG liquibase.servicelocator - Loaded liquibase.snapshot.SnapshotGenerator instance liquibase.snapshot.jvm.ViewSnapshotGenerator
2026-09-20 01:22:06 [main] DEBUG liquibase.servicelocator - Loaded liquibase.snapshot.SnapshotGenerator instance liquibase.snapshot.jvm.SchemaSnapshotGeneratorSnowflake
2026-09-20 01:22:06 [main] DEBUG liquibase.servicelocator - Loaded liquibase.snapshot.SnapshotGenerator instance liquibase.snapshot.jvm.SequenceSnapshotGeneratorSnowflake
2026-09-20 01:22:06 [main] DEBUG liquibase.servicelocator - Loaded liquibase.snapshot.SnapshotGenerator instance liquibase.snapshot.jvm.UniqueConstraintSnapshotGeneratorSnowflake
2026-09-20 01:22:06 [main] DEBUG liquibase.configuration - No configuration value for liquibase.supportsMethodValidationLevel found
2026-09-20 01:22:06 [main] DEBUG liquibase.configuration - Configuration liquibase.supportsMethodValidationLevel is using the default value of WARN
2026-09-20 01:22:06 [main] DEBUG liquibase.util - Computed checksum for 1789856526698 as 1ddf222d7f123a015486efe1d0083c6f
2026-09-20 01:22:06 [main] DEBUG liquibase.configuration - No configuration value for liquibase.preserveSchemaCase found
2026-09-20 01:22:06 [main] DEBUG liquibase.configuration - Configuration liquibase.preserveSchemaCase is using the default value of false
2026-09-20 01:22:06 [HikariPool-1:connection-adder] DEBUG com.zaxxer.hikari.pool.PoolBase - HikariPool-1 - Established new connection (64331795-b5f0-4a06-8cbf-4f239c5bb083)
2026-09-20 01:22:06 [HikariPool-1:connection-adder] DEBUG com.zaxxer.hikari.pool.HikariPool - HikariPool-1 - Added connection org.postgresql.jdbc.PgConnection@3d9e112a
2026-09-20 01:22:06 [main] DEBUG liquibase.servicelocator - Loaded liquibase.database.LiquibaseTableNames instance liquibase.database.StandardLiquibaseTableNames
2026-09-20 01:22:06 [main] DEBUG liquibase.servicelocator - Loaded liquibase.diff.compare.DatabaseObjectComparator instance liquibase.diff.compare.core.CatalogComparator
2026-09-20 01:22:06 [main] DEBUG liquibase.servicelocator - Loaded liquibase.diff.compare.DatabaseObjectComparator instance liquibase.diff.compare.core.ColumnComparator
2026-09-20 01:22:06 [main] DEBUG liquibase.servicelocator - Loaded liquibase.diff.compare.DatabaseObjectComparator instance liquibase.diff.compare.core.DefaultDatabaseObjectComparator
2026-09-20 01:22:06 [main] DEBUG liquibase.servicelocator - Loaded liquibase.diff.compare.DatabaseObjectComparator instance liquibase.diff.compare.core.ForeignKeyComparator
2026-09-20 01:22:06 [main] DEBUG liquibase.servicelocator - Loaded liquibase.diff.compare.DatabaseObjectComparator instance liquibase.diff.compare.core.IndexComparator
2026-09-20 01:22:06 [main] DEBUG liquibase.servicelocator - Loaded liquibase.diff.compare.DatabaseObjectComparator instance liquibase.diff.compare.core.MSSQLViewComparator
2026-09-20 01:22:06 [main] DEBUG liquibase.servicelocator - Loaded liquibase.diff.compare.DatabaseObjectComparator instance liquibase.diff.compare.core.PrimaryKeyComparator
2026-09-20 01:22:06 [main] DEBUG liquibase.servicelocator - Loaded liquibase.diff.compare.DatabaseObjectComparator instance liquibase.diff.compare.core.SchemaComparator
2026-09-20 01:22:06 [main] DEBUG liquibase.servicelocator - Loaded liquibase.diff.compare.DatabaseObjectComparator instance liquibase.diff.compare.core.TableComparator
2026-09-20 01:22:06 [main] DEBUG liquibase.servicelocator - Loaded liquibase.diff.compare.DatabaseObjectComparator instance liquibase.diff.compare.core.UniqueConstraintComparator
2026-09-20 01:22:06 [main] DEBUG liquibase.configuration - No configuration value for liquibase.includeCatalogInSpecification found
2026-09-20 01:22:06 [main] DEBUG liquibase.configuration - Configuration liquibase.includeCatalogInSpecification is using the default value of false
2026-09-20 01:22:06 [main] DEBUG liquibase.executor - Changelog query completed.
2026-09-20 01:22:06 [main] INFO  liquibase.changelog - Reading from public.databasechangelog
2026-09-20 01:22:06 [HikariPool-1:connection-adder] DEBUG com.zaxxer.hikari.pool.HikariPool - HikariPool-1 - After adding stats (total=10/10, idle=9/10, active=1, waiting=0)
2026-09-20 01:22:06 [HikariPool-1:connection-adder] DEBUG com.zaxxer.hikari.pool.HikariPool - HikariPool-1 - Connection not added, stats (total=10/10, idle=9/10, active=1, waiting=0)
2026-09-20 01:22:06 [main] DEBUG liquibase.executor - Changelog query completed.
2026-09-20 01:22:06 [main] DEBUG liquibase.configuration - No configuration value for liquibase.allowInheritLogicalFilePath found
2026-09-20 01:22:06 [main] DEBUG liquibase.configuration - Configuration liquibase.allowInheritLogicalFilePath is using the default value of true
2026-09-20 01:22:06 [main] DEBUG liquibase.configuration - Found 'liquibase.command.update.updateNullChecksums' configuration of 'true'
    command argument 'updateNullChecksums' of 'true'
2026-09-20 01:22:06 [main] DEBUG liquibase.servicelocator - Loaded liquibase.lockservice.LockService instance liquibase.lockservice.LockServiceImpl
2026-09-20 01:22:06 [main] DEBUG liquibase.servicelocator - Loaded liquibase.lockservice.LockService instance liquibase.lockservice.MockLockService
2026-09-20 01:22:06 [main] DEBUG liquibase.servicelocator - Loaded liquibase.lockservice.LockService instance liquibase.lockservice.OfflineLockService
2026-09-20 01:22:06 [main] DEBUG liquibase.servicelocator - Loaded liquibase.lockservice.LockService instance liquibase.lockservice.StandardLockService
2026-09-20 01:22:06 [main] DEBUG liquibase.executor - Changelog query completed.
2026-09-20 01:22:06 [main] DEBUG liquibase.configuration - No configuration value for liquibase.allowDuplicatedChangesetIdentifiers found
2026-09-20 01:22:06 [main] DEBUG liquibase.configuration - Configuration liquibase.allowDuplicatedChangesetIdentifiers is using the default value of false
2026-09-20 01:22:06 [main] DEBUG liquibase.servicelocator - Loaded liquibase.changelog.visitor.ValidatingVisitorGenerator instance liquibase.changelog.visitor.StandardValidatingVisitorGenerator
2026-09-20 01:22:06 [main] DEBUG liquibase.util - Computed checksum for createTable:[
    columns=[
        [
            [
                nullable="false"
                primaryKey="true"
            ]
            autoIncrement="true"
            name="id"
            type="BIGINT"
        ],
        [
            [
                nullable="false"
            ]
            name="age"
            type="INT"
        ],
        [
            [
                nullable="false"
            ]
            name="name"
            type="VARCHAR(255)"
        ],
        [... [truncated in log] as 49d5af09a9f137b5cbfc516576aaaf48
2026-09-20 01:22:06 [main] DEBUG liquibase.util - Computed checksum for 9:49d5af09a9f137b5cbfc516576aaaf48: as 371c4bb80ba44732ecc683c32845069d
2026-09-20 01:22:06 [main] DEBUG liquibase.command - Executing internal command changeExecListener
2026-09-20 01:22:06 [main] DEBUG liquibase.command - Executing internal command update migrate
2026-09-20 01:22:06 [main] DEBUG liquibase.changelog - Fast check found no un-run changesets
2026-09-20 01:22:06 [main] INFO  liquibase.ui - Database is up to date, no changesets to execute
2026-09-20 01:22:06 [main] INFO  liquibase.changelog - Reading from public.databasechangelog
2026-09-20 01:22:06 [main] DEBUG liquibase.executor - Changelog query completed.
2026-09-20 01:22:06 [main] DEBUG liquibase.servicelocator - Loaded liquibase.report.ShowSummaryGenerator instance liquibase.report.StandardShowSummaryGenerator
2026-09-20 01:22:06 [main] DEBUG liquibase.util - Computed checksum for  as d41d8cd98f00b204e9800998ecf8427e
2026-09-20 01:22:06 [main] INFO  liquibase.util - UPDATE SUMMARY
2026-09-20 01:22:06 [main] INFO  liquibase.util - Run:                          0
2026-09-20 01:22:06 [main] INFO  liquibase.util - Previously run:               1
2026-09-20 01:22:06 [main] INFO  liquibase.util - Filtered out:                 0
2026-09-20 01:22:06 [main] INFO  liquibase.util - -------------------------------
2026-09-20 01:22:06 [main] INFO  liquibase.util - Total change sets:            1
2026-09-20 01:22:06 [main] INFO  liquibase.util - Update summary generated
2026-09-20 01:22:06 [main] INFO  liquibase.command - Command execution complete
2026-09-20 01:22:06 [main] DEBUG o.s.b.f.s.DefaultListableBeanFactory - Creating shared instance of singleton bean 'dataSourceScriptDatabaseInitializer'
2026-09-20 01:22:06 [main] DEBUG o.s.b.f.s.DefaultListableBeanFactory - Creating shared instance of singleton bean 'org.springframework.boot.jdbc.autoconfigure.DataSourceInitializationAutoConfiguration'
2026-09-20 01:22:06 [main] DEBUG o.s.b.f.s.DefaultListableBeanFactory - Creating shared instance of singleton bean 'spring.sql.init-org.springframework.boot.sql.autoconfigure.init.SqlInitializationProperties'
2026-09-20 01:22:06 [main] DEBUG o.s.b.f.s.DefaultListableBeanFactory - Autowiring by type from bean name 'dataSourceScriptDatabaseInitializer' via factory method to bean named 'dataSource'
2026-09-20 01:22:06 [main] DEBUG o.s.b.f.s.DefaultListableBeanFactory - Autowiring by type from bean name 'dataSourceScriptDatabaseInitializer' via factory method to bean named 'spring.sql.init-org.springframework.boot.sql.autoconfigure.init.SqlInitializationProperties'
2026-09-20 01:22:06 [main] DEBUG o.s.b.f.s.DefaultListableBeanFactory - Creating shared instance of singleton bean 'entityManagerFactory'
2026-09-20 01:22:06 [main] DEBUG o.s.b.f.s.DefaultListableBeanFactory - Creating shared instance of singleton bean 'org.springframework.boot.hibernate.autoconfigure.HibernateJpaConfiguration'
2026-09-20 01:22:06 [main] DEBUG o.s.b.f.s.DefaultListableBeanFactory - Creating shared instance of singleton bean 'spring.jpa-org.springframework.boot.jpa.autoconfigure.JpaProperties'
2026-09-20 01:22:06 [main] DEBUG o.s.b.f.s.DefaultListableBeanFactory - Creating shared instance of singleton bean 'spring.jpa.hibernate-org.springframework.boot.hibernate.autoconfigure.HibernateProperties'
2026-09-20 01:22:06 [main] DEBUG o.s.b.f.s.DefaultListableBeanFactory - Autowiring by type from bean name 'org.springframework.boot.hibernate.autoconfigure.HibernateJpaConfiguration' via constructor to bean named 'dataSource'
2026-09-20 01:22:06 [main] DEBUG o.s.b.f.s.DefaultListableBeanFactory - Autowiring by type from bean name 'org.springframework.boot.hibernate.autoconfigure.HibernateJpaConfiguration' via constructor to bean named 'spring.jpa-org.springframework.boot.jpa.autoconfigure.JpaProperties'
2026-09-20 01:22:06 [main] DEBUG o.s.b.f.s.DefaultListableBeanFactory - Autowiring by type from bean name 'org.springframework.boot.hibernate.autoconfigure.HibernateJpaConfiguration' via constructor to bean named 'spring.jpa.hibernate-org.springframework.boot.hibernate.autoconfigure.HibernateProperties'
2026-09-20 01:22:06 [main] DEBUG o.s.b.f.s.DefaultListableBeanFactory - Creating shared instance of singleton bean 'hikariPoolDataSourceMetadataProvider'
2026-09-20 01:22:06 [main] DEBUG o.s.b.f.s.DefaultListableBeanFactory - Creating shared instance of singleton bean 'org.springframework.boot.jdbc.autoconfigure.DataSourcePoolMetadataProvidersConfiguration$HikariPoolDataSourceMetadataProviderConfiguration'
2026-09-20 01:22:06 [main] DEBUG o.s.b.f.s.DefaultListableBeanFactory - Creating shared instance of singleton bean 'entityManagerFactoryBuilder'
2026-09-20 01:22:06 [main] DEBUG o.s.b.f.s.DefaultListableBeanFactory - Creating shared instance of singleton bean 'jpaVendorAdapter'
2026-09-20 01:22:06 [main] DEBUG o.s.b.f.s.DefaultListableBeanFactory - Autowiring by type from bean name 'entityManagerFactoryBuilder' via factory method to bean named 'jpaVendorAdapter'
2026-09-20 01:22:06 [main] DEBUG o.s.b.f.s.DefaultListableBeanFactory - Autowiring by type from bean name 'entityManagerFactoryBuilder' via factory method to bean named 'org.springframework.beans.factory.support.DefaultListableBeanFactory@7f9e1534'
2026-09-20 01:22:06 [main] DEBUG o.s.b.f.s.DefaultListableBeanFactory - Creating shared instance of singleton bean 'persistenceManagedTypes'
2026-09-20 01:22:06 [main] DEBUG o.s.b.f.s.DefaultListableBeanFactory - Autowiring by type from bean name 'persistenceManagedTypes' via factory method to bean named 'org.springframework.beans.factory.support.DefaultListableBeanFactory@7f9e1534'
2026-09-20 01:22:06 [main] DEBUG o.s.b.f.s.DefaultListableBeanFactory - Autowiring by type from bean name 'persistenceManagedTypes' via factory method to bean named 'org.springframework.boot.web.server.servlet.context.AnnotationConfigServletWebServerApplicationContext@2ca47471'
2026-09-20 01:22:06 [main] DEBUG o.s.b.f.s.DefaultListableBeanFactory - Autowiring by type from bean name 'entityManagerFactory' via factory method to bean named 'entityManagerFactoryBuilder'
2026-09-20 01:22:06 [main] DEBUG o.s.b.f.s.DefaultListableBeanFactory - Autowiring by type from bean name 'entityManagerFactory' via factory method to bean named 'persistenceManagedTypes'
2026-09-20 01:22:06 [main] DEBUG o.s.o.j.LocalContainerEntityManagerFactoryBean - Building JPA container EntityManagerFactory for persistence unit 'default'
2026-09-20 01:22:06 [main] DEBUG org.hibernate.orm.jpa - HHH008541: PersistenceUnitInfo [
	name: default
	persistence provider classname: null
	classloader: jdk.internal.loader.ClassLoaders$AppClassLoader@c387f44
	excludeUnlistedClasses: true
	JTA datasource: null
	Non JTA datasource: HikariDataSource (HikariPool-1)
	Transaction type: RESOURCE_LOCAL
	PU root URL: file:/D:/aston/intensive/user-service/target/classes/
	Shared Cache Mode: UNSPECIFIED
	Validation Mode: AUTO
	Jar files URLs []
	Managed classes names [
		ru.aston.user.service.entity.User]
	Mapping files names []
	Properties []
2026-09-20 01:22:06 [main] DEBUG org.hibernate.orm.service - HHH010455: Adding integrator: org.hibernate.boot.beanvalidation.BeanValidationIntegrator
2026-09-20 01:22:06 [main] DEBUG org.hibernate.orm.service - HHH010455: Adding integrator: org.hibernate.cache.internal.CollectionCacheInvalidator
2026-09-20 01:22:06 [main] INFO  org.hibernate.orm.core - HHH000001: Hibernate ORM core version 7.4.5.Final
2026-09-20 01:22:06 [main] DEBUG org.hibernate.orm.core - HHH000206: 'hibernate.properties' not found
2026-09-20 01:22:06 [main] DEBUG o.s.o.j.h.SpringBeanContainer - Falling back to Hibernate's default producer after bean creation failure for interface org.hibernate.engine.jdbc.connections.spi.MultiTenantConnectionProvider: org.springframework.beans.factory.BeanCreationException: Error creating bean with name 'org.hibernate.engine.jdbc.connections.spi.MultiTenantConnectionProvider': Failed to instantiate [org.hibernate.engine.jdbc.connections.spi.MultiTenantConnectionProvider]: Specified class is an interface
2026-09-20 01:22:06 [main] DEBUG org.hibernate.orm.cache - HHH90001031: Cannot default RegionFactory since no RegionFactory strategies were registered
2026-09-20 01:22:06 [main] DEBUG org.hibernate.orm.cache - HHH90001029: Second-level cache disabled
2026-09-20 01:22:07 [main] INFO  o.s.o.j.p.SpringPersistenceUnitInfo - No LoadTimeWeaver setup: ignoring JPA class transformer
2026-09-20 01:22:07 [main] DEBUG org.hibernate.orm.jdbc - HHH100017: Database:
	name: PostgreSQL
	version: 17.4
	major: 17
	minor: 4
2026-09-20 01:22:07 [main] DEBUG org.hibernate.orm.jdbc - HHH100018: Driver:
	name: PostgreSQL JDBC Driver
	version: 42.7.13
	major: 42
	minor: 7
	JDBC version: 4.2
2026-09-20 01:22:07 [main] DEBUG org.hibernate.orm.dialect - HHH035001: Using dialect: org.hibernate.dialect.PostgreSQLDialect, version: 17.4
2026-09-20 01:22:07 [main] DEBUG org.hibernate.orm.jdbc.lob - HHH10010004: Disabling contextual LOB creation as Dialect reported it is not supported
2026-09-20 01:22:07 [main] DEBUG org.hibernate.orm.jdbc - HHH100122: Using default JDBC fetch size: 0
2026-09-20 01:22:07 [main] INFO  o.hibernate.orm.connections.pooling - HHH10001005: Database info:
	Database JDBC URL [jdbc:postgresql://localhost:5432/postgres]
	Database driver: PostgreSQL JDBC Driver
	Database dialect: PostgreSQLDialect
	Database version: 17.4
	Default catalog/schema: postgres/public
	Autocommit mode: undefined/unknown
	Isolation level: READ_COMMITTED [default READ_COMMITTED]
	JDBC fetch size: none
	Pool: DataSourceConnectionProvider
	Minimum pool size: undefined/unknown
	Maximum pool size: undefined/unknown
2026-09-20 01:22:07 [main] DEBUG o.s.o.j.h.SpringBeanContainer - Falling back to Hibernate's default producer after bean creation failure for interface org.hibernate.context.spi.CurrentTenantIdentifierResolver: org.springframework.beans.factory.NoSuchBeanDefinitionException: No qualifying bean of type 'org.hibernate.context.spi.CurrentTenantIdentifierResolver<?>' available
2026-09-20 01:22:07 [main] DEBUG o.s.o.j.h.SpringBeanContainer - Falling back to Hibernate's default producer after bean creation failure for interface org.hibernate.context.spi.TenantSchemaMapper: org.springframework.beans.factory.NoSuchBeanDefinitionException: No qualifying bean of type 'org.hibernate.context.spi.TenantSchemaMapper<?>' available
2026-09-20 01:22:07 [main] DEBUG o.s.o.j.h.SpringBeanContainer - Falling back to Hibernate's default producer after bean creation failure for interface org.hibernate.context.spi.TenantCredentialsMapper: org.springframework.beans.factory.NoSuchBeanDefinitionException: No qualifying bean of type 'org.hibernate.context.spi.TenantCredentialsMapper<?>' available
2026-09-20 01:22:07 [main] DEBUG org.hibernate.orm.factory - HHH90020001: Instantiating factory [7e5d0c0c-91b3-4bd4-a6fd-6d84f7f5e5c2] with settings: {java.specification.version=24, sun.cpu.isalist=amd64, hibernate.resource.beans.container=org.springframework.orm.jpa.hibernate.SpringBeanContainer@5315210d, hibernate.connection.handling_mode=DELAYED_ACQUISITION_AND_HOLD, sun.jnu.encoding=Cp1251, hibernate.implicit_naming_strategy=org.springframework.boot.hibernate.SpringImplicitNamingStrategy, java.class.path=D:\aston\intensive\user-service\target\classes;C:\Users\Vadim\.m2\repository\org\springframework\boot\spring-boot-starter-data-jpa\4.1.1\spring-boot-starter-data-jpa-4.1.1.jar;C:\Users\Vadim\.m2\repository\org\springframework\boot\spring-boot-starter\4.1.1\spring-boot-starter-4.1.1.jar;C:\Users\Vadim\.m2\repository\org\springframework\boot\spring-boot-starter-logging\4.1.1\spring-boot-starter-logging-4.1.1.jar;C:\Users\Vadim\.m2\repository\ch\qos\logback\logback-classic\1.5.38\logback-classic-1.5.38.jar;C:\Users\Vadim\.m2\repository\ch\qos\logback\logback-core\1.5.38\logback-core-1.5.38.jar;C:\Users\Vadim\.m2\repository\org\apache\logging\log4j\log4j-to-slf4j\2.25.5\log4j-to-slf4j-2.25.5.jar;C:\Users\Vadim\.m2\repository\org\apache\logging\log4j\log4j-api\2.25.5\log4j-api-2.25.5.jar;C:\Users\Vadim\.m2\repository\org\slf4j\jul-to-slf4j\2.0.18\jul-to-slf4j-2.0.18.jar;C:\Users\Vadim\.m2\repository\org\springframework\boot\spring-boot-autoconfigure\4.1.1\spring-boot-autoconfigure-4.1.1.jar;C:\Users\Vadim\.m2\repository\jakarta\annotation\jakarta.annotation-api\3.0.0\jakarta.annotation-api-3.0.0.jar;C:\Users\Vadim\.m2\repository\org\yaml\snakeyaml\2.6\snakeyaml-2.6.jar;C:\Users\Vadim\.m2\repository\org\springframework\boot\spring-boot-starter-jdbc\4.1.1\spring-boot-starter-jdbc-4.1.1.jar;C:\Users\Vadim\.m2\repository\com\zaxxer\HikariCP\7.0.2\HikariCP-7.0.2.jar;C:\Users\Vadim\.m2\repository\org\springframework\boot\spring-boot-data-jpa\4.1.1\spring-boot-data-jpa-4.1.1.jar;C:\Users\Vadim\.m2\repository\org\springframework\boot\spring-boot-data-commons\4.1.1\spring-boot-data-commons-4.1.1.jar;C:\Users\Vadim\.m2\repository\org\springframework\boot\spring-boot-persistence\4.1.1\spring-boot-persistence-4.1.1.jar;C:\Users\Vadim\.m2\repository\org\springframework\data\spring-data-commons\4.1.1\spring-data-commons-4.1.1.jar;C:\Users\Vadim\.m2\repository\org\springframework\boot\spring-boot-hibernate\4.1.1\spring-boot-hibernate-4.1.1.jar;C:\Users\Vadim\.m2\repository\org\springframework\boot\spring-boot-jpa\4.1.1\spring-boot-jpa-4.1.1.jar;C:\Users\Vadim\.m2\repository\jakarta\persistence\jakarta.persistence-api\3.2.0\jakarta.persistence-api-3.2.0.jar;C:\Users\Vadim\.m2\repository\org\hibernate\orm\hibernate-core\7.4.5.Final\hibernate-core-7.4.5.Final.jar;C:\Users\Vadim\.m2\repository\jakarta\transaction\jakarta.transaction-api\2.0.1\jakarta.transaction-api-2.0.1.jar;C:\Users\Vadim\.m2\repository\org\hibernate\models\hibernate-models\1.1.1\hibernate-models-1.1.1.jar;C:\Users\Vadim\.m2\repository\org\glassfish\jaxb\jaxb-runtime\4.0.9\jaxb-runtime-4.0.9.jar;C:\Users\Vadim\.m2\repository\org\glassfish\jaxb\jaxb-core\4.0.9\jaxb-core-4.0.9.jar;C:\Users\Vadim\.m2\repository\org\eclipse\angus\angus-activation\2.0.3\angus-activation-2.0.3.jar;C:\Users\Vadim\.m2\repository\org\glassfish\jaxb\txw2\4.0.9\txw2-4.0.9.jar;C:\Users\Vadim\.m2\repository\com\sun\istack\istack-commons-runtime\4.1.2\istack-commons-runtime-4.1.2.jar;C:\Users\Vadim\.m2\repository\jakarta\inject\jakarta.inject-api\2.0.1\jakarta.inject-api-2.0.1.jar;C:\Users\Vadim\.m2\repository\org\springframework\spring-orm\7.0.9\spring-orm-7.0.9.jar;C:\Users\Vadim\.m2\repository\org\springframework\data\spring-data-jpa\4.1.1\spring-data-jpa-4.1.1.jar;C:\Users\Vadim\.m2\repository\org\springframework\spring-context\7.0.9\spring-context-7.0.9.jar;C:\Users\Vadim\.m2\repository\org\springframework\spring-aop\7.0.9\spring-aop-7.0.9.jar;C:\Users\Vadim\.m2\repository\org\springframework\spring-tx\7.0.9\spring-tx-7.0.9.jar;C:\Users\Vadim\.m2\repository\org\springframework\spring-beans\7.0.9\spring-beans-7.0.9.jar;C:\Users\Vadim\.m2\repository\org\antlr\antlr4-runtime\4.13.2\antlr4-runtime-4.13.2.jar;C:\Users\Vadim\.m2\repository\org\springframework\spring-aspects\7.0.9\spring-aspects-7.0.9.jar;C:\Users\Vadim\.m2\repository\org\aspectj\aspectjweaver\1.9.25.1\aspectjweaver-1.9.25.1.jar;C:\Users\Vadim\.m2\repository\org\springframework\boot\spring-boot-jdbc\4.1.1\spring-boot-jdbc-4.1.1.jar;C:\Users\Vadim\.m2\repository\org\springframework\boot\spring-boot\4.1.1\spring-boot-4.1.1.jar;C:\Users\Vadim\.m2\repository\org\springframework\boot\spring-boot-sql\4.1.1\spring-boot-sql-4.1.1.jar;C:\Users\Vadim\.m2\repository\org\springframework\boot\spring-boot-transaction\4.1.1\spring-boot-transaction-4.1.1.jar;C:\Users\Vadim\.m2\repository\org\springframework\spring-jdbc\7.0.9\spring-jdbc-7.0.9.jar;C:\Users\Vadim\.m2\repository\org\springframework\boot\spring-boot-starter-web\4.1.1\spring-boot-starter-web-4.1.1.jar;C:\Users\Vadim\.m2\repository\org\springframework\boot\spring-boot-starter-jackson\4.1.1\spring-boot-starter-jackson-4.1.1.jar;C:\Users\Vadim\.m2\repository\org\springframework\boot\spring-boot-jackson\4.1.1\spring-boot-jackson-4.1.1.jar;C:\Users\Vadim\.m2\repository\tools\jackson\core\jackson-databind\3.1.5\jackson-databind-3.1.5.jar;C:\Users\Vadim\.m2\repository\tools\jackson\core\jackson-core\3.1.5\jackson-core-3.1.5.jar;C:\Users\Vadim\.m2\repository\org\springframework\boot\spring-boot-starter-tomcat\4.1.1\spring-boot-starter-tomcat-4.1.1.jar;C:\Users\Vadim\.m2\repository\org\springframework\boot\spring-boot-starter-tomcat-runtime\4.1.1\spring-boot-starter-tomcat-runtime-4.1.1.jar;C:\Users\Vadim\.m2\repository\org\springframework\boot\spring-boot-web-server\4.1.1\spring-boot-web-server-4.1.1.jar;C:\Users\Vadim\.m2\repository\org\apache\tomcat\embed\tomcat-embed-core\11.0.24\tomcat-embed-core-11.0.24.jar;C:\Users\Vadim\.m2\repository\org\apache\tomcat\embed\tomcat-embed-websocket\11.0.24\tomcat-embed-websocket-11.0.24.jar;C:\Users\Vadim\.m2\repository\org\springframework\boot\spring-boot-tomcat\4.1.1\spring-boot-tomcat-4.1.1.jar;C:\Users\Vadim\.m2\repository\org\springframework\boot\spring-boot-http-converter\4.1.1\spring-boot-http-converter-4.1.1.jar;C:\Users\Vadim\.m2\repository\org\springframework\spring-web\7.0.9\spring-web-7.0.9.jar;C:\Users\Vadim\.m2\repository\io\micrometer\micrometer-observation\1.17.1\micrometer-observation-1.17.1.jar;C:\Users\Vadim\.m2\repository\io\micrometer\micrometer-commons\1.17.1\micrometer-commons-1.17.1.jar;C:\Users\Vadim\.m2\repository\org\springframework\boot\spring-boot-webmvc\4.1.1\spring-boot-webmvc-4.1.1.jar;C:\Users\Vadim\.m2\repository\org\springframework\boot\spring-boot-servlet\4.1.1\spring-boot-servlet-4.1.1.jar;C:\Users\Vadim\.m2\repository\org\springframework\spring-webmvc\7.0.9\spring-webmvc-7.0.9.jar;C:\Users\Vadim\.m2\repository\org\springframework\spring-expression\7.0.9\spring-expression-7.0.9.jar;C:\Users\Vadim\.m2\repository\org\slf4j\slf4j-api\2.0.18\slf4j-api-2.0.18.jar;C:\Users\Vadim\.m2\repository\jakarta\xml\bind\jakarta.xml.bind-api\4.0.5\jakarta.xml.bind-api-4.0.5.jar;C:\Users\Vadim\.m2\repository\jakarta\activation\jakarta.activation-api\2.1.4\jakarta.activation-api-2.1.4.jar;C:\Users\Vadim\.m2\repository\net\bytebuddy\byte-buddy\1.18.11\byte-buddy-1.18.11.jar;C:\Users\Vadim\.m2\repository\org\springframework\spring-core\7.0.9\spring-core-7.0.9.jar;C:\Users\Vadim\.m2\repository\commons-logging\commons-logging\1.3.6\commons-logging-1.3.6.jar;C:\Users\Vadim\.m2\repository\org\jspecify\jspecify\1.0.1\jspecify-1.0.1.jar;C:\Users\Vadim\.m2\repository\org\postgresql\postgresql\42.7.13\postgresql-42.7.13.jar;C:\Users\Vadim\.m2\repository\org\checkerframework\checker-qual\3.55.1\checker-qual-3.55.1.jar;C:\Users\Vadim\.m2\repository\org\springframework\boot\spring-boot-starter-liquibase\4.1.1\spring-boot-starter-liquibase-4.1.1.jar;C:\Users\Vadim\.m2\repository\org\springframework\boot\spring-boot-liquibase\4.1.1\spring-boot-liquibase-4.1.1.jar;C:\Users\Vadim\.m2\repository\org\liquibase\liquibase-core\5.0.3\liquibase-core-5.0.3.jar;C:\Users\Vadim\.m2\repository\org\apache\commons\commons-collections4\4.5.0\commons-collections4-4.5.0.jar;C:\Users\Vadim\.m2\repository\org\apache\commons\commons-text\1.15.0\commons-text-1.15.0.jar;C:\Users\Vadim\.m2\repository\com\opencsv\opencsv\5.12.0\opencsv-5.12.0.jar;C:\Users\Vadim\.m2\repository\org\apache\commons\commons-lang3\3.20.0\commons-lang3-3.20.0.jar;C:\Users\Vadim\.m2\repository\commons-io\commons-io\2.22.0\commons-io-2.22.0.jar;C:\Users\Vadim\.m2\repository\org\projectlombok\lombok\1.18.46\lombok-1.18.46.jar;C:\Users\Vadim\.m2\repository\com\fasterxml\jackson\core\jackson-annotations\2.21\jackson-annotations-2.21.jar;C:\Users\Vadim\.m2\repository\org\springframework\boot\spring-boot-starter-validation\4.1.1\spring-boot-starter-validation-4.1.1.jar;C:\Users\Vadim\.m2\repository\org\springframework\boot\spring-boot-validation\4.1.1\spring-boot-validation-4.1.1.jar;C:\Users\Vadim\.m2\repository\org\apache\tomcat\embed\tomcat-embed-el\11.0.24\tomcat-embed-el-11.0.24.jar;C:\Users\Vadim\.m2\repository\org\hibernate\validator\hibernate-validator\9.1.3.Final\hibernate-validator-9.1.3.Final.jar;C:\Users\Vadim\.m2\repository\jakarta\validation\jakarta.validation-api\3.1.1\jakarta.validation-api-3.1.1.jar;C:\Users\Vadim\.m2\repository\org\jboss\logging\jboss-logging\3.6.3.Final\jboss-logging-3.6.3.Final.jar;C:\Users\Vadim\.m2\repository\com\fasterxml\classmate\1.7.3\classmate-1.7.3.jar, java.vm.vendor=Oracle Corporation, sun.arch.data.model=64, user.variant=, catalina.useNaming=false, java.vendor.url=https://java.oracle.com/, user.timezone=Europe/Minsk, jakarta.persistence.sharedCache.mode=UNSPECIFIED, org.jboss.logging.provider=slf4j, java.vm.specification.version=24, os.name=Windows 11, jakarta.persistence.nonJtaDataSource=HikariDataSource (HikariPool-1), sun.java.launcher=SUN_STANDARD, user.country=RU, sun.boot.library.path=C:\Users\Vadim\.jdks\openjdk-24.0.1\bin, sun.java.command=ru.aston.user.service.UserServiceApplication, spring.application.admin.enabled=true, javax.persistence.nonJtaDataSource=HikariDataSource (HikariPool-1), com.sun.management.jmxremote=, jdk.debug=release, spring.liveBeansView.mbeanDomain=, sun.cpu.endian=little, hibernate.cdi.extensions=true, user.home=C:\Users\Vadim, user.language=ru, sun.stderr.encoding=UTF-8, java.specification.vendor=Oracle Corporation, java.version.date=2025-04-15, java.home=C:\Users\Vadim\.jdks\openjdk-24.0.1, file.separator=\, spring.output.ansi.enabled=always, java.vm.compressedOopsMode=Zero based, sun.stdout.encoding=UTF-8, line.separator=
, hibernate.persistenceUnitName=default, java.vm.specification.vendor=Oracle Corporation, java.specification.name=Java Platform API Specification, FILE_LOG_CHARSET=UTF-8, hibernate.transaction.coordinator_class=class org.hibernate.resource.transaction.backend.jdbc.internal.JdbcResourceLocalTransactionCoordinatorBuilderImpl, java.awt.headless=true, jakarta.persistence.validation.mode=AUTO, hibernate.hbm2ddl.auto=validate, user.script=, sun.management.compiler=HotSpot 64-Bit Tiered Compilers, java.runtime.version=24.0.1+9-30, user.name=Vadim, spring.jmx.enabled=true, stdout.encoding=UTF-8, path.separator=;, management.endpoints.jmx.exposure.include=*, os.version=10.0, java.runtime.name=OpenJDK Runtime Environment, file.encoding=UTF-8, java.vm.name=OpenJDK 64-Bit Server VM, java.vendor.url.bug=https://bugreport.java.com/bugreport/, java.io.tmpdir=C:\Users\Vadim\AppData\Local\Temp\, com.zaxxer.hikari.pool_number=1, catalina.home=C:\Users\Vadim\AppData\Local\Temp\tomcat.8080.17883067573273754566, java.version=24.0.1, hibernate.physical_naming_strategy=org.hibernate.boot.model.naming.PhysicalNamingStrategySnakeCaseImpl, user.dir=D:\aston\intensive\user-service, os.arch=amd64, java.vm.specification.name=Java Virtual Machine Specification, PID=19328, sun.os.patch.level=, CONSOLE_LOG_CHARSET=UTF-8, catalina.base=C:\Users\Vadim\AppData\Local\Temp\tomcat.8080.17883067573273754566, hibernate.boot.CfgXmlAccessService.key=org.hibernate.boot.registry.StandardServiceRegistryBuilder$1@3f5f79d8, native.encoding=Cp1251, java.library.path=C:\Users\Vadim\.jdks\openjdk-24.0.1\bin;C:\WINDOWS\Sun\Java\bin;C:\WINDOWS\system32;C:\WINDOWS;C:\Program Files\Common Files\Oracle\Java\javapath;C:\ProgramData\Oracle\Java\javapath;C:\Program Files (x86)\Common Files\Oracle\Java\java8path;C:\Program Files (x86)\VMware\VMware Workstation\bin\;C:\Program Files\Microsoft\jdk-11.0.12.7-hotspot\bin;C:\Program Files (x86)\Embarcadero\Studio\21.0\bin;C:\Users\Public\Documents\Embarcadero\Studio\21.0\Bpl;C:\Program Files (x86)\Embarcadero\Studio\21.0\bin64;C:\Users\Public\Documents\Embarcadero\Studio\21.0\Bpl\Win64;C:\Program Files (x86)\Embarcadero\Studio\22.0\bin;C:\Users\Public\Documents\Embarcadero\Studio\22.0\Bpl;C:\Program Files (x86)\Embarcadero\Studio\22.0\bin64;C:\Users\Public\Documents\Embarcadero\Studio\22.0\Bpl\Win64;C:\Program Files\Eclipse Foundation\jdk-8.0.302.8-hotspot\bin;C:\Windows\system32;C:\Windows;C:\Windows\System32\Wbem;C:\Windows\System32\WindowsPowerShell\v1.0\;C:\Windows\System32\OpenSSH\;C:\Program Files (x86)\NVIDIA Corporation\PhysX\Common;C:\Program Files\Microsoft SQL Server\130\Tools\Binn\;C:\Program Files\Microsoft SQL Server\Client SDK\ODBC\170\Tools\Binn\;C:\Program Files (x86)\Windows Kits\10\Windows Performance Toolkit\;C:\Program Files\dotnet\;C:\Program Files (x86)\dotnet\;C:\WINDOWS\system32;C:\WINDOWS;C:\WINDOWS\System32\Wbem;C:\WINDOWS\System32\WindowsPowerShell\v1.0\;C:\WINDOWS\System32\OpenSSH\;C:\Program Files\Java\jdk-21\bin;C:\Program Files\Wolfram Research\WolframScript\;C:\Program Files (x86)\CodeBlocks\MinGW\bin;C:\Program Files\Git\cmd;C:\GnuWin32\bin;C:\WebSoft\php_8_3_4_x64_ts;C:\Program Files (x86)\Microsoft SQL Server\160\DTS\Binn\;C:\Program Files (x86)\Microsoft SQL Server\160\Tools\Binn\;C:\Program Files\Microsoft SQL Server\160\Tools\Binn\;C:\Program Files\Microsoft SQL Server\160\DTS\Binn\;C:\Program Files\Microsoft SQL Server\150\Tools\Binn\;C:\apache-maven-3.9.7\bin;C:\Program Files\Docker\Docker\resources\bin;C:\Program Files\NVIDIA Corporation\NVIDIA app\NvDLISR;C:\Program Files\nodejs\;C:\Program Files\PuTTY\;C:\Program Files\Cloudflare\Cloudflare WARP\;C:\Program Files\MySQL\MySQL Shell 8.0\bin\;C:\Program Files\PostgreSQL\17\bin\;C:\Users\Vadim\AppData\Local\Microsoft\WindowsApps;C:\Program Files\JetBrains\PyCharm Community Edition 2022.2.1\bin;;C:\Program Files\JetBrains\IntelliJ IDEA Community Edition 2022.2.1\bin;;C:\Users\Vadim\.dotnet\tools;C:\Program Files\JetBrains\PhpStorm 2023.2.2\bin;;C:\Users\Vadim\AppData\Local\Programs\Microsoft VS Code\bin;C:\Users\Vadim\AppData\Local\GitHubDesktop\bin;C:\Program Files\JetBrains\PyCharm 2025.2.1.1\bin;C:\Program Files\JetBrains\WebStorm 2025.2.1\bin;C:\Program Files\JetBrains\IntelliJ IDEA 2025.2.2\bin;C:\Users\Vadim\AppData\Roaming\npm;C:\Users\Vadim\AppData\Local\Programs\cursor\resources\app\bin;;., stderr.encoding=UTF-8, java.vendor=Oracle Corporation, java.vm.info=mixed mode, emulated-client, sharing, java.vm.version=24.0.1+9-30, java.rmi.server.randomIDs=true, sun.io.unicode.encoding=UnicodeLittle, hibernate.archive.scanner=org.hibernate.boot.archive.scan.internal.DisabledScanner, hibernate.connection.datasource=HikariDataSource (HikariPool-1), java.class.version=68.0}
2026-09-20 01:22:07 [main] DEBUG o.h.v.i.x.config.ValidationXmlParser - Trying to load META-INF/validation.xml for XML based Validator configuration.
2026-09-20 01:22:07 [main] DEBUG o.h.v.i.x.c.ResourceLoaderHelper - Trying to load META-INF/validation.xml via TCCL
2026-09-20 01:22:07 [main] DEBUG o.h.v.i.x.c.ResourceLoaderHelper - Trying to load META-INF/validation.xml via Hibernate Validator's class loader
2026-09-20 01:22:07 [main] DEBUG o.h.v.i.x.config.ValidationXmlParser - No META-INF/validation.xml found. Using annotation based configuration only.
2026-09-20 01:22:07 [main] DEBUG o.h.v.i.e.r.TraversableResolvers - Found jakarta.persistence.Persistence on classpath containing 'getPersistenceUtil'. Assuming Jakarta Persistence environment. Trying to instantiate Jakarta Persistence aware TraversableResolver
2026-09-20 01:22:07 [main] DEBUG o.h.v.i.e.r.TraversableResolvers - Instantiated Jakarta Persistence aware TraversableResolver of type org.hibernate.validator.internal.engine.resolver.JPATraversableResolver.
2026-09-20 01:22:07 [main] DEBUG o.h.v.m.ResourceBundleMessageInterpolator - Loaded expression factory via original TCCL
2026-09-20 01:22:07 [main] DEBUG o.h.v.i.e.ValidatorFactoryConfigurationHelper - HV000252: Using org.hibernate.validator.internal.engine.DefaultPropertyNodeNameProvider as property node name provider.
2026-09-20 01:22:07 [main] DEBUG o.h.v.i.e.ValidatorFactoryConfigurationHelper - HV000234: Using org.hibernate.validator.messageinterpolation.ResourceBundleMessageInterpolator as ValidatorFactory-scoped message interpolator.
2026-09-20 01:22:07 [main] DEBUG o.h.v.i.e.ValidatorFactoryConfigurationHelper - HV000234: Using org.hibernate.validator.internal.engine.resolver.JPATraversableResolver as ValidatorFactory-scoped traversable resolver.
2026-09-20 01:22:07 [main] DEBUG o.h.v.i.e.ValidatorFactoryConfigurationHelper - HV000234: Using org.hibernate.validator.internal.util.ExecutableParameterNameProvider as ValidatorFactory-scoped parameter name provider.
2026-09-20 01:22:07 [main] DEBUG o.h.v.i.e.ValidatorFactoryConfigurationHelper - HV000234: Using org.hibernate.validator.internal.engine.DefaultClockProvider as ValidatorFactory-scoped clock provider.
2026-09-20 01:22:07 [main] DEBUG o.h.v.i.e.ValidatorFactoryConfigurationHelper - HV000234: Using org.hibernate.validator.internal.engine.scripting.DefaultScriptEvaluatorFactory as ValidatorFactory-scoped script evaluator factory.
2026-09-20 01:22:07 [main] DEBUG org.hibernate.HQL_FUNCTIONS - Available HQL Functions:
	abs(NUMERIC arg)
	Double acos(NUMERIC arg)
	Double acosh(NUMERIC arg)
	Boolean any(BOOLEAN predicate)
	array( ... )
	array_agg(arg)
	array_append( ... )
	array_concat( ... )
	Boolean array_contains(ARRAY haystackArray, OBJECT needleElementOrArray)
	Boolean array_contains_nullable(ARRAY haystackArray, OBJECT needleElementOrArray)
	array_fill(OBJECT element, INTEGER elementCount)
	array_fill_list(OBJECT element, INTEGER elementCount)
	array_get( ... )
	Boolean array_includes(ARRAY haystackArray, OBJECT needleArray)
	Boolean array_includes_nullable(ARRAY haystackArray, OBJECT needleArray)
	Boolean array_intersects(ARRAY array0, OBJECT array1)
	Boolean array_intersects_nullable(ARRAY array0, OBJECT array1)
	Integer array_length(ARRAY array)
	array_list( ... )
	Boolean array_overlaps(ARRAY array0, OBJECT array1)
	Boolean array_overlaps_nullable(ARRAY array0, OBJECT array1)
	Integer array_position(ARRAY array, OBJECT element[, INTEGER startPosition])
	int[] array_positions(ARRAY array, OBJECT element)
	List array_positions_list(ARRAY array, OBJECT element)
	array_prepend( ... )
	array_remove( ... )
	array_remove_index( ... )
	array_replace(ARRAY array, OBJECT old, OBJECT new)
	array_reverse( ... )
	array_set( ... )
	array_slice(ARRAY array, INTEGER start, INTEGER end)
	array_sort( ... )
	String array_to_string( ... )
	array_trim(ARRAY array, INTEGER elementsToRemove)
	Integer ascii(STRING arg)
	Double asin(NUMERIC arg)
	Double asinh(NUMERIC arg)
	Double atan(NUMERIC arg)
	Double atan2(NUMERIC arg0, NUMERIC arg1)
	Double atanh(NUMERIC arg)
	avg(arg)
	bit_and(arg)
	Integer bit_length(STRING_OR_CLOB arg)
	bit_or(arg)
	bitand(arg0, arg1)
	bitnot(arg)
	bitor(arg0, arg1)
	bitxor(arg0, arg1)
	Boolean bool_and(BOOLEAN predicate)
	Boolean bool_or(BOOLEAN predicate)
	cast(arg as Type)
	Double cbrt(NUMERIC arg)
	ceiling(NUMERIC arg)
	Object changesetid(arg)
	Character char(INTEGER arg)
	Integer character_length(STRING_OR_CLOB arg)
	Character chr(INTEGER arg)
	coalesce(arg0[, arg1[, ...]])
	String collate(STRING string as COLLATION collation)
	(STRING string0[, STRING string1[, ...]])
	Double corr(NUMERIC arg0, NUMERIC arg1)
	Double cos(NUMERIC arg)
	Double cosh(NUMERIC arg)
	Double cot(NUMERIC arg)
	Long count([distinct ]{arg|*})
	Double covar_pop(NUMERIC arg0, NUMERIC arg1)
	Double covar_samp(NUMERIC arg0, NUMERIC arg1)
	Double cume_dist([arg0[, ...]])
	Date current date
	Date current time
	Date current timestamp
	Date current_date
	Instant current_instant
	Date current_time
	Date current_timestamp
	date_trunc(STRING field, TEMPORAL datetime)
	dateadd(TEMPORAL_UNIT field, INTEGER magnitude, TEMPORAL datetime)
	Long|Double datediff(TEMPORAL_UNIT field, TEMPORAL start, TEMPORAL end)
	Double degrees(NUMERIC arg)
	Long dense_rank([arg0[, ...]])
	Boolean every(BOOLEAN predicate)
	Double exp(NUMERIC arg)
	extract(TEMPORAL_UNIT field from TEMPORAL arg)
	first_valueANY value
	floor(NUMERIC arg)
	String format(TEMPORAL datetime as STRING pattern)
	greatest(COMPARABLE arg0, COMPARABLE arg1[, arg2[, ...]])
	String hex(arg)
	ifnull(arg0, arg1)
	String initcap(arg)
	String insert(STRING string, INTEGER start, INTEGER length, STRING replacement)
	Instant instant
	String json_array([arg0[, ...]])
	String json_array_append(IMPLICIT_JSON arg0, STRING arg1, ANY arg2)
	String json_array_insert(IMPLICIT_JSON arg0, STRING arg1, ANY arg2)
	String json_arrayagg(arg0[, arg1])
	Boolean json_exists(IMPLICIT_JSON arg0, STRING arg1)
	String json_insert(IMPLICIT_JSON arg0, STRING arg1, ANY arg2)
	String json_mergepatch(IMPLICIT_JSON arg0, IMPLICIT_JSON arg1[, arg2[, ...]])
	String json_object( ... )
	String json_objectagg(arg0, arg1[, arg2, arg3])
	String json_query( ... )
	String json_remove(IMPLICIT_JSON arg0, STRING arg1)
	String json_replace(IMPLICIT_JSON arg0, STRING arg1, ANY arg2)
	String json_set(IMPLICIT_JSON arg0, STRING arg1, ANY arg2)
	json_value( ... )
	lagANY value[, INTEGER offset[, ANY default]]
	last_valueANY value
	leadANY value[, INTEGER offset[, ANY default]]
	least(COMPARABLE arg0, COMPARABLE arg1[, arg2[, ...]])
	String left(STRING string, INTEGER length)
	length
	String listagg(STRING arg0, STRING arg1)
	Double ln(NUMERIC arg)
	LocalDate local date
	LocalDateTime local datetime
	LocalTime local time
	LocalDate local_date
	LocalDateTime local_datetime
	LocalTime local_time
	Date localtime
	Date localtimestamp
	Integer locate(STRING pattern, STRING string[, INTEGER start])
	Double log(NUMERIC arg0[, NUMERIC arg1])
	Double log10(NUMERIC arg)
	String lower(STRING string)
	String lpad(STRING string, INTEGER length[, STRING padding])
	String ltrim(STRING string[, STRING characters])
	Date make_date(INTEGER arg0, INTEGER arg1, INTEGER arg2)
	Date make_time(INTEGER arg0, INTEGER arg1, INTEGER arg2)
	Date make_timestamp(INTEGER arg0, INTEGER arg1, INTEGER arg2, INTEGER arg3, INTEGER arg4, INTEGER arg5)
	Date make_timestamptz(INTEGER arg0, INTEGER arg1, INTEGER arg2, INTEGER arg3, INTEGER arg4, INTEGER arg5[, INTEGER arg6])
	max(COMPARABLE arg)
	byte[] md5(arg)
	Double median(NUMERIC arg)
	min(COMPARABLE arg)
	Integer mod(INTEGER arg0, INTEGER arg1)
	mode()
	ModificationType modificationtype(arg)
	nth_valueANY value, INTEGER nth
	nullif(arg0, arg1)
	Integer octet_length(STRING_OR_CLOB arg)
	OffsetDateTime offset datetime
	OffsetDateTime offset_datetime
	Integer ordinal(ENUM arg)
	String overlay(string placing replacement from start[ for length])
	String pad(STRING string with INTEGER length {leading|trailing}[ STRING character])
	Double percent_rank([arg0[, ...]])
	percentile_cont(NUMERIC arg)
	percentile_disc(NUMERIC arg)
	Double pi
	Integer position(STRING pattern in STRING string)
	Double power(NUMERIC arg0, NUMERIC arg1)
	Double radians(NUMERIC arg)
	Long rank([arg0[, ...]])
	(STRING string, STRING pattern[, STRING flags])
	Double regr_avgx(NUMERIC arg0, NUMERIC arg1)
	Double regr_avgy(NUMERIC arg0, NUMERIC arg1)
	Double regr_count(NUMERIC arg0, NUMERIC arg1)
	Double regr_intercept(NUMERIC arg0, NUMERIC arg1)
	Double regr_r2(NUMERIC arg0, NUMERIC arg1)
	Double regr_slope(NUMERIC arg0, NUMERIC arg1)
	Double regr_sxx(NUMERIC arg0, NUMERIC arg1)
	Double regr_sxy(NUMERIC arg0, NUMERIC arg1)
	Double regr_syy(NUMERIC arg0, NUMERIC arg1)
	String repeat(STRING string, INTEGER times)
	String replace(STRING string, STRING pattern, STRING replacement)
	String reverse(STRING arg)
	String right(STRING string, INTEGER length)
	round(NUMERIC number[, INTEGER places])
	Long row_number()
	String rpad(STRING string, INTEGER length[, STRING padding])
	String rtrim(STRING string[, STRING characters])
	byte[] sha(arg)
	Integer sign(NUMERIC arg)
	Double sin(NUMERIC arg)
	Double sinh(NUMERIC arg)
	String soundex(arg)
	sql
	Double sqrt(NUMERIC arg)
	Double stddev(NUMERIC arg)
	Double stddev_pop(NUMERIC arg)
	Double stddev_samp(NUMERIC arg)
	String str(arg)
	String string(ENUM arg)
	String substr(STRING string, INTEGER start[, INTEGER length])
	String substring(STRING string{ from|,} INTEGER start[{ for|,} INTEGER length])
	sum(arg)
	Double tan(NUMERIC arg)
	Double tanh(NUMERIC arg)
	timestampadd(TEMPORAL_UNIT field, INTEGER magnitude, TEMPORAL datetime)
	Long|Double timestampdiff(TEMPORAL_UNIT field, TEMPORAL start, TEMPORAL end)
	String to_char(ANY arg0[, STRING arg1, STRING arg2])
	Date to_date(STRING arg0[, STRING arg1, STRING arg2])
	Double to_number(STRING arg0[, STRING arg1, STRING arg2])
	Date to_timestamp(STRING arg0[, STRING arg1, STRING arg2])
	String translate(STRING arg0, STRING arg1, STRING arg2)
	String trim([[{leading|trailing|both} ][STRING arg0 ]from] STRING arg1)
	trunc( ... )
	truncate( ... )
	String upper(STRING string)
	Double var_pop(NUMERIC arg)
	Double var_samp(NUMERIC arg)
	Double variance(NUMERIC arg)
	String xmlagg( ... )
	String xmlcomment(STRING arg)
	String xmlconcat( ... )
	String xmlelement( ... )
	Boolean xmlexists( ... )
	String xmlforest( ... )
	String xmlpi( ... )
	String xmlquery( ... )

2026-09-20 01:22:07 [main] DEBUG org.hibernate.orm.core - HHH000513: Unable to create the ReflectionOptimizer for [ru.aston.user.service.entity.User]: private accessor [age]
2026-09-20 01:22:07 [main] INFO  org.hibernate.orm.core - HHH000489: No JTA platform available (set 'hibernate.transaction.jta.platform' to enable JTA platform integration)
2026-09-20 01:22:07 [main] DEBUG org.hibernate.orm.service - HHH010454: EventListenerRegistry access via ServiceRegistry is deprecated - use 'sessionFactory.getEventEngine().getListenerRegistry()' instead
2026-09-20 01:22:07 [main] DEBUG org.hibernate.orm.factoryRegistry - HHH020384: Registering SessionFactory [7e5d0c0c-91b3-4bd4-a6fd-6d84f7f5e5c2] (default)
2026-09-20 01:22:07 [main] INFO  o.s.o.j.LocalContainerEntityManagerFactoryBean - Initialized JPA EntityManagerFactory for persistence unit 'default'
2026-09-20 01:22:07 [main] DEBUG o.s.b.f.s.DefaultListableBeanFactory - Creating shared instance of singleton bean 'userServiceApplication'
2026-09-20 01:22:07 [main] DEBUG o.s.b.f.s.DefaultListableBeanFactory - Creating shared instance of singleton bean 'userMapper'
2026-09-20 01:22:07 [main] DEBUG o.s.b.f.s.DefaultListableBeanFactory - Creating shared instance of singleton bean 'userServiceImpl'
2026-09-20 01:22:07 [main] DEBUG o.s.b.f.s.DefaultListableBeanFactory - Creating shared instance of singleton bean 'userRepository'
2026-09-20 01:22:07 [main] DEBUG o.s.b.f.s.DefaultListableBeanFactory - Creating shared instance of singleton bean 'jpa.named-queries#0'
2026-09-20 01:22:07 [main] DEBUG o.s.b.f.s.DefaultListableBeanFactory - Creating shared instance of singleton bean 'jpa.UserRepository.fragments#0'
2026-09-20 01:22:07 [main] DEBUG o.s.b.f.s.DefaultListableBeanFactory - Creating shared instance of singleton bean 'jpaSharedEM_entityManagerFactory'
2026-09-20 01:22:07 [main] DEBUG o.s.b.f.s.DefaultListableBeanFactory - Creating shared instance of singleton bean 'jpaMappingContext'
2026-09-20 01:22:07 [main] DEBUG o.s.d.j.r.c.JpaMetamodelMappingContextFactoryBean - Initializing JpaMetamodelMappingContext…
2026-09-20 01:22:07 [main] DEBUG o.s.d.j.r.c.JpaMetamodelMappingContextFactoryBean - Finished initializing JpaMetamodelMappingContext
2026-09-20 01:22:07 [main] INFO  o.s.d.j.r.q.QueryEnhancerFactories - Hibernate is in classpath; If applicable, HQL parser will be used.
2026-09-20 01:22:07 [main] DEBUG o.s.d.r.c.s.RepositoryFactorySupport - Initializing repository instance for ru.aston.user.service.repository.UserRepository…
2026-09-20 01:22:07 [main] DEBUG o.s.d.j.repository.query.NamedQuery - Looking up named query 'User.findByNameContainingIgnoreCase'
2026-09-20 01:22:07 [main] DEBUG org.hibernate.orm.core - HHH006588: Opening session [tenant=null]
2026-09-20 01:22:07 [main] DEBUG org.hibernate.session.metrics - HHH000401: Logging session metrics:
	0 ns acquiring 0 JDBC connections
	0 ns releasing 0 JDBC connections
	0 ns preparing 0 JDBC statements
	0 ns executing 0 JDBC statements
	0 ns executing 0 JDBC batches
	0 ns performing 0 second-level cache puts
	0 ns performing 0 second-level cache hits
	0 ns performing 0 second-level cache misses
	0 ns executing 0 flushes (flushing a total of 0 entities and 0 collections)
	0 ns executing 0 pre-partial-flushes
	0 ns executing 0 partial-flushes (flushing a total of 0 entities and 0 collections)

2026-09-20 01:22:07 [main] DEBUG o.s.d.j.repository.query.NamedQuery - Did not find named query User.findByNameContainingIgnoreCase
2026-09-20 01:22:07 [main] DEBUG o.s.d.j.repository.query.NamedQuery - Looking up named query 'User.existsByEmail'
2026-09-20 01:22:07 [main] DEBUG org.hibernate.orm.core - HHH006588: Opening session [tenant=null]
2026-09-20 01:22:07 [main] DEBUG org.hibernate.session.metrics - HHH000401: Logging session metrics:
	0 ns acquiring 0 JDBC connections
	0 ns releasing 0 JDBC connections
	0 ns preparing 0 JDBC statements
	0 ns executing 0 JDBC statements
	0 ns executing 0 JDBC batches
	0 ns performing 0 second-level cache puts
	0 ns performing 0 second-level cache hits
	0 ns performing 0 second-level cache misses
	0 ns executing 0 flushes (flushing a total of 0 entities and 0 collections)
	0 ns executing 0 pre-partial-flushes
	0 ns executing 0 partial-flushes (flushing a total of 0 entities and 0 collections)

2026-09-20 01:22:07 [main] DEBUG o.s.d.j.repository.query.NamedQuery - Did not find named query User.existsByEmail
2026-09-20 01:22:07 [main] DEBUG o.s.d.j.repository.query.NamedQuery - Looking up named query 'User.findByEmail'
2026-09-20 01:22:07 [main] DEBUG org.hibernate.orm.core - HHH006588: Opening session [tenant=null]
2026-09-20 01:22:07 [main] DEBUG org.hibernate.session.metrics - HHH000401: Logging session metrics:
	0 ns acquiring 0 JDBC connections
	0 ns releasing 0 JDBC connections
	0 ns preparing 0 JDBC statements
	0 ns executing 0 JDBC statements
	0 ns executing 0 JDBC batches
	0 ns performing 0 second-level cache puts
	0 ns performing 0 second-level cache hits
	0 ns performing 0 second-level cache misses
	0 ns executing 0 flushes (flushing a total of 0 entities and 0 collections)
	0 ns executing 0 pre-partial-flushes
	0 ns executing 0 partial-flushes (flushing a total of 0 entities and 0 collections)

2026-09-20 01:22:07 [main] DEBUG o.s.d.j.repository.query.NamedQuery - Did not find named query User.findByEmail
2026-09-20 01:22:07 [main] DEBUG o.s.d.r.c.s.RepositoryFactorySupport - Finished creation of repository instance for ru.aston.user.service.repository.UserRepository.
2026-09-20 01:22:07 [main] DEBUG o.s.b.f.s.DefaultListableBeanFactory - Autowiring by type from bean name 'userServiceImpl' via constructor to bean named 'userRepository'
2026-09-20 01:22:07 [main] DEBUG o.s.b.f.s.DefaultListableBeanFactory - Autowiring by type from bean name 'userServiceImpl' via constructor to bean named 'userMapper'
2026-09-20 01:22:08 [main] DEBUG o.s.b.f.s.DefaultListableBeanFactory - Creating shared instance of singleton bean 'org.springframework.boot.autoconfigure.context.PropertyPlaceholderAutoConfiguration'
2026-09-20 01:22:08 [main] DEBUG o.s.b.f.s.DefaultListableBeanFactory - Creating shared instance of singleton bean 'org.springframework.boot.webmvc.autoconfigure.DispatcherServletAutoConfiguration'
2026-09-20 01:22:08 [main] DEBUG o.s.b.f.s.DefaultListableBeanFactory - Creating shared instance of singleton bean 'org.springframework.boot.autoconfigure.task.TaskExecutorConfigurations$SimpleAsyncTaskExecutorBuilderConfiguration'
2026-09-20 01:22:08 [main] DEBUG o.s.b.f.s.DefaultListableBeanFactory - Autowiring by type from bean name 'org.springframework.boot.autoconfigure.task.TaskExecutorConfigurations$SimpleAsyncTaskExecutorBuilderConfiguration' via constructor to bean named 'spring.task.execution-org.springframework.boot.autoconfigure.task.TaskExecutionProperties'
2026-09-20 01:22:08 [main] DEBUG o.s.b.f.s.DefaultListableBeanFactory - Creating shared instance of singleton bean 'simpleAsyncTaskExecutorBuilder'
2026-09-20 01:22:08 [main] DEBUG o.s.b.f.s.DefaultListableBeanFactory - Creating shared instance of singleton bean 'org.springframework.boot.autoconfigure.task.TaskExecutorConfigurations$AsyncConfigurerConfiguration'
2026-09-20 01:22:08 [main] DEBUG o.s.b.f.s.DefaultListableBeanFactory - Creating shared instance of singleton bean 'applicationTaskExecutorAsyncConfigurer'
2026-09-20 01:22:08 [main] DEBUG o.s.b.f.s.DefaultListableBeanFactory - Autowiring by type from bean name 'applicationTaskExecutorAsyncConfigurer' via factory method to bean named 'org.springframework.beans.factory.support.DefaultListableBeanFactory@7f9e1534'
2026-09-20 01:22:08 [main] DEBUG o.s.b.f.s.DefaultListableBeanFactory - Creating shared instance of singleton bean 'org.springframework.boot.autoconfigure.task.TaskExecutorConfigurations$BootstrapExecutorConfiguration'
2026-09-20 01:22:08 [main] DEBUG o.s.b.f.s.DefaultListableBeanFactory - Creating shared instance of singleton bean 'org.springframework.boot.autoconfigure.task.TaskExecutionAutoConfiguration'
2026-09-20 01:22:08 [main] DEBUG o.s.b.f.s.DefaultListableBeanFactory - Creating shared instance of singleton bean 'org.springframework.boot.validation.autoconfigure.ValidationAutoConfiguration'
2026-09-20 01:22:08 [main] DEBUG o.s.b.f.s.DefaultListableBeanFactory - Creating shared instance of singleton bean 'defaultValidator'
2026-09-20 01:22:08 [main] DEBUG o.s.b.f.s.DefaultListableBeanFactory - Autowiring by type from bean name 'defaultValidator' via factory method to bean named 'org.springframework.boot.web.server.servlet.context.AnnotationConfigServletWebServerApplicationContext@2ca47471'
2026-09-20 01:22:08 [main] DEBUG o.h.v.m.ResourceBundleMessageInterpolator - Loaded expression factory via original TCCL
2026-09-20 01:22:08 [main] DEBUG o.h.v.i.e.AbstractConfigurationImpl - Setting custom MessageInterpolator of type org.springframework.validation.beanvalidation.LocaleContextMessageInterpolator
2026-09-20 01:22:08 [main] DEBUG o.h.v.i.e.AbstractConfigurationImpl - Setting custom ConstraintValidatorFactory of type org.springframework.validation.beanvalidation.SpringConstraintValidatorFactory
2026-09-20 01:22:08 [main] DEBUG o.h.v.i.x.config.ValidationXmlParser - Trying to load META-INF/validation.xml for XML based Validator configuration.
2026-09-20 01:22:08 [main] DEBUG o.h.v.i.x.c.ResourceLoaderHelper - Trying to load META-INF/validation.xml via user class loader
2026-09-20 01:22:08 [main] DEBUG o.h.v.i.x.c.ResourceLoaderHelper - Trying to load META-INF/validation.xml via TCCL
2026-09-20 01:22:08 [main] DEBUG o.h.v.i.x.c.ResourceLoaderHelper - Trying to load META-INF/validation.xml via Hibernate Validator's class loader
2026-09-20 01:22:08 [main] DEBUG o.h.v.i.x.config.ValidationXmlParser - No META-INF/validation.xml found. Using annotation based configuration only.
2026-09-20 01:22:08 [main] DEBUG o.h.v.i.e.r.TraversableResolvers - Found jakarta.persistence.Persistence on classpath containing 'getPersistenceUtil'. Assuming Jakarta Persistence environment. Trying to instantiate Jakarta Persistence aware TraversableResolver
2026-09-20 01:22:08 [main] DEBUG o.h.v.i.e.r.TraversableResolvers - Instantiated Jakarta Persistence aware TraversableResolver of type org.hibernate.validator.internal.engine.resolver.JPATraversableResolver.
2026-09-20 01:22:08 [main] DEBUG o.h.v.i.e.ValidatorFactoryConfigurationHelper - HV000252: Using org.hibernate.validator.internal.engine.DefaultPropertyNodeNameProvider as property node name provider.
2026-09-20 01:22:08 [main] DEBUG o.h.v.i.e.ValidatorFactoryConfigurationHelper - HV000234: Using org.springframework.validation.beanvalidation.LocaleContextMessageInterpolator as ValidatorFactory-scoped message interpolator.
2026-09-20 01:22:08 [main] DEBUG o.h.v.i.e.ValidatorFactoryConfigurationHelper - HV000234: Using org.hibernate.validator.internal.engine.resolver.JPATraversableResolver as ValidatorFactory-scoped traversable resolver.
2026-09-20 01:22:08 [main] DEBUG o.h.v.i.e.ValidatorFactoryConfigurationHelper - HV000234: Using org.hibernate.validator.internal.util.ExecutableParameterNameProvider as ValidatorFactory-scoped parameter name provider.
2026-09-20 01:22:08 [main] DEBUG o.h.v.i.e.ValidatorFactoryConfigurationHelper - HV000234: Using org.hibernate.validator.internal.engine.DefaultClockProvider as ValidatorFactory-scoped clock provider.
2026-09-20 01:22:08 [main] DEBUG o.h.v.i.e.ValidatorFactoryConfigurationHelper - HV000234: Using org.hibernate.validator.internal.engine.scripting.DefaultScriptEvaluatorFactory as ValidatorFactory-scoped script evaluator factory.
2026-09-20 01:22:08 [main] DEBUG o.s.b.f.s.DefaultListableBeanFactory - Creating shared instance of singleton bean 'org.springframework.boot.webmvc.autoconfigure.error.ErrorMvcAutoConfiguration$WhitelabelErrorViewConfiguration'
2026-09-20 01:22:08 [main] DEBUG o.s.b.f.s.DefaultListableBeanFactory - Creating shared instance of singleton bean 'error'
2026-09-20 01:22:08 [main] DEBUG o.s.b.f.s.DefaultListableBeanFactory - Creating shared instance of singleton bean 'beanNameViewResolver'
2026-09-20 01:22:08 [main] DEBUG o.s.b.f.s.DefaultListableBeanFactory - Creating shared instance of singleton bean 'org.springframework.boot.webmvc.autoconfigure.error.ErrorMvcAutoConfiguration$DefaultErrorViewResolverConfiguration'
2026-09-20 01:22:08 [main] DEBUG o.s.b.f.s.DefaultListableBeanFactory - Autowiring by type from bean name 'org.springframework.boot.webmvc.autoconfigure.error.ErrorMvcAutoConfiguration$DefaultErrorViewResolverConfiguration' via constructor to bean named 'org.springframework.boot.web.server.servlet.context.AnnotationConfigServletWebServerApplicationContext@2ca47471'
2026-09-20 01:22:08 [main] DEBUG o.s.b.f.s.DefaultListableBeanFactory - Autowiring by type from bean name 'org.springframework.boot.webmvc.autoconfigure.error.ErrorMvcAutoConfiguration$DefaultErrorViewResolverConfiguration' via constructor to bean named 'spring.web-org.springframework.boot.autoconfigure.web.WebProperties'
2026-09-20 01:22:08 [main] DEBUG o.s.b.f.s.DefaultListableBeanFactory - Creating shared instance of singleton bean 'conventionErrorViewResolver'
2026-09-20 01:22:08 [main] DEBUG o.s.b.f.s.DefaultListableBeanFactory - Creating shared instance of singleton bean 'errorAttributes'
2026-09-20 01:22:08 [main] DEBUG o.s.b.f.s.DefaultListableBeanFactory - Creating shared instance of singleton bean 'basicErrorController'
2026-09-20 01:22:08 [main] DEBUG o.s.b.f.s.DefaultListableBeanFactory - Autowiring by type from bean name 'basicErrorController' via factory method to bean named 'errorAttributes'
2026-09-20 01:22:08 [main] DEBUG o.s.b.f.s.DefaultListableBeanFactory - Creating shared instance of singleton bean 'org.springframework.boot.webmvc.autoconfigure.WebMvcAutoConfiguration$EnableWebMvcConfiguration'
2026-09-20 01:22:08 [main] DEBUG o.s.b.f.s.DefaultListableBeanFactory - Autowiring by type from bean name 'org.springframework.boot.webmvc.autoconfigure.WebMvcAutoConfiguration$EnableWebMvcConfiguration' via constructor to bean named 'spring.mvc-org.springframework.boot.webmvc.autoconfigure.WebMvcProperties'
2026-09-20 01:22:08 [main] DEBUG o.s.b.f.s.DefaultListableBeanFactory - Autowiring by type from bean name 'org.springframework.boot.webmvc.autoconfigure.WebMvcAutoConfiguration$EnableWebMvcConfiguration' via constructor to bean named 'spring.web-org.springframework.boot.autoconfigure.web.WebProperties'
2026-09-20 01:22:08 [main] DEBUG o.s.b.f.s.DefaultListableBeanFactory - Autowiring by type from bean name 'org.springframework.boot.webmvc.autoconfigure.WebMvcAutoConfiguration$EnableWebMvcConfiguration' via constructor to bean named 'org.springframework.beans.factory.support.DefaultListableBeanFactory@7f9e1534'
2026-09-20 01:22:08 [main] DEBUG o.s.b.f.s.DefaultListableBeanFactory - Creating shared instance of singleton bean 'org.springframework.boot.webmvc.autoconfigure.WebMvcAutoConfiguration$WebMvcAutoConfigurationAdapter'
2026-09-20 01:22:08 [main] DEBUG o.s.b.f.s.DefaultListableBeanFactory - Autowiring by type from bean name 'org.springframework.boot.webmvc.autoconfigure.WebMvcAutoConfiguration$WebMvcAutoConfigurationAdapter' via constructor to bean named 'spring.web-org.springframework.boot.autoconfigure.web.WebProperties'
2026-09-20 01:22:08 [main] DEBUG o.s.b.f.s.DefaultListableBeanFactory - Autowiring by type from bean name 'org.springframework.boot.webmvc.autoconfigure.WebMvcAutoConfiguration$WebMvcAutoConfigurationAdapter' via constructor to bean named 'spring.mvc-org.springframework.boot.webmvc.autoconfigure.WebMvcProperties'
2026-09-20 01:22:08 [main] DEBUG o.s.b.f.s.DefaultListableBeanFactory - Autowiring by type from bean name 'org.springframework.boot.webmvc.autoconfigure.WebMvcAutoConfiguration$WebMvcAutoConfigurationAdapter' via constructor to bean named 'org.springframework.beans.factory.support.DefaultListableBeanFactory@7f9e1534'
2026-09-20 01:22:08 [main] DEBUG o.s.b.f.s.DefaultListableBeanFactory - Creating shared instance of singleton bean 'org.springframework.data.web.config.SpringDataWebConfiguration'
2026-09-20 01:22:08 [main] DEBUG o.s.b.f.s.DefaultListableBeanFactory - Autowiring by type from bean name 'org.springframework.data.web.config.SpringDataWebConfiguration' via constructor to bean named 'org.springframework.boot.web.server.servlet.context.AnnotationConfigServletWebServerApplicationContext@2ca47471'
2026-09-20 01:22:08 [main] DEBUG o.s.b.f.s.DefaultListableBeanFactory - Creating shared instance of singleton bean 'welcomePageHandlerMapping'
2026-09-20 01:22:08 [main] DEBUG o.s.b.f.s.DefaultListableBeanFactory - Creating shared instance of singleton bean 'mvcConversionService'
2026-09-20 01:22:08 [main] DEBUG o.s.b.f.s.DefaultListableBeanFactory - Creating shared instance of singleton bean 'mvcResourceUrlProvider'
2026-09-20 01:22:08 [main] DEBUG o.s.b.f.s.DefaultListableBeanFactory - Autowiring by type from bean name 'welcomePageHandlerMapping' via factory method to bean named 'org.springframework.boot.web.server.servlet.context.AnnotationConfigServletWebServerApplicationContext@2ca47471'
2026-09-20 01:22:08 [main] DEBUG o.s.b.f.s.DefaultListableBeanFactory - Autowiring by type from bean name 'welcomePageHandlerMapping' via factory method to bean named 'mvcConversionService'
2026-09-20 01:22:08 [main] DEBUG o.s.b.f.s.DefaultListableBeanFactory - Autowiring by type from bean name 'welcomePageHandlerMapping' via factory method to bean named 'mvcResourceUrlProvider'
2026-09-20 01:22:08 [main] DEBUG o.s.b.f.s.DefaultListableBeanFactory - Creating shared instance of singleton bean 'welcomePageNotAcceptableHandlerMapping'
2026-09-20 01:22:08 [main] DEBUG o.s.b.f.s.DefaultListableBeanFactory - Autowiring by type from bean name 'welcomePageNotAcceptableHandlerMapping' via factory method to bean named 'org.springframework.boot.web.server.servlet.context.AnnotationConfigServletWebServerApplicationContext@2ca47471'
2026-09-20 01:22:08 [main] DEBUG o.s.b.f.s.DefaultListableBeanFactory - Autowiring by type from bean name 'welcomePageNotAcceptableHandlerMapping' via factory method to bean named 'mvcConversionService'
2026-09-20 01:22:08 [main] DEBUG o.s.b.f.s.DefaultListableBeanFactory - Autowiring by type from bean name 'welcomePageNotAcceptableHandlerMapping' via factory method to bean named 'mvcResourceUrlProvider'
2026-09-20 01:22:08 [main] DEBUG o.s.b.f.s.DefaultListableBeanFactory - Creating shared instance of singleton bean 'localeResolver'
2026-09-20 01:22:08 [main] DEBUG o.s.b.f.s.DefaultListableBeanFactory - Creating shared instance of singleton bean 'flashMapManager'
2026-09-20 01:22:08 [main] DEBUG o.s.b.f.s.DefaultListableBeanFactory - Creating shared instance of singleton bean 'viewNameTranslator'
2026-09-20 01:22:08 [main] DEBUG o.s.b.f.s.DefaultListableBeanFactory - Creating shared instance of singleton bean 'mvcValidator'
2026-09-20 01:22:08 [main] DEBUG o.s.b.f.s.DefaultListableBeanFactory - Creating shared instance of singleton bean 'requestMappingHandlerMapping'
2026-09-20 01:22:08 [main] DEBUG o.s.b.f.s.DefaultListableBeanFactory - Creating shared instance of singleton bean 'mvcContentNegotiationManager'
2026-09-20 01:22:08 [main] DEBUG o.s.b.f.s.DefaultListableBeanFactory - Creating shared instance of singleton bean 'stringHttpMessageConvertersCustomizer'
2026-09-20 01:22:08 [main] DEBUG o.s.b.f.s.DefaultListableBeanFactory - Creating shared instance of singleton bean 'org.springframework.boot.http.converter.autoconfigure.HttpMessageConvertersAutoConfiguration$StringHttpMessageConverterConfiguration'
2026-09-20 01:22:08 [main] DEBUG o.s.b.f.s.DefaultListableBeanFactory - Creating shared instance of singleton bean 'spring.http.converters-org.springframework.boot.http.converter.autoconfigure.HttpMessageConvertersProperties'
2026-09-20 01:22:08 [main] DEBUG o.s.b.f.s.DefaultListableBeanFactory - Autowiring by type from bean name 'stringHttpMessageConvertersCustomizer' via factory method to bean named 'spring.http.converters-org.springframework.boot.http.converter.autoconfigure.HttpMessageConvertersProperties'
2026-09-20 01:22:08 [main] DEBUG o.s.b.f.s.DefaultListableBeanFactory - Creating shared instance of singleton bean 'jacksonJsonHttpMessageConvertersCustomizer'
2026-09-20 01:22:08 [main] DEBUG o.s.b.f.s.DefaultListableBeanFactory - Creating shared instance of singleton bean 'org.springframework.boot.http.converter.autoconfigure.JacksonHttpMessageConvertersConfiguration$JacksonJsonHttpMessageConverterConfiguration'
2026-09-20 01:22:08 [main] DEBUG o.s.b.f.s.DefaultListableBeanFactory - Creating shared instance of singleton bean 'jacksonJsonMapper'
2026-09-20 01:22:08 [main] DEBUG o.s.b.f.s.DefaultListableBeanFactory - Creating shared instance of singleton bean 'org.springframework.boot.jackson.autoconfigure.JacksonAutoConfiguration'
2026-09-20 01:22:08 [main] DEBUG o.s.b.f.s.DefaultListableBeanFactory - Creating shared instance of singleton bean 'jsonFactory'
2026-09-20 01:22:08 [main] DEBUG o.s.b.f.s.DefaultListableBeanFactory - Creating shared instance of singleton bean 'standardJsonFactoryBuilderCustomizer'
2026-09-20 01:22:08 [main] DEBUG o.s.b.f.s.DefaultListableBeanFactory - Creating shared instance of singleton bean 'org.springframework.boot.jackson.autoconfigure.JacksonAutoConfiguration$JacksonJsonCustomizerConfiguration'
2026-09-20 01:22:08 [main] DEBUG o.s.b.f.s.DefaultListableBeanFactory - Creating shared instance of singleton bean 'spring.jackson-org.springframework.boot.jackson.autoconfigure.JacksonProperties'
2026-09-20 01:22:08 [main] DEBUG o.s.b.f.s.DefaultListableBeanFactory - Autowiring by type from bean name 'org.springframework.boot.jackson.autoconfigure.JacksonAutoConfiguration$JacksonJsonCustomizerConfiguration' via constructor to bean named 'spring.jackson-org.springframework.boot.jackson.autoconfigure.JacksonProperties'
2026-09-20 01:22:08 [main] DEBUG o.s.b.f.s.DefaultListableBeanFactory - Autowiring by type from bean name 'jsonMapperBuilder' via factory method to bean named 'jsonFactory'
2026-09-20 01:22:08 [main] DEBUG o.s.b.f.s.DefaultListableBeanFactory - Creating shared instance of singleton bean 'problemDetailJsonMapperBuilderCustomizer'
2026-09-20 01:22:08 [main] DEBUG o.s.b.f.s.DefaultListableBeanFactory - Creating shared instance of singleton bean 'org.springframework.boot.jackson.autoconfigure.JacksonAutoConfiguration$JsonProblemDetailsConfiguration'
2026-09-20 01:22:08 [main] DEBUG o.s.b.f.s.DefaultListableBeanFactory - Creating shared instance of singleton bean 'standardJsonMapperBuilderCustomizer'
2026-09-20 01:22:08 [main] DEBUG o.s.b.f.s.DefaultListableBeanFactory - Autowiring by type from bean name 'standardJsonMapperBuilderCustomizer' via factory method to bean named 'org.springframework.beans.factory.support.DefaultListableBeanFactory@7f9e1534'
2026-09-20 01:22:08 [main] DEBUG o.s.b.f.s.DefaultListableBeanFactory - Creating shared instance of singleton bean 'jackson3GeoModule'
2026-09-20 01:22:08 [main] DEBUG o.s.b.f.s.DefaultListableBeanFactory - Creating shared instance of singleton bean 'org.springframework.data.web.config.SpringDataJackson3Configuration'
2026-09-20 01:22:08 [main] DEBUG o.s.b.f.s.DefaultListableBeanFactory - Creating shared instance of singleton bean 'springDataWebSettings'
2026-09-20 01:22:08 [main] DEBUG o.s.b.f.s.DefaultListableBeanFactory - Creating shared instance of singleton bean 'org.springframework.boot.data.autoconfigure.web.DataWebAutoConfiguration'
2026-09-20 01:22:08 [main] DEBUG o.s.b.f.s.DefaultListableBeanFactory - Creating shared instance of singleton bean 'spring.data.web-org.springframework.boot.data.autoconfigure.web.DataWebProperties'
2026-09-20 01:22:08 [main] DEBUG o.s.b.f.s.DefaultListableBeanFactory - Autowiring by type from bean name 'org.springframework.boot.data.autoconfigure.web.DataWebAutoConfiguration' via constructor to bean named 'spring.data.web-org.springframework.boot.data.autoconfigure.web.DataWebProperties'
2026-09-20 01:22:08 [main] DEBUG o.s.b.f.s.DefaultListableBeanFactory - Creating shared instance of singleton bean 'jackson3pageModule'
2026-09-20 01:22:08 [main] DEBUG o.s.b.f.s.DefaultListableBeanFactory - Creating shared instance of singleton bean 'jacksonMixinModule'
2026-09-20 01:22:08 [main] DEBUG o.s.b.f.s.DefaultListableBeanFactory - Creating shared instance of singleton bean 'org.springframework.boot.jackson.autoconfigure.JacksonAutoConfiguration$JacksonMixinConfiguration'
2026-09-20 01:22:08 [main] DEBUG o.s.b.f.s.DefaultListableBeanFactory - Creating shared instance of singleton bean 'jacksonMixinModuleEntries'
2026-09-20 01:22:08 [main] DEBUG o.s.b.f.s.DefaultListableBeanFactory - Autowiring by type from bean name 'jacksonMixinModuleEntries' via factory method to bean named 'org.springframework.boot.web.server.servlet.context.AnnotationConfigServletWebServerApplicationContext@2ca47471'
2026-09-20 01:22:08 [main] DEBUG o.s.b.f.s.DefaultListableBeanFactory - Autowiring by type from bean name 'jacksonMixinModule' via factory method to bean named 'org.springframework.boot.web.server.servlet.context.AnnotationConfigServletWebServerApplicationContext@2ca47471'
2026-09-20 01:22:08 [main] DEBUG o.s.b.f.s.DefaultListableBeanFactory - Autowiring by type from bean name 'jacksonMixinModule' via factory method to bean named 'jacksonMixinModuleEntries'
2026-09-20 01:22:08 [main] DEBUG o.s.b.f.s.DefaultListableBeanFactory - Creating shared instance of singleton bean 'jsonComponentModule'
2026-09-20 01:22:08 [main] DEBUG o.s.b.f.s.DefaultListableBeanFactory - Autowiring by type from bean name 'jacksonJsonMapper' via factory method to bean named 'jsonMapperBuilder'
2026-09-20 01:22:08 [main] DEBUG o.s.b.f.s.DefaultListableBeanFactory - Autowiring by type from bean name 'jacksonJsonHttpMessageConvertersCustomizer' via factory method to bean named 'jacksonJsonMapper'
2026-09-20 01:22:08 [main] DEBUG o.s.b.f.s.DefaultListableBeanFactory - Creating shared instance of singleton bean 'serverConvertersCustomizer'
2026-09-20 01:22:08 [main] DEBUG o.s.b.f.s.DefaultListableBeanFactory - Creating shared instance of singleton bean 'org.springframework.boot.http.converter.autoconfigure.HttpMessageConvertersAutoConfiguration'
2026-09-20 01:22:08 [main] DEBUG o.s.b.f.s.DefaultListableBeanFactory - Creating shared instance of singleton bean 'mvcApiVersionStrategy'
2026-09-20 01:22:08 [main] DEBUG o.s.b.f.s.DefaultListableBeanFactory - Autowiring by type from bean name 'requestMappingHandlerMapping' via factory method to bean named 'mvcContentNegotiationManager'
2026-09-20 01:22:08 [main] DEBUG o.s.b.f.s.DefaultListableBeanFactory - Autowiring by type from bean name 'requestMappingHandlerMapping' via factory method to bean named 'mvcApiVersionStrategy'
2026-09-20 01:22:08 [main] DEBUG o.s.b.f.s.DefaultListableBeanFactory - Autowiring by type from bean name 'requestMappingHandlerMapping' via factory method to bean named 'mvcConversionService'
2026-09-20 01:22:08 [main] DEBUG o.s.b.f.s.DefaultListableBeanFactory - Autowiring by type from bean name 'requestMappingHandlerMapping' via factory method to bean named 'mvcResourceUrlProvider'
2026-09-20 01:22:08 [main] DEBUG _.s.w.s.HandlerMapping.Mappings - 
	o.s.b.w.a.e.BasicErrorController:
	{ [/error]}: error(HttpServletRequest)
	{ [/error], produces [text/html]}: errorHtml(HttpServletRequest,HttpServletResponse)
2026-09-20 01:22:08 [main] DEBUG o.s.w.s.m.m.a.RequestMappingHandlerMapping - 2 mappings in 'requestMappingHandlerMapping'
2026-09-20 01:22:08 [main] DEBUG o.s.b.f.s.DefaultListableBeanFactory - Creating shared instance of singleton bean 'mvcPatternParser'
2026-09-20 01:22:08 [main] DEBUG o.s.b.f.s.DefaultListableBeanFactory - Creating shared instance of singleton bean 'mvcUrlPathHelper'
2026-09-20 01:22:08 [main] DEBUG o.s.b.f.s.DefaultListableBeanFactory - Creating shared instance of singleton bean 'mvcPathMatcher'
2026-09-20 01:22:08 [main] DEBUG o.s.b.f.s.DefaultListableBeanFactory - Creating shared instance of singleton bean 'viewControllerHandlerMapping'
2026-09-20 01:22:08 [main] DEBUG o.s.b.f.s.DefaultListableBeanFactory - Autowiring by type from bean name 'viewControllerHandlerMapping' via factory method to bean named 'mvcConversionService'
2026-09-20 01:22:08 [main] DEBUG o.s.b.f.s.DefaultListableBeanFactory - Autowiring by type from bean name 'viewControllerHandlerMapping' via factory method to bean named 'mvcResourceUrlProvider'
2026-09-20 01:22:08 [main] DEBUG o.s.b.f.s.DefaultListableBeanFactory - Creating shared instance of singleton bean 'beanNameHandlerMapping'
2026-09-20 01:22:08 [main] DEBUG o.s.b.f.s.DefaultListableBeanFactory - Autowiring by type from bean name 'beanNameHandlerMapping' via factory method to bean named 'mvcConversionService'
2026-09-20 01:22:08 [main] DEBUG o.s.b.f.s.DefaultListableBeanFactory - Autowiring by type from bean name 'beanNameHandlerMapping' via factory method to bean named 'mvcResourceUrlProvider'
2026-09-20 01:22:08 [main] DEBUG _.s.w.s.HandlerMapping.Mappings - 'beanNameHandlerMapping' {}
2026-09-20 01:22:08 [main] DEBUG o.s.b.f.s.DefaultListableBeanFactory - Creating shared instance of singleton bean 'routerFunctionMapping'
2026-09-20 01:22:08 [main] DEBUG o.s.b.f.s.DefaultListableBeanFactory - Autowiring by type from bean name 'routerFunctionMapping' via factory method to bean named 'mvcConversionService'
2026-09-20 01:22:08 [main] DEBUG o.s.b.f.s.DefaultListableBeanFactory - Autowiring by type from bean name 'routerFunctionMapping' via factory method to bean named 'mvcResourceUrlProvider'
2026-09-20 01:22:08 [main] DEBUG o.s.b.f.s.DefaultListableBeanFactory - Autowiring by type from bean name 'routerFunctionMapping' via factory method to bean named 'mvcApiVersionStrategy'
2026-09-20 01:22:08 [main] DEBUG o.s.b.f.s.DefaultListableBeanFactory - Creating shared instance of singleton bean 'resourceHandlerMapping'
2026-09-20 01:22:08 [main] DEBUG o.s.b.f.s.DefaultListableBeanFactory - Autowiring by type from bean name 'resourceHandlerMapping' via factory method to bean named 'mvcContentNegotiationManager'
2026-09-20 01:22:08 [main] DEBUG o.s.b.f.s.DefaultListableBeanFactory - Autowiring by type from bean name 'resourceHandlerMapping' via factory method to bean named 'mvcConversionService'
2026-09-20 01:22:08 [main] DEBUG o.s.b.f.s.DefaultListableBeanFactory - Autowiring by type from bean name 'resourceHandlerMapping' via factory method to bean named 'mvcResourceUrlProvider'
2026-09-20 01:22:08 [main] DEBUG _.s.w.s.HandlerMapping.Mappings - 'resourceHandlerMapping' {/webjars/**=ResourceHttpRequestHandler [classpath [META-INF/resources/webjars/]], /**=ResourceHttpRequestHandler [classpath [META-INF/resources/], classpath [resources/], classpath [static/], classpath [public/], ServletContext [/]]}
2026-09-20 01:22:08 [main] DEBUG o.s.b.f.s.DefaultListableBeanFactory - Creating shared instance of singleton bean 'defaultServletHandlerMapping'
2026-09-20 01:22:08 [main] DEBUG o.s.b.f.s.DefaultListableBeanFactory - Creating shared instance of singleton bean 'requestMappingHandlerAdapter'
2026-09-20 01:22:08 [main] DEBUG o.s.b.f.s.DefaultListableBeanFactory - Autowiring by type from bean name 'requestMappingHandlerAdapter' via factory method to bean named 'mvcContentNegotiationManager'
2026-09-20 01:22:08 [main] DEBUG o.s.b.f.s.DefaultListableBeanFactory - Autowiring by type from bean name 'requestMappingHandlerAdapter' via factory method to bean named 'mvcConversionService'
2026-09-20 01:22:08 [main] DEBUG o.s.b.f.s.DefaultListableBeanFactory - Autowiring by type from bean name 'requestMappingHandlerAdapter' via factory method to bean named 'mvcValidator'
2026-09-20 01:22:08 [main] DEBUG o.s.b.f.s.DefaultListableBeanFactory - Creating shared instance of singleton bean 'sortResolver'
2026-09-20 01:22:08 [main] DEBUG o.s.b.f.s.DefaultListableBeanFactory - Creating shared instance of singleton bean 'sortCustomizer'
2026-09-20 01:22:08 [main] DEBUG o.s.b.f.s.DefaultListableBeanFactory - Creating shared instance of singleton bean 'pageableResolver'
2026-09-20 01:22:08 [main] DEBUG o.s.b.f.s.DefaultListableBeanFactory - Creating shared instance of singleton bean 'pageableCustomizer'
2026-09-20 01:22:08 [main] DEBUG o.s.w.s.m.m.a.RequestMappingHandlerAdapter - ControllerAdvice beans: 0 @ModelAttribute, 0 @InitBinder, 2 RequestBodyAdvice, 1 ResponseBodyAdvice
2026-09-20 01:22:08 [main] DEBUG o.s.b.f.s.DefaultListableBeanFactory - Creating shared instance of singleton bean 'mvcViewResolver'
2026-09-20 01:22:08 [main] DEBUG o.s.b.f.s.DefaultListableBeanFactory - Autowiring by type from bean name 'mvcViewResolver' via factory method to bean named 'mvcContentNegotiationManager'
2026-09-20 01:22:08 [main] DEBUG o.s.b.f.s.DefaultListableBeanFactory - Creating shared instance of singleton bean 'defaultViewResolver'
2026-09-20 01:22:08 [main] DEBUG o.s.b.f.s.DefaultListableBeanFactory - Creating shared instance of singleton bean 'viewResolver'
2026-09-20 01:22:08 [main] DEBUG o.s.b.f.s.DefaultListableBeanFactory - Autowiring by type from bean name 'viewResolver' via factory method to bean named 'org.springframework.beans.factory.support.DefaultListableBeanFactory@7f9e1534'
2026-09-20 01:22:08 [main] DEBUG o.s.b.f.s.DefaultListableBeanFactory - Creating shared instance of singleton bean 'viewResolver'
2026-09-20 01:22:08 [main] DEBUG o.s.b.f.s.DefaultListableBeanFactory - Creating shared instance of singleton bean 'handlerFunctionAdapter'
2026-09-20 01:22:08 [main] DEBUG o.s.b.f.s.DefaultListableBeanFactory - Creating shared instance of singleton bean 'mvcUriComponentsContributor'
2026-09-20 01:22:08 [main] DEBUG o.s.b.f.s.DefaultListableBeanFactory - Autowiring by type from bean name 'mvcUriComponentsContributor' via factory method to bean named 'mvcConversionService'
2026-09-20 01:22:08 [main] DEBUG o.s.b.f.s.DefaultListableBeanFactory - Autowiring by type from bean name 'mvcUriComponentsContributor' via factory method to bean named 'requestMappingHandlerAdapter'
2026-09-20 01:22:08 [main] DEBUG o.s.b.f.s.DefaultListableBeanFactory - Creating shared instance of singleton bean 'httpRequestHandlerAdapter'
2026-09-20 01:22:08 [main] DEBUG o.s.b.f.s.DefaultListableBeanFactory - Creating shared instance of singleton bean 'simpleControllerHandlerAdapter'
2026-09-20 01:22:08 [main] DEBUG o.s.b.f.s.DefaultListableBeanFactory - Creating shared instance of singleton bean 'handlerExceptionResolver'
2026-09-20 01:22:08 [main] DEBUG o.s.b.f.s.DefaultListableBeanFactory - Autowiring by type from bean name 'handlerExceptionResolver' via factory method to bean named 'mvcContentNegotiationManager'
2026-09-20 01:22:08 [main] DEBUG o.s.w.s.m.m.a.ExceptionHandlerExceptionResolver - ControllerAdvice beans: 0 @ExceptionHandler, 1 ResponseBodyAdvice
2026-09-20 01:22:08 [main] DEBUG o.s.b.f.s.DefaultListableBeanFactory - Creating shared instance of singleton bean 'org.springframework.boot.autoconfigure.jmx.JmxAutoConfiguration'
2026-09-20 01:22:08 [main] DEBUG o.s.b.f.s.DefaultListableBeanFactory - Creating shared instance of singleton bean 'spring.jmx-org.springframework.boot.autoconfigure.jmx.JmxProperties'
2026-09-20 01:22:08 [main] DEBUG o.s.b.f.s.DefaultListableBeanFactory - Autowiring by type from bean name 'org.springframework.boot.autoconfigure.jmx.JmxAutoConfiguration' via constructor to bean named 'spring.jmx-org.springframework.boot.autoconfigure.jmx.JmxProperties'
2026-09-20 01:22:08 [main] DEBUG o.s.b.f.s.DefaultListableBeanFactory - Creating shared instance of singleton bean 'mbeanExporter'
2026-09-20 01:22:08 [main] DEBUG o.s.b.f.s.DefaultListableBeanFactory - Creating shared instance of singleton bean 'objectNamingStrategy'
2026-09-20 01:22:08 [main] DEBUG o.s.b.f.s.DefaultListableBeanFactory - Autowiring by type from bean name 'mbeanExporter' via factory method to bean named 'objectNamingStrategy'
2026-09-20 01:22:08 [main] DEBUG o.s.b.f.s.DefaultListableBeanFactory - Autowiring by type from bean name 'mbeanExporter' via factory method to bean named 'org.springframework.beans.factory.support.DefaultListableBeanFactory@7f9e1534'
2026-09-20 01:22:08 [main] DEBUG o.s.b.f.s.DefaultListableBeanFactory - Creating shared instance of singleton bean 'mbeanServer'
2026-09-20 01:22:08 [main] DEBUG o.s.jmx.support.JmxUtils - Found MBeanServer: com.sun.jmx.mbeanserver.JmxMBeanServer@6d86b085
2026-09-20 01:22:08 [main] DEBUG o.s.b.f.s.DefaultListableBeanFactory - Creating shared instance of singleton bean 'org.springframework.boot.autoconfigure.admin.SpringApplicationAdminJmxAutoConfiguration'
2026-09-20 01:22:08 [main] DEBUG o.s.b.f.s.DefaultListableBeanFactory - Creating shared instance of singleton bean 'springApplicationAdminRegistrar'
2026-09-20 01:22:08 [main] DEBUG o.s.b.f.s.DefaultListableBeanFactory - Autowiring by type from bean name 'springApplicationAdminRegistrar' via factory method to bean named 'environment'
2026-09-20 01:22:08 [main] DEBUG o.s.b.a.SpringApplicationAdminMXBeanRegistrar$SpringApplicationAdmin - Application Admin MBean registered with name 'org.springframework.boot:type=Admin,name=SpringApplication'
2026-09-20 01:22:08 [main] DEBUG o.s.b.f.s.DefaultListableBeanFactory - Creating shared instance of singleton bean 'org.springframework.boot.autoconfigure.aop.AopAutoConfiguration$AspectJAutoProxyingConfiguration$CglibAutoProxyConfiguration'
2026-09-20 01:22:08 [main] DEBUG o.s.b.f.s.DefaultListableBeanFactory - Creating shared instance of singleton bean 'org.springframework.boot.autoconfigure.aop.AopAutoConfiguration$AspectJAutoProxyingConfiguration'
2026-09-20 01:22:08 [main] DEBUG o.s.b.f.s.DefaultListableBeanFactory - Creating shared instance of singleton bean 'org.springframework.boot.autoconfigure.aop.AopAutoConfiguration'
2026-09-20 01:22:08 [main] DEBUG o.s.b.f.s.DefaultListableBeanFactory - Creating shared instance of singleton bean 'org.springframework.boot.autoconfigure.availability.ApplicationAvailabilityAutoConfiguration'
2026-09-20 01:22:08 [main] DEBUG o.s.b.f.s.DefaultListableBeanFactory - Creating shared instance of singleton bean 'applicationAvailability'
2026-09-20 01:22:08 [main] DEBUG o.s.b.f.s.DefaultListableBeanFactory - Creating shared instance of singleton bean 'org.springframework.boot.autoconfigure.context.ConfigurationPropertiesAutoConfiguration'
2026-09-20 01:22:08 [main] DEBUG o.s.b.f.s.DefaultListableBeanFactory - Creating shared instance of singleton bean 'org.springframework.boot.autoconfigure.context.LifecycleAutoConfiguration'
2026-09-20 01:22:08 [main] DEBUG o.s.b.f.s.DefaultListableBeanFactory - Creating shared instance of singleton bean 'lifecycleProcessor'
2026-09-20 01:22:08 [main] DEBUG o.s.b.f.s.DefaultListableBeanFactory - Creating shared instance of singleton bean 'spring.lifecycle-org.springframework.boot.autoconfigure.context.LifecycleProperties'
2026-09-20 01:22:08 [main] DEBUG o.s.b.f.s.DefaultListableBeanFactory - Autowiring by type from bean name 'lifecycleProcessor' via factory method to bean named 'spring.lifecycle-org.springframework.boot.autoconfigure.context.LifecycleProperties'
2026-09-20 01:22:08 [main] DEBUG o.s.b.f.s.DefaultListableBeanFactory - Creating shared instance of singleton bean 'org.springframework.boot.autoconfigure.info.ProjectInfoAutoConfiguration'
2026-09-20 01:22:08 [main] DEBUG o.s.b.f.s.DefaultListableBeanFactory - Creating shared instance of singleton bean 'spring.info-org.springframework.boot.autoconfigure.info.ProjectInfoProperties'
2026-09-20 01:22:08 [main] DEBUG o.s.b.f.s.DefaultListableBeanFactory - Autowiring by type from bean name 'org.springframework.boot.autoconfigure.info.ProjectInfoAutoConfiguration' via constructor to bean named 'spring.info-org.springframework.boot.autoconfigure.info.ProjectInfoProperties'
2026-09-20 01:22:08 [main] DEBUG o.s.b.f.s.DefaultListableBeanFactory - Creating shared instance of singleton bean 'org.springframework.boot.autoconfigure.task.TaskSchedulingConfigurations$ThreadPoolTaskSchedulerBuilderConfiguration'
2026-09-20 01:22:08 [main] DEBUG o.s.b.f.s.DefaultListableBeanFactory - Creating shared instance of singleton bean 'threadPoolTaskSchedulerBuilder'
2026-09-20 01:22:08 [main] DEBUG o.s.b.f.s.DefaultListableBeanFactory - Creating shared instance of singleton bean 'spring.task.scheduling-org.springframework.boot.autoconfigure.task.TaskSchedulingProperties'
2026-09-20 01:22:08 [main] DEBUG o.s.b.f.s.DefaultListableBeanFactory - Autowiring by type from bean name 'threadPoolTaskSchedulerBuilder' via factory method to bean named 'spring.task.scheduling-org.springframework.boot.autoconfigure.task.TaskSchedulingProperties'
2026-09-20 01:22:08 [main] DEBUG o.s.b.f.s.DefaultListableBeanFactory - Creating shared instance of singleton bean 'org.springframework.boot.autoconfigure.task.TaskSchedulingConfigurations$SimpleAsyncTaskSchedulerBuilderConfiguration'
2026-09-20 01:22:08 [main] DEBUG o.s.b.f.s.DefaultListableBeanFactory - Autowiring by type from bean name 'org.springframework.boot.autoconfigure.task.TaskSchedulingConfigurations$SimpleAsyncTaskSchedulerBuilderConfiguration' via constructor to bean named 'spring.task.scheduling-org.springframework.boot.autoconfigure.task.TaskSchedulingProperties'
2026-09-20 01:22:08 [main] DEBUG o.s.b.f.s.DefaultListableBeanFactory - Creating shared instance of singleton bean 'simpleAsyncTaskSchedulerBuilder'
2026-09-20 01:22:08 [main] DEBUG o.s.b.f.s.DefaultListableBeanFactory - Creating shared instance of singleton bean 'org.springframework.boot.autoconfigure.task.TaskSchedulingAutoConfiguration'
2026-09-20 01:22:08 [main] DEBUG o.s.b.f.s.DefaultListableBeanFactory - Creating shared instance of singleton bean 'org.springframework.data.web.config.ProjectingArgumentResolverRegistrar'
2026-09-20 01:22:08 [main] DEBUG o.s.b.f.s.DefaultListableBeanFactory - Creating shared instance of singleton bean 'offsetResolver'
2026-09-20 01:22:08 [main] DEBUG o.s.b.f.s.DefaultListableBeanFactory - Creating shared instance of singleton bean 'org.springframework.boot.transaction.jta.autoconfigure.JtaAutoConfiguration'
2026-09-20 01:22:08 [main] DEBUG o.s.b.f.s.DefaultListableBeanFactory - Creating shared instance of singleton bean 'org.springframework.boot.jdbc.autoconfigure.DataSourceJmxConfiguration$Hikari'
2026-09-20 01:22:08 [main] DEBUG o.s.b.f.s.DefaultListableBeanFactory - Autowiring by type from bean name 'org.springframework.boot.jdbc.autoconfigure.DataSourceJmxConfiguration$Hikari' via constructor to bean named 'dataSource'
2026-09-20 01:22:08 [main] DEBUG o.s.b.f.s.DefaultListableBeanFactory - Creating shared instance of singleton bean 'org.springframework.boot.jdbc.autoconfigure.DataSourceJmxConfiguration'
2026-09-20 01:22:08 [main] DEBUG o.s.b.f.s.DefaultListableBeanFactory - Creating shared instance of singleton bean 'org.springframework.boot.jdbc.autoconfigure.DataSourcePoolMetadataProvidersConfiguration'
2026-09-20 01:22:08 [main] DEBUG o.s.b.f.s.DefaultListableBeanFactory - Creating shared instance of singleton bean 'org.springframework.boot.jdbc.autoconfigure.DataSourceAutoConfiguration'
2026-09-20 01:22:08 [main] DEBUG o.s.b.f.s.DefaultListableBeanFactory - Creating shared instance of singleton bean 'org.springframework.boot.transaction.autoconfigure.TransactionManagerCustomizationAutoConfiguration'
2026-09-20 01:22:08 [main] DEBUG o.s.b.f.s.DefaultListableBeanFactory - Creating shared instance of singleton bean 'platformTransactionManagerCustomizers'
2026-09-20 01:22:08 [main] DEBUG o.s.b.f.s.DefaultListableBeanFactory - Creating shared instance of singleton bean 'transactionExecutionListeners'
2026-09-20 01:22:08 [main] DEBUG o.s.b.f.s.DefaultListableBeanFactory - Creating shared instance of singleton bean 'spring.transaction-org.springframework.boot.transaction.autoconfigure.TransactionProperties'
2026-09-20 01:22:08 [main] DEBUG o.s.b.f.s.DefaultListableBeanFactory - Creating shared instance of singleton bean 'org.springframework.boot.jpa.autoconfigure.JpaBaseConfiguration$PersistenceManagedTypesConfiguration'
2026-09-20 01:22:08 [main] DEBUG o.s.b.f.s.DefaultListableBeanFactory - Creating shared instance of singleton bean 'transactionManager'
2026-09-20 01:22:08 [main] DEBUG o.s.b.f.s.DefaultListableBeanFactory - Creating shared instance of singleton bean 'org.springframework.boot.hibernate.autoconfigure.HibernateJpaAutoConfiguration'
2026-09-20 01:22:08 [main] DEBUG o.s.b.f.s.DefaultListableBeanFactory - Creating shared instance of singleton bean 'org.springframework.boot.data.jpa.autoconfigure.DataJpaRepositoriesAutoConfiguration'
2026-09-20 01:22:08 [main] DEBUG o.s.b.f.s.DefaultListableBeanFactory - Creating shared instance of singleton bean 'eagerJpaMetamodelCacheCleanup'
2026-09-20 01:22:08 [main] DEBUG o.s.b.f.s.DefaultListableBeanFactory - Creating shared instance of singleton bean 'org.springframework.data.jpa.util.JpaMetamodelCacheCleanup'
2026-09-20 01:22:08 [main] DEBUG o.s.b.f.s.DefaultListableBeanFactory - Creating shared instance of singleton bean 'org.springframework.data.jpa.repository.support.JpaEvaluationContextExtension'
2026-09-20 01:22:08 [main] DEBUG o.s.b.f.s.DefaultListableBeanFactory - Creating shared instance of singleton bean 'data-jpa.repository-aot-processor#0'
2026-09-20 01:22:08 [main] DEBUG o.s.b.f.s.DefaultListableBeanFactory - Creating shared instance of singleton bean 'org.springframework.boot.http.converter.autoconfigure.JacksonHttpMessageConvertersConfiguration'
2026-09-20 01:22:08 [main] DEBUG o.s.b.f.s.DefaultListableBeanFactory - Creating shared instance of singleton bean 'org.springframework.boot.http.converter.autoconfigure.Jackson2HttpMessageConvertersConfiguration'
2026-09-20 01:22:08 [main] DEBUG o.s.b.f.s.DefaultListableBeanFactory - Creating shared instance of singleton bean 'clientConvertersCustomizer'
2026-09-20 01:22:08 [main] DEBUG o.s.b.f.s.DefaultListableBeanFactory - Creating shared instance of singleton bean 'org.springframework.boot.jdbc.autoconfigure.JdbcTemplateConfiguration'
2026-09-20 01:22:08 [main] DEBUG o.s.b.f.s.DefaultListableBeanFactory - Creating shared instance of singleton bean 'jdbcTemplate'
2026-09-20 01:22:08 [main] DEBUG o.s.b.f.s.DefaultListableBeanFactory - Creating shared instance of singleton bean 'spring.jdbc-org.springframework.boot.jdbc.autoconfigure.JdbcProperties'
2026-09-20 01:22:08 [main] DEBUG o.s.b.f.s.DefaultListableBeanFactory - Autowiring by type from bean name 'jdbcTemplate' via factory method to bean named 'dataSource'
2026-09-20 01:22:08 [main] DEBUG o.s.b.f.s.DefaultListableBeanFactory - Autowiring by type from bean name 'jdbcTemplate' via factory method to bean named 'spring.jdbc-org.springframework.boot.jdbc.autoconfigure.JdbcProperties'
2026-09-20 01:22:08 [main] DEBUG o.s.b.f.s.DefaultListableBeanFactory - Creating shared instance of singleton bean 'org.springframework.boot.jdbc.autoconfigure.NamedParameterJdbcTemplateConfiguration'
2026-09-20 01:22:08 [main] DEBUG o.s.b.f.s.DefaultListableBeanFactory - Creating shared instance of singleton bean 'namedParameterJdbcTemplate'
2026-09-20 01:22:08 [main] DEBUG o.s.b.f.s.DefaultListableBeanFactory - Autowiring by type from bean name 'namedParameterJdbcTemplate' via factory method to bean named 'jdbcTemplate'
2026-09-20 01:22:08 [main] DEBUG o.s.b.f.s.DefaultListableBeanFactory - Creating shared instance of singleton bean 'org.springframework.boot.jdbc.autoconfigure.JdbcTemplateAutoConfiguration'
2026-09-20 01:22:08 [main] DEBUG o.s.b.f.s.DefaultListableBeanFactory - Creating shared instance of singleton bean 'org.springframework.boot.jdbc.autoconfigure.JdbcClientAutoConfiguration'
2026-09-20 01:22:08 [main] DEBUG o.s.b.f.s.DefaultListableBeanFactory - Creating shared instance of singleton bean 'jdbcClient'
2026-09-20 01:22:08 [main] DEBUG o.s.b.f.s.DefaultListableBeanFactory - Autowiring by type from bean name 'jdbcClient' via factory method to bean named 'namedParameterJdbcTemplate'
2026-09-20 01:22:08 [main] DEBUG o.s.b.f.s.DefaultListableBeanFactory - Creating shared instance of singleton bean 'org.springframework.boot.liquibase.autoconfigure.LiquibaseAutoConfiguration$CustomizerConfiguration'
2026-09-20 01:22:08 [main] DEBUG o.s.b.f.s.DefaultListableBeanFactory - Creating shared instance of singleton bean 'org.springframework.boot.liquibase.autoconfigure.LiquibaseAutoConfiguration'
2026-09-20 01:22:08 [main] DEBUG o.s.b.f.s.DefaultListableBeanFactory - Creating shared instance of singleton bean 'liquibaseDefaultDdlModeProvider'
2026-09-20 01:22:08 [main] DEBUG o.s.b.f.s.DefaultListableBeanFactory - Creating shared instance of singleton bean 'org.springframework.boot.persistence.autoconfigure.PersistenceExceptionTranslationAutoConfiguration'
2026-09-20 01:22:08 [main] DEBUG o.s.b.f.s.DefaultListableBeanFactory - Creating shared instance of singleton bean 'multipartResolver'
2026-09-20 01:22:08 [main] DEBUG o.s.b.f.s.DefaultListableBeanFactory - Creating shared instance of singleton bean 'org.springframework.boot.jdbc.autoconfigure.DataSourceTransactionManagerAutoConfiguration$JdbcTransactionManagerConfiguration'
2026-09-20 01:22:08 [main] DEBUG o.s.b.f.s.DefaultListableBeanFactory - Creating shared instance of singleton bean 'org.springframework.boot.jdbc.autoconfigure.DataSourceTransactionManagerAutoConfiguration'
2026-09-20 01:22:08 [main] DEBUG o.s.b.f.s.DefaultListableBeanFactory - Creating shared instance of singleton bean 'org.springframework.boot.transaction.autoconfigure.TransactionAutoConfiguration$EnableTransactionManagementConfiguration$CglibAutoProxyConfiguration'
2026-09-20 01:22:08 [main] DEBUG o.s.b.f.s.DefaultListableBeanFactory - Creating shared instance of singleton bean 'org.springframework.boot.transaction.autoconfigure.TransactionAutoConfiguration$EnableTransactionManagementConfiguration'
2026-09-20 01:22:08 [main] DEBUG o.s.b.f.s.DefaultListableBeanFactory - Creating shared instance of singleton bean 'org.springframework.boot.transaction.autoconfigure.TransactionAutoConfiguration$TransactionTemplateConfiguration'
2026-09-20 01:22:08 [main] DEBUG o.s.b.f.s.DefaultListableBeanFactory - Creating shared instance of singleton bean 'transactionTemplate'
2026-09-20 01:22:08 [main] DEBUG o.s.b.f.s.DefaultListableBeanFactory - Autowiring by type from bean name 'transactionTemplate' via factory method to bean named 'transactionManager'
2026-09-20 01:22:08 [main] DEBUG o.s.b.f.s.DefaultListableBeanFactory - Creating shared instance of singleton bean 'org.springframework.boot.transaction.autoconfigure.TransactionAutoConfiguration'
2026-09-20 01:22:08 [main] DEBUG o.s.j.e.a.AnnotationMBeanExporter - Registering beans for JMX exposure on startup
2026-09-20 01:22:08 [main] DEBUG o.s.j.e.a.AnnotationMBeanExporter - Auto-detecting user-defined JMX MBeans
2026-09-20 01:22:08 [main] DEBUG o.s.j.e.a.AnnotationMBeanExporter - Bean with name 'dataSource' has been autodetected for JMX exposure
2026-09-20 01:22:08 [main] DEBUG o.s.j.e.a.AnnotationMBeanExporter - Located MBean 'dataSource': registering with JMX server as MBean [com.zaxxer.hikari:name=dataSource,type=HikariDataSource]
2026-09-20 01:22:08 [main] DEBUG o.s.c.s.DefaultLifecycleProcessor - Starting beans in phase -2147483647
2026-09-20 01:22:08 [main] DEBUG o.s.c.s.DefaultLifecycleProcessor - Successfully started bean 'springBootLoggingLifecycle'
2026-09-20 01:22:08 [main] DEBUG o.s.c.s.DefaultLifecycleProcessor - Starting beans in phase 1073741823
2026-09-20 01:22:08 [main] DEBUG o.s.c.s.DefaultLifecycleProcessor - Starting beans in phase 2147481599
2026-09-20 01:22:08 [main] INFO  o.a.coyote.http11.Http11NioProtocol - Starting ProtocolHandler ["http-nio-8080"]
2026-09-20 01:22:08 [main] INFO  o.s.boot.tomcat.TomcatWebServer - Tomcat started on port 8080 (http) with context path '/'
2026-09-20 01:22:08 [main] DEBUG o.s.c.s.DefaultLifecycleProcessor - Successfully started bean 'webServerStartStop'
2026-09-20 01:22:08 [main] DEBUG o.s.c.s.DefaultLifecycleProcessor - Starting beans in phase 2147482623
2026-09-20 01:22:08 [main] DEBUG o.s.c.s.DefaultLifecycleProcessor - Successfully started bean 'webServerGracefulShutdown'
2026-09-20 01:22:08 [main] DEBUG o.s.b.a.l.ConditionEvaluationReportLogger - 


============================
CONDITIONS EVALUATION REPORT
============================


Positive matches:
-----------------

   AopAutoConfiguration matched:
      - @ConditionalOnBooleanProperty (spring.aop.auto=true) matched (OnPropertyCondition)

   AopAutoConfiguration.AspectJAutoProxyingConfiguration matched:
      - @ConditionalOnClass found required class 'org.aspectj.weaver.Advice' (OnClassCondition)

   AopAutoConfiguration.AspectJAutoProxyingConfiguration.CglibAutoProxyConfiguration matched:
      - @ConditionalOnBooleanProperty (spring.aop.proxy-target-class=true) matched (OnPropertyCondition)

   ApplicationAvailabilityAutoConfiguration#applicationAvailability matched:
      - @ConditionalOnMissingBean (types: org.springframework.boot.availability.ApplicationAvailability; SearchStrategy: all) did not find any beans (OnBeanCondition)

   DataJpaRepositoriesAutoConfiguration matched:
      - @ConditionalOnClass found required class 'org.springframework.data.jpa.repository.JpaRepository' (OnClassCondition)
      - @ConditionalOnBooleanProperty (spring.data.jpa.repositories.enabled=true) matched (OnPropertyCondition)
      - @ConditionalOnBean (types: javax.sql.DataSource; SearchStrategy: all) found bean 'dataSource'; @ConditionalOnMissingBean (types: org.springframework.data.jpa.repository.support.JpaRepositoryFactoryBean,org.springframework.data.jpa.repository.config.JpaRepositoryConfigExtension; SearchStrategy: all) did not find any beans (OnBeanCondition)

   DataSourceAutoConfiguration matched:
      - @ConditionalOnClass found required classes 'javax.sql.DataSource', 'org.springframework.jdbc.datasource.embedded.EmbeddedDatabaseType' (OnClassCondition)
      - @ConditionalOnMissingBean (types: io.r2dbc.spi.ConnectionFactory; SearchStrategy: all) did not find any beans (OnBeanCondition)

   DataSourceAutoConfiguration.PooledDataSourceConfiguration matched:
      - AnyNestedCondition 1 matched 1 did not; NestedCondition on DataSourceAutoConfiguration.PooledDataSourceCondition.PooledDataSourceAvailable PooledDataSource found supported DataSource; NestedCondition on DataSourceAutoConfiguration.PooledDataSourceCondition.ExplicitType @ConditionalOnProperty (spring.datasource.type) did not find property 'spring.datasource.type' (DataSourceAutoConfiguration.PooledDataSourceCondition)
      - @ConditionalOnMissingBean (types: javax.sql.DataSource,javax.sql.XADataSource; SearchStrategy: all) did not find any beans (OnBeanCondition)

   DataSourceAutoConfiguration.PooledDataSourceConfiguration#jdbcConnectionDetails matched:
      - @ConditionalOnMissingBean (types: org.springframework.boot.jdbc.autoconfigure.JdbcConnectionDetails; SearchStrategy: all) did not find any beans (OnBeanCondition)

   DataSourceConfiguration.Hikari matched:
      - @ConditionalOnClass found required class 'com.zaxxer.hikari.HikariDataSource' (OnClassCondition)
      - @ConditionalOnProperty (spring.datasource.type=com.zaxxer.hikari.HikariDataSource) matched (OnPropertyCondition)
      - @ConditionalOnMissingBean (types: javax.sql.DataSource; SearchStrategy: all) did not find any beans (OnBeanCondition)

   DataSourceInitializationAutoConfiguration matched:
      - @ConditionalOnClass found required class 'org.springframework.jdbc.datasource.init.DatabasePopulator' (OnClassCondition)
      - SQL InitializationDatabase Initialization default value is EMBEDDED (OnSqlInitializationCondition)
      - @ConditionalOnSingleCandidate (types: javax.sql.DataSource; SearchStrategy: all) found a single bean 'dataSource'; @ConditionalOnMissingBean (types: org.springframework.boot.sql.autoconfigure.init.ApplicationScriptDatabaseInitializer; SearchStrategy: all) did not find any beans (OnBeanCondition)

   DataSourceJmxConfiguration matched:
      - @ConditionalOnBooleanProperty (spring.jmx.enabled=true) matched (OnPropertyCondition)

   DataSourceJmxConfiguration.Hikari matched:
      - @ConditionalOnClass found required class 'com.zaxxer.hikari.HikariDataSource' (OnClassCondition)
      - @ConditionalOnSingleCandidate (types: javax.sql.DataSource; SearchStrategy: all) found a single bean 'dataSource' (OnBeanCondition)

   DataSourcePoolMetadataProvidersConfiguration.HikariPoolDataSourceMetadataProviderConfiguration matched:
      - @ConditionalOnClass found required class 'com.zaxxer.hikari.HikariDataSource' (OnClassCondition)

   DataSourceTransactionManagerAutoConfiguration matched:
      - @ConditionalOnClass found required classes 'javax.sql.DataSource', 'org.springframework.jdbc.core.JdbcTemplate', 'org.springframework.transaction.TransactionManager' (OnClassCondition)

   DataSourceTransactionManagerAutoConfiguration.JdbcTransactionManagerConfiguration matched:
      - @ConditionalOnSingleCandidate (types: javax.sql.DataSource; SearchStrategy: all) found a single bean 'dataSource' (OnBeanCondition)

   DataWebAutoConfiguration matched:
      - @ConditionalOnClass found required classes 'org.springframework.data.web.PageableHandlerMethodArgumentResolver', 'org.springframework.web.servlet.config.annotation.WebMvcConfigurer' (OnClassCondition)
      - found 'session' scope (OnWebApplicationCondition)
      - @ConditionalOnMissingBean (types: org.springframework.data.web.PageableHandlerMethodArgumentResolver; SearchStrategy: all) did not find any beans (OnBeanCondition)

   DataWebAutoConfiguration#pageableCustomizer matched:
      - @ConditionalOnMissingBean (types: org.springframework.data.web.config.PageableHandlerMethodArgumentResolverCustomizer; SearchStrategy: all) did not find any beans (OnBeanCondition)

   DataWebAutoConfiguration#sortCustomizer matched:
      - @ConditionalOnMissingBean (types: org.springframework.data.web.config.SortHandlerMethodArgumentResolverCustomizer; SearchStrategy: all) did not find any beans (OnBeanCondition)

   DataWebAutoConfiguration#springDataWebSettings matched:
      - @ConditionalOnMissingBean (types: org.springframework.data.web.config.SpringDataWebSettings; SearchStrategy: all) did not find any beans (OnBeanCondition)

   DispatcherServletAutoConfiguration matched:
      - @ConditionalOnClass found required class 'org.springframework.web.servlet.DispatcherServlet' (OnClassCondition)
      - found 'session' scope (OnWebApplicationCondition)

   DispatcherServletAutoConfiguration.DispatcherServletConfiguration matched:
      - @ConditionalOnClass found required class 'jakarta.servlet.ServletRegistration' (OnClassCondition)
      - Default DispatcherServlet did not find dispatcher servlet beans (DispatcherServletAutoConfiguration.DefaultDispatcherServletCondition)

   DispatcherServletAutoConfiguration.DispatcherServletRegistrationConfiguration matched:
      - @ConditionalOnClass found required class 'jakarta.servlet.ServletRegistration' (OnClassCondition)
      - DispatcherServlet Registration did not find servlet registration bean (DispatcherServletAutoConfiguration.DispatcherServletRegistrationCondition)

   DispatcherServletAutoConfiguration.DispatcherServletRegistrationConfiguration#dispatcherServletRegistration matched:
      - @ConditionalOnBean (names: dispatcherServlet types: org.springframework.web.servlet.DispatcherServlet; SearchStrategy: all) found bean 'dispatcherServlet' (OnBeanCondition)

   ErrorMvcAutoConfiguration matched:
      - @ConditionalOnClass found required classes 'jakarta.servlet.Servlet', 'org.springframework.web.servlet.DispatcherServlet' (OnClassCondition)
      - found 'session' scope (OnWebApplicationCondition)

   ErrorMvcAutoConfiguration#basicErrorController matched:
      - @ConditionalOnMissingBean (types: org.springframework.boot.webmvc.error.ErrorController; SearchStrategy: current) did not find any beans (OnBeanCondition)

   ErrorMvcAutoConfiguration#errorAttributes matched:
      - @ConditionalOnMissingBean (types: org.springframework.boot.webmvc.error.ErrorAttributes; SearchStrategy: current) did not find any beans (OnBeanCondition)

   ErrorMvcAutoConfiguration.DefaultErrorViewResolverConfiguration#conventionErrorViewResolver matched:
      - @ConditionalOnBean (types: org.springframework.web.servlet.DispatcherServlet; SearchStrategy: all) found bean 'dispatcherServlet'; @ConditionalOnMissingBean (types: org.springframework.boot.webmvc.autoconfigure.error.ErrorViewResolver; SearchStrategy: all) did not find any beans (OnBeanCondition)

   ErrorMvcAutoConfiguration.WhitelabelErrorViewConfiguration matched:
      - @ConditionalOnBooleanProperty (spring.web.error.whitelabel.enabled=true) matched (OnPropertyCondition)
      - ErrorTemplate Missing did not find error template view (ErrorMvcAutoConfiguration.ErrorTemplateMissingCondition)

   ErrorMvcAutoConfiguration.WhitelabelErrorViewConfiguration#beanNameViewResolver matched:
      - @ConditionalOnMissingBean (types: org.springframework.web.servlet.view.BeanNameViewResolver; SearchStrategy: all) did not find any beans (OnBeanCondition)

   ErrorMvcAutoConfiguration.WhitelabelErrorViewConfiguration#defaultErrorView matched:
      - @ConditionalOnMissingBean (names: error; SearchStrategy: all) did not find any beans (OnBeanCondition)

   HibernateJpaAutoConfiguration matched:
      - @ConditionalOnClass found required classes 'org.springframework.orm.jpa.LocalContainerEntityManagerFactoryBean', 'jakarta.persistence.EntityManager', 'org.hibernate.engine.spi.SessionImplementor' (OnClassCondition)

   HibernateJpaConfiguration matched:
      - @ConditionalOnSingleCandidate (types: javax.sql.DataSource; SearchStrategy: all) found a single bean 'dataSource' (OnBeanCondition)

   HttpEncodingAutoConfiguration matched:
      - @ConditionalOnClass found required class 'org.springframework.web.filter.CharacterEncodingFilter' (OnClassCondition)
      - found 'session' scope (OnWebApplicationCondition)
      - @ConditionalOnBooleanProperty (spring.servlet.encoding.enabled=true) matched (OnPropertyCondition)

   HttpEncodingAutoConfiguration#characterEncodingFilter matched:
      - @ConditionalOnMissingBean (types: org.springframework.web.filter.CharacterEncodingFilter; SearchStrategy: all) did not find any beans (OnBeanCondition)

   HttpMessageConvertersAutoConfiguration matched:
      - @ConditionalOnClass found required class 'org.springframework.http.converter.HttpMessageConverter' (OnClassCondition)
      - NoneNestedConditions 0 matched 1 did not; NestedCondition on HttpMessageConvertersAutoConfiguration.NotReactiveWebApplicationCondition.ReactiveWebApplication did not find reactive web application classes (HttpMessageConvertersAutoConfiguration.NotReactiveWebApplicationCondition)

   HttpMessageConvertersAutoConfiguration.StringHttpMessageConverterConfiguration#stringHttpMessageConvertersCustomizer matched:
      - @ConditionalOnMissingBean (types: org.springframework.http.converter.StringHttpMessageConverter; SearchStrategy: all) did not find any beans (OnBeanCondition)

   JacksonAutoConfiguration matched:
      - @ConditionalOnClass found required class 'tools.jackson.databind.json.JsonMapper' (OnClassCondition)

   JacksonAutoConfiguration#jacksonJsonMapper matched:
      - @ConditionalOnMissingBean (types: tools.jackson.databind.json.JsonMapper; SearchStrategy: all) did not find any beans (OnBeanCondition)

   JacksonAutoConfiguration#jsonFactory matched:
      - @ConditionalOnMissingBean (types: tools.jackson.core.json.JsonFactory; SearchStrategy: all) did not find any beans (OnBeanCondition)

   JacksonAutoConfiguration#jsonMapperBuilder matched:
      - @ConditionalOnMissingBean (types: tools.jackson.databind.json.JsonMapper$Builder; SearchStrategy: all) did not find any beans (OnBeanCondition)

   JacksonAutoConfiguration.JsonProblemDetailsConfiguration matched:
      - @ConditionalOnClass found required class 'org.springframework.http.ProblemDetail' (OnClassCondition)

   JacksonHttpMessageConvertersConfiguration.JacksonJsonHttpMessageConverterConfiguration matched:
      - @ConditionalOnClass found required class 'tools.jackson.databind.json.JsonMapper' (OnClassCondition)
      - @ConditionalOnProperty (spring.http.converters.preferred-json-mapper=jackson) matched (OnPropertyCondition)
      - @ConditionalOnBean (types: tools.jackson.databind.json.JsonMapper; SearchStrategy: all) found bean 'jacksonJsonMapper' (OnBeanCondition)

   JacksonHttpMessageConvertersConfiguration.JacksonJsonHttpMessageConverterConfiguration#jacksonJsonHttpMessageConvertersCustomizer matched:
      - @ConditionalOnMissingBean (types: org.springframework.http.converter.json.JacksonJsonHttpMessageConverter ignored: org.springframework.hateoas.server.mvc.TypeConstrainedJacksonJsonHttpMessageConverter,org.springframework.data.rest.webmvc.alps.AlpsJacksonJsonHttpMessageConverter; SearchStrategy: all) did not find any beans (OnBeanCondition)

   JdbcClientAutoConfiguration matched:
      - @ConditionalOnSingleCandidate (types: org.springframework.jdbc.core.namedparam.NamedParameterJdbcTemplate; SearchStrategy: all) found a single bean 'namedParameterJdbcTemplate'; @ConditionalOnMissingBean (types: org.springframework.jdbc.core.simple.JdbcClient; SearchStrategy: all) did not find any beans (OnBeanCondition)

   JdbcTemplateAutoConfiguration matched:
      - @ConditionalOnClass found required classes 'javax.sql.DataSource', 'org.springframework.jdbc.core.JdbcTemplate' (OnClassCondition)
      - @ConditionalOnSingleCandidate (types: javax.sql.DataSource; SearchStrategy: all) found a single bean 'dataSource' (OnBeanCondition)

   JdbcTemplateConfiguration matched:
      - @ConditionalOnMissingBean (types: org.springframework.jdbc.core.JdbcOperations; SearchStrategy: all) did not find any beans (OnBeanCondition)

   JmxAutoConfiguration matched:
      - @ConditionalOnClass found required class 'org.springframework.jmx.export.MBeanExporter' (OnClassCondition)
      - @ConditionalOnBooleanProperty (spring.jmx.enabled=true) matched (OnPropertyCondition)

   JmxAutoConfiguration#mbeanExporter matched:
      - @ConditionalOnMissingBean (types: org.springframework.jmx.export.MBeanExporter; SearchStrategy: current) did not find any beans (OnBeanCondition)

   JmxAutoConfiguration#mbeanServer matched:
      - @ConditionalOnMissingBean (types: javax.management.MBeanServer; SearchStrategy: all) did not find any beans (OnBeanCondition)

   JmxAutoConfiguration#objectNamingStrategy matched:
      - @ConditionalOnMissingBean (types: org.springframework.jmx.export.naming.ObjectNamingStrategy; SearchStrategy: current) did not find any beans (OnBeanCondition)

   JpaBaseConfiguration#entityManagerFactory matched:
      - @ConditionalOnMissingBean (types: org.springframework.orm.jpa.LocalContainerEntityManagerFactoryBean,jakarta.persistence.EntityManagerFactory; SearchStrategy: all) did not find any beans (OnBeanCondition)

   JpaBaseConfiguration#entityManagerFactoryBuilder matched:
      - @ConditionalOnMissingBean (types: org.springframework.boot.jpa.EntityManagerFactoryBuilder; SearchStrategy: all) did not find any beans (OnBeanCondition)

   JpaBaseConfiguration#jpaVendorAdapter matched:
      - @ConditionalOnMissingBean (types: org.springframework.orm.jpa.JpaVendorAdapter; SearchStrategy: all) did not find any beans (OnBeanCondition)

   JpaBaseConfiguration#transactionManager matched:
      - @ConditionalOnMissingBean (types: org.springframework.transaction.TransactionManager; SearchStrategy: all) did not find any beans (OnBeanCondition)

   JpaBaseConfiguration.PersistenceManagedTypesConfiguration matched:
      - @ConditionalOnMissingBean (types: org.springframework.orm.jpa.LocalContainerEntityManagerFactoryBean,jakarta.persistence.EntityManagerFactory; SearchStrategy: all) did not find any beans (OnBeanCondition)

   JpaBaseConfiguration.PersistenceManagedTypesConfiguration#persistenceManagedTypes matched:
      - @ConditionalOnMissingBean (types: org.springframework.orm.jpa.persistenceunit.PersistenceManagedTypes; SearchStrategy: all) did not find any beans (OnBeanCondition)

   JtaAutoConfiguration matched:
      - @ConditionalOnClass found required class 'jakarta.transaction.Transaction' (OnClassCondition)
      - @ConditionalOnBooleanProperty (spring.jta.enabled=true) matched (OnPropertyCondition)

   LifecycleAutoConfiguration#defaultLifecycleProcessor matched:
      - @ConditionalOnMissingBean (names: lifecycleProcessor; SearchStrategy: current) did not find any beans (OnBeanCondition)

   LiquibaseAutoConfiguration matched:
      - @ConditionalOnClass found required classes 'liquibase.integration.spring.SpringLiquibase', 'liquibase.change.DatabaseChange' (OnClassCondition)
      - @ConditionalOnBooleanProperty (spring.liquibase.enabled=true) matched (OnPropertyCondition)
      - AnyNestedCondition 2 matched 1 did not; NestedCondition on LiquibaseAutoConfiguration.LiquibaseDataSourceCondition.LiquibaseUrlCondition @ConditionalOnProperty (spring.liquibase.url) did not find property 'spring.liquibase.url'; NestedCondition on LiquibaseAutoConfiguration.LiquibaseDataSourceCondition.JdbcConnectionDetailsCondition @ConditionalOnBean (types: org.springframework.boot.jdbc.autoconfigure.JdbcConnectionDetails; SearchStrategy: all) found bean 'jdbcConnectionDetails'; NestedCondition on LiquibaseAutoConfiguration.LiquibaseDataSourceCondition.DataSourceBeanCondition @ConditionalOnBean (types: javax.sql.DataSource; SearchStrategy: all) found bean 'dataSource' (LiquibaseAutoConfiguration.LiquibaseDataSourceCondition)

   LiquibaseAutoConfiguration.CustomizerConfiguration matched:
      - @ConditionalOnClass found required class 'liquibase.integration.spring.Customizer' (OnClassCondition)

   LiquibaseAutoConfiguration.LiquibaseConfiguration matched:
      - @ConditionalOnClass found required class 'org.springframework.jdbc.core.ConnectionCallback' (OnClassCondition)
      - @ConditionalOnMissingBean (types: liquibase.integration.spring.SpringLiquibase; SearchStrategy: all) did not find any beans (OnBeanCondition)

   LiquibaseAutoConfiguration.LiquibaseConfiguration#liquibaseConnectionDetails matched:
      - @ConditionalOnMissingBean (types: org.springframework.boot.liquibase.autoconfigure.LiquibaseConnectionDetails; SearchStrategy: all) did not find any beans (OnBeanCondition)

   MultipartAutoConfiguration matched:
      - @ConditionalOnClass found required classes 'jakarta.servlet.Servlet', 'org.springframework.web.multipart.support.StandardServletMultipartResolver', 'jakarta.servlet.MultipartConfigElement' (OnClassCondition)
      - found 'session' scope (OnWebApplicationCondition)
      - @ConditionalOnBooleanProperty (spring.servlet.multipart.enabled=true) matched (OnPropertyCondition)

   MultipartAutoConfiguration#multipartConfigElement matched:
      - @ConditionalOnMissingBean (types: jakarta.servlet.MultipartConfigElement; SearchStrategy: all) did not find any beans (OnBeanCondition)

   MultipartAutoConfiguration#multipartResolver matched:
      - @ConditionalOnMissingBean (types: org.springframework.web.multipart.MultipartResolver; SearchStrategy: all) did not find any beans (OnBeanCondition)

   NamedParameterJdbcTemplateConfiguration matched:
      - @ConditionalOnSingleCandidate (types: org.springframework.jdbc.core.JdbcTemplate; SearchStrategy: all) found a single bean 'jdbcTemplate'; @ConditionalOnMissingBean (types: org.springframework.jdbc.core.namedparam.NamedParameterJdbcOperations; SearchStrategy: all) did not find any beans (OnBeanCondition)

   PersistenceExceptionTranslationAutoConfiguration matched:
      - @ConditionalOnClass found required class 'org.springframework.dao.annotation.PersistenceExceptionTranslationPostProcessor' (OnClassCondition)

   PersistenceExceptionTranslationAutoConfiguration#persistenceExceptionTranslationPostProcessor matched:
      - @ConditionalOnBooleanProperty (spring.persistence.exceptiontranslation.enabled=true) matched (OnPropertyCondition)
      - @ConditionalOnMissingBean (types: org.springframework.dao.annotation.PersistenceExceptionTranslationPostProcessor; SearchStrategy: all) did not find any beans (OnBeanCondition)

   PropertyPlaceholderAutoConfiguration#propertySourcesPlaceholderConfigurer matched:
      - @ConditionalOnMissingBean (types: org.springframework.context.support.PropertySourcesPlaceholderConfigurer; SearchStrategy: current) did not find any beans (OnBeanCondition)

   SpringApplicationAdminJmxAutoConfiguration matched:
      - @ConditionalOnBooleanProperty (spring.application.admin.enabled=true) matched (OnPropertyCondition)

   SpringApplicationAdminJmxAutoConfiguration#springApplicationAdminRegistrar matched:
      - @ConditionalOnMissingBean (types: org.springframework.boot.admin.SpringApplicationAdminMXBeanRegistrar; SearchStrategy: all) did not find any beans (OnBeanCondition)

   SslAutoConfiguration#sslBundleRegistry matched:
      - @ConditionalOnMissingBean (types: org.springframework.boot.ssl.SslBundleRegistry,org.springframework.boot.ssl.SslBundles; SearchStrategy: all) did not find any beans (OnBeanCondition)

   TaskExecutionAutoConfiguration matched:
      - @ConditionalOnClass found required class 'org.springframework.scheduling.concurrent.ThreadPoolTaskExecutor' (OnClassCondition)

   TaskExecutorConfigurations.AsyncConfigurerConfiguration matched:
      - @ConditionalOnMissingBean (types: org.springframework.scheduling.annotation.AsyncConfigurer; SearchStrategy: all) did not find any beans (OnBeanCondition)

   TaskExecutorConfigurations.SimpleAsyncTaskExecutorBuilderConfiguration#simpleAsyncTaskExecutorBuilder matched:
      - @ConditionalOnMissingBean (types: org.springframework.boot.task.SimpleAsyncTaskExecutorBuilder; SearchStrategy: all) did not find any beans (OnBeanCondition)
      - @ConditionalOnThreading found PLATFORM (OnThreadingCondition)

   TaskExecutorConfigurations.TaskExecutorConfiguration matched:
      - AnyNestedCondition 1 matched 1 did not; NestedCondition on TaskExecutorConfigurations.OnExecutorCondition.ModelCondition @ConditionalOnProperty (spring.task.execution.mode=force) did not find property 'spring.task.execution.mode'; NestedCondition on TaskExecutorConfigurations.OnExecutorCondition.ExecutorBeanCondition @ConditionalOnMissingBean (types: java.util.concurrent.Executor; SearchStrategy: all) did not find any beans (TaskExecutorConfigurations.OnExecutorCondition)

   TaskExecutorConfigurations.TaskExecutorConfiguration#applicationTaskExecutor matched:
      - @ConditionalOnThreading found PLATFORM (OnThreadingCondition)

   TaskExecutorConfigurations.ThreadPoolTaskExecutorBuilderConfiguration#threadPoolTaskExecutorBuilder matched:
      - @ConditionalOnMissingBean (types: org.springframework.boot.task.ThreadPoolTaskExecutorBuilder; SearchStrategy: all) did not find any beans (OnBeanCondition)

   TaskSchedulingAutoConfiguration matched:
      - @ConditionalOnClass found required class 'org.springframework.scheduling.concurrent.ThreadPoolTaskScheduler' (OnClassCondition)

   TaskSchedulingConfigurations.SimpleAsyncTaskSchedulerBuilderConfiguration#simpleAsyncTaskSchedulerBuilder matched:
      - @ConditionalOnMissingBean (types: org.springframework.boot.task.SimpleAsyncTaskSchedulerBuilder; SearchStrategy: all) did not find any beans (OnBeanCondition)
      - @ConditionalOnThreading found PLATFORM (OnThreadingCondition)

   TaskSchedulingConfigurations.ThreadPoolTaskSchedulerBuilderConfiguration#threadPoolTaskSchedulerBuilder matched:
      - @ConditionalOnMissingBean (types: org.springframework.boot.task.ThreadPoolTaskSchedulerBuilder; SearchStrategy: all) did not find any beans (OnBeanCondition)

   TomcatServletWebServerAutoConfiguration matched:
      - @ConditionalOnClass found required classes 'jakarta.servlet.ServletRequest', 'org.apache.catalina.startup.Tomcat', 'org.apache.coyote.UpgradeProtocol', 'org.springframework.boot.tomcat.servlet.TomcatServletWebServerFactory' (OnClassCondition)
      - found 'session' scope (OnWebApplicationCondition)

   TomcatServletWebServerAutoConfiguration#tomcatServletWebServerFactory matched:
      - @ConditionalOnMissingBean (types: org.springframework.boot.web.server.servlet.ServletWebServerFactory; SearchStrategy: current) did not find any beans (OnBeanCondition)

   TomcatWebServerConfiguration matched:
      - @ConditionalOnWarDeployment the application is not deployed as a WAR file. (OnWarDeploymentCondition)

   TomcatWebServerConfiguration.TomcatWebSocketConfiguration matched:
      - @ConditionalOnClass found required class 'org.apache.tomcat.websocket.server.WsSci' (OnClassCondition)

   TransactionAutoConfiguration matched:
      - @ConditionalOnClass found required class 'org.springframework.transaction.PlatformTransactionManager' (OnClassCondition)

   TransactionAutoConfiguration.EnableTransactionManagementConfiguration matched:
      - @ConditionalOnBean (types: org.springframework.transaction.TransactionManager; SearchStrategy: all) found bean 'transactionManager'; @ConditionalOnMissingBean (types: org.springframework.transaction.annotation.AbstractTransactionManagementConfiguration; SearchStrategy: all) did not find any beans (OnBeanCondition)

   TransactionAutoConfiguration.EnableTransactionManagementConfiguration.CglibAutoProxyConfiguration matched:
      - @ConditionalOnBooleanProperty (spring.aop.proxy-target-class=true) matched (OnPropertyCondition)

   TransactionAutoConfiguration.TransactionTemplateConfiguration matched:
      - @ConditionalOnSingleCandidate (types: org.springframework.transaction.PlatformTransactionManager; SearchStrategy: all) found a single bean 'transactionManager' (OnBeanCondition)

   TransactionAutoConfiguration.TransactionTemplateConfiguration#transactionTemplate matched:
      - @ConditionalOnMissingBean (types: org.springframework.transaction.support.TransactionOperations; SearchStrategy: all) did not find any beans (OnBeanCondition)

   TransactionManagerCustomizationAutoConfiguration matched:
      - @ConditionalOnClass found required class 'org.springframework.transaction.PlatformTransactionManager' (OnClassCondition)

   TransactionManagerCustomizationAutoConfiguration#platformTransactionManagerCustomizers matched:
      - @ConditionalOnMissingBean (types: org.springframework.boot.transaction.autoconfigure.TransactionManagerCustomizers; SearchStrategy: all) did not find any beans (OnBeanCondition)

   ValidationAutoConfiguration matched:
      - @ConditionalOnClass found required class 'jakarta.validation.executable.ExecutableValidator' (OnClassCondition)
      - @ConditionalOnResource found location classpath:META-INF/services/jakarta.validation.spi.ValidationProvider (OnResourceCondition)

   ValidationAutoConfiguration#defaultValidator matched:
      - @ConditionalOnMissingBean (types: jakarta.validation.Validator; SearchStrategy: all) did not find any beans (OnBeanCondition)

   ValidationAutoConfiguration#methodValidationPostProcessor matched:
      - @ConditionalOnMissingBean (types: org.springframework.validation.beanvalidation.MethodValidationPostProcessor; SearchStrategy: current) did not find any beans (OnBeanCondition)

   WebMvcAutoConfiguration matched:
      - @ConditionalOnClass found required classes 'jakarta.servlet.Servlet', 'org.springframework.web.servlet.DispatcherServlet', 'org.springframework.web.servlet.config.annotation.WebMvcConfigurer' (OnClassCondition)
      - found 'session' scope (OnWebApplicationCondition)
      - @ConditionalOnMissingBean (types: org.springframework.web.servlet.config.annotation.WebMvcConfigurationSupport; SearchStrategy: all) did not find any beans (OnBeanCondition)

   WebMvcAutoConfiguration#formContentFilter matched:
      - @ConditionalOnBooleanProperty (spring.mvc.formcontent.filter.enabled=true) matched (OnPropertyCondition)
      - @ConditionalOnMissingBean (types: org.springframework.web.filter.FormContentFilter; SearchStrategy: all) did not find any beans (OnBeanCondition)

   WebMvcAutoConfiguration.EnableWebMvcConfiguration#flashMapManager matched:
      - @ConditionalOnMissingBean (names: flashMapManager; SearchStrategy: all) did not find any beans (OnBeanCondition)

   WebMvcAutoConfiguration.EnableWebMvcConfiguration#localeResolver matched:
      - @ConditionalOnMissingBean (names: localeResolver; SearchStrategy: all) did not find any beans (OnBeanCondition)

   WebMvcAutoConfiguration.EnableWebMvcConfiguration#viewNameTranslator matched:
      - @ConditionalOnMissingBean (names: viewNameTranslator; SearchStrategy: all) did not find any beans (OnBeanCondition)

   WebMvcAutoConfiguration.WebMvcAutoConfigurationAdapter#defaultViewResolver matched:
      - @ConditionalOnMissingBean (types: org.springframework.web.servlet.view.InternalResourceViewResolver; SearchStrategy: all) did not find any beans (OnBeanCondition)

   WebMvcAutoConfiguration.WebMvcAutoConfigurationAdapter#requestContextFilter matched:
      - @ConditionalOnMissingBean (types: org.springframework.web.context.request.RequestContextListener,org.springframework.web.filter.RequestContextFilter; SearchStrategy: all) did not find any beans (OnBeanCondition)

   WebMvcAutoConfiguration.WebMvcAutoConfigurationAdapter#viewResolver matched:
      - @ConditionalOnBean (types: org.springframework.web.servlet.ViewResolver; SearchStrategy: all) found beans 'defaultViewResolver', 'beanNameViewResolver', 'mvcViewResolver'; @ConditionalOnMissingBean (names: viewResolver types: org.springframework.web.servlet.view.ContentNegotiatingViewResolver; SearchStrategy: all) did not find any beans (OnBeanCondition)


Negative matches:
-----------------

   AopAutoConfiguration.AspectJAutoProxyingConfiguration.JdkDynamicAutoProxyConfiguration:
      Did not match:
         - @ConditionalOnBooleanProperty (spring.aop.proxy-target-class=false) did not find property 'spring.aop.proxy-target-class' (OnPropertyCondition)

   AopAutoConfiguration.ClassProxyingConfiguration:
      Did not match:
         - @ConditionalOnMissingClass found unwanted class 'org.aspectj.weaver.Advice' (OnClassCondition)

   DataJpaRepositoriesAutoConfiguration#entityManagerFactoryBootstrapExecutorCustomizer:
      Did not match:
         - @ConditionalOnProperty (spring.data.jpa.repositories.bootstrap-mode=deferred) did not find property 'spring.data.jpa.repositories.bootstrap-mode' (OnPropertyCondition)

   DataRepositoryMetricsAutoConfiguration:
      Did not match:
         - @ConditionalOnBean did not find required type 'io.micrometer.core.instrument.MeterRegistry' (OnBeanCondition)

   DataSourceAutoConfiguration.EmbeddedDatabaseConfiguration:
      Did not match:
         - EmbeddedDataSource spring.datasource.url is set (DataSourceAutoConfiguration.EmbeddedDatabaseCondition)

   DataSourceCheckpointRestoreConfiguration:
      Did not match:
         - @ConditionalOnClass did not find required class 'org.crac.Resource' (OnClassCondition)

   DataSourceConfiguration.Dbcp2:
      Did not match:
         - @ConditionalOnClass did not find required class 'org.apache.commons.dbcp2.BasicDataSource' (OnClassCondition)

   DataSourceConfiguration.Generic:
      Did not match:
         - @ConditionalOnProperty (spring.datasource.type) did not find property 'spring.datasource.type' (OnPropertyCondition)

   DataSourceConfiguration.OracleUcp:
      Did not match:
         - @ConditionalOnClass did not find required classes 'oracle.ucp.jdbc.PoolDataSourceImpl', 'oracle.jdbc.OracleConnection' (OnClassCondition)

   DataSourceConfiguration.Tomcat:
      Did not match:
         - @ConditionalOnClass did not find required class 'org.apache.tomcat.jdbc.pool.DataSource' (OnClassCondition)

   DataSourceHealthContributorAutoConfiguration:
      Did not match:
         - @ConditionalOnClass did not find required class 'org.springframework.boot.health.autoconfigure.contributor.ConditionalOnEnabledHealthIndicator' (OnClassCondition)

   DataSourceJmxConfiguration.TomcatDataSourceJmxConfiguration:
      Did not match:
         - @ConditionalOnClass did not find required class 'org.apache.tomcat.jdbc.pool.DataSourceProxy' (OnClassCondition)

   DataSourcePoolMetadataProvidersConfiguration.CommonsDbcp2PoolDataSourceMetadataProviderConfiguration:
      Did not match:
         - @ConditionalOnClass did not find required class 'org.apache.commons.dbcp2.BasicDataSource' (OnClassCondition)

   DataSourcePoolMetadataProvidersConfiguration.OracleUcpPoolDataSourceMetadataProviderConfiguration:
      Did not match:
         - @ConditionalOnClass did not find required classes 'oracle.ucp.jdbc.PoolDataSource', 'oracle.jdbc.OracleConnection' (OnClassCondition)

   DataSourcePoolMetadataProvidersConfiguration.TomcatDataSourcePoolMetadataProviderConfiguration:
      Did not match:
         - @ConditionalOnClass did not find required class 'org.apache.tomcat.jdbc.pool.DataSource' (OnClassCondition)

   DataSourcePoolMetricsAutoConfiguration:
      Did not match:
         - @ConditionalOnClass did not find required class 'io.micrometer.core.instrument.MeterRegistry' (OnClassCondition)

   DataSourceTransactionManagerAutoConfiguration.JdbcTransactionManagerConfiguration#transactionManager:
      Did not match:
         - @ConditionalOnMissingBean (types: org.springframework.transaction.TransactionManager; SearchStrategy: all) found beans of type 'org.springframework.transaction.TransactionManager' transactionManager (OnBeanCondition)

   DispatcherServletAutoConfiguration.DispatcherServletConfiguration#multipartResolver:
      Did not match:
         - @ConditionalOnBean (types: org.springframework.web.multipart.MultipartResolver; SearchStrategy: all) did not find any beans of type org.springframework.web.multipart.MultipartResolver (OnBeanCondition)

   GsonHttpMessageConvertersConfiguration:
      Did not match:
         - @ConditionalOnClass did not find required class 'com.google.gson.Gson' (OnClassCondition)

   HibernateMetricsAutoConfiguration:
      Did not match:
         - @ConditionalOnClass did not find required class 'io.micrometer.core.instrument.MeterRegistry' (OnClassCondition)

   Jackson2HttpMessageConvertersConfiguration.MappingJackson2HttpMessageConverterConfiguration:
      Did not match:
         - @ConditionalOnClass did not find required class 'com.fasterxml.jackson.databind.ObjectMapper' (OnClassCondition)

   Jackson2HttpMessageConvertersConfiguration.MappingJackson2XmlHttpMessageConverterConfiguration:
      Did not match:
         - @ConditionalOnClass did not find required class 'com.fasterxml.jackson.dataformat.xml.XmlMapper' (OnClassCondition)

   JacksonAutoConfiguration.CborConfiguration:
      Did not match:
         - @ConditionalOnClass did not find required class 'tools.jackson.dataformat.cbor.CBORMapper' (OnClassCondition)

   JacksonAutoConfiguration.XmlConfiguration:
      Did not match:
         - @ConditionalOnClass did not find required class 'tools.jackson.dataformat.xml.XmlMapper' (OnClassCondition)

   JacksonHttpMessageConvertersConfiguration.JacksonXmlHttpMessageConverterConfiguration:
      Did not match:
         - @ConditionalOnClass did not find required class 'tools.jackson.dataformat.xml.XmlMapper' (OnClassCondition)

   JndiDataSourceAutoConfiguration:
      Did not match:
         - @ConditionalOnProperty (spring.datasource.jndi-name) did not find property 'spring.datasource.jndi-name' (OnPropertyCondition)
      Matched:
         - @ConditionalOnClass found required classes 'javax.sql.DataSource', 'org.springframework.jdbc.datasource.embedded.EmbeddedDatabaseType' (OnClassCondition)

   JndiJtaConfiguration:
      Did not match:
         - @ConditionalOnJndi JNDI environment is not available (OnJndiCondition)
      Matched:
         - @ConditionalOnClass found required class 'org.springframework.transaction.jta.JtaTransactionManager' (OnClassCondition)

   JpaBaseConfiguration.JpaWebConfiguration:
      Did not match:
         - @ConditionalOnBooleanProperty (spring.jpa.open-in-view=true) found different value in property 'spring.jpa.open-in-view' (OnPropertyCondition)
      Matched:
         - @ConditionalOnClass found required class 'org.springframework.web.servlet.config.annotation.WebMvcConfigurer' (OnClassCondition)
         - found 'session' scope (OnWebApplicationCondition)

   JsonbHttpMessageConvertersConfiguration:
      Did not match:
         - @ConditionalOnClass did not find required class 'jakarta.json.bind.Jsonb' (OnClassCondition)

   KotlinSerializationHttpMessageConvertersConfiguration:
      Did not match:
         - @ConditionalOnClass did not find required classes 'kotlinx.serialization.Serializable', 'kotlinx.serialization.json.Json' (OnClassCondition)

   LazyConnectionDataSourceConfiguration:
      Did not match:
         - @ConditionalOnProperty (spring.datasource.connection-fetch=lazy) did not find property 'spring.datasource.connection-fetch' (OnPropertyCondition)

   LiquibaseAutoConfiguration.CustomizerConfiguration#springLiquibaseCustomizer:
      Did not match:
         - @ConditionalOnBean (types: liquibase.integration.spring.Customizer; SearchStrategy: all) did not find any beans of type liquibase.integration.spring.Customizer (OnBeanCondition)

   LiquibaseEndpointAutoConfiguration:
      Did not match:
         - @ConditionalOnClass did not find required class 'org.springframework.boot.actuate.autoconfigure.endpoint.condition.ConditionalOnAvailableEndpoint' (OnClassCondition)

   MessageSourceAutoConfiguration:
      Did not match:
         - ResourceBundle did not find bundle with basename messages (MessageSourceAutoConfiguration.ResourceBundleCondition)

   ProjectInfoAutoConfiguration#buildProperties:
      Did not match:
         - @ConditionalOnResource did not find resource '${spring.info.build.location:classpath:META-INF/build-info.properties}' (OnResourceCondition)

   ProjectInfoAutoConfiguration#gitProperties:
      Did not match:
         - GitResource did not find git info at classpath:git.properties (ProjectInfoAutoConfiguration.GitResourceAvailableCondition)

   ServletHttpExchangesAutoConfiguration:
      Did not match:
         - @ConditionalOnBean did not find required type 'org.springframework.boot.actuate.web.exchanges.HttpExchangeRepository' (OnBeanCondition)

   ServletManagementContextAutoConfiguration:
      Did not match:
         - @ConditionalOnClass did not find required class 'org.springframework.boot.actuate.autoconfigure.endpoint.web.WebEndpointProperties' (OnClassCondition)

   ServletMappingsAutoConfiguration:
      Did not match:
         - @ConditionalOnClass did not find required class 'org.springframework.boot.actuate.autoconfigure.endpoint.condition.ConditionalOnAvailableEndpoint' (OnClassCondition)

   ServletWebServerConfiguration#forwardedHeaderFilter:
      Did not match:
         - @ConditionalOnProperty (server.forward-headers-strategy=framework) did not find property 'server.forward-headers-strategy' (OnPropertyCondition)

   TaskExecutorConfigurations.AsyncConfigurerWrapperConfiguration:
      Did not match:
         - @ConditionalOnBean (types: org.springframework.scheduling.annotation.AsyncConfigurer; SearchStrategy: all) did not find any beans of type org.springframework.scheduling.annotation.AsyncConfigurer (OnBeanCondition)

   TaskExecutorConfigurations.SimpleAsyncTaskExecutorBuilderConfiguration#simpleAsyncTaskExecutorBuilderVirtualThreads:
      Did not match:
         - @ConditionalOnMissingBean (types: org.springframework.boot.task.SimpleAsyncTaskExecutorBuilder; SearchStrategy: all) found beans of type 'org.springframework.boot.task.SimpleAsyncTaskExecutorBuilder' simpleAsyncTaskExecutorBuilder (OnBeanCondition)

   TaskExecutorConfigurations.TaskExecutorConfiguration#applicationTaskExecutorVirtualThreads:
      Did not match:
         - @ConditionalOnThreading did not find VIRTUAL (OnThreadingCondition)

   TaskExecutorConfigurations.TaskExecutorContextPropagationConfiguration:
      Did not match:
         - @ConditionalOnClass did not find required class 'io.micrometer.context.ContextSnapshot' (OnClassCondition)

   TaskSchedulingAutoConfiguration#scheduledBeanLazyInitializationExcludeFilter:
      Did not match:
         - @ConditionalOnBean (names: org.springframework.scheduling.config.internalScheduledAnnotationProcessor; SearchStrategy: all) did not find any beans named org.springframework.scheduling.config.internalScheduledAnnotationProcessor (OnBeanCondition)

   TaskSchedulingConfigurations.SimpleAsyncTaskSchedulerBuilderConfiguration#simpleAsyncTaskSchedulerBuilderVirtualThreads:
      Did not match:
         - @ConditionalOnMissingBean (types: org.springframework.boot.task.SimpleAsyncTaskSchedulerBuilder; SearchStrategy: all) found beans of type 'org.springframework.boot.task.SimpleAsyncTaskSchedulerBuilder' simpleAsyncTaskSchedulerBuilder (OnBeanCondition)

   TaskSchedulingConfigurations.TaskSchedulerConfiguration:
      Did not match:
         - @ConditionalOnBean (names: org.springframework.scheduling.config.internalScheduledAnnotationProcessor; SearchStrategy: all) did not find any beans named org.springframework.scheduling.config.internalScheduledAnnotationProcessor (OnBeanCondition)

   TomcatMetricsAutoConfiguration:
      Did not match:
         - @ConditionalOnClass did not find required class 'io.micrometer.core.instrument.binder.tomcat.TomcatMetrics' (OnClassCondition)

   TomcatReactiveManagementContextAutoConfiguration:
      Did not match:
         - @ConditionalOnClass did not find required class 'org.springframework.boot.actuate.autoconfigure.web.server.ManagementContextFactory' (OnClassCondition)

   TomcatReactiveWebServerAutoConfiguration:
      Did not match:
         - @ConditionalOnWebApplication did not find reactive web application classes (OnWebApplicationCondition)

   TomcatServletManagementContextAutoConfiguration:
      Did not match:
         - @ConditionalOnClass did not find required class 'org.springframework.boot.actuate.autoconfigure.web.server.ManagementContextFactory' (OnClassCondition)

   TomcatServletWebServerAutoConfiguration#tomcatForwardedHeaderFilterCustomizer:
      Did not match:
         - @ConditionalOnProperty (server.forward-headers-strategy=framework) did not find property 'server.forward-headers-strategy' (OnPropertyCondition)

   TomcatWebServerConfiguration#tomcatVirtualThreadsProtocolHandlerCustomizer:
      Did not match:
         - @ConditionalOnThreading did not find VIRTUAL (OnThreadingCondition)

   TransactionAutoConfiguration#transactionalOperator:
      Did not match:
         - @ConditionalOnSingleCandidate (types: org.springframework.transaction.ReactiveTransactionManager; SearchStrategy: all) did not find any beans (OnBeanCondition)

   TransactionAutoConfiguration.AspectJTransactionManagementConfiguration:
      Did not match:
         - @ConditionalOnBean (types: org.springframework.transaction.aspectj.AbstractTransactionAspect; SearchStrategy: all) did not find any beans of type org.springframework.transaction.aspectj.AbstractTransactionAspect (OnBeanCondition)

   TransactionAutoConfiguration.EnableTransactionManagementConfiguration.JdkDynamicAutoProxyConfiguration:
      Did not match:
         - @ConditionalOnBooleanProperty (spring.aop.proxy-target-class=false) did not find property 'spring.aop.proxy-target-class' (OnPropertyCondition)

   WebMvcAutoConfiguration#hiddenHttpMethodFilter:
      Did not match:
         - @ConditionalOnBooleanProperty (spring.mvc.hiddenmethod.filter.enabled=true) did not find property 'spring.mvc.hiddenmethod.filter.enabled' (OnPropertyCondition)

   WebMvcAutoConfiguration.ProblemDetailsErrorHandlingConfiguration:
      Did not match:
         - @ConditionalOnBooleanProperty (spring.mvc.problemdetails.enabled=true) did not find property 'spring.mvc.problemdetails.enabled' (OnPropertyCondition)

   WebMvcAutoConfiguration.ResourceChainCustomizerConfiguration:
      Did not match:
         - @ConditionalOnEnabledResourceChain did not find class org.webjars.WebJarVersionLocator (OnEnabledResourceChainCondition)

   WebMvcAutoConfiguration.WebMvcAutoConfigurationAdapter#beanNameViewResolver:
      Did not match:
         - @ConditionalOnMissingBean (types: org.springframework.web.servlet.view.BeanNameViewResolver; SearchStrategy: all) found beans of type 'org.springframework.web.servlet.view.BeanNameViewResolver' beanNameViewResolver (OnBeanCondition)

   WebMvcHealthEndpointExtensionAutoConfiguration:
      Did not match:
         - @ConditionalOnClass did not find required class 'org.springframework.boot.health.actuate.endpoint.HealthEndpoint' (OnClassCondition)

   WebMvcMappingsAutoConfiguration:
      Did not match:
         - @ConditionalOnClass did not find required class 'org.springframework.boot.actuate.autoconfigure.endpoint.condition.ConditionalOnAvailableEndpoint' (OnClassCondition)

   WebMvcObservationAutoConfiguration:
      Did not match:
         - @ConditionalOnClass did not find required class 'org.springframework.boot.micrometer.observation.autoconfigure.ObservationProperties' (OnClassCondition)

   XADataSourceAutoConfiguration:
      Did not match:
         - @ConditionalOnBean (types: org.springframework.boot.jdbc.XADataSourceWrapper; SearchStrategy: all) did not find any beans of type org.springframework.boot.jdbc.XADataSourceWrapper (OnBeanCondition)
      Matched:
         - @ConditionalOnClass found required classes 'javax.sql.DataSource', 'jakarta.transaction.TransactionManager', 'org.springframework.jdbc.datasource.embedded.EmbeddedDatabaseType' (OnClassCondition)


Exclusions:
-----------

    None


Unconditional classes:
----------------------

    org.springframework.boot.autoconfigure.context.ConfigurationPropertiesAutoConfiguration

    org.springframework.boot.autoconfigure.ssl.SslAutoConfiguration

    org.springframework.boot.autoconfigure.context.LifecycleAutoConfiguration

    org.springframework.boot.autoconfigure.context.PropertyPlaceholderAutoConfiguration

    org.springframework.boot.autoconfigure.availability.ApplicationAvailabilityAutoConfiguration

    org.springframework.boot.autoconfigure.info.ProjectInfoAutoConfiguration



2026-09-20 01:22:08 [main] INFO  r.a.u.service.UserServiceApplication - Started UserServiceApplication in 3.663 seconds (process running for 4.273)
2026-09-20 01:22:08 [main] DEBUG o.s.b.a.ApplicationAvailabilityBean - Application availability state LivenessState changed to CORRECT
2026-09-20 01:22:08 [main] DEBUG o.s.b.a.ApplicationAvailabilityBean - Application availability state ReadinessState changed to ACCEPTING_TRAFFIC
2026-09-20 01:22:15 [SpringApplicationShutdownHook] DEBUG o.s.b.a.ApplicationAvailabilityBean - Application availability state ReadinessState changed from ACCEPTING_TRAFFIC to REFUSING_TRAFFIC
2026-09-20 01:22:15 [SpringApplicationShutdownHook] DEBUG o.s.b.w.s.s.c.AnnotationConfigServletWebServerApplicationContext - Closing org.springframework.boot.web.server.servlet.context.AnnotationConfigServletWebServerApplicationContext@2ca47471, started on Sun Sep 20 01:22:04 MSK 2026
2026-09-20 01:22:15 [SpringApplicationShutdownHook] DEBUG o.s.c.s.DefaultLifecycleProcessor - Stopping beans in phase 2147482623
2026-09-20 01:22:15 [SpringApplicationShutdownHook] INFO  o.s.boot.tomcat.GracefulShutdown - Commencing graceful shutdown. Waiting for active requests to complete
2026-09-20 01:22:15 [tomcat-shutdown] INFO  o.s.boot.tomcat.GracefulShutdown - Graceful shutdown complete
2026-09-20 01:22:15 [SpringApplicationShutdownHook] DEBUG o.s.c.s.DefaultLifecycleProcessor - Stopping beans in phase 2147481599
2026-09-20 01:22:15 [tomcat-shutdown] DEBUG o.s.c.s.DefaultLifecycleProcessor - Bean 'webServerGracefulShutdown' completed its stop procedure
2026-09-20 01:22:15 [SpringApplicationShutdownHook] DEBUG o.s.c.s.DefaultLifecycleProcessor - Bean 'webServerStartStop' completed its stop procedure
2026-09-20 01:22:15 [SpringApplicationShutdownHook] DEBUG o.s.c.s.DefaultLifecycleProcessor - Stopping beans in phase 1073741823
2026-09-20 01:22:15 [SpringApplicationShutdownHook] DEBUG o.s.c.s.DefaultLifecycleProcessor - Bean 'applicationTaskExecutor' completed its stop procedure
2026-09-20 01:22:15 [SpringApplicationShutdownHook] DEBUG o.s.c.s.DefaultLifecycleProcessor - Stopping beans in phase -2147483647
2026-09-20 01:22:15 [SpringApplicationShutdownHook] DEBUG o.s.c.s.DefaultLifecycleProcessor - Bean 'springBootLoggingLifecycle' completed its stop procedure
2026-09-20 01:22:15 [SpringApplicationShutdownHook] DEBUG o.s.j.e.a.AnnotationMBeanExporter - Unregistering JMX-exposed beans on shutdown
2026-09-20 01:22:15 [SpringApplicationShutdownHook] DEBUG o.s.j.e.a.AnnotationMBeanExporter - Unregistering JMX-exposed beans
2026-09-20 01:22:15 [SpringApplicationShutdownHook] INFO  o.s.o.j.LocalContainerEntityManagerFactoryBean - Closing JPA EntityManagerFactory for persistence unit 'default'
2026-09-20 01:22:15 [SpringApplicationShutdownHook] DEBUG org.hibernate.orm.factory - HHH90020005: Closing factory [7e5d0c0c-91b3-4bd4-a6fd-6d84f7f5e5c2]
2026-09-20 01:22:16 [SpringApplicationShutdownHook] INFO  com.zaxxer.hikari.HikariDataSource - HikariPool-1 - Shutdown initiated...
2026-09-20 01:22:16 [SpringApplicationShutdownHook] DEBUG com.zaxxer.hikari.pool.HikariPool - HikariPool-1 - Before shutdown stats (total=10/10, idle=10/10, active=0, waiting=0)
2026-09-20 01:22:16 [HikariPool-1:connection-closer] DEBUG com.zaxxer.hikari.pool.PoolBase - HikariPool-1 - Closing connection org.postgresql.jdbc.PgConnection@191a0351: (connection evicted)
2026-09-20 01:22:16 [HikariPool-1:connection-closer] DEBUG com.zaxxer.hikari.pool.PoolBase - HikariPool-1 - Closing connection org.postgresql.jdbc.PgConnection@7f6fc406: (connection evicted)
2026-09-20 01:22:16 [HikariPool-1:connection-closer] DEBUG com.zaxxer.hikari.pool.PoolBase - HikariPool-1 - Closing connection org.postgresql.jdbc.PgConnection@71a8359b: (connection evicted)
2026-09-20 01:22:16 [HikariPool-1:connection-closer] DEBUG com.zaxxer.hikari.pool.PoolBase - HikariPool-1 - Closing connection org.postgresql.jdbc.PgConnection@7597af76: (connection evicted)
2026-09-20 01:22:16 [HikariPool-1:connection-closer] DEBUG com.zaxxer.hikari.pool.PoolBase - HikariPool-1 - Closing connection org.postgresql.jdbc.PgConnection@30953fa0: (connection evicted)
2026-09-20 01:22:16 [HikariPool-1:connection-closer] DEBUG com.zaxxer.hikari.pool.PoolBase - HikariPool-1 - Closing connection org.postgresql.jdbc.PgConnection@31db9240: (connection evicted)
2026-09-20 01:22:16 [HikariPool-1:connection-closer] DEBUG com.zaxxer.hikari.pool.PoolBase - HikariPool-1 - Closing connection org.postgresql.jdbc.PgConnection@16f6d0d: (connection evicted)
2026-09-20 01:22:16 [HikariPool-1:connection-closer] DEBUG com.zaxxer.hikari.pool.PoolBase - HikariPool-1 - Closing connection org.postgresql.jdbc.PgConnection@49cb9e49: (connection evicted)
2026-09-20 01:22:16 [HikariPool-1:connection-closer] DEBUG com.zaxxer.hikari.pool.PoolBase - HikariPool-1 - Closing connection org.postgresql.jdbc.PgConnection@50bac0ef: (connection evicted)
2026-09-20 01:22:16 [HikariPool-1:connection-closer] DEBUG com.zaxxer.hikari.pool.PoolBase - HikariPool-1 - Closing connection org.postgresql.jdbc.PgConnection@3d9e112a: (connection evicted)
2026-09-20 01:22:16 [SpringApplicationShutdownHook] DEBUG com.zaxxer.hikari.pool.HikariPool - HikariPool-1 - After  shutdown stats (total=0/10, idle=0/10, active=0, waiting=0)
2026-09-20 01:22:16 [SpringApplicationShutdownHook] INFO  com.zaxxer.hikari.HikariDataSource - HikariPool-1 - Shutdown completed.
2026-09-20 01:22:16 [SpringApplicationShutdownHook] DEBUG o.s.s.c.ThreadPoolTaskExecutor - Shutting down ExecutorService 'applicationTaskExecutor'
